date,year,month,tablo_no,category,row_index,row_no,item,taraf,variable,value_raw,value,currency,source
2021-01-01,2021,1,16,Diğer Bilgiler,1,,Banka Sayısı,,Unnamed: 0,Sektör,,TL,BDDK Aylık Bülten - Excel
2021-01-01,2021,1,16,Diğer Bilgiler,1,,Banka Sayısı,,Unnamed: 1,1,1.0,TL,BDDK Aylık Bülten - Excel
2021-01-01,2021,1,16,Diğer Bilgiler,1,,Banka Sayısı,,Diğer Bilgiler,Banka Sayısı,,TL,BDDK Aylık Bülten - Excel
2021-01-01,2021,1,16,Diğer Bilgiler,1,,Banka Sayısı,,Adet,52,52.0,TL,BDDK Aylık Bülten - Excel
2021-01-01,2021,1,16,Diğer Bilgiler,2,,Yurt İçi Şube Sayısı,,Unnamed: 0,Sektör,,TL,BDDK Aylık Bülten - Excel
2021-01-01,2021,1,16,Diğer Bilgiler,2,,Yurt İçi Şube Sayısı,,Unnamed: 1,2,2.0,TL,BDDK Aylık Bülten - Excel
2021-01-01,2021,1,16,Diğer Bilgiler,2,,Yurt İçi Şube Sayısı,,Diğer Bilgiler,Yurt İçi Şube Sayısı,,TL,BDDK Aylık Bülten - Excel
2021-01-01,2021,1,16,Diğer Bilgiler,2,,Yurt İçi Şube Sayısı,,Adet,11112,11112.0,TL,BDDK Aylık Bülten - Excel
2021-01-01,2021,1,16,Diğer Bilgiler,3,,Yurt Dışı Şube Sayısı,,Unnamed: 0,Sektör,,TL,BDDK Aylık Bülten - Excel
2021-01-01,2021,1,16,Diğer Bilgiler,3,,Yurt Dışı Şube Sayısı,,Unnamed: 1,3,3.0,TL,BDDK Aylık Bülten - Excel
2021-01-01,2021,1,16,Diğer Bilgiler,3,,Yurt Dışı Şube Sayısı,,Diğer Bilgiler,Yurt Dışı Şube Sayısı,,TL,BDDK Aylık Bülten - Excel
2021-01-01,2021,1,16,Diğer Bilgiler,3,,Yurt Dışı Şube Sayısı,,Adet,75,75.0,TL,BDDK Aylık Bülten - Excel
2021-01-01,2021,1,16,Diğer Bilgiler,4,,On-line Sistemine Dahil Şube Sayısı,,Unnamed: 0,Sektör,,TL,BDDK Aylık Bülten - Excel
2021-01-01,2021,1,16,Diğer Bilgiler,4,,On-line Sistemine Dahil Şube Sayısı,,Unnamed: 1,4,4.0,TL,BDDK Aylık Bülten - Excel
2021-01-01,2021,1,16,Diğer Bilgiler,4,,On-line Sistemine Dahil Şube Sayısı,,Diğer Bilgiler,On-line Sistemine Dahil Şube Sayısı,,TL,BDDK Aylık Bülten - Excel
2021-01-01,2021,1,16,Diğer Bilgiler,4,,On-line Sistemine Dahil Şube Sayısı,,Adet,10979,10979.0,TL,BDDK Aylık Bülten - Excel
2021-01-01,2021,1,16,Diğer Bilgiler,5,,ATM Sayısı,,Unnamed: 0,Sektör,,TL,BDDK Aylık Bülten - Excel
2021-01-01,2021,1,16,Diğer Bilgiler,5,,ATM Sayısı,,Unnamed: 1,5,5.0,TL,BDDK Aylık Bülten - Excel
2021-01-01,2021,1,16,Diğer Bilgiler,5,,ATM Sayısı,,Diğer Bilgiler,ATM Sayısı,,TL,BDDK Aylık Bülten - Excel
2021-01-01,2021,1,16,Diğer Bilgiler,5,,ATM Sayısı,,Adet,49130,49130.0,TL,BDDK Aylık Bülten - Excel
2021-01-01,2021,1,16,Diğer Bilgiler,6,,Yurt İçi Personel Sayısı,,Unnamed: 0,Sektör,,TL,BDDK Aylık Bülten - Excel
2021-01-01,2021,1,16,Diğer Bilgiler,6,,Yurt İçi Personel Sayısı,,Unnamed: 1,6,6.0,TL,BDDK Aylık Bülten - Excel
2021-01-01,2021,1,16,Diğer Bilgiler,6,,Yurt İçi Personel Sayısı,,Diğer Bilgiler,Yurt İçi Personel Sayısı,,TL,BDDK Aylık Bülten - Excel
2021-01-01,2021,1,16,Diğer Bilgiler,6,,Yurt İçi Personel Sayısı,,Adet,202280,202280.0,TL,BDDK Aylık Bülten - Excel
2021-01-01,2021,1,16,Diğer Bilgiler,7,,Yurt Dışı Personel Sayısı,,Unnamed: 0,Sektör,,TL,BDDK Aylık Bülten - Excel
2021-01-01,2021,1,16,Diğer Bilgiler,7,,Yurt Dışı Personel Sayısı,,Unnamed: 1,7,7.0,TL,BDDK Aylık Bülten - Excel
2021-01-01,2021,1,16,Diğer Bilgiler,7,,Yurt Dışı Personel Sayısı,,Diğer Bilgiler,Yurt Dışı Personel Sayısı,,TL,BDDK Aylık Bülten - Excel
2021-01-01,2021,1,16,Diğer Bilgiler,7,,Yurt Dışı Personel Sayısı,,Adet,779,779.0,TL,BDDK Aylık Bülten - Excel
2021-02-01,2021,2,16,Diğer Bilgiler,1,,Banka Sayısı,,Unnamed: 0,Sektör,,TL,BDDK Aylık Bülten - Excel
2021-02-01,2021,2,16,Diğer Bilgiler,1,,Banka Sayısı,,Unnamed: 1,1,1.0,TL,BDDK Aylık Bülten - Excel
2021-02-01,2021,2,16,Diğer Bilgiler,1,,Banka Sayısı,,Diğer Bilgiler,Banka Sayısı,,TL,BDDK Aylık Bülten - Excel
2021-02-01,2021,2,16,Diğer Bilgiler,1,,Banka Sayısı,,Adet,52,52.0,TL,BDDK Aylık Bülten - Excel
2021-02-01,2021,2,16,Diğer Bilgiler,2,,Yurt İçi Şube Sayısı,,Unnamed: 0,Sektör,,TL,BDDK Aylık Bülten - Excel
2021-02-01,2021,2,16,Diğer Bilgiler,2,,Yurt İçi Şube Sayısı,,Unnamed: 1,2,2.0,TL,BDDK Aylık Bülten - Excel
2021-02-01,2021,2,16,Diğer Bilgiler,2,,Yurt İçi Şube Sayısı,,Diğer Bilgiler,Yurt İçi Şube Sayısı,,TL,BDDK Aylık Bülten - Excel
2021-02-01,2021,2,16,Diğer Bilgiler,2,,Yurt İçi Şube Sayısı,,Adet,11116,11116.0,TL,BDDK Aylık Bülten - Excel
2021-02-01,2021,2,16,Diğer Bilgiler,3,,Yurt Dışı Şube Sayısı,,Unnamed: 0,Sektör,,TL,BDDK Aylık Bülten - Excel
2021-02-01,2021,2,16,Diğer Bilgiler,3,,Yurt Dışı Şube Sayısı,,Unnamed: 1,3,3.0,TL,BDDK Aylık Bülten - Excel
2021-02-01,2021,2,16,Diğer Bilgiler,3,,Yurt Dışı Şube Sayısı,,Diğer Bilgiler,Yurt Dışı Şube Sayısı,,TL,BDDK Aylık Bülten - Excel
2021-02-01,2021,2,16,Diğer Bilgiler,3,,Yurt Dışı Şube Sayısı,,Adet,76,76.0,TL,BDDK Aylık Bülten - Excel
2021-02-01,2021,2,16,Diğer Bilgiler,4,,On-line Sistemine Dahil Şube Sayısı,,Unnamed: 0,Sektör,,TL,BDDK Aylık Bülten - Excel
2021-02-01,2021,2,16,Diğer Bilgiler,4,,On-line Sistemine Dahil Şube Sayısı,,Unnamed: 1,4,4.0,TL,BDDK Aylık Bülten - Excel
2021-02-01,2021,2,16,Diğer Bilgiler,4,,On-line Sistemine Dahil Şube Sayısı,,Diğer Bilgiler,On-line Sistemine Dahil Şube Sayısı,,TL,BDDK Aylık Bülten - Excel
2021-02-01,2021,2,16,Diğer Bilgiler,4,,On-line Sistemine Dahil Şube Sayısı,,Adet,10977,10977.0,TL,BDDK Aylık Bülten - Excel
2021-02-01,2021,2,16,Diğer Bilgiler,5,,ATM Sayısı,,Unnamed: 0,Sektör,,TL,BDDK Aylık Bülten - Excel
2021-02-01,2021,2,16,Diğer Bilgiler,5,,ATM Sayısı,,Unnamed: 1,5,5.0,TL,BDDK Aylık Bülten - Excel
2021-02-01,2021,2,16,Diğer Bilgiler,5,,ATM Sayısı,,Diğer Bilgiler,ATM Sayısı,,TL,BDDK Aylık Bülten - Excel
2021-02-01,2021,2,16,Diğer Bilgiler,5,,ATM Sayısı,,Adet,48967,48967.0,TL,BDDK Aylık Bülten - Excel
2021-02-01,2021,2,16,Diğer Bilgiler,6,,Yurt İçi Personel Sayısı,,Unnamed: 0,Sektör,,TL,BDDK Aylık Bülten - Excel
2021-02-01,2021,2,16,Diğer Bilgiler,6,,Yurt İçi Personel Sayısı,,Unnamed: 1,6,6.0,TL,BDDK Aylık Bülten - Excel
2021-02-01,2021,2,16,Diğer Bilgiler,6,,Yurt İçi Personel Sayısı,,Diğer Bilgiler,Yurt İçi Personel Sayısı,,TL,BDDK Aylık Bülten - Excel
2021-02-01,2021,2,16,Diğer Bilgiler,6,,Yurt İçi Personel Sayısı,,Adet,202089,202089.0,TL,BDDK Aylık Bülten - Excel
2021-02-01,2021,2,16,Diğer Bilgiler,7,,Yurt Dışı Personel Sayısı,,Unnamed: 0,Sektör,,TL,BDDK Aylık Bülten - Excel
2021-02-01,2021,2,16,Diğer Bilgiler,7,,Yurt Dışı Personel Sayısı,,Unnamed: 1,7,7.0,TL,BDDK Aylık Bülten - Excel
2021-02-01,2021,2,16,Diğer Bilgiler,7,,Yurt Dışı Personel Sayısı,,Diğer Bilgiler,Yurt Dışı Personel Sayısı,,TL,BDDK Aylık Bülten - Excel
2021-02-01,2021,2,16,Diğer Bilgiler,7,,Yurt Dışı Personel Sayısı,,Adet,778,778.0,TL,BDDK Aylık Bülten - Excel
2021-03-01,2021,3,16,Diğer Bilgiler,1,,Banka Sayısı,,Unnamed: 0,Sektör,,TL,BDDK Aylık Bülten - Excel
2021-03-01,2021,3,16,Diğer Bilgiler,1,,Banka Sayısı,,Unnamed: 1,1,1.0,TL,BDDK Aylık Bülten - Excel
2021-03-01,2021,3,16,Diğer Bilgiler,1,,Banka Sayısı,,Diğer Bilgiler,Banka Sayısı,,TL,BDDK Aylık Bülten - Excel
2021-03-01,2021,3,16,Diğer Bilgiler,1,,Banka Sayısı,,Adet,52,52.0,TL,BDDK Aylık Bülten - Excel
2021-03-01,2021,3,16,Diğer Bilgiler,2,,Yurt İçi Şube Sayısı,,Unnamed: 0,Sektör,,TL,BDDK Aylık Bülten - Excel
2021-03-01,2021,3,16,Diğer Bilgiler,2,,Yurt İçi Şube Sayısı,,Unnamed: 1,2,2.0,TL,BDDK Aylık Bülten - Excel
2021-03-01,2021,3,16,Diğer Bilgiler,2,,Yurt İçi Şube Sayısı,,Diğer Bilgiler,Yurt İçi Şube Sayısı,,TL,BDDK Aylık Bülten - Excel
2021-03-01,2021,3,16,Diğer Bilgiler,2,,Yurt İçi Şube Sayısı,,Adet,11109,11109.0,TL,BDDK Aylık Bülten - Excel
2021-03-01,2021,3,16,Diğer Bilgiler,3,,Yurt Dışı Şube Sayısı,,Unnamed: 0,Sektör,,TL,BDDK Aylık Bülten - Excel
2021-03-01,2021,3,16,Diğer Bilgiler,3,,Yurt Dışı Şube Sayısı,,Unnamed: 1,3,3.0,TL,BDDK Aylık Bülten - Excel
2021-03-01,2021,3,16,Diğer Bilgiler,3,,Yurt Dışı Şube Sayısı,,Diğer Bilgiler,Yurt Dışı Şube Sayısı,,TL,BDDK Aylık Bülten - Excel
2021-03-01,2021,3,16,Diğer Bilgiler,3,,Yurt Dışı Şube Sayısı,,Adet,76,76.0,TL,BDDK Aylık Bülten - Excel
2021-03-01,2021,3,16,Diğer Bilgiler,4,,On-line Sistemine Dahil Şube Sayısı,,Unnamed: 0,Sektör,,TL,BDDK Aylık Bülten - Excel
2021-03-01,2021,3,16,Diğer Bilgiler,4,,On-line Sistemine Dahil Şube Sayısı,,Unnamed: 1,4,4.0,TL,BDDK Aylık Bülten - Excel
2021-03-01,2021,3,16,Diğer Bilgiler,4,,On-line Sistemine Dahil Şube Sayısı,,Diğer Bilgiler,On-line Sistemine Dahil Şube Sayısı,,TL,BDDK Aylık Bülten - Excel
2021-03-01,2021,3,16,Diğer Bilgiler,4,,On-line Sistemine Dahil Şube Sayısı,,Adet,10968,10968.0,TL,BDDK Aylık Bülten - Excel
2021-03-01,2021,3,16,Diğer Bilgiler,5,,ATM Sayısı,,Unnamed: 0,Sektör,,TL,BDDK Aylık Bülten - Excel
2021-03-01,2021,3,16,Diğer Bilgiler,5,,ATM Sayısı,,Unnamed: 1,5,5.0,TL,BDDK Aylık Bülten - Excel
2021-03-01,2021,3,16,Diğer Bilgiler,5,,ATM Sayısı,,Diğer Bilgiler,ATM Sayısı,,TL,BDDK Aylık Bülten - Excel
2021-03-01,2021,3,16,Diğer Bilgiler,5,,ATM Sayısı,,Adet,48814,48814.0,TL,BDDK Aylık Bülten - Excel
2021-03-01,2021,3,16,Diğer Bilgiler,6,,Yurt İçi Personel Sayısı,,Unnamed: 0,Sektör,,TL,BDDK Aylık Bülten - Excel
2021-03-01,2021,3,16,Diğer Bilgiler,6,,Yurt İçi Personel Sayısı,,Unnamed: 1,6,6.0,TL,BDDK Aylık Bülten - Excel
2021-03-01,2021,3,16,Diğer Bilgiler,6,,Yurt İçi Personel Sayısı,,Diğer Bilgiler,Yurt İçi Personel Sayısı,,TL,BDDK Aylık Bülten - Excel
2021-03-01,2021,3,16,Diğer Bilgiler,6,,Yurt İçi Personel Sayısı,,Adet,202063,202063.0,TL,BDDK Aylık Bülten - Excel
2021-03-01,2021,3,16,Diğer Bilgiler,7,,Yurt Dışı Personel Sayısı,,Unnamed: 0,Sektör,,TL,BDDK Aylık Bülten - Excel
2021-03-01,2021,3,16,Diğer Bilgiler,7,,Yurt Dışı Personel Sayısı,,Unnamed: 1,7,7.0,TL,BDDK Aylık Bülten - Excel
2021-03-01,2021,3,16,Diğer Bilgiler,7,,Yurt Dışı Personel Sayısı,,Diğer Bilgiler,Yurt Dışı Personel Sayısı,,TL,BDDK Aylık Bülten - Excel
2021-03-01,2021,3,16,Diğer Bilgiler,7,,Yurt Dışı Personel Sayısı,,Adet,778,778.0,TL,BDDK Aylık Bülten - Excel
2021-04-01,2021,4,16,Diğer Bilgiler,1,,Banka Sayısı,,Unnamed: 0,Sektör,,TL,BDDK Aylık Bülten - Excel
2021-04-01,2021,4,16,Diğer Bilgiler,1,,Banka Sayısı,,Unnamed: 1,1,1.0,TL,BDDK Aylık Bülten - Excel
2021-04-01,2021,4,16,Diğer Bilgiler,1,,Banka Sayısı,,Diğer Bilgiler,Banka Sayısı,,TL,BDDK Aylık Bülten - Excel
2021-04-01,2021,4,16,Diğer Bilgiler,1,,Banka Sayısı,,Adet,52,52.0,TL,BDDK Aylık Bülten - Excel
2021-04-01,2021,4,16,Diğer Bilgiler,2,,Yurt İçi Şube Sayısı,,Unnamed: 0,Sektör,,TL,BDDK Aylık Bülten - Excel
2021-04-01,2021,4,16,Diğer Bilgiler,2,,Yurt İçi Şube Sayısı,,Unnamed: 1,2,2.0,TL,BDDK Aylık Bülten - Excel
2021-04-01,2021,4,16,Diğer Bilgiler,2,,Yurt İçi Şube Sayısı,,Diğer Bilgiler,Yurt İçi Şube Sayısı,,TL,BDDK Aylık Bülten - Excel
2021-04-01,2021,4,16,Diğer Bilgiler,2,,Yurt İçi Şube Sayısı,,Adet,11105,11105.0,TL,BDDK Aylık Bülten - Excel
2021-04-01,2021,4,16,Diğer Bilgiler,3,,Yurt Dışı Şube Sayısı,,Unnamed: 0,Sektör,,TL,BDDK Aylık Bülten - Excel
2021-04-01,2021,4,16,Diğer Bilgiler,3,,Yurt Dışı Şube Sayısı,,Unnamed: 1,3,3.0,TL,BDDK Aylık Bülten - Excel
2021-04-01,2021,4,16,Diğer Bilgiler,3,,Yurt Dışı Şube Sayısı,,Diğer Bilgiler,Yurt Dışı Şube Sayısı,,TL,BDDK Aylık Bülten - Excel
2021-04-01,2021,4,16,Diğer Bilgiler,3,,Yurt Dışı Şube Sayısı,,Adet,76,76.0,TL,BDDK Aylık Bülten - Excel
2021-04-01,2021,4,16,Diğer Bilgiler,4,,On-line Sistemine Dahil Şube Sayısı,,Unnamed: 0,Sektör,,TL,BDDK Aylık Bülten - Excel
2021-04-01,2021,4,16,Diğer Bilgiler,4,,On-line Sistemine Dahil Şube Sayısı,,Unnamed: 1,4,4.0,TL,BDDK Aylık Bülten - Excel
2021-04-01,2021,4,16,Diğer Bilgiler,4,,On-line Sistemine Dahil Şube Sayısı,,Diğer Bilgiler,On-line Sistemine Dahil Şube Sayısı,,TL,BDDK Aylık Bülten - Excel
2021-04-01,2021,4,16,Diğer Bilgiler,4,,On-line Sistemine Dahil Şube Sayısı,,Adet,10961,10961.0,TL,BDDK Aylık Bülten - Excel
2021-04-01,2021,4,16,Diğer Bilgiler,5,,ATM Sayısı,,Unnamed: 0,Sektör,,TL,BDDK Aylık Bülten - Excel
2021-04-01,2021,4,16,Diğer Bilgiler,5,,ATM Sayısı,,Unnamed: 1,5,5.0,TL,BDDK Aylık Bülten - Excel
2021-04-01,2021,4,16,Diğer Bilgiler,5,,ATM Sayısı,,Diğer Bilgiler,ATM Sayısı,,TL,BDDK Aylık Bülten - Excel
2021-04-01,2021,4,16,Diğer Bilgiler,5,,ATM Sayısı,,Adet,48732,48732.0,TL,BDDK Aylık Bülten - Excel
2021-04-01,2021,4,16,Diğer Bilgiler,6,,Yurt İçi Personel Sayısı,,Unnamed: 0,Sektör,,TL,BDDK Aylık Bülten - Excel
2021-04-01,2021,4,16,Diğer Bilgiler,6,,Yurt İçi Personel Sayısı,,Unnamed: 1,6,6.0,TL,BDDK Aylık Bülten - Excel
2021-04-01,2021,4,16,Diğer Bilgiler,6,,Yurt İçi Personel Sayısı,,Diğer Bilgiler,Yurt İçi Personel Sayısı,,TL,BDDK Aylık Bülten - Excel
2021-04-01,2021,4,16,Diğer Bilgiler,6,,Yurt İçi Personel Sayısı,,Adet,202051,202051.0,TL,BDDK Aylık Bülten - Excel
2021-04-01,2021,4,16,Diğer Bilgiler,7,,Yurt Dışı Personel Sayısı,,Unnamed: 0,Sektör,,TL,BDDK Aylık Bülten - Excel
2021-04-01,2021,4,16,Diğer Bilgiler,7,,Yurt Dışı Personel Sayısı,,Unnamed: 1,7,7.0,TL,BDDK Aylık Bülten - Excel
2021-04-01,2021,4,16,Diğer Bilgiler,7,,Yurt Dışı Personel Sayısı,,Diğer Bilgiler,Yurt Dışı Personel Sayısı,,TL,BDDK Aylık Bülten - Excel
2021-04-01,2021,4,16,Diğer Bilgiler,7,,Yurt Dışı Personel Sayısı,,Adet,775,775.0,TL,BDDK Aylık Bülten - Excel
2021-05-01,2021,5,16,Diğer Bilgiler,1,,Banka Sayısı,,Unnamed: 0,Sektör,,TL,BDDK Aylık Bülten - Excel
2021-05-01,2021,5,16,Diğer Bilgiler,1,,Banka Sayısı,,Unnamed: 1,1,1.0,TL,BDDK Aylık Bülten - Excel
2021-05-01,2021,5,16,Diğer Bilgiler,1,,Banka Sayısı,,Diğer Bilgiler,Banka Sayısı,,TL,BDDK Aylık Bülten - Excel
2021-05-01,2021,5,16,Diğer Bilgiler,1,,Banka Sayısı,,Adet,52,52.0,TL,BDDK Aylık Bülten - Excel
2021-05-01,2021,5,16,Diğer Bilgiler,2,,Yurt İçi Şube Sayısı,,Unnamed: 0,Sektör,,TL,BDDK Aylık Bülten - Excel
2021-05-01,2021,5,16,Diğer Bilgiler,2,,Yurt İçi Şube Sayısı,,Unnamed: 1,2,2.0,TL,BDDK Aylık Bülten - Excel
2021-05-01,2021,5,16,Diğer Bilgiler,2,,Yurt İçi Şube Sayısı,,Diğer Bilgiler,Yurt İçi Şube Sayısı,,TL,BDDK Aylık Bülten - Excel
2021-05-01,2021,5,16,Diğer Bilgiler,2,,Yurt İçi Şube Sayısı,,Adet,11095,11095.0,TL,BDDK Aylık Bülten - Excel
2021-05-01,2021,5,16,Diğer Bilgiler,3,,Yurt Dışı Şube Sayısı,,Unnamed: 0,Sektör,,TL,BDDK Aylık Bülten - Excel
2021-05-01,2021,5,16,Diğer Bilgiler,3,,Yurt Dışı Şube Sayısı,,Unnamed: 1,3,3.0,TL,BDDK Aylık Bülten - Excel
2021-05-01,2021,5,16,Diğer Bilgiler,3,,Yurt Dışı Şube Sayısı,,Diğer Bilgiler,Yurt Dışı Şube Sayısı,,TL,BDDK Aylık Bülten - Excel
2021-05-01,2021,5,16,Diğer Bilgiler,3,,Yurt Dışı Şube Sayısı,,Adet,76,76.0,TL,BDDK Aylık Bülten - Excel
2021-05-01,2021,5,16,Diğer Bilgiler,4,,On-line Sistemine Dahil Şube Sayısı,,Unnamed: 0,Sektör,,TL,BDDK Aylık Bülten - Excel
2021-05-01,2021,5,16,Diğer Bilgiler,4,,On-line Sistemine Dahil Şube Sayısı,,Unnamed: 1,4,4.0,TL,BDDK Aylık Bülten - Excel
2021-05-01,2021,5,16,Diğer Bilgiler,4,,On-line Sistemine Dahil Şube Sayısı,,Diğer Bilgiler,On-line Sistemine Dahil Şube Sayısı,,TL,BDDK Aylık Bülten - Excel
2021-05-01,2021,5,16,Diğer Bilgiler,4,,On-line Sistemine Dahil Şube Sayısı,,Adet,10951,10951.0,TL,BDDK Aylık Bülten - Excel
2021-05-01,2021,5,16,Diğer Bilgiler,5,,ATM Sayısı,,Unnamed: 0,Sektör,,TL,BDDK Aylık Bülten - Excel
2021-05-01,2021,5,16,Diğer Bilgiler,5,,ATM Sayısı,,Unnamed: 1,5,5.0,TL,BDDK Aylık Bülten - Excel
2021-05-01,2021,5,16,Diğer Bilgiler,5,,ATM Sayısı,,Diğer Bilgiler,ATM Sayısı,,TL,BDDK Aylık Bülten - Excel
2021-05-01,2021,5,16,Diğer Bilgiler,5,,ATM Sayısı,,Adet,48710,48710.0,TL,BDDK Aylık Bülten - Excel
2021-05-01,2021,5,16,Diğer Bilgiler,6,,Yurt İçi Personel Sayısı,,Unnamed: 0,Sektör,,TL,BDDK Aylık Bülten - Excel
2021-05-01,2021,5,16,Diğer Bilgiler,6,,Yurt İçi Personel Sayısı,,Unnamed: 1,6,6.0,TL,BDDK Aylık Bülten - Excel
2021-05-01,2021,5,16,Diğer Bilgiler,6,,Yurt İçi Personel Sayısı,,Diğer Bilgiler,Yurt İçi Personel Sayısı,,TL,BDDK Aylık Bülten - Excel
2021-05-01,2021,5,16,Diğer Bilgiler,6,,Yurt İçi Personel Sayısı,,Adet,201605,201605.0,TL,BDDK Aylık Bülten - Excel
2021-05-01,2021,5,16,Diğer Bilgiler,7,,Yurt Dışı Personel Sayısı,,Unnamed: 0,Sektör,,TL,BDDK Aylık Bülten - Excel
2021-05-01,2021,5,16,Diğer Bilgiler,7,,Yurt Dışı Personel Sayısı,,Unnamed: 1,7,7.0,TL,BDDK Aylık Bülten - Excel
2021-05-01,2021,5,16,Diğer Bilgiler,7,,Yurt Dışı Personel Sayısı,,Diğer Bilgiler,Yurt Dışı Personel Sayısı,,TL,BDDK Aylık Bülten - Excel
2021-05-01,2021,5,16,Diğer Bilgiler,7,,Yurt Dışı Personel Sayısı,,Adet,772,772.0,TL,BDDK Aylık Bülten - Excel
2021-06-01,2021,6,16,Diğer Bilgiler,1,,Banka Sayısı,,Unnamed: 0,Sektör,,TL,BDDK Aylık Bülten - Excel
2021-06-01,2021,6,16,Diğer Bilgiler,1,,Banka Sayısı,,Unnamed: 1,1,1.0,TL,BDDK Aylık Bülten - Excel
2021-06-01,2021,6,16,Diğer Bilgiler,1,,Banka Sayısı,,Diğer Bilgiler,Banka Sayısı,,TL,BDDK Aylık Bülten - Excel
2021-06-01,2021,6,16,Diğer Bilgiler,1,,Banka Sayısı,,Adet,52,52.0,TL,BDDK Aylık Bülten - Excel
2021-06-01,2021,6,16,Diğer Bilgiler,2,,Yurt İçi Şube Sayısı,,Unnamed: 0,Sektör,,TL,BDDK Aylık Bülten - Excel
2021-06-01,2021,6,16,Diğer Bilgiler,2,,Yurt İçi Şube Sayısı,,Unnamed: 1,2,2.0,TL,BDDK Aylık Bülten - Excel
2021-06-01,2021,6,16,Diğer Bilgiler,2,,Yurt İçi Şube Sayısı,,Diğer Bilgiler,Yurt İçi Şube Sayısı,,TL,BDDK Aylık Bülten - Excel
2021-06-01,2021,6,16,Diğer Bilgiler,2,,Yurt İçi Şube Sayısı,,Adet,11090,11090.0,TL,BDDK Aylık Bülten - Excel
2021-06-01,2021,6,16,Diğer Bilgiler,3,,Yurt Dışı Şube Sayısı,,Unnamed: 0,Sektör,,TL,BDDK Aylık Bülten - Excel
2021-06-01,2021,6,16,Diğer Bilgiler,3,,Yurt Dışı Şube Sayısı,,Unnamed: 1,3,3.0,TL,BDDK Aylık Bülten - Excel
2021-06-01,2021,6,16,Diğer Bilgiler,3,,Yurt Dışı Şube Sayısı,,Diğer Bilgiler,Yurt Dışı Şube Sayısı,,TL,BDDK Aylık Bülten - Excel
2021-06-01,2021,6,16,Diğer Bilgiler,3,,Yurt Dışı Şube Sayısı,,Adet,76,76.0,TL,BDDK Aylık Bülten - Excel
2021-06-01,2021,6,16,Diğer Bilgiler,4,,On-line Sistemine Dahil Şube Sayısı,,Unnamed: 0,Sektör,,TL,BDDK Aylık Bülten - Excel
2021-06-01,2021,6,16,Diğer Bilgiler,4,,On-line Sistemine Dahil Şube Sayısı,,Unnamed: 1,4,4.0,TL,BDDK Aylık Bülten - Excel
2021-06-01,2021,6,16,Diğer Bilgiler,4,,On-line Sistemine Dahil Şube Sayısı,,Diğer Bilgiler,On-line Sistemine Dahil Şube Sayısı,,TL,BDDK Aylık Bülten - Excel
2021-06-01,2021,6,16,Diğer Bilgiler,4,,On-line Sistemine Dahil Şube Sayısı,,Adet,10943,10943.0,TL,BDDK Aylık Bülten - Excel
2021-06-01,2021,6,16,Diğer Bilgiler,5,,ATM Sayısı,,Unnamed: 0,Sektör,,TL,BDDK Aylık Bülten - Excel
2021-06-01,2021,6,16,Diğer Bilgiler,5,,ATM Sayısı,,Unnamed: 1,5,5.0,TL,BDDK Aylık Bülten - Excel
2021-06-01,2021,6,16,Diğer Bilgiler,5,,ATM Sayısı,,Diğer Bilgiler,ATM Sayısı,,TL,BDDK Aylık Bülten - Excel
2021-06-01,2021,6,16,Diğer Bilgiler,5,,ATM Sayısı,,Adet,48722,48722.0,TL,BDDK Aylık Bülten - Excel
2021-06-01,2021,6,16,Diğer Bilgiler,6,,Yurt İçi Personel Sayısı,,Unnamed: 0,Sektör,,TL,BDDK Aylık Bülten - Excel
2021-06-01,2021,6,16,Diğer Bilgiler,6,,Yurt İçi Personel Sayısı,,Unnamed: 1,6,6.0,TL,BDDK Aylık Bülten - Excel
2021-06-01,2021,6,16,Diğer Bilgiler,6,,Yurt İçi Personel Sayısı,,Diğer Bilgiler,Yurt İçi Personel Sayısı,,TL,BDDK Aylık Bülten - Excel
2021-06-01,2021,6,16,Diğer Bilgiler,6,,Yurt İçi Personel Sayısı,,Adet,201280,201280.0,TL,BDDK Aylık Bülten - Excel
2021-06-01,2021,6,16,Diğer Bilgiler,7,,Yurt Dışı Personel Sayısı,,Unnamed: 0,Sektör,,TL,BDDK Aylık Bülten - Excel
2021-06-01,2021,6,16,Diğer Bilgiler,7,,Yurt Dışı Personel Sayısı,,Unnamed: 1,7,7.0,TL,BDDK Aylık Bülten - Excel
2021-06-01,2021,6,16,Diğer Bilgiler,7,,Yurt Dışı Personel Sayısı,,Diğer Bilgiler,Yurt Dışı Personel Sayısı,,TL,BDDK Aylık Bülten - Excel
2021-06-01,2021,6,16,Diğer Bilgiler,7,,Yurt Dışı Personel Sayısı,,Adet,774,774.0,TL,BDDK Aylık Bülten - Excel
2021-07-01,2021,7,16,Diğer Bilgiler,1,,Banka Sayısı,,Unnamed: 0,Sektör,,TL,BDDK Aylık Bülten - Excel
2021-07-01,2021,7,16,Diğer Bilgiler,1,,Banka Sayısı,,Unnamed: 1,1,1.0,TL,BDDK Aylık Bülten - Excel
2021-07-01,2021,7,16,Diğer Bilgiler,1,,Banka Sayısı,,Diğer Bilgiler,Banka Sayısı,,TL,BDDK Aylık Bülten - Excel
2021-07-01,2021,7,16,Diğer Bilgiler,1,,Banka Sayısı,,Adet,52,52.0,TL,BDDK Aylık Bülten - Excel
2021-07-01,2021,7,16,Diğer Bilgiler,2,,Yurt İçi Şube Sayısı,,Unnamed: 0,Sektör,,TL,BDDK Aylık Bülten - Excel
2021-07-01,2021,7,16,Diğer Bilgiler,2,,Yurt İçi Şube Sayısı,,Unnamed: 1,2,2.0,TL,BDDK Aylık Bülten - Excel
2021-07-01,2021,7,16,Diğer Bilgiler,2,,Yurt İçi Şube Sayısı,,Diğer Bilgiler,Yurt İçi Şube Sayısı,,TL,BDDK Aylık Bülten - Excel
2021-07-01,2021,7,16,Diğer Bilgiler,2,,Yurt İçi Şube Sayısı,,Adet,11073,11073.0,TL,BDDK Aylık Bülten - Excel
2021-07-01,2021,7,16,Diğer Bilgiler,3,,Yurt Dışı Şube Sayısı,,Unnamed: 0,Sektör,,TL,BDDK Aylık Bülten - Excel
2021-07-01,2021,7,16,Diğer Bilgiler,3,,Yurt Dışı Şube Sayısı,,Unnamed: 1,3,3.0,TL,BDDK Aylık Bülten - Excel
2021-07-01,2021,7,16,Diğer Bilgiler,3,,Yurt Dışı Şube Sayısı,,Diğer Bilgiler,Yurt Dışı Şube Sayısı,,TL,BDDK Aylık Bülten - Excel
2021-07-01,2021,7,16,Diğer Bilgiler,3,,Yurt Dışı Şube Sayısı,,Adet,76,76.0,TL,BDDK Aylık Bülten - Excel
2021-07-01,2021,7,16,Diğer Bilgiler,4,,On-line Sistemine Dahil Şube Sayısı,,Unnamed: 0,Sektör,,TL,BDDK Aylık Bülten - Excel
2021-07-01,2021,7,16,Diğer Bilgiler,4,,On-line Sistemine Dahil Şube Sayısı,,Unnamed: 1,4,4.0,TL,BDDK Aylık Bülten - Excel
2021-07-01,2021,7,16,Diğer Bilgiler,4,,On-line Sistemine Dahil Şube Sayısı,,Diğer Bilgiler,On-line Sistemine Dahil Şube Sayısı,,TL,BDDK Aylık Bülten - Excel
2021-07-01,2021,7,16,Diğer Bilgiler,4,,On-line Sistemine Dahil Şube Sayısı,,Adet,10925,10925.0,TL,BDDK Aylık Bülten - Excel
2021-07-01,2021,7,16,Diğer Bilgiler,5,,ATM Sayısı,,Unnamed: 0,Sektör,,TL,BDDK Aylık Bülten - Excel
2021-07-01,2021,7,16,Diğer Bilgiler,5,,ATM Sayısı,,Unnamed: 1,5,5.0,TL,BDDK Aylık Bülten - Excel
2021-07-01,2021,7,16,Diğer Bilgiler,5,,ATM Sayısı,,Diğer Bilgiler,ATM Sayısı,,TL,BDDK Aylık Bülten - Excel
2021-07-01,2021,7,16,Diğer Bilgiler,5,,ATM Sayısı,,Adet,48717,48717.0,TL,BDDK Aylık Bülten - Excel
2021-07-01,2021,7,16,Diğer Bilgiler,6,,Yurt İçi Personel Sayısı,,Unnamed: 0,Sektör,,TL,BDDK Aylık Bülten - Excel
2021-07-01,2021,7,16,Diğer Bilgiler,6,,Yurt İçi Personel Sayısı,,Unnamed: 1,6,6.0,TL,BDDK Aylık Bülten - Excel
2021-07-01,2021,7,16,Diğer Bilgiler,6,,Yurt İçi Personel Sayısı,,Diğer Bilgiler,Yurt İçi Personel Sayısı,,TL,BDDK Aylık Bülten - Excel
2021-07-01,2021,7,16,Diğer Bilgiler,6,,Yurt İçi Personel Sayısı,,Adet,200729,200729.0,TL,BDDK Aylık Bülten - Excel
2021-07-01,2021,7,16,Diğer Bilgiler,7,,Yurt Dışı Personel Sayısı,,Unnamed: 0,Sektör,,TL,BDDK Aylık Bülten - Excel
2021-07-01,2021,7,16,Diğer Bilgiler,7,,Yurt Dışı Personel Sayısı,,Unnamed: 1,7,7.0,TL,BDDK Aylık Bülten - Excel
2021-07-01,2021,7,16,Diğer Bilgiler,7,,Yurt Dışı Personel Sayısı,,Diğer Bilgiler,Yurt Dışı Personel Sayısı,,TL,BDDK Aylık Bülten - Excel
2021-07-01,2021,7,16,Diğer Bilgiler,7,,Yurt Dışı Personel Sayısı,,Adet,772,772.0,TL,BDDK Aylık Bülten - Excel
2021-08-01,2021,8,16,Diğer Bilgiler,1,,Banka Sayısı,,Unnamed: 0,Sektör,,TL,BDDK Aylık Bülten - Excel
2021-08-01,2021,8,16,Diğer Bilgiler,1,,Banka Sayısı,,Unnamed: 1,1,1.0,TL,BDDK Aylık Bülten - Excel
2021-08-01,2021,8,16,Diğer Bilgiler,1,,Banka Sayısı,,Diğer Bilgiler,Banka Sayısı,,TL,BDDK Aylık Bülten - Excel
2021-08-01,2021,8,16,Diğer Bilgiler,1,,Banka Sayısı,,Adet,53,53.0,TL,BDDK Aylık Bülten - Excel
2021-08-01,2021,8,16,Diğer Bilgiler,2,,Yurt İçi Şube Sayısı,,Unnamed: 0,Sektör,,TL,BDDK Aylık Bülten - Excel
2021-08-01,2021,8,16,Diğer Bilgiler,2,,Yurt İçi Şube Sayısı,,Unnamed: 1,2,2.0,TL,BDDK Aylık Bülten - Excel
2021-08-01,2021,8,16,Diğer Bilgiler,2,,Yurt İçi Şube Sayısı,,Diğer Bilgiler,Yurt İçi Şube Sayısı,,TL,BDDK Aylık Bülten - Excel
2021-08-01,2021,8,16,Diğer Bilgiler,2,,Yurt İçi Şube Sayısı,,Adet,11080,11080.0,TL,BDDK Aylık Bülten - Excel
2021-08-01,2021,8,16,Diğer Bilgiler,3,,Yurt Dışı Şube Sayısı,,Unnamed: 0,Sektör,,TL,BDDK Aylık Bülten - Excel
2021-08-01,2021,8,16,Diğer Bilgiler,3,,Yurt Dışı Şube Sayısı,,Unnamed: 1,3,3.0,TL,BDDK Aylık Bülten - Excel
2021-08-01,2021,8,16,Diğer Bilgiler,3,,Yurt Dışı Şube Sayısı,,Diğer Bilgiler,Yurt Dışı Şube Sayısı,,TL,BDDK Aylık Bülten - Excel
2021-08-01,2021,8,16,Diğer Bilgiler,3,,Yurt Dışı Şube Sayısı,,Adet,76,76.0,TL,BDDK Aylık Bülten - Excel
2021-08-01,2021,8,16,Diğer Bilgiler,4,,On-line Sistemine Dahil Şube Sayısı,,Unnamed: 0,Sektör,,TL,BDDK Aylık Bülten - Excel
2021-08-01,2021,8,16,Diğer Bilgiler,4,,On-line Sistemine Dahil Şube Sayısı,,Unnamed: 1,4,4.0,TL,BDDK Aylık Bülten - Excel
2021-08-01,2021,8,16,Diğer Bilgiler,4,,On-line Sistemine Dahil Şube Sayısı,,Diğer Bilgiler,On-line Sistemine Dahil Şube Sayısı,,TL,BDDK Aylık Bülten - Excel
2021-08-01,2021,8,16,Diğer Bilgiler,4,,On-line Sistemine Dahil Şube Sayısı,,Adet,10929,10929.0,TL,BDDK Aylık Bülten - Excel
2021-08-01,2021,8,16,Diğer Bilgiler,5,,ATM Sayısı,,Unnamed: 0,Sektör,,TL,BDDK Aylık Bülten - Excel
2021-08-01,2021,8,16,Diğer Bilgiler,5,,ATM Sayısı,,Unnamed: 1,5,5.0,TL,BDDK Aylık Bülten - Excel
2021-08-01,2021,8,16,Diğer Bilgiler,5,,ATM Sayısı,,Diğer Bilgiler,ATM Sayısı,,TL,BDDK Aylık Bülten - Excel
2021-08-01,2021,8,16,Diğer Bilgiler,5,,ATM Sayısı,,Adet,48713,48713.0,TL,BDDK Aylık Bülten - Excel
2021-08-01,2021,8,16,Diğer Bilgiler,6,,Yurt İçi Personel Sayısı,,Unnamed: 0,Sektör,,TL,BDDK Aylık Bülten - Excel
2021-08-01,2021,8,16,Diğer Bilgiler,6,,Yurt İçi Personel Sayısı,,Unnamed: 1,6,6.0,TL,BDDK Aylık Bülten - Excel
2021-08-01,2021,8,16,Diğer Bilgiler,6,,Yurt İçi Personel Sayısı,,Diğer Bilgiler,Yurt İçi Personel Sayısı,,TL,BDDK Aylık Bülten - Excel
2021-08-01,2021,8,16,Diğer Bilgiler,6,,Yurt İçi Personel Sayısı,,Adet,200896,200896.0,TL,BDDK Aylık Bülten - Excel
2021-08-01,2021,8,16,Diğer Bilgiler,7,,Yurt Dışı Personel Sayısı,,Unnamed: 0,Sektör,,TL,BDDK Aylık Bülten - Excel
2021-08-01,2021,8,16,Diğer Bilgiler,7,,Yurt Dışı Personel Sayısı,,Unnamed: 1,7,7.0,TL,BDDK Aylık Bülten - Excel
2021-08-01,2021,8,16,Diğer Bilgiler,7,,Yurt Dışı Personel Sayısı,,Diğer Bilgiler,Yurt Dışı Personel Sayısı,,TL,BDDK Aylık Bülten - Excel
2021-08-01,2021,8,16,Diğer Bilgiler,7,,Yurt Dışı Personel Sayısı,,Adet,771,771.0,TL,BDDK Aylık Bülten - Excel
2021-09-01,2021,9,16,Diğer Bilgiler,1,,Banka Sayısı,,Unnamed: 0,Sektör,,TL,BDDK Aylık Bülten - Excel
2021-09-01,2021,9,16,Diğer Bilgiler,1,,Banka Sayısı,,Unnamed: 1,1,1.0,TL,BDDK Aylık Bülten - Excel
2021-09-01,2021,9,16,Diğer Bilgiler,1,,Banka Sayısı,,Diğer Bilgiler,Banka Sayısı,,TL,BDDK Aylık Bülten - Excel
2021-09-01,2021,9,16,Diğer Bilgiler,1,,Banka Sayısı,,Adet,53,53.0,TL,BDDK Aylık Bülten - Excel
2021-09-01,2021,9,16,Diğer Bilgiler,2,,Yurt İçi Şube Sayısı,,Unnamed: 0,Sektör,,TL,BDDK Aylık Bülten - Excel
2021-09-01,2021,9,16,Diğer Bilgiler,2,,Yurt İçi Şube Sayısı,,Unnamed: 1,2,2.0,TL,BDDK Aylık Bülten - Excel
2021-09-01,2021,9,16,Diğer Bilgiler,2,,Yurt İçi Şube Sayısı,,Diğer Bilgiler,Yurt İçi Şube Sayısı,,TL,BDDK Aylık Bülten - Excel
2021-09-01,2021,9,16,Diğer Bilgiler,2,,Yurt İçi Şube Sayısı,,Adet,11080,11080.0,TL,BDDK Aylık Bülten - Excel
2021-09-01,2021,9,16,Diğer Bilgiler,3,,Yurt Dışı Şube Sayısı,,Unnamed: 0,Sektör,,TL,BDDK Aylık Bülten - Excel
2021-09-01,2021,9,16,Diğer Bilgiler,3,,Yurt Dışı Şube Sayısı,,Unnamed: 1,3,3.0,TL,BDDK Aylık Bülten - Excel
2021-09-01,2021,9,16,Diğer Bilgiler,3,,Yurt Dışı Şube Sayısı,,Diğer Bilgiler,Yurt Dışı Şube Sayısı,,TL,BDDK Aylık Bülten - Excel
2021-09-01,2021,9,16,Diğer Bilgiler,3,,Yurt Dışı Şube Sayısı,,Adet,75,75.0,TL,BDDK Aylık Bülten - Excel
2021-09-01,2021,9,16,Diğer Bilgiler,4,,On-line Sistemine Dahil Şube Sayısı,,Unnamed: 0,Sektör,,TL,BDDK Aylık Bülten - Excel
2021-09-01,2021,9,16,Diğer Bilgiler,4,,On-line Sistemine Dahil Şube Sayısı,,Unnamed: 1,4,4.0,TL,BDDK Aylık Bülten - Excel
2021-09-01,2021,9,16,Diğer Bilgiler,4,,On-line Sistemine Dahil Şube Sayısı,,Diğer Bilgiler,On-line Sistemine Dahil Şube Sayısı,,TL,BDDK Aylık Bülten - Excel
2021-09-01,2021,9,16,Diğer Bilgiler,4,,On-line Sistemine Dahil Şube Sayısı,,Adet,10921,10921.0,TL,BDDK Aylık Bülten - Excel
2021-09-01,2021,9,16,Diğer Bilgiler,5,,ATM Sayısı,,Unnamed: 0,Sektör,,TL,BDDK Aylık Bülten - Excel
2021-09-01,2021,9,16,Diğer Bilgiler,5,,ATM Sayısı,,Unnamed: 1,5,5.0,TL,BDDK Aylık Bülten - Excel
2021-09-01,2021,9,16,Diğer Bilgiler,5,,ATM Sayısı,,Diğer Bilgiler,ATM Sayısı,,TL,BDDK Aylık Bülten - Excel
2021-09-01,2021,9,16,Diğer Bilgiler,5,,ATM Sayısı,,Adet,48763,48763.0,TL,BDDK Aylık Bülten - Excel
2021-09-01,2021,9,16,Diğer Bilgiler,6,,Yurt İçi Personel Sayısı,,Unnamed: 0,Sektör,,TL,BDDK Aylık Bülten - Excel
2021-09-01,2021,9,16,Diğer Bilgiler,6,,Yurt İçi Personel Sayısı,,Unnamed: 1,6,6.0,TL,BDDK Aylık Bülten - Excel
2021-09-01,2021,9,16,Diğer Bilgiler,6,,Yurt İçi Personel Sayısı,,Diğer Bilgiler,Yurt İçi Personel Sayısı,,TL,BDDK Aylık Bülten - Excel
2021-09-01,2021,9,16,Diğer Bilgiler,6,,Yurt İçi Personel Sayısı,,Adet,200890,200890.0,TL,BDDK Aylık Bülten - Excel
2021-09-01,2021,9,16,Diğer Bilgiler,7,,Yurt Dışı Personel Sayısı,,Unnamed: 0,Sektör,,TL,BDDK Aylık Bülten - Excel
2021-09-01,2021,9,16,Diğer Bilgiler,7,,Yurt Dışı Personel Sayısı,,Unnamed: 1,7,7.0,TL,BDDK Aylık Bülten - Excel
2021-09-01,2021,9,16,Diğer Bilgiler,7,,Yurt Dışı Personel Sayısı,,Diğer Bilgiler,Yurt Dışı Personel Sayısı,,TL,BDDK Aylık Bülten - Excel
2021-09-01,2021,9,16,Diğer Bilgiler,7,,Yurt Dışı Personel Sayısı,,Adet,775,775.0,TL,BDDK Aylık Bülten - Excel
2021-10-01,2021,10,16,Diğer Bilgiler,1,,Banka Sayısı,,Unnamed: 0,Sektör,,TL,BDDK Aylık Bülten - Excel
2021-10-01,2021,10,16,Diğer Bilgiler,1,,Banka Sayısı,,Unnamed: 1,1,1.0,TL,BDDK Aylık Bülten - Excel
2021-10-01,2021,10,16,Diğer Bilgiler,1,,Banka Sayısı,,Diğer Bilgiler,Banka Sayısı,,TL,BDDK Aylık Bülten - Excel
2021-10-01,2021,10,16,Diğer Bilgiler,1,,Banka Sayısı,,Adet,53,53.0,TL,BDDK Aylık Bülten - Excel
2021-10-01,2021,10,16,Diğer Bilgiler,2,,Yurt İçi Şube Sayısı,,Unnamed: 0,Sektör,,TL,BDDK Aylık Bülten - Excel
2021-10-01,2021,10,16,Diğer Bilgiler,2,,Yurt İçi Şube Sayısı,,Unnamed: 1,2,2.0,TL,BDDK Aylık Bülten - Excel
2021-10-01,2021,10,16,Diğer Bilgiler,2,,Yurt İçi Şube Sayısı,,Diğer Bilgiler,Yurt İçi Şube Sayısı,,TL,BDDK Aylık Bülten - Excel
2021-10-01,2021,10,16,Diğer Bilgiler,2,,Yurt İçi Şube Sayısı,,Adet,11071,11071.0,TL,BDDK Aylık Bülten - Excel
2021-10-01,2021,10,16,Diğer Bilgiler,3,,Yurt Dışı Şube Sayısı,,Unnamed: 0,Sektör,,TL,BDDK Aylık Bülten - Excel
2021-10-01,2021,10,16,Diğer Bilgiler,3,,Yurt Dışı Şube Sayısı,,Unnamed: 1,3,3.0,TL,BDDK Aylık Bülten - Excel
2021-10-01,2021,10,16,Diğer Bilgiler,3,,Yurt Dışı Şube Sayısı,,Diğer Bilgiler,Yurt Dışı Şube Sayısı,,TL,BDDK Aylık Bülten - Excel
2021-10-01,2021,10,16,Diğer Bilgiler,3,,Yurt Dışı Şube Sayısı,,Adet,75,75.0,TL,BDDK Aylık Bülten - Excel
2021-10-01,2021,10,16,Diğer Bilgiler,4,,On-line Sistemine Dahil Şube Sayısı,,Unnamed: 0,Sektör,,TL,BDDK Aylık Bülten - Excel
2021-10-01,2021,10,16,Diğer Bilgiler,4,,On-line Sistemine Dahil Şube Sayısı,,Unnamed: 1,4,4.0,TL,BDDK Aylık Bülten - Excel
2021-10-01,2021,10,16,Diğer Bilgiler,4,,On-line Sistemine Dahil Şube Sayısı,,Diğer Bilgiler,On-line Sistemine Dahil Şube Sayısı,,TL,BDDK Aylık Bülten - Excel
2021-10-01,2021,10,16,Diğer Bilgiler,4,,On-line Sistemine Dahil Şube Sayısı,,Adet,10912,10912.0,TL,BDDK Aylık Bülten - Excel
2021-10-01,2021,10,16,Diğer Bilgiler,5,,ATM Sayısı,,Unnamed: 0,Sektör,,TL,BDDK Aylık Bülten - Excel
2021-10-01,2021,10,16,Diğer Bilgiler,5,,ATM Sayısı,,Unnamed: 1,5,5.0,TL,BDDK Aylık Bülten - Excel
2021-10-01,2021,10,16,Diğer Bilgiler,5,,ATM Sayısı,,Diğer Bilgiler,ATM Sayısı,,TL,BDDK Aylık Bülten - Excel
2021-10-01,2021,10,16,Diğer Bilgiler,5,,ATM Sayısı,,Adet,48804,48804.0,TL,BDDK Aylık Bülten - Excel
2021-10-01,2021,10,16,Diğer Bilgiler,6,,Yurt İçi Personel Sayısı,,Unnamed: 0,Sektör,,TL,BDDK Aylık Bülten - Excel
2021-10-01,2021,10,16,Diğer Bilgiler,6,,Yurt İçi Personel Sayısı,,Unnamed: 1,6,6.0,TL,BDDK Aylık Bülten - Excel
2021-10-01,2021,10,16,Diğer Bilgiler,6,,Yurt İçi Personel Sayısı,,Diğer Bilgiler,Yurt İçi Personel Sayısı,,TL,BDDK Aylık Bülten - Excel
2021-10-01,2021,10,16,Diğer Bilgiler,6,,Yurt İçi Personel Sayısı,,Adet,200966,200966.0,TL,BDDK Aylık Bülten - Excel
2021-10-01,2021,10,16,Diğer Bilgiler,7,,Yurt Dışı Personel Sayısı,,Unnamed: 0,Sektör,,TL,BDDK Aylık Bülten - Excel
2021-10-01,2021,10,16,Diğer Bilgiler,7,,Yurt Dışı Personel Sayısı,,Unnamed: 1,7,7.0,TL,BDDK Aylık Bülten - Excel
2021-10-01,2021,10,16,Diğer Bilgiler,7,,Yurt Dışı Personel Sayısı,,Diğer Bilgiler,Yurt Dışı Personel Sayısı,,TL,BDDK Aylık Bülten - Excel
2021-10-01,2021,10,16,Diğer Bilgiler,7,,Yurt Dışı Personel Sayısı,,Adet,772,772.0,TL,BDDK Aylık Bülten - Excel
2021-11-01,2021,11,16,Diğer Bilgiler,1,,Banka Sayısı,,Unnamed: 0,Sektör,,TL,BDDK Aylık Bülten - Excel
2021-11-01,2021,11,16,Diğer Bilgiler,1,,Banka Sayısı,,Unnamed: 1,1,1.0,TL,BDDK Aylık Bülten - Excel
2021-11-01,2021,11,16,Diğer Bilgiler,1,,Banka Sayısı,,Diğer Bilgiler,Banka Sayısı,,TL,BDDK Aylık Bülten - Excel
2021-11-01,2021,11,16,Diğer Bilgiler,1,,Banka Sayısı,,Adet,53,53.0,TL,BDDK Aylık Bülten - Excel
2021-11-01,2021,11,16,Diğer Bilgiler,2,,Yurt İçi Şube Sayısı,,Unnamed: 0,Sektör,,TL,BDDK Aylık Bülten - Excel
2021-11-01,2021,11,16,Diğer Bilgiler,2,,Yurt İçi Şube Sayısı,,Unnamed: 1,2,2.0,TL,BDDK Aylık Bülten - Excel
2021-11-01,2021,11,16,Diğer Bilgiler,2,,Yurt İçi Şube Sayısı,,Diğer Bilgiler,Yurt İçi Şube Sayısı,,TL,BDDK Aylık Bülten - Excel
2021-11-01,2021,11,16,Diğer Bilgiler,2,,Yurt İçi Şube Sayısı,,Adet,11055,11055.0,TL,BDDK Aylık Bülten - Excel
2021-11-01,2021,11,16,Diğer Bilgiler,3,,Yurt Dışı Şube Sayısı,,Unnamed: 0,Sektör,,TL,BDDK Aylık Bülten - Excel
2021-11-01,2021,11,16,Diğer Bilgiler,3,,Yurt Dışı Şube Sayısı,,Unnamed: 1,3,3.0,TL,BDDK Aylık Bülten - Excel
2021-11-01,2021,11,16,Diğer Bilgiler,3,,Yurt Dışı Şube Sayısı,,Diğer Bilgiler,Yurt Dışı Şube Sayısı,,TL,BDDK Aylık Bülten - Excel
2021-11-01,2021,11,16,Diğer Bilgiler,3,,Yurt Dışı Şube Sayısı,,Adet,75,75.0,TL,BDDK Aylık Bülten - Excel
2021-11-01,2021,11,16,Diğer Bilgiler,4,,On-line Sistemine Dahil Şube Sayısı,,Unnamed: 0,Sektör,,TL,BDDK Aylık Bülten - Excel
2021-11-01,2021,11,16,Diğer Bilgiler,4,,On-line Sistemine Dahil Şube Sayısı,,Unnamed: 1,4,4.0,TL,BDDK Aylık Bülten - Excel
2021-11-01,2021,11,16,Diğer Bilgiler,4,,On-line Sistemine Dahil Şube Sayısı,,Diğer Bilgiler,On-line Sistemine Dahil Şube Sayısı,,TL,BDDK Aylık Bülten - Excel
2021-11-01,2021,11,16,Diğer Bilgiler,4,,On-line Sistemine Dahil Şube Sayısı,,Adet,10904,10904.0,TL,BDDK Aylık Bülten - Excel
2021-11-01,2021,11,16,Diğer Bilgiler,5,,ATM Sayısı,,Unnamed: 0,Sektör,,TL,BDDK Aylık Bülten - Excel
2021-11-01,2021,11,16,Diğer Bilgiler,5,,ATM Sayısı,,Unnamed: 1,5,5.0,TL,BDDK Aylık Bülten - Excel
2021-11-01,2021,11,16,Diğer Bilgiler,5,,ATM Sayısı,,Diğer Bilgiler,ATM Sayısı,,TL,BDDK Aylık Bülten - Excel
2021-11-01,2021,11,16,Diğer Bilgiler,5,,ATM Sayısı,,Adet,48827,48827.0,TL,BDDK Aylık Bülten - Excel
2021-11-01,2021,11,16,Diğer Bilgiler,6,,Yurt İçi Personel Sayısı,,Unnamed: 0,Sektör,,TL,BDDK Aylık Bülten - Excel
2021-11-01,2021,11,16,Diğer Bilgiler,6,,Yurt İçi Personel Sayısı,,Unnamed: 1,6,6.0,TL,BDDK Aylık Bülten - Excel
2021-11-01,2021,11,16,Diğer Bilgiler,6,,Yurt İçi Personel Sayısı,,Diğer Bilgiler,Yurt İçi Personel Sayısı,,TL,BDDK Aylık Bülten - Excel
2021-11-01,2021,11,16,Diğer Bilgiler,6,,Yurt İçi Personel Sayısı,,Adet,200968,200968.0,TL,BDDK Aylık Bülten - Excel
2021-11-01,2021,11,16,Diğer Bilgiler,7,,Yurt Dışı Personel Sayısı,,Unnamed: 0,Sektör,,TL,BDDK Aylık Bülten - Excel
2021-11-01,2021,11,16,Diğer Bilgiler,7,,Yurt Dışı Personel Sayısı,,Unnamed: 1,7,7.0,TL,BDDK Aylık Bülten - Excel
2021-11-01,2021,11,16,Diğer Bilgiler,7,,Yurt Dışı Personel Sayısı,,Diğer Bilgiler,Yurt Dışı Personel Sayısı,,TL,BDDK Aylık Bülten - Excel
2021-11-01,2021,11,16,Diğer Bilgiler,7,,Yurt Dışı Personel Sayısı,,Adet,779,779.0,TL,BDDK Aylık Bülten - Excel
2021-12-01,2021,12,16,Diğer Bilgiler,1,,Banka Sayısı,,Unnamed: 0,Sektör,,TL,BDDK Aylık Bülten - Excel
2021-12-01,2021,12,16,Diğer Bilgiler,1,,Banka Sayısı,,Unnamed: 1,1,1.0,TL,BDDK Aylık Bülten - Excel
2021-12-01,2021,12,16,Diğer Bilgiler,1,,Banka Sayısı,,Diğer Bilgiler,Banka Sayısı,,TL,BDDK Aylık Bülten - Excel
2021-12-01,2021,12,16,Diğer Bilgiler,1,,Banka Sayısı,,Adet,53,53.0,TL,BDDK Aylık Bülten - Excel
2021-12-01,2021,12,16,Diğer Bilgiler,2,,Yurt İçi Şube Sayısı,,Unnamed: 0,Sektör,,TL,BDDK Aylık Bülten - Excel
2021-12-01,2021,12,16,Diğer Bilgiler,2,,Yurt İçi Şube Sayısı,,Unnamed: 1,2,2.0,TL,BDDK Aylık Bülten - Excel
2021-12-01,2021,12,16,Diğer Bilgiler,2,,Yurt İçi Şube Sayısı,,Diğer Bilgiler,Yurt İçi Şube Sayısı,,TL,BDDK Aylık Bülten - Excel
2021-12-01,2021,12,16,Diğer Bilgiler,2,,Yurt İçi Şube Sayısı,,Adet,11023,11023.0,TL,BDDK Aylık Bülten - Excel
2021-12-01,2021,12,16,Diğer Bilgiler,3,,Yurt Dışı Şube Sayısı,,Unnamed: 0,Sektör,,TL,BDDK Aylık Bülten - Excel
2021-12-01,2021,12,16,Diğer Bilgiler,3,,Yurt Dışı Şube Sayısı,,Unnamed: 1,3,3.0,TL,BDDK Aylık Bülten - Excel
2021-12-01,2021,12,16,Diğer Bilgiler,3,,Yurt Dışı Şube Sayısı,,Diğer Bilgiler,Yurt Dışı Şube Sayısı,,TL,BDDK Aylık Bülten - Excel
2021-12-01,2021,12,16,Diğer Bilgiler,3,,Yurt Dışı Şube Sayısı,,Adet,75,75.0,TL,BDDK Aylık Bülten - Excel
2021-12-01,2021,12,16,Diğer Bilgiler,4,,On-line Sistemine Dahil Şube Sayısı,,Unnamed: 0,Sektör,,TL,BDDK Aylık Bülten - Excel
2021-12-01,2021,12,16,Diğer Bilgiler,4,,On-line Sistemine Dahil Şube Sayısı,,Unnamed: 1,4,4.0,TL,BDDK Aylık Bülten - Excel
2021-12-01,2021,12,16,Diğer Bilgiler,4,,On-line Sistemine Dahil Şube Sayısı,,Diğer Bilgiler,On-line Sistemine Dahil Şube Sayısı,,TL,BDDK Aylık Bülten - Excel
2021-12-01,2021,12,16,Diğer Bilgiler,4,,On-line Sistemine Dahil Şube Sayısı,,Adet,10864,10864.0,TL,BDDK Aylık Bülten - Excel
2021-12-01,2021,12,16,Diğer Bilgiler,5,,ATM Sayısı,,Unnamed: 0,Sektör,,TL,BDDK Aylık Bülten - Excel
2021-12-01,2021,12,16,Diğer Bilgiler,5,,ATM Sayısı,,Unnamed: 1,5,5.0,TL,BDDK Aylık Bülten - Excel
2021-12-01,2021,12,16,Diğer Bilgiler,5,,ATM Sayısı,,Diğer Bilgiler,ATM Sayısı,,TL,BDDK Aylık Bülten - Excel
2021-12-01,2021,12,16,Diğer Bilgiler,5,,ATM Sayısı,,Adet,48900,48900.0,TL,BDDK Aylık Bülten - Excel
2021-12-01,2021,12,16,Diğer Bilgiler,6,,Yurt İçi Personel Sayısı,,Unnamed: 0,Sektör,,TL,BDDK Aylık Bülten - Excel
2021-12-01,2021,12,16,Diğer Bilgiler,6,,Yurt İçi Personel Sayısı,,Unnamed: 1,6,6.0,TL,BDDK Aylık Bülten - Excel
2021-12-01,2021,12,16,Diğer Bilgiler,6,,Yurt İçi Personel Sayısı,,Diğer Bilgiler,Yurt İçi Personel Sayısı,,TL,BDDK Aylık Bülten - Excel
2021-12-01,2021,12,16,Diğer Bilgiler,6,,Yurt İçi Personel Sayısı,,Adet,201349,201349.0,TL,BDDK Aylık Bülten - Excel
2021-12-01,2021,12,16,Diğer Bilgiler,7,,Yurt Dışı Personel Sayısı,,Unnamed: 0,Sektör,,TL,BDDK Aylık Bülten - Excel
2021-12-01,2021,12,16,Diğer Bilgiler,7,,Yurt Dışı Personel Sayısı,,Unnamed: 1,7,7.0,TL,BDDK Aylık Bülten - Excel
2021-12-01,2021,12,16,Diğer Bilgiler,7,,Yurt Dışı Personel Sayısı,,Diğer Bilgiler,Yurt Dışı Personel Sayısı,,TL,BDDK Aylık Bülten - Excel
2021-12-01,2021,12,16,Diğer Bilgiler,7,,Yurt Dışı Personel Sayısı,,Adet,787,787.0,TL,BDDK Aylık Bülten - Excel
2022-01-01,2022,1,16,Diğer Bilgiler,1,,Banka Sayısı,,Unnamed: 0,Sektör,,TL,BDDK Aylık Bülten - Excel
2022-01-01,2022,1,16,Diğer Bilgiler,1,,Banka Sayısı,,Unnamed: 1,1,1.0,TL,BDDK Aylık Bülten - Excel
2022-01-01,2022,1,16,Diğer Bilgiler,1,,Banka Sayısı,,Diğer Bilgiler,Banka Sayısı,,TL,BDDK Aylık Bülten - Excel
2022-01-01,2022,1,16,Diğer Bilgiler,1,,Banka Sayısı,,Adet,53,53.0,TL,BDDK Aylık Bülten - Excel
2022-01-01,2022,1,16,Diğer Bilgiler,2,,Yurt İçi Şube Sayısı,,Unnamed: 0,Sektör,,TL,BDDK Aylık Bülten - Excel
2022-01-01,2022,1,16,Diğer Bilgiler,2,,Yurt İçi Şube Sayısı,,Unnamed: 1,2,2.0,TL,BDDK Aylık Bülten - Excel
2022-01-01,2022,1,16,Diğer Bilgiler,2,,Yurt İçi Şube Sayısı,,Diğer Bilgiler,Yurt İçi Şube Sayısı,,TL,BDDK Aylık Bülten - Excel
2022-01-01,2022,1,16,Diğer Bilgiler,2,,Yurt İçi Şube Sayısı,,Adet,11033,11033.0,TL,BDDK Aylık Bülten - Excel
2022-01-01,2022,1,16,Diğer Bilgiler,3,,Yurt Dışı Şube Sayısı,,Unnamed: 0,Sektör,,TL,BDDK Aylık Bülten - Excel
2022-01-01,2022,1,16,Diğer Bilgiler,3,,Yurt Dışı Şube Sayısı,,Unnamed: 1,3,3.0,TL,BDDK Aylık Bülten - Excel
2022-01-01,2022,1,16,Diğer Bilgiler,3,,Yurt Dışı Şube Sayısı,,Diğer Bilgiler,Yurt Dışı Şube Sayısı,,TL,BDDK Aylık Bülten - Excel
2022-01-01,2022,1,16,Diğer Bilgiler,3,,Yurt Dışı Şube Sayısı,,Adet,75,75.0,TL,BDDK Aylık Bülten - Excel
2022-01-01,2022,1,16,Diğer Bilgiler,4,,On-line Sistemine Dahil Şube Sayısı,,Unnamed: 0,Sektör,,TL,BDDK Aylık Bülten - Excel
2022-01-01,2022,1,16,Diğer Bilgiler,4,,On-line Sistemine Dahil Şube Sayısı,,Unnamed: 1,4,4.0,TL,BDDK Aylık Bülten - Excel
2022-01-01,2022,1,16,Diğer Bilgiler,4,,On-line Sistemine Dahil Şube Sayısı,,Diğer Bilgiler,On-line Sistemine Dahil Şube Sayısı,,TL,BDDK Aylık Bülten - Excel
2022-01-01,2022,1,16,Diğer Bilgiler,4,,On-line Sistemine Dahil Şube Sayısı,,Adet,10878,10878.0,TL,BDDK Aylık Bülten - Excel
2022-01-01,2022,1,16,Diğer Bilgiler,5,,ATM Sayısı,,Unnamed: 0,Sektör,,TL,BDDK Aylık Bülten - Excel
2022-01-01,2022,1,16,Diğer Bilgiler,5,,ATM Sayısı,,Unnamed: 1,5,5.0,TL,BDDK Aylık Bülten - Excel
2022-01-01,2022,1,16,Diğer Bilgiler,5,,ATM Sayısı,,Diğer Bilgiler,ATM Sayısı,,TL,BDDK Aylık Bülten - Excel
2022-01-01,2022,1,16,Diğer Bilgiler,5,,ATM Sayısı,,Adet,48850,48850.0,TL,BDDK Aylık Bülten - Excel
2022-01-01,2022,1,16,Diğer Bilgiler,6,,Yurt İçi Personel Sayısı,,Unnamed: 0,Sektör,,TL,BDDK Aylık Bülten - Excel
2022-01-01,2022,1,16,Diğer Bilgiler,6,,Yurt İçi Personel Sayısı,,Unnamed: 1,6,6.0,TL,BDDK Aylık Bülten - Excel
2022-01-01,2022,1,16,Diğer Bilgiler,6,,Yurt İçi Personel Sayısı,,Diğer Bilgiler,Yurt İçi Personel Sayısı,,TL,BDDK Aylık Bülten - Excel
2022-01-01,2022,1,16,Diğer Bilgiler,6,,Yurt İçi Personel Sayısı,,Adet,201071,201071.0,TL,BDDK Aylık Bülten - Excel
2022-01-01,2022,1,16,Diğer Bilgiler,7,,Yurt Dışı Personel Sayısı,,Unnamed: 0,Sektör,,TL,BDDK Aylık Bülten - Excel
2022-01-01,2022,1,16,Diğer Bilgiler,7,,Yurt Dışı Personel Sayısı,,Unnamed: 1,7,7.0,TL,BDDK Aylık Bülten - Excel
2022-01-01,2022,1,16,Diğer Bilgiler,7,,Yurt Dışı Personel Sayısı,,Diğer Bilgiler,Yurt Dışı Personel Sayısı,,TL,BDDK Aylık Bülten - Excel
2022-01-01,2022,1,16,Diğer Bilgiler,7,,Yurt Dışı Personel Sayısı,,Adet,786,786.0,TL,BDDK Aylık Bülten - Excel
2022-02-01,2022,2,16,Diğer Bilgiler,1,,Banka Sayısı,,Unnamed: 0,Sektör,,TL,BDDK Aylık Bülten - Excel
2022-02-01,2022,2,16,Diğer Bilgiler,1,,Banka Sayısı,,Unnamed: 1,1,1.0,TL,BDDK Aylık Bülten - Excel
2022-02-01,2022,2,16,Diğer Bilgiler,1,,Banka Sayısı,,Diğer Bilgiler,Banka Sayısı,,TL,BDDK Aylık Bülten - Excel
2022-02-01,2022,2,16,Diğer Bilgiler,1,,Banka Sayısı,,Adet,54,54.0,TL,BDDK Aylık Bülten - Excel
2022-02-01,2022,2,16,Diğer Bilgiler,2,,Yurt İçi Şube Sayısı,,Unnamed: 0,Sektör,,TL,BDDK Aylık Bülten - Excel
2022-02-01,2022,2,16,Diğer Bilgiler,2,,Yurt İçi Şube Sayısı,,Unnamed: 1,2,2.0,TL,BDDK Aylık Bülten - Excel
2022-02-01,2022,2,16,Diğer Bilgiler,2,,Yurt İçi Şube Sayısı,,Diğer Bilgiler,Yurt İçi Şube Sayısı,,TL,BDDK Aylık Bülten - Excel
2022-02-01,2022,2,16,Diğer Bilgiler,2,,Yurt İçi Şube Sayısı,,Adet,11039,11039.0,TL,BDDK Aylık Bülten - Excel
2022-02-01,2022,2,16,Diğer Bilgiler,3,,Yurt Dışı Şube Sayısı,,Unnamed: 0,Sektör,,TL,BDDK Aylık Bülten - Excel
2022-02-01,2022,2,16,Diğer Bilgiler,3,,Yurt Dışı Şube Sayısı,,Unnamed: 1,3,3.0,TL,BDDK Aylık Bülten - Excel
2022-02-01,2022,2,16,Diğer Bilgiler,3,,Yurt Dışı Şube Sayısı,,Diğer Bilgiler,Yurt Dışı Şube Sayısı,,TL,BDDK Aylık Bülten - Excel
2022-02-01,2022,2,16,Diğer Bilgiler,3,,Yurt Dışı Şube Sayısı,,Adet,75,75.0,TL,BDDK Aylık Bülten - Excel
2022-02-01,2022,2,16,Diğer Bilgiler,4,,On-line Sistemine Dahil Şube Sayısı,,Unnamed: 0,Sektör,,TL,BDDK Aylık Bülten - Excel
2022-02-01,2022,2,16,Diğer Bilgiler,4,,On-line Sistemine Dahil Şube Sayısı,,Unnamed: 1,4,4.0,TL,BDDK Aylık Bülten - Excel
2022-02-01,2022,2,16,Diğer Bilgiler,4,,On-line Sistemine Dahil Şube Sayısı,,Diğer Bilgiler,On-line Sistemine Dahil Şube Sayısı,,TL,BDDK Aylık Bülten - Excel
2022-02-01,2022,2,16,Diğer Bilgiler,4,,On-line Sistemine Dahil Şube Sayısı,,Adet,10881,10881.0,TL,BDDK Aylık Bülten - Excel
2022-02-01,2022,2,16,Diğer Bilgiler,5,,ATM Sayısı,,Unnamed: 0,Sektör,,TL,BDDK Aylık Bülten - Excel
2022-02-01,2022,2,16,Diğer Bilgiler,5,,ATM Sayısı,,Unnamed: 1,5,5.0,TL,BDDK Aylık Bülten - Excel
2022-02-01,2022,2,16,Diğer Bilgiler,5,,ATM Sayısı,,Diğer Bilgiler,ATM Sayısı,,TL,BDDK Aylık Bülten - Excel
2022-02-01,2022,2,16,Diğer Bilgiler,5,,ATM Sayısı,,Adet,48852,48852.0,TL,BDDK Aylık Bülten - Excel
2022-02-01,2022,2,16,Diğer Bilgiler,6,,Yurt İçi Personel Sayısı,,Unnamed: 0,Sektör,,TL,BDDK Aylık Bülten - Excel
2022-02-01,2022,2,16,Diğer Bilgiler,6,,Yurt İçi Personel Sayısı,,Unnamed: 1,6,6.0,TL,BDDK Aylık Bülten - Excel
2022-02-01,2022,2,16,Diğer Bilgiler,6,,Yurt İçi Personel Sayısı,,Diğer Bilgiler,Yurt İçi Personel Sayısı,,TL,BDDK Aylık Bülten - Excel
2022-02-01,2022,2,16,Diğer Bilgiler,6,,Yurt İçi Personel Sayısı,,Adet,200763,200763.0,TL,BDDK Aylık Bülten - Excel
2022-02-01,2022,2,16,Diğer Bilgiler,7,,Yurt Dışı Personel Sayısı,,Unnamed: 0,Sektör,,TL,BDDK Aylık Bülten - Excel
2022-02-01,2022,2,16,Diğer Bilgiler,7,,Yurt Dışı Personel Sayısı,,Unnamed: 1,7,7.0,TL,BDDK Aylık Bülten - Excel
2022-02-01,2022,2,16,Diğer Bilgiler,7,,Yurt Dışı Personel Sayısı,,Diğer Bilgiler,Yurt Dışı Personel Sayısı,,TL,BDDK Aylık Bülten - Excel
2022-02-01,2022,2,16,Diğer Bilgiler,7,,Yurt Dışı Personel Sayısı,,Adet,789,789.0,TL,BDDK Aylık Bülten - Excel
2022-03-01,2022,3,16,Diğer Bilgiler,1,,Banka Sayısı,,Unnamed: 0,Sektör,,TL,BDDK Aylık Bülten - Excel
2022-03-01,2022,3,16,Diğer Bilgiler,1,,Banka Sayısı,,Unnamed: 1,1,1.0,TL,BDDK Aylık Bülten - Excel
2022-03-01,2022,3,16,Diğer Bilgiler,1,,Banka Sayısı,,Diğer Bilgiler,Banka Sayısı,,TL,BDDK Aylık Bülten - Excel
2022-03-01,2022,3,16,Diğer Bilgiler,1,,Banka Sayısı,,Adet,54,54.0,TL,BDDK Aylık Bülten - Excel
2022-03-01,2022,3,16,Diğer Bilgiler,2,,Yurt İçi Şube Sayısı,,Unnamed: 0,Sektör,,TL,BDDK Aylık Bülten - Excel
2022-03-01,2022,3,16,Diğer Bilgiler,2,,Yurt İçi Şube Sayısı,,Unnamed: 1,2,2.0,TL,BDDK Aylık Bülten - Excel
2022-03-01,2022,3,16,Diğer Bilgiler,2,,Yurt İçi Şube Sayısı,,Diğer Bilgiler,Yurt İçi Şube Sayısı,,TL,BDDK Aylık Bülten - Excel
2022-03-01,2022,3,16,Diğer Bilgiler,2,,Yurt İçi Şube Sayısı,,Adet,11029,11029.0,TL,BDDK Aylık Bülten - Excel
2022-03-01,2022,3,16,Diğer Bilgiler,3,,Yurt Dışı Şube Sayısı,,Unnamed: 0,Sektör,,TL,BDDK Aylık Bülten - Excel
2022-03-01,2022,3,16,Diğer Bilgiler,3,,Yurt Dışı Şube Sayısı,,Unnamed: 1,3,3.0,TL,BDDK Aylık Bülten - Excel
2022-03-01,2022,3,16,Diğer Bilgiler,3,,Yurt Dışı Şube Sayısı,,Diğer Bilgiler,Yurt Dışı Şube Sayısı,,TL,BDDK Aylık Bülten - Excel
2022-03-01,2022,3,16,Diğer Bilgiler,3,,Yurt Dışı Şube Sayısı,,Adet,75,75.0,TL,BDDK Aylık Bülten - Excel
2022-03-01,2022,3,16,Diğer Bilgiler,4,,On-line Sistemine Dahil Şube Sayısı,,Unnamed: 0,Sektör,,TL,BDDK Aylık Bülten - Excel
2022-03-01,2022,3,16,Diğer Bilgiler,4,,On-line Sistemine Dahil Şube Sayısı,,Unnamed: 1,4,4.0,TL,BDDK Aylık Bülten - Excel
2022-03-01,2022,3,16,Diğer Bilgiler,4,,On-line Sistemine Dahil Şube Sayısı,,Diğer Bilgiler,On-line Sistemine Dahil Şube Sayısı,,TL,BDDK Aylık Bülten - Excel
2022-03-01,2022,3,16,Diğer Bilgiler,4,,On-line Sistemine Dahil Şube Sayısı,,Adet,10867,10867.0,TL,BDDK Aylık Bülten - Excel
2022-03-01,2022,3,16,Diğer Bilgiler,5,,ATM Sayısı,,Unnamed: 0,Sektör,,TL,BDDK Aylık Bülten - Excel
2022-03-01,2022,3,16,Diğer Bilgiler,5,,ATM Sayısı,,Unnamed: 1,5,5.0,TL,BDDK Aylık Bülten - Excel
2022-03-01,2022,3,16,Diğer Bilgiler,5,,ATM Sayısı,,Diğer Bilgiler,ATM Sayısı,,TL,BDDK Aylık Bülten - Excel
2022-03-01,2022,3,16,Diğer Bilgiler,5,,ATM Sayısı,,Adet,48820,48820.0,TL,BDDK Aylık Bülten - Excel
2022-03-01,2022,3,16,Diğer Bilgiler,6,,Yurt İçi Personel Sayısı,,Unnamed: 0,Sektör,,TL,BDDK Aylık Bülten - Excel
2022-03-01,2022,3,16,Diğer Bilgiler,6,,Yurt İçi Personel Sayısı,,Unnamed: 1,6,6.0,TL,BDDK Aylık Bülten - Excel
2022-03-01,2022,3,16,Diğer Bilgiler,6,,Yurt İçi Personel Sayısı,,Diğer Bilgiler,Yurt İçi Personel Sayısı,,TL,BDDK Aylık Bülten - Excel
2022-03-01,2022,3,16,Diğer Bilgiler,6,,Yurt İçi Personel Sayısı,,Adet,200810,200810.0,TL,BDDK Aylık Bülten - Excel
2022-03-01,2022,3,16,Diğer Bilgiler,7,,Yurt Dışı Personel Sayısı,,Unnamed: 0,Sektör,,TL,BDDK Aylık Bülten - Excel
2022-03-01,2022,3,16,Diğer Bilgiler,7,,Yurt Dışı Personel Sayısı,,Unnamed: 1,7,7.0,TL,BDDK Aylık Bülten - Excel
2022-03-01,2022,3,16,Diğer Bilgiler,7,,Yurt Dışı Personel Sayısı,,Diğer Bilgiler,Yurt Dışı Personel Sayısı,,TL,BDDK Aylık Bülten - Excel
2022-03-01,2022,3,16,Diğer Bilgiler,7,,Yurt Dışı Personel Sayısı,,Adet,787,787.0,TL,BDDK Aylık Bülten - Excel
2022-04-01,2022,4,16,Diğer Bilgiler,1,,Banka Sayısı,,Unnamed: 0,Sektör,,TL,BDDK Aylık Bülten - Excel
2022-04-01,2022,4,16,Diğer Bilgiler,1,,Banka Sayısı,,Unnamed: 1,1,1.0,TL,BDDK Aylık Bülten - Excel
2022-04-01,2022,4,16,Diğer Bilgiler,1,,Banka Sayısı,,Diğer Bilgiler,Banka Sayısı,,TL,BDDK Aylık Bülten - Excel
2022-04-01,2022,4,16,Diğer Bilgiler,1,,Banka Sayısı,,Adet,54,54.0,TL,BDDK Aylık Bülten - Excel
2022-04-01,2022,4,16,Diğer Bilgiler,2,,Yurt İçi Şube Sayısı,,Unnamed: 0,Sektör,,TL,BDDK Aylık Bülten - Excel
2022-04-01,2022,4,16,Diğer Bilgiler,2,,Yurt İçi Şube Sayısı,,Unnamed: 1,2,2.0,TL,BDDK Aylık Bülten - Excel
2022-04-01,2022,4,16,Diğer Bilgiler,2,,Yurt İçi Şube Sayısı,,Diğer Bilgiler,Yurt İçi Şube Sayısı,,TL,BDDK Aylık Bülten - Excel
2022-04-01,2022,4,16,Diğer Bilgiler,2,,Yurt İçi Şube Sayısı,,Adet,11027,11027.0,TL,BDDK Aylık Bülten - Excel
2022-04-01,2022,4,16,Diğer Bilgiler,3,,Yurt Dışı Şube Sayısı,,Unnamed: 0,Sektör,,TL,BDDK Aylık Bülten - Excel
2022-04-01,2022,4,16,Diğer Bilgiler,3,,Yurt Dışı Şube Sayısı,,Unnamed: 1,3,3.0,TL,BDDK Aylık Bülten - Excel
2022-04-01,2022,4,16,Diğer Bilgiler,3,,Yurt Dışı Şube Sayısı,,Diğer Bilgiler,Yurt Dışı Şube Sayısı,,TL,BDDK Aylık Bülten - Excel
2022-04-01,2022,4,16,Diğer Bilgiler,3,,Yurt Dışı Şube Sayısı,,Adet,75,75.0,TL,BDDK Aylık Bülten - Excel
2022-04-01,2022,4,16,Diğer Bilgiler,4,,On-line Sistemine Dahil Şube Sayısı,,Unnamed: 0,Sektör,,TL,BDDK Aylık Bülten - Excel
2022-04-01,2022,4,16,Diğer Bilgiler,4,,On-line Sistemine Dahil Şube Sayısı,,Unnamed: 1,4,4.0,TL,BDDK Aylık Bülten - Excel
2022-04-01,2022,4,16,Diğer Bilgiler,4,,On-line Sistemine Dahil Şube Sayısı,,Diğer Bilgiler,On-line Sistemine Dahil Şube Sayısı,,TL,BDDK Aylık Bülten - Excel
2022-04-01,2022,4,16,Diğer Bilgiler,4,,On-line Sistemine Dahil Şube Sayısı,,Adet,10862,10862.0,TL,BDDK Aylık Bülten - Excel
2022-04-01,2022,4,16,Diğer Bilgiler,5,,ATM Sayısı,,Unnamed: 0,Sektör,,TL,BDDK Aylık Bülten - Excel
2022-04-01,2022,4,16,Diğer Bilgiler,5,,ATM Sayısı,,Unnamed: 1,5,5.0,TL,BDDK Aylık Bülten - Excel
2022-04-01,2022,4,16,Diğer Bilgiler,5,,ATM Sayısı,,Diğer Bilgiler,ATM Sayısı,,TL,BDDK Aylık Bülten - Excel
2022-04-01,2022,4,16,Diğer Bilgiler,5,,ATM Sayısı,,Adet,48788,48788.0,TL,BDDK Aylık Bülten - Excel
2022-04-01,2022,4,16,Diğer Bilgiler,6,,Yurt İçi Personel Sayısı,,Unnamed: 0,Sektör,,TL,BDDK Aylık Bülten - Excel
2022-04-01,2022,4,16,Diğer Bilgiler,6,,Yurt İçi Personel Sayısı,,Unnamed: 1,6,6.0,TL,BDDK Aylık Bülten - Excel
2022-04-01,2022,4,16,Diğer Bilgiler,6,,Yurt İçi Personel Sayısı,,Diğer Bilgiler,Yurt İçi Personel Sayısı,,TL,BDDK Aylık Bülten - Excel
2022-04-01,2022,4,16,Diğer Bilgiler,6,,Yurt İçi Personel Sayısı,,Adet,200932,200932.0,TL,BDDK Aylık Bülten - Excel
2022-04-01,2022,4,16,Diğer Bilgiler,7,,Yurt Dışı Personel Sayısı,,Unnamed: 0,Sektör,,TL,BDDK Aylık Bülten - Excel
2022-04-01,2022,4,16,Diğer Bilgiler,7,,Yurt Dışı Personel Sayısı,,Unnamed: 1,7,7.0,TL,BDDK Aylık Bülten - Excel
2022-04-01,2022,4,16,Diğer Bilgiler,7,,Yurt Dışı Personel Sayısı,,Diğer Bilgiler,Yurt Dışı Personel Sayısı,,TL,BDDK Aylık Bülten - Excel
2022-04-01,2022,4,16,Diğer Bilgiler,7,,Yurt Dışı Personel Sayısı,,Adet,791,791.0,TL,BDDK Aylık Bülten - Excel
2022-05-01,2022,5,16,Diğer Bilgiler,1,,Banka Sayısı,,Unnamed: 0,Sektör,,TL,BDDK Aylık Bülten - Excel
2022-05-01,2022,5,16,Diğer Bilgiler,1,,Banka Sayısı,,Unnamed: 1,1,1.0,TL,BDDK Aylık Bülten - Excel
2022-05-01,2022,5,16,Diğer Bilgiler,1,,Banka Sayısı,,Diğer Bilgiler,Banka Sayısı,,TL,BDDK Aylık Bülten - Excel
2022-05-01,2022,5,16,Diğer Bilgiler,1,,Banka Sayısı,,Adet,54,54.0,TL,BDDK Aylık Bülten - Excel
2022-05-01,2022,5,16,Diğer Bilgiler,2,,Yurt İçi Şube Sayısı,,Unnamed: 0,Sektör,,TL,BDDK Aylık Bülten - Excel
2022-05-01,2022,5,16,Diğer Bilgiler,2,,Yurt İçi Şube Sayısı,,Unnamed: 1,2,2.0,TL,BDDK Aylık Bülten - Excel
2022-05-01,2022,5,16,Diğer Bilgiler,2,,Yurt İçi Şube Sayısı,,Diğer Bilgiler,Yurt İçi Şube Sayısı,,TL,BDDK Aylık Bülten - Excel
2022-05-01,2022,5,16,Diğer Bilgiler,2,,Yurt İçi Şube Sayısı,,Adet,11024,11024.0,TL,BDDK Aylık Bülten - Excel
2022-05-01,2022,5,16,Diğer Bilgiler,3,,Yurt Dışı Şube Sayısı,,Unnamed: 0,Sektör,,TL,BDDK Aylık Bülten - Excel
2022-05-01,2022,5,16,Diğer Bilgiler,3,,Yurt Dışı Şube Sayısı,,Unnamed: 1,3,3.0,TL,BDDK Aylık Bülten - Excel
2022-05-01,2022,5,16,Diğer Bilgiler,3,,Yurt Dışı Şube Sayısı,,Diğer Bilgiler,Yurt Dışı Şube Sayısı,,TL,BDDK Aylık Bülten - Excel
2022-05-01,2022,5,16,Diğer Bilgiler,3,,Yurt Dışı Şube Sayısı,,Adet,75,75.0,TL,BDDK Aylık Bülten - Excel
2022-05-01,2022,5,16,Diğer Bilgiler,4,,On-line Sistemine Dahil Şube Sayısı,,Unnamed: 0,Sektör,,TL,BDDK Aylık Bülten - Excel
2022-05-01,2022,5,16,Diğer Bilgiler,4,,On-line Sistemine Dahil Şube Sayısı,,Unnamed: 1,4,4.0,TL,BDDK Aylık Bülten - Excel
2022-05-01,2022,5,16,Diğer Bilgiler,4,,On-line Sistemine Dahil Şube Sayısı,,Diğer Bilgiler,On-line Sistemine Dahil Şube Sayısı,,TL,BDDK Aylık Bülten - Excel
2022-05-01,2022,5,16,Diğer Bilgiler,4,,On-line Sistemine Dahil Şube Sayısı,,Adet,10859,10859.0,TL,BDDK Aylık Bülten - Excel
2022-05-01,2022,5,16,Diğer Bilgiler,5,,ATM Sayısı,,Unnamed: 0,Sektör,,TL,BDDK Aylık Bülten - Excel
2022-05-01,2022,5,16,Diğer Bilgiler,5,,ATM Sayısı,,Unnamed: 1,5,5.0,TL,BDDK Aylık Bülten - Excel
2022-05-01,2022,5,16,Diğer Bilgiler,5,,ATM Sayısı,,Diğer Bilgiler,ATM Sayısı,,TL,BDDK Aylık Bülten - Excel
2022-05-01,2022,5,16,Diğer Bilgiler,5,,ATM Sayısı,,Adet,48791,48791.0,TL,BDDK Aylık Bülten - Excel
2022-05-01,2022,5,16,Diğer Bilgiler,6,,Yurt İçi Personel Sayısı,,Unnamed: 0,Sektör,,TL,BDDK Aylık Bülten - Excel
2022-05-01,2022,5,16,Diğer Bilgiler,6,,Yurt İçi Personel Sayısı,,Unnamed: 1,6,6.0,TL,BDDK Aylık Bülten - Excel
2022-05-01,2022,5,16,Diğer Bilgiler,6,,Yurt İçi Personel Sayısı,,Diğer Bilgiler,Yurt İçi Personel Sayısı,,TL,BDDK Aylık Bülten - Excel
2022-05-01,2022,5,16,Diğer Bilgiler,6,,Yurt İçi Personel Sayısı,,Adet,201481,201481.0,TL,BDDK Aylık Bülten - Excel
2022-05-01,2022,5,16,Diğer Bilgiler,7,,Yurt Dışı Personel Sayısı,,Unnamed: 0,Sektör,,TL,BDDK Aylık Bülten - Excel
2022-05-01,2022,5,16,Diğer Bilgiler,7,,Yurt Dışı Personel Sayısı,,Unnamed: 1,7,7.0,TL,BDDK Aylık Bülten - Excel
2022-05-01,2022,5,16,Diğer Bilgiler,7,,Yurt Dışı Personel Sayısı,,Diğer Bilgiler,Yurt Dışı Personel Sayısı,,TL,BDDK Aylık Bülten - Excel
2022-05-01,2022,5,16,Diğer Bilgiler,7,,Yurt Dışı Personel Sayısı,,Adet,804,804.0,TL,BDDK Aylık Bülten - Excel
2022-06-01,2022,6,16,Diğer Bilgiler,1,,Banka Sayısı,,Unnamed: 0,Sektör,,TL,BDDK Aylık Bülten - Excel
2022-06-01,2022,6,16,Diğer Bilgiler,1,,Banka Sayısı,,Unnamed: 1,1,1.0,TL,BDDK Aylık Bülten - Excel
2022-06-01,2022,6,16,Diğer Bilgiler,1,,Banka Sayısı,,Diğer Bilgiler,Banka Sayısı,,TL,BDDK Aylık Bülten - Excel
2022-06-01,2022,6,16,Diğer Bilgiler,1,,Banka Sayısı,,Adet,54,54.0,TL,BDDK Aylık Bülten - Excel
2022-06-01,2022,6,16,Diğer Bilgiler,2,,Yurt İçi Şube Sayısı,,Unnamed: 0,Sektör,,TL,BDDK Aylık Bülten - Excel
2022-06-01,2022,6,16,Diğer Bilgiler,2,,Yurt İçi Şube Sayısı,,Unnamed: 1,2,2.0,TL,BDDK Aylık Bülten - Excel
2022-06-01,2022,6,16,Diğer Bilgiler,2,,Yurt İçi Şube Sayısı,,Diğer Bilgiler,Yurt İçi Şube Sayısı,,TL,BDDK Aylık Bülten - Excel
2022-06-01,2022,6,16,Diğer Bilgiler,2,,Yurt İçi Şube Sayısı,,Adet,11016,11016.0,TL,BDDK Aylık Bülten - Excel
2022-06-01,2022,6,16,Diğer Bilgiler,3,,Yurt Dışı Şube Sayısı,,Unnamed: 0,Sektör,,TL,BDDK Aylık Bülten - Excel
2022-06-01,2022,6,16,Diğer Bilgiler,3,,Yurt Dışı Şube Sayısı,,Unnamed: 1,3,3.0,TL,BDDK Aylık Bülten - Excel
2022-06-01,2022,6,16,Diğer Bilgiler,3,,Yurt Dışı Şube Sayısı,,Diğer Bilgiler,Yurt Dışı Şube Sayısı,,TL,BDDK Aylık Bülten - Excel
2022-06-01,2022,6,16,Diğer Bilgiler,3,,Yurt Dışı Şube Sayısı,,Adet,76,76.0,TL,BDDK Aylık Bülten - Excel
2022-06-01,2022,6,16,Diğer Bilgiler,4,,On-line Sistemine Dahil Şube Sayısı,,Unnamed: 0,Sektör,,TL,BDDK Aylık Bülten - Excel
2022-06-01,2022,6,16,Diğer Bilgiler,4,,On-line Sistemine Dahil Şube Sayısı,,Unnamed: 1,4,4.0,TL,BDDK Aylık Bülten - Excel
2022-06-01,2022,6,16,Diğer Bilgiler,4,,On-line Sistemine Dahil Şube Sayısı,,Diğer Bilgiler,On-line Sistemine Dahil Şube Sayısı,,TL,BDDK Aylık Bülten - Excel
2022-06-01,2022,6,16,Diğer Bilgiler,4,,On-line Sistemine Dahil Şube Sayısı,,Adet,10851,10851.0,TL,BDDK Aylık Bülten - Excel
2022-06-01,2022,6,16,Diğer Bilgiler,5,,ATM Sayısı,,Unnamed: 0,Sektör,,TL,BDDK Aylık Bülten - Excel
2022-06-01,2022,6,16,Diğer Bilgiler,5,,ATM Sayısı,,Unnamed: 1,5,5.0,TL,BDDK Aylık Bülten - Excel
2022-06-01,2022,6,16,Diğer Bilgiler,5,,ATM Sayısı,,Diğer Bilgiler,ATM Sayısı,,TL,BDDK Aylık Bülten - Excel
2022-06-01,2022,6,16,Diğer Bilgiler,5,,ATM Sayısı,,Adet,48814,48814.0,TL,BDDK Aylık Bülten - Excel
2022-06-01,2022,6,16,Diğer Bilgiler,6,,Yurt İçi Personel Sayısı,,Unnamed: 0,Sektör,,TL,BDDK Aylık Bülten - Excel
2022-06-01,2022,6,16,Diğer Bilgiler,6,,Yurt İçi Personel Sayısı,,Unnamed: 1,6,6.0,TL,BDDK Aylık Bülten - Excel
2022-06-01,2022,6,16,Diğer Bilgiler,6,,Yurt İçi Personel Sayısı,,Diğer Bilgiler,Yurt İçi Personel Sayısı,,TL,BDDK Aylık Bülten - Excel
2022-06-01,2022,6,16,Diğer Bilgiler,6,,Yurt İçi Personel Sayısı,,Adet,201792,201792.0,TL,BDDK Aylık Bülten - Excel
2022-06-01,2022,6,16,Diğer Bilgiler,7,,Yurt Dışı Personel Sayısı,,Unnamed: 0,Sektör,,TL,BDDK Aylık Bülten - Excel
2022-06-01,2022,6,16,Diğer Bilgiler,7,,Yurt Dışı Personel Sayısı,,Unnamed: 1,7,7.0,TL,BDDK Aylık Bülten - Excel
2022-06-01,2022,6,16,Diğer Bilgiler,7,,Yurt Dışı Personel Sayısı,,Diğer Bilgiler,Yurt Dışı Personel Sayısı,,TL,BDDK Aylık Bülten - Excel
2022-06-01,2022,6,16,Diğer Bilgiler,7,,Yurt Dışı Personel Sayısı,,Adet,814,814.0,TL,BDDK Aylık Bülten - Excel
2022-07-01,2022,7,16,Diğer Bilgiler,1,,Banka Sayısı,,Unnamed: 0,Sektör,,TL,BDDK Aylık Bülten - Excel
2022-07-01,2022,7,16,Diğer Bilgiler,1,,Banka Sayısı,,Unnamed: 1,1,1.0,TL,BDDK Aylık Bülten - Excel
2022-07-01,2022,7,16,Diğer Bilgiler,1,,Banka Sayısı,,Diğer Bilgiler,Banka Sayısı,,TL,BDDK Aylık Bülten - Excel
2022-07-01,2022,7,16,Diğer Bilgiler,1,,Banka Sayısı,,Adet,54,54.0,TL,BDDK Aylık Bülten - Excel
2022-07-01,2022,7,16,Diğer Bilgiler,2,,Yurt İçi Şube Sayısı,,Unnamed: 0,Sektör,,TL,BDDK Aylık Bülten - Excel
2022-07-01,2022,7,16,Diğer Bilgiler,2,,Yurt İçi Şube Sayısı,,Unnamed: 1,2,2.0,TL,BDDK Aylık Bülten - Excel
2022-07-01,2022,7,16,Diğer Bilgiler,2,,Yurt İçi Şube Sayısı,,Diğer Bilgiler,Yurt İçi Şube Sayısı,,TL,BDDK Aylık Bülten - Excel
2022-07-01,2022,7,16,Diğer Bilgiler,2,,Yurt İçi Şube Sayısı,,Adet,11024,11024.0,TL,BDDK Aylık Bülten - Excel
2022-07-01,2022,7,16,Diğer Bilgiler,3,,Yurt Dışı Şube Sayısı,,Unnamed: 0,Sektör,,TL,BDDK Aylık Bülten - Excel
2022-07-01,2022,7,16,Diğer Bilgiler,3,,Yurt Dışı Şube Sayısı,,Unnamed: 1,3,3.0,TL,BDDK Aylık Bülten - Excel
2022-07-01,2022,7,16,Diğer Bilgiler,3,,Yurt Dışı Şube Sayısı,,Diğer Bilgiler,Yurt Dışı Şube Sayısı,,TL,BDDK Aylık Bülten - Excel
2022-07-01,2022,7,16,Diğer Bilgiler,3,,Yurt Dışı Şube Sayısı,,Adet,76,76.0,TL,BDDK Aylık Bülten - Excel
2022-07-01,2022,7,16,Diğer Bilgiler,4,,On-line Sistemine Dahil Şube Sayısı,,Unnamed: 0,Sektör,,TL,BDDK Aylık Bülten - Excel
2022-07-01,2022,7,16,Diğer Bilgiler,4,,On-line Sistemine Dahil Şube Sayısı,,Unnamed: 1,4,4.0,TL,BDDK Aylık Bülten - Excel
2022-07-01,2022,7,16,Diğer Bilgiler,4,,On-line Sistemine Dahil Şube Sayısı,,Diğer Bilgiler,On-line Sistemine Dahil Şube Sayısı,,TL,BDDK Aylık Bülten - Excel
2022-07-01,2022,7,16,Diğer Bilgiler,4,,On-line Sistemine Dahil Şube Sayısı,,Adet,10858,10858.0,TL,BDDK Aylık Bülten - Excel
2022-07-01,2022,7,16,Diğer Bilgiler,5,,ATM Sayısı,,Unnamed: 0,Sektör,,TL,BDDK Aylık Bülten - Excel
2022-07-01,2022,7,16,Diğer Bilgiler,5,,ATM Sayısı,,Unnamed: 1,5,5.0,TL,BDDK Aylık Bülten - Excel
2022-07-01,2022,7,16,Diğer Bilgiler,5,,ATM Sayısı,,Diğer Bilgiler,ATM Sayısı,,TL,BDDK Aylık Bülten - Excel
2022-07-01,2022,7,16,Diğer Bilgiler,5,,ATM Sayısı,,Adet,48786,48786.0,TL,BDDK Aylık Bülten - Excel
2022-07-01,2022,7,16,Diğer Bilgiler,6,,Yurt İçi Personel Sayısı,,Unnamed: 0,Sektör,,TL,BDDK Aylık Bülten - Excel
2022-07-01,2022,7,16,Diğer Bilgiler,6,,Yurt İçi Personel Sayısı,,Unnamed: 1,6,6.0,TL,BDDK Aylık Bülten - Excel
2022-07-01,2022,7,16,Diğer Bilgiler,6,,Yurt İçi Personel Sayısı,,Diğer Bilgiler,Yurt İçi Personel Sayısı,,TL,BDDK Aylık Bülten - Excel
2022-07-01,2022,7,16,Diğer Bilgiler,6,,Yurt İçi Personel Sayısı,,Adet,202960,202960.0,TL,BDDK Aylık Bülten - Excel
2022-07-01,2022,7,16,Diğer Bilgiler,7,,Yurt Dışı Personel Sayısı,,Unnamed: 0,Sektör,,TL,BDDK Aylık Bülten - Excel
2022-07-01,2022,7,16,Diğer Bilgiler,7,,Yurt Dışı Personel Sayısı,,Unnamed: 1,7,7.0,TL,BDDK Aylık Bülten - Excel
2022-07-01,2022,7,16,Diğer Bilgiler,7,,Yurt Dışı Personel Sayısı,,Diğer Bilgiler,Yurt Dışı Personel Sayısı,,TL,BDDK Aylık Bülten - Excel
2022-07-01,2022,7,16,Diğer Bilgiler,7,,Yurt Dışı Personel Sayısı,,Adet,819,819.0,TL,BDDK Aylık Bülten - Excel
2022-08-01,2022,8,16,Diğer Bilgiler,1,,Banka Sayısı,,Unnamed: 0,Sektör,,TL,BDDK Aylık Bülten - Excel
2022-08-01,2022,8,16,Diğer Bilgiler,1,,Banka Sayısı,,Unnamed: 1,1,1.0,TL,BDDK Aylık Bülten - Excel
2022-08-01,2022,8,16,Diğer Bilgiler,1,,Banka Sayısı,,Diğer Bilgiler,Banka Sayısı,,TL,BDDK Aylık Bülten - Excel
2022-08-01,2022,8,16,Diğer Bilgiler,1,,Banka Sayısı,,Adet,54,54.0,TL,BDDK Aylık Bülten - Excel
2022-08-01,2022,8,16,Diğer Bilgiler,2,,Yurt İçi Şube Sayısı,,Unnamed: 0,Sektör,,TL,BDDK Aylık Bülten - Excel
2022-08-01,2022,8,16,Diğer Bilgiler,2,,Yurt İçi Şube Sayısı,,Unnamed: 1,2,2.0,TL,BDDK Aylık Bülten - Excel
2022-08-01,2022,8,16,Diğer Bilgiler,2,,Yurt İçi Şube Sayısı,,Diğer Bilgiler,Yurt İçi Şube Sayısı,,TL,BDDK Aylık Bülten - Excel
2022-08-01,2022,8,16,Diğer Bilgiler,2,,Yurt İçi Şube Sayısı,,Adet,11026,11026.0,TL,BDDK Aylık Bülten - Excel
2022-08-01,2022,8,16,Diğer Bilgiler,3,,Yurt Dışı Şube Sayısı,,Unnamed: 0,Sektör,,TL,BDDK Aylık Bülten - Excel
2022-08-01,2022,8,16,Diğer Bilgiler,3,,Yurt Dışı Şube Sayısı,,Unnamed: 1,3,3.0,TL,BDDK Aylık Bülten - Excel
2022-08-01,2022,8,16,Diğer Bilgiler,3,,Yurt Dışı Şube Sayısı,,Diğer Bilgiler,Yurt Dışı Şube Sayısı,,TL,BDDK Aylık Bülten - Excel
2022-08-01,2022,8,16,Diğer Bilgiler,3,,Yurt Dışı Şube Sayısı,,Adet,76,76.0,TL,BDDK Aylık Bülten - Excel
2022-08-01,2022,8,16,Diğer Bilgiler,4,,On-line Sistemine Dahil Şube Sayısı,,Unnamed: 0,Sektör,,TL,BDDK Aylık Bülten - Excel
2022-08-01,2022,8,16,Diğer Bilgiler,4,,On-line Sistemine Dahil Şube Sayısı,,Unnamed: 1,4,4.0,TL,BDDK Aylık Bülten - Excel
2022-08-01,2022,8,16,Diğer Bilgiler,4,,On-line Sistemine Dahil Şube Sayısı,,Diğer Bilgiler,On-line Sistemine Dahil Şube Sayısı,,TL,BDDK Aylık Bülten - Excel
2022-08-01,2022,8,16,Diğer Bilgiler,4,,On-line Sistemine Dahil Şube Sayısı,,Adet,10860,10860.0,TL,BDDK Aylık Bülten - Excel
2022-08-01,2022,8,16,Diğer Bilgiler,5,,ATM Sayısı,,Unnamed: 0,Sektör,,TL,BDDK Aylık Bülten - Excel
2022-08-01,2022,8,16,Diğer Bilgiler,5,,ATM Sayısı,,Unnamed: 1,5,5.0,TL,BDDK Aylık Bülten - Excel
2022-08-01,2022,8,16,Diğer Bilgiler,5,,ATM Sayısı,,Diğer Bilgiler,ATM Sayısı,,TL,BDDK Aylık Bülten - Excel
2022-08-01,2022,8,16,Diğer Bilgiler,5,,ATM Sayısı,,Adet,48947,48947.0,TL,BDDK Aylık Bülten - Excel
2022-08-01,2022,8,16,Diğer Bilgiler,6,,Yurt İçi Personel Sayısı,,Unnamed: 0,Sektör,,TL,BDDK Aylık Bülten - Excel
2022-08-01,2022,8,16,Diğer Bilgiler,6,,Yurt İçi Personel Sayısı,,Unnamed: 1,6,6.0,TL,BDDK Aylık Bülten - Excel
2022-08-01,2022,8,16,Diğer Bilgiler,6,,Yurt İçi Personel Sayısı,,Diğer Bilgiler,Yurt İçi Personel Sayısı,,TL,BDDK Aylık Bülten - Excel
2022-08-01,2022,8,16,Diğer Bilgiler,6,,Yurt İçi Personel Sayısı,,Adet,203670,203670.0,TL,BDDK Aylık Bülten - Excel
2022-08-01,2022,8,16,Diğer Bilgiler,7,,Yurt Dışı Personel Sayısı,,Unnamed: 0,Sektör,,TL,BDDK Aylık Bülten - Excel
2022-08-01,2022,8,16,Diğer Bilgiler,7,,Yurt Dışı Personel Sayısı,,Unnamed: 1,7,7.0,TL,BDDK Aylık Bülten - Excel
2022-08-01,2022,8,16,Diğer Bilgiler,7,,Yurt Dışı Personel Sayısı,,Diğer Bilgiler,Yurt Dışı Personel Sayısı,,TL,BDDK Aylık Bülten - Excel
2022-08-01,2022,8,16,Diğer Bilgiler,7,,Yurt Dışı Personel Sayısı,,Adet,817,817.0,TL,BDDK Aylık Bülten - Excel
2022-09-01,2022,9,16,Diğer Bilgiler,1,,Banka Sayısı,,Unnamed: 0,Sektör,,TL,BDDK Aylık Bülten - Excel
2022-09-01,2022,9,16,Diğer Bilgiler,1,,Banka Sayısı,,Unnamed: 1,1,1.0,TL,BDDK Aylık Bülten - Excel
2022-09-01,2022,9,16,Diğer Bilgiler,1,,Banka Sayısı,,Diğer Bilgiler,Banka Sayısı,,TL,BDDK Aylık Bülten - Excel
2022-09-01,2022,9,16,Diğer Bilgiler,1,,Banka Sayısı,,Adet,54,54.0,TL,BDDK Aylık Bülten - Excel
2022-09-01,2022,9,16,Diğer Bilgiler,2,,Yurt İçi Şube Sayısı,,Unnamed: 0,Sektör,,TL,BDDK Aylık Bülten - Excel
2022-09-01,2022,9,16,Diğer Bilgiler,2,,Yurt İçi Şube Sayısı,,Unnamed: 1,2,2.0,TL,BDDK Aylık Bülten - Excel
2022-09-01,2022,9,16,Diğer Bilgiler,2,,Yurt İçi Şube Sayısı,,Diğer Bilgiler,Yurt İçi Şube Sayısı,,TL,BDDK Aylık Bülten - Excel
2022-09-01,2022,9,16,Diğer Bilgiler,2,,Yurt İçi Şube Sayısı,,Adet,10992,10992.0,TL,BDDK Aylık Bülten - Excel
2022-09-01,2022,9,16,Diğer Bilgiler,3,,Yurt Dışı Şube Sayısı,,Unnamed: 0,Sektör,,TL,BDDK Aylık Bülten - Excel
2022-09-01,2022,9,16,Diğer Bilgiler,3,,Yurt Dışı Şube Sayısı,,Unnamed: 1,3,3.0,TL,BDDK Aylık Bülten - Excel
2022-09-01,2022,9,16,Diğer Bilgiler,3,,Yurt Dışı Şube Sayısı,,Diğer Bilgiler,Yurt Dışı Şube Sayısı,,TL,BDDK Aylık Bülten - Excel
2022-09-01,2022,9,16,Diğer Bilgiler,3,,Yurt Dışı Şube Sayısı,,Adet,76,76.0,TL,BDDK Aylık Bülten - Excel
2022-09-01,2022,9,16,Diğer Bilgiler,4,,On-line Sistemine Dahil Şube Sayısı,,Unnamed: 0,Sektör,,TL,BDDK Aylık Bülten - Excel
2022-09-01,2022,9,16,Diğer Bilgiler,4,,On-line Sistemine Dahil Şube Sayısı,,Unnamed: 1,4,4.0,TL,BDDK Aylık Bülten - Excel
2022-09-01,2022,9,16,Diğer Bilgiler,4,,On-line Sistemine Dahil Şube Sayısı,,Diğer Bilgiler,On-line Sistemine Dahil Şube Sayısı,,TL,BDDK Aylık Bülten - Excel
2022-09-01,2022,9,16,Diğer Bilgiler,4,,On-line Sistemine Dahil Şube Sayısı,,Adet,10824,10824.0,TL,BDDK Aylık Bülten - Excel
2022-09-01,2022,9,16,Diğer Bilgiler,5,,ATM Sayısı,,Unnamed: 0,Sektör,,TL,BDDK Aylık Bülten - Excel
2022-09-01,2022,9,16,Diğer Bilgiler,5,,ATM Sayısı,,Unnamed: 1,5,5.0,TL,BDDK Aylık Bülten - Excel
2022-09-01,2022,9,16,Diğer Bilgiler,5,,ATM Sayısı,,Diğer Bilgiler,ATM Sayısı,,TL,BDDK Aylık Bülten - Excel
2022-09-01,2022,9,16,Diğer Bilgiler,5,,ATM Sayısı,,Adet,48782,48782.0,TL,BDDK Aylık Bülten - Excel
2022-09-01,2022,9,16,Diğer Bilgiler,6,,Yurt İçi Personel Sayısı,,Unnamed: 0,Sektör,,TL,BDDK Aylık Bülten - Excel
2022-09-01,2022,9,16,Diğer Bilgiler,6,,Yurt İçi Personel Sayısı,,Unnamed: 1,6,6.0,TL,BDDK Aylık Bülten - Excel
2022-09-01,2022,9,16,Diğer Bilgiler,6,,Yurt İçi Personel Sayısı,,Diğer Bilgiler,Yurt İçi Personel Sayısı,,TL,BDDK Aylık Bülten - Excel
2022-09-01,2022,9,16,Diğer Bilgiler,6,,Yurt İçi Personel Sayısı,,Adet,204395,204395.0,TL,BDDK Aylık Bülten - Excel
2022-09-01,2022,9,16,Diğer Bilgiler,7,,Yurt Dışı Personel Sayısı,,Unnamed: 0,Sektör,,TL,BDDK Aylık Bülten - Excel
2022-09-01,2022,9,16,Diğer Bilgiler,7,,Yurt Dışı Personel Sayısı,,Unnamed: 1,7,7.0,TL,BDDK Aylık Bülten - Excel
2022-09-01,2022,9,16,Diğer Bilgiler,7,,Yurt Dışı Personel Sayısı,,Diğer Bilgiler,Yurt Dışı Personel Sayısı,,TL,BDDK Aylık Bülten - Excel
2022-09-01,2022,9,16,Diğer Bilgiler,7,,Yurt Dışı Personel Sayısı,,Adet,820,820.0,TL,BDDK Aylık Bülten - Excel
2022-10-01,2022,10,16,Diğer Bilgiler,1,,Banka Sayısı,,Unnamed: 0,Sektör,,TL,BDDK Aylık Bülten - Excel
2022-10-01,2022,10,16,Diğer Bilgiler,1,,Banka Sayısı,,Unnamed: 1,1,1.0,TL,BDDK Aylık Bülten - Excel
2022-10-01,2022,10,16,Diğer Bilgiler,1,,Banka Sayısı,,Diğer Bilgiler,Banka Sayısı,,TL,BDDK Aylık Bülten - Excel
2022-10-01,2022,10,16,Diğer Bilgiler,1,,Banka Sayısı,,Adet,54,54.0,TL,BDDK Aylık Bülten - Excel
2022-10-01,2022,10,16,Diğer Bilgiler,2,,Yurt İçi Şube Sayısı,,Unnamed: 0,Sektör,,TL,BDDK Aylık Bülten - Excel
2022-10-01,2022,10,16,Diğer Bilgiler,2,,Yurt İçi Şube Sayısı,,Unnamed: 1,2,2.0,TL,BDDK Aylık Bülten - Excel
2022-10-01,2022,10,16,Diğer Bilgiler,2,,Yurt İçi Şube Sayısı,,Diğer Bilgiler,Yurt İçi Şube Sayısı,,TL,BDDK Aylık Bülten - Excel
2022-10-01,2022,10,16,Diğer Bilgiler,2,,Yurt İçi Şube Sayısı,,Adet,10990,10990.0,TL,BDDK Aylık Bülten - Excel
2022-10-01,2022,10,16,Diğer Bilgiler,3,,Yurt Dışı Şube Sayısı,,Unnamed: 0,Sektör,,TL,BDDK Aylık Bülten - Excel
2022-10-01,2022,10,16,Diğer Bilgiler,3,,Yurt Dışı Şube Sayısı,,Unnamed: 1,3,3.0,TL,BDDK Aylık Bülten - Excel
2022-10-01,2022,10,16,Diğer Bilgiler,3,,Yurt Dışı Şube Sayısı,,Diğer Bilgiler,Yurt Dışı Şube Sayısı,,TL,BDDK Aylık Bülten - Excel
2022-10-01,2022,10,16,Diğer Bilgiler,3,,Yurt Dışı Şube Sayısı,,Adet,76,76.0,TL,BDDK Aylık Bülten - Excel
2022-10-01,2022,10,16,Diğer Bilgiler,4,,On-line Sistemine Dahil Şube Sayısı,,Unnamed: 0,Sektör,,TL,BDDK Aylık Bülten - Excel
2022-10-01,2022,10,16,Diğer Bilgiler,4,,On-line Sistemine Dahil Şube Sayısı,,Unnamed: 1,4,4.0,TL,BDDK Aylık Bülten - Excel
2022-10-01,2022,10,16,Diğer Bilgiler,4,,On-line Sistemine Dahil Şube Sayısı,,Diğer Bilgiler,On-line Sistemine Dahil Şube Sayısı,,TL,BDDK Aylık Bülten - Excel
2022-10-01,2022,10,16,Diğer Bilgiler,4,,On-line Sistemine Dahil Şube Sayısı,,Adet,10823,10823.0,TL,BDDK Aylık Bülten - Excel
2022-10-01,2022,10,16,Diğer Bilgiler,5,,ATM Sayısı,,Unnamed: 0,Sektör,,TL,BDDK Aylık Bülten - Excel
2022-10-01,2022,10,16,Diğer Bilgiler,5,,ATM Sayısı,,Unnamed: 1,5,5.0,TL,BDDK Aylık Bülten - Excel
2022-10-01,2022,10,16,Diğer Bilgiler,5,,ATM Sayısı,,Diğer Bilgiler,ATM Sayısı,,TL,BDDK Aylık Bülten - Excel
2022-10-01,2022,10,16,Diğer Bilgiler,5,,ATM Sayısı,,Adet,48797,48797.0,TL,BDDK Aylık Bülten - Excel
2022-10-01,2022,10,16,Diğer Bilgiler,6,,Yurt İçi Personel Sayısı,,Unnamed: 0,Sektör,,TL,BDDK Aylık Bülten - Excel
2022-10-01,2022,10,16,Diğer Bilgiler,6,,Yurt İçi Personel Sayısı,,Unnamed: 1,6,6.0,TL,BDDK Aylık Bülten - Excel
2022-10-01,2022,10,16,Diğer Bilgiler,6,,Yurt İçi Personel Sayısı,,Diğer Bilgiler,Yurt İçi Personel Sayısı,,TL,BDDK Aylık Bülten - Excel
2022-10-01,2022,10,16,Diğer Bilgiler,6,,Yurt İçi Personel Sayısı,,Adet,204808,204808.0,TL,BDDK Aylık Bülten - Excel
2022-10-01,2022,10,16,Diğer Bilgiler,7,,Yurt Dışı Personel Sayısı,,Unnamed: 0,Sektör,,TL,BDDK Aylık Bülten - Excel
2022-10-01,2022,10,16,Diğer Bilgiler,7,,Yurt Dışı Personel Sayısı,,Unnamed: 1,7,7.0,TL,BDDK Aylık Bülten - Excel
2022-10-01,2022,10,16,Diğer Bilgiler,7,,Yurt Dışı Personel Sayısı,,Diğer Bilgiler,Yurt Dışı Personel Sayısı,,TL,BDDK Aylık Bülten - Excel
2022-10-01,2022,10,16,Diğer Bilgiler,7,,Yurt Dışı Personel Sayısı,,Adet,819,819.0,TL,BDDK Aylık Bülten - Excel
2022-11-01,2022,11,16,Diğer Bilgiler,1,,Banka Sayısı,,Unnamed: 0,Sektör,,TL,BDDK Aylık Bülten - Excel
2022-11-01,2022,11,16,Diğer Bilgiler,1,,Banka Sayısı,,Unnamed: 1,1,1.0,TL,BDDK Aylık Bülten - Excel
2022-11-01,2022,11,16,Diğer Bilgiler,1,,Banka Sayısı,,Diğer Bilgiler,Banka Sayısı,,TL,BDDK Aylık Bülten - Excel
2022-11-01,2022,11,16,Diğer Bilgiler,1,,Banka Sayısı,,Adet,54,54.0,TL,BDDK Aylık Bülten - Excel
2022-11-01,2022,11,16,Diğer Bilgiler,2,,Yurt İçi Şube Sayısı,,Unnamed: 0,Sektör,,TL,BDDK Aylık Bülten - Excel
2022-11-01,2022,11,16,Diğer Bilgiler,2,,Yurt İçi Şube Sayısı,,Unnamed: 1,2,2.0,TL,BDDK Aylık Bülten - Excel
2022-11-01,2022,11,16,Diğer Bilgiler,2,,Yurt İçi Şube Sayısı,,Diğer Bilgiler,Yurt İçi Şube Sayısı,,TL,BDDK Aylık Bülten - Excel
2022-11-01,2022,11,16,Diğer Bilgiler,2,,Yurt İçi Şube Sayısı,,Adet,10988,10988.0,TL,BDDK Aylık Bülten - Excel
2022-11-01,2022,11,16,Diğer Bilgiler,3,,Yurt Dışı Şube Sayısı,,Unnamed: 0,Sektör,,TL,BDDK Aylık Bülten - Excel
2022-11-01,2022,11,16,Diğer Bilgiler,3,,Yurt Dışı Şube Sayısı,,Unnamed: 1,3,3.0,TL,BDDK Aylık Bülten - Excel
2022-11-01,2022,11,16,Diğer Bilgiler,3,,Yurt Dışı Şube Sayısı,,Diğer Bilgiler,Yurt Dışı Şube Sayısı,,TL,BDDK Aylık Bülten - Excel
2022-11-01,2022,11,16,Diğer Bilgiler,3,,Yurt Dışı Şube Sayısı,,Adet,76,76.0,TL,BDDK Aylık Bülten - Excel
2022-11-01,2022,11,16,Diğer Bilgiler,4,,On-line Sistemine Dahil Şube Sayısı,,Unnamed: 0,Sektör,,TL,BDDK Aylık Bülten - Excel
2022-11-01,2022,11,16,Diğer Bilgiler,4,,On-line Sistemine Dahil Şube Sayısı,,Unnamed: 1,4,4.0,TL,BDDK Aylık Bülten - Excel
2022-11-01,2022,11,16,Diğer Bilgiler,4,,On-line Sistemine Dahil Şube Sayısı,,Diğer Bilgiler,On-line Sistemine Dahil Şube Sayısı,,TL,BDDK Aylık Bülten - Excel
2022-11-01,2022,11,16,Diğer Bilgiler,4,,On-line Sistemine Dahil Şube Sayısı,,Adet,10669,10669.0,TL,BDDK Aylık Bülten - Excel
2022-11-01,2022,11,16,Diğer Bilgiler,5,,ATM Sayısı,,Unnamed: 0,Sektör,,TL,BDDK Aylık Bülten - Excel
2022-11-01,2022,11,16,Diğer Bilgiler,5,,ATM Sayısı,,Unnamed: 1,5,5.0,TL,BDDK Aylık Bülten - Excel
2022-11-01,2022,11,16,Diğer Bilgiler,5,,ATM Sayısı,,Diğer Bilgiler,ATM Sayısı,,TL,BDDK Aylık Bülten - Excel
2022-11-01,2022,11,16,Diğer Bilgiler,5,,ATM Sayısı,,Adet,48864,48864.0,TL,BDDK Aylık Bülten - Excel
2022-11-01,2022,11,16,Diğer Bilgiler,6,,Yurt İçi Personel Sayısı,,Unnamed: 0,Sektör,,TL,BDDK Aylık Bülten - Excel
2022-11-01,2022,11,16,Diğer Bilgiler,6,,Yurt İçi Personel Sayısı,,Unnamed: 1,6,6.0,TL,BDDK Aylık Bülten - Excel
2022-11-01,2022,11,16,Diğer Bilgiler,6,,Yurt İçi Personel Sayısı,,Diğer Bilgiler,Yurt İçi Personel Sayısı,,TL,BDDK Aylık Bülten - Excel
2022-11-01,2022,11,16,Diğer Bilgiler,6,,Yurt İçi Personel Sayısı,,Adet,205101,205101.0,TL,BDDK Aylık Bülten - Excel
2022-11-01,2022,11,16,Diğer Bilgiler,7,,Yurt Dışı Personel Sayısı,,Unnamed: 0,Sektör,,TL,BDDK Aylık Bülten - Excel
2022-11-01,2022,11,16,Diğer Bilgiler,7,,Yurt Dışı Personel Sayısı,,Unnamed: 1,7,7.0,TL,BDDK Aylık Bülten - Excel
2022-11-01,2022,11,16,Diğer Bilgiler,7,,Yurt Dışı Personel Sayısı,,Diğer Bilgiler,Yurt Dışı Personel Sayısı,,TL,BDDK Aylık Bülten - Excel
2022-11-01,2022,11,16,Diğer Bilgiler,7,,Yurt Dışı Personel Sayısı,,Adet,821,821.0,TL,BDDK Aylık Bülten - Excel
2022-12-01,2022,12,16,Diğer Bilgiler,1,,Banka Sayısı,,Unnamed: 0,Sektör,,TL,BDDK Aylık Bülten - Excel
2022-12-01,2022,12,16,Diğer Bilgiler,1,,Banka Sayısı,,Unnamed: 1,1,1.0,TL,BDDK Aylık Bülten - Excel
2022-12-01,2022,12,16,Diğer Bilgiler,1,,Banka Sayısı,,Diğer Bilgiler,Banka Sayısı,,TL,BDDK Aylık Bülten - Excel
2022-12-01,2022,12,16,Diğer Bilgiler,1,,Banka Sayısı,,Adet,54,54.0,TL,BDDK Aylık Bülten - Excel
2022-12-01,2022,12,16,Diğer Bilgiler,2,,Yurt İçi Şube Sayısı,,Unnamed: 0,Sektör,,TL,BDDK Aylık Bülten - Excel
2022-12-01,2022,12,16,Diğer Bilgiler,2,,Yurt İçi Şube Sayısı,,Unnamed: 1,2,2.0,TL,BDDK Aylık Bülten - Excel
2022-12-01,2022,12,16,Diğer Bilgiler,2,,Yurt İçi Şube Sayısı,,Diğer Bilgiler,Yurt İçi Şube Sayısı,,TL,BDDK Aylık Bülten - Excel
2022-12-01,2022,12,16,Diğer Bilgiler,2,,Yurt İçi Şube Sayısı,,Adet,10958,10958.0,TL,BDDK Aylık Bülten - Excel
2022-12-01,2022,12,16,Diğer Bilgiler,3,,Yurt Dışı Şube Sayısı,,Unnamed: 0,Sektör,,TL,BDDK Aylık Bülten - Excel
2022-12-01,2022,12,16,Diğer Bilgiler,3,,Yurt Dışı Şube Sayısı,,Unnamed: 1,3,3.0,TL,BDDK Aylık Bülten - Excel
2022-12-01,2022,12,16,Diğer Bilgiler,3,,Yurt Dışı Şube Sayısı,,Diğer Bilgiler,Yurt Dışı Şube Sayısı,,TL,BDDK Aylık Bülten - Excel
2022-12-01,2022,12,16,Diğer Bilgiler,3,,Yurt Dışı Şube Sayısı,,Adet,76,76.0,TL,BDDK Aylık Bülten - Excel
2022-12-01,2022,12,16,Diğer Bilgiler,4,,On-line Sistemine Dahil Şube Sayısı,,Unnamed: 0,Sektör,,TL,BDDK Aylık Bülten - Excel
2022-12-01,2022,12,16,Diğer Bilgiler,4,,On-line Sistemine Dahil Şube Sayısı,,Unnamed: 1,4,4.0,TL,BDDK Aylık Bülten - Excel
2022-12-01,2022,12,16,Diğer Bilgiler,4,,On-line Sistemine Dahil Şube Sayısı,,Diğer Bilgiler,On-line Sistemine Dahil Şube Sayısı,,TL,BDDK Aylık Bülten - Excel
2022-12-01,2022,12,16,Diğer Bilgiler,4,,On-line Sistemine Dahil Şube Sayısı,,Adet,10636,10636.0,TL,BDDK Aylık Bülten - Excel
2022-12-01,2022,12,16,Diğer Bilgiler,5,,ATM Sayısı,,Unnamed: 0,Sektör,,TL,BDDK Aylık Bülten - Excel
2022-12-01,2022,12,16,Diğer Bilgiler,5,,ATM Sayısı,,Unnamed: 1,5,5.0,TL,BDDK Aylık Bülten - Excel
2022-12-01,2022,12,16,Diğer Bilgiler,5,,ATM Sayısı,,Diğer Bilgiler,ATM Sayısı,,TL,BDDK Aylık Bülten - Excel
2022-12-01,2022,12,16,Diğer Bilgiler,5,,ATM Sayısı,,Adet,49233,49233.0,TL,BDDK Aylık Bülten - Excel
2022-12-01,2022,12,16,Diğer Bilgiler,6,,Yurt İçi Personel Sayısı,,Unnamed: 0,Sektör,,TL,BDDK Aylık Bülten - Excel
2022-12-01,2022,12,16,Diğer Bilgiler,6,,Yurt İçi Personel Sayısı,,Unnamed: 1,6,6.0,TL,BDDK Aylık Bülten - Excel
2022-12-01,2022,12,16,Diğer Bilgiler,6,,Yurt İçi Personel Sayısı,,Diğer Bilgiler,Yurt İçi Personel Sayısı,,TL,BDDK Aylık Bülten - Excel
2022-12-01,2022,12,16,Diğer Bilgiler,6,,Yurt İçi Personel Sayısı,,Adet,205390,205390.0,TL,BDDK Aylık Bülten - Excel
2022-12-01,2022,12,16,Diğer Bilgiler,7,,Yurt Dışı Personel Sayısı,,Unnamed: 0,Sektör,,TL,BDDK Aylık Bülten - Excel
2022-12-01,2022,12,16,Diğer Bilgiler,7,,Yurt Dışı Personel Sayısı,,Unnamed: 1,7,7.0,TL,BDDK Aylık Bülten - Excel
2022-12-01,2022,12,16,Diğer Bilgiler,7,,Yurt Dışı Personel Sayısı,,Diğer Bilgiler,Yurt Dışı Personel Sayısı,,TL,BDDK Aylık Bülten - Excel
2022-12-01,2022,12,16,Diğer Bilgiler,7,,Yurt Dışı Personel Sayısı,,Adet,831,831.0,TL,BDDK Aylık Bülten - Excel
2023-01-01,2023,1,16,Diğer Bilgiler,1,,Banka Sayısı,,Unnamed: 0,Sektör,,TL,BDDK Aylık Bülten - Excel
2023-01-01,2023,1,16,Diğer Bilgiler,1,,Banka Sayısı,,Unnamed: 1,1,1.0,TL,BDDK Aylık Bülten - Excel
2023-01-01,2023,1,16,Diğer Bilgiler,1,,Banka Sayısı,,Diğer Bilgiler,Banka Sayısı,,TL,BDDK Aylık Bülten - Excel
2023-01-01,2023,1,16,Diğer Bilgiler,1,,Banka Sayısı,,Adet,54,54.0,TL,BDDK Aylık Bülten - Excel
2023-01-01,2023,1,16,Diğer Bilgiler,2,,Yurt İçi Şube Sayısı,,Unnamed: 0,Sektör,,TL,BDDK Aylık Bülten - Excel
2023-01-01,2023,1,16,Diğer Bilgiler,2,,Yurt İçi Şube Sayısı,,Unnamed: 1,2,2.0,TL,BDDK Aylık Bülten - Excel
2023-01-01,2023,1,16,Diğer Bilgiler,2,,Yurt İçi Şube Sayısı,,Diğer Bilgiler,Yurt İçi Şube Sayısı,,TL,BDDK Aylık Bülten - Excel
2023-01-01,2023,1,16,Diğer Bilgiler,2,,Yurt İçi Şube Sayısı,,Adet,10967,10967.0,TL,BDDK Aylık Bülten - Excel
2023-01-01,2023,1,16,Diğer Bilgiler,3,,Yurt Dışı Şube Sayısı,,Unnamed: 0,Sektör,,TL,BDDK Aylık Bülten - Excel
2023-01-01,2023,1,16,Diğer Bilgiler,3,,Yurt Dışı Şube Sayısı,,Unnamed: 1,3,3.0,TL,BDDK Aylık Bülten - Excel
2023-01-01,2023,1,16,Diğer Bilgiler,3,,Yurt Dışı Şube Sayısı,,Diğer Bilgiler,Yurt Dışı Şube Sayısı,,TL,BDDK Aylık Bülten - Excel
2023-01-01,2023,1,16,Diğer Bilgiler,3,,Yurt Dışı Şube Sayısı,,Adet,76,76.0,TL,BDDK Aylık Bülten - Excel
2023-01-01,2023,1,16,Diğer Bilgiler,4,,On-line Sistemine Dahil Şube Sayısı,,Unnamed: 0,Sektör,,TL,BDDK Aylık Bülten - Excel
2023-01-01,2023,1,16,Diğer Bilgiler,4,,On-line Sistemine Dahil Şube Sayısı,,Unnamed: 1,4,4.0,TL,BDDK Aylık Bülten - Excel
2023-01-01,2023,1,16,Diğer Bilgiler,4,,On-line Sistemine Dahil Şube Sayısı,,Diğer Bilgiler,On-line Sistemine Dahil Şube Sayısı,,TL,BDDK Aylık Bülten - Excel
2023-01-01,2023,1,16,Diğer Bilgiler,4,,On-line Sistemine Dahil Şube Sayısı,,Adet,10637,10637.0,TL,BDDK Aylık Bülten - Excel
2023-01-01,2023,1,16,Diğer Bilgiler,5,,ATM Sayısı,,Unnamed: 0,Sektör,,TL,BDDK Aylık Bülten - Excel
2023-01-01,2023,1,16,Diğer Bilgiler,5,,ATM Sayısı,,Unnamed: 1,5,5.0,TL,BDDK Aylık Bülten - Excel
2023-01-01,2023,1,16,Diğer Bilgiler,5,,ATM Sayısı,,Diğer Bilgiler,ATM Sayısı,,TL,BDDK Aylık Bülten - Excel
2023-01-01,2023,1,16,Diğer Bilgiler,5,,ATM Sayısı,,Adet,48838,48838.0,TL,BDDK Aylık Bülten - Excel
2023-01-01,2023,1,16,Diğer Bilgiler,6,,Yurt İçi Personel Sayısı,,Unnamed: 0,Sektör,,TL,BDDK Aylık Bülten - Excel
2023-01-01,2023,1,16,Diğer Bilgiler,6,,Yurt İçi Personel Sayısı,,Unnamed: 1,6,6.0,TL,BDDK Aylık Bülten - Excel
2023-01-01,2023,1,16,Diğer Bilgiler,6,,Yurt İçi Personel Sayısı,,Diğer Bilgiler,Yurt İçi Personel Sayısı,,TL,BDDK Aylık Bülten - Excel
2023-01-01,2023,1,16,Diğer Bilgiler,6,,Yurt İçi Personel Sayısı,,Adet,207667,207667.0,TL,BDDK Aylık Bülten - Excel
2023-01-01,2023,1,16,Diğer Bilgiler,7,,Yurt Dışı Personel Sayısı,,Unnamed: 0,Sektör,,TL,BDDK Aylık Bülten - Excel
2023-01-01,2023,1,16,Diğer Bilgiler,7,,Yurt Dışı Personel Sayısı,,Unnamed: 1,7,7.0,TL,BDDK Aylık Bülten - Excel
2023-01-01,2023,1,16,Diğer Bilgiler,7,,Yurt Dışı Personel Sayısı,,Diğer Bilgiler,Yurt Dışı Personel Sayısı,,TL,BDDK Aylık Bülten - Excel
2023-01-01,2023,1,16,Diğer Bilgiler,7,,Yurt Dışı Personel Sayısı,,Adet,832,832.0,TL,BDDK Aylık Bülten - Excel
2023-02-01,2023,2,16,Diğer Bilgiler,1,,Banka Sayısı,,Unnamed: 0,Sektör,,TL,BDDK Aylık Bülten - Excel
2023-02-01,2023,2,16,Diğer Bilgiler,1,,Banka Sayısı,,Unnamed: 1,1,1.0,TL,BDDK Aylık Bülten - Excel
2023-02-01,2023,2,16,Diğer Bilgiler,1,,Banka Sayısı,,Diğer Bilgiler,Banka Sayısı,,TL,BDDK Aylık Bülten - Excel
2023-02-01,2023,2,16,Diğer Bilgiler,1,,Banka Sayısı,,Adet,54,54.0,TL,BDDK Aylık Bülten - Excel
2023-02-01,2023,2,16,Diğer Bilgiler,2,,Yurt İçi Şube Sayısı,,Unnamed: 0,Sektör,,TL,BDDK Aylık Bülten - Excel
2023-02-01,2023,2,16,Diğer Bilgiler,2,,Yurt İçi Şube Sayısı,,Unnamed: 1,2,2.0,TL,BDDK Aylık Bülten - Excel
2023-02-01,2023,2,16,Diğer Bilgiler,2,,Yurt İçi Şube Sayısı,,Diğer Bilgiler,Yurt İçi Şube Sayısı,,TL,BDDK Aylık Bülten - Excel
2023-02-01,2023,2,16,Diğer Bilgiler,2,,Yurt İçi Şube Sayısı,,Adet,10980,10980.0,TL,BDDK Aylık Bülten - Excel
2023-02-01,2023,2,16,Diğer Bilgiler,3,,Yurt Dışı Şube Sayısı,,Unnamed: 0,Sektör,,TL,BDDK Aylık Bülten - Excel
2023-02-01,2023,2,16,Diğer Bilgiler,3,,Yurt Dışı Şube Sayısı,,Unnamed: 1,3,3.0,TL,BDDK Aylık Bülten - Excel
2023-02-01,2023,2,16,Diğer Bilgiler,3,,Yurt Dışı Şube Sayısı,,Diğer Bilgiler,Yurt Dışı Şube Sayısı,,TL,BDDK Aylık Bülten - Excel
2023-02-01,2023,2,16,Diğer Bilgiler,3,,Yurt Dışı Şube Sayısı,,Adet,76,76.0,TL,BDDK Aylık Bülten - Excel
2023-02-01,2023,2,16,Diğer Bilgiler,4,,On-line Sistemine Dahil Şube Sayısı,,Unnamed: 0,Sektör,,TL,BDDK Aylık Bülten - Excel
2023-02-01,2023,2,16,Diğer Bilgiler,4,,On-line Sistemine Dahil Şube Sayısı,,Unnamed: 1,4,4.0,TL,BDDK Aylık Bülten - Excel
2023-02-01,2023,2,16,Diğer Bilgiler,4,,On-line Sistemine Dahil Şube Sayısı,,Diğer Bilgiler,On-line Sistemine Dahil Şube Sayısı,,TL,BDDK Aylık Bülten - Excel
2023-02-01,2023,2,16,Diğer Bilgiler,4,,On-line Sistemine Dahil Şube Sayısı,,Adet,10648,10648.0,TL,BDDK Aylık Bülten - Excel
2023-02-01,2023,2,16,Diğer Bilgiler,5,,ATM Sayısı,,Unnamed: 0,Sektör,,TL,BDDK Aylık Bülten - Excel
2023-02-01,2023,2,16,Diğer Bilgiler,5,,ATM Sayısı,,Unnamed: 1,5,5.0,TL,BDDK Aylık Bülten - Excel
2023-02-01,2023,2,16,Diğer Bilgiler,5,,ATM Sayısı,,Diğer Bilgiler,ATM Sayısı,,TL,BDDK Aylık Bülten - Excel
2023-02-01,2023,2,16,Diğer Bilgiler,5,,ATM Sayısı,,Adet,48858,48858.0,TL,BDDK Aylık Bülten - Excel
2023-02-01,2023,2,16,Diğer Bilgiler,6,,Yurt İçi Personel Sayısı,,Unnamed: 0,Sektör,,TL,BDDK Aylık Bülten - Excel
2023-02-01,2023,2,16,Diğer Bilgiler,6,,Yurt İçi Personel Sayısı,,Unnamed: 1,6,6.0,TL,BDDK Aylık Bülten - Excel
2023-02-01,2023,2,16,Diğer Bilgiler,6,,Yurt İçi Personel Sayısı,,Diğer Bilgiler,Yurt İçi Personel Sayısı,,TL,BDDK Aylık Bülten - Excel
2023-02-01,2023,2,16,Diğer Bilgiler,6,,Yurt İçi Personel Sayısı,,Adet,208319,208319.0,TL,BDDK Aylık Bülten - Excel
2023-02-01,2023,2,16,Diğer Bilgiler,7,,Yurt Dışı Personel Sayısı,,Unnamed: 0,Sektör,,TL,BDDK Aylık Bülten - Excel
2023-02-01,2023,2,16,Diğer Bilgiler,7,,Yurt Dışı Personel Sayısı,,Unnamed: 1,7,7.0,TL,BDDK Aylık Bülten - Excel
2023-02-01,2023,2,16,Diğer Bilgiler,7,,Yurt Dışı Personel Sayısı,,Diğer Bilgiler,Yurt Dışı Personel Sayısı,,TL,BDDK Aylık Bülten - Excel
2023-02-01,2023,2,16,Diğer Bilgiler,7,,Yurt Dışı Personel Sayısı,,Adet,832,832.0,TL,BDDK Aylık Bülten - Excel
2023-03-01,2023,3,16,Diğer Bilgiler,1,,Banka Sayısı,,Unnamed: 0,Sektör,,TL,BDDK Aylık Bülten - Excel
2023-03-01,2023,3,16,Diğer Bilgiler,1,,Banka Sayısı,,Unnamed: 1,1,1.0,TL,BDDK Aylık Bülten - Excel
2023-03-01,2023,3,16,Diğer Bilgiler,1,,Banka Sayısı,,Diğer Bilgiler,Banka Sayısı,,TL,BDDK Aylık Bülten - Excel
2023-03-01,2023,3,16,Diğer Bilgiler,1,,Banka Sayısı,,Adet,54,54.0,TL,BDDK Aylık Bülten - Excel
2023-03-01,2023,3,16,Diğer Bilgiler,2,,Yurt İçi Şube Sayısı,,Unnamed: 0,Sektör,,TL,BDDK Aylık Bülten - Excel
2023-03-01,2023,3,16,Diğer Bilgiler,2,,Yurt İçi Şube Sayısı,,Unnamed: 1,2,2.0,TL,BDDK Aylık Bülten - Excel
2023-03-01,2023,3,16,Diğer Bilgiler,2,,Yurt İçi Şube Sayısı,,Diğer Bilgiler,Yurt İçi Şube Sayısı,,TL,BDDK Aylık Bülten - Excel
2023-03-01,2023,3,16,Diğer Bilgiler,2,,Yurt İçi Şube Sayısı,,Adet,10984,10984.0,TL,BDDK Aylık Bülten - Excel
2023-03-01,2023,3,16,Diğer Bilgiler,3,,Yurt Dışı Şube Sayısı,,Unnamed: 0,Sektör,,TL,BDDK Aylık Bülten - Excel
2023-03-01,2023,3,16,Diğer Bilgiler,3,,Yurt Dışı Şube Sayısı,,Unnamed: 1,3,3.0,TL,BDDK Aylık Bülten - Excel
2023-03-01,2023,3,16,Diğer Bilgiler,3,,Yurt Dışı Şube Sayısı,,Diğer Bilgiler,Yurt Dışı Şube Sayısı,,TL,BDDK Aylık Bülten - Excel
2023-03-01,2023,3,16,Diğer Bilgiler,3,,Yurt Dışı Şube Sayısı,,Adet,76,76.0,TL,BDDK Aylık Bülten - Excel
2023-03-01,2023,3,16,Diğer Bilgiler,4,,On-line Sistemine Dahil Şube Sayısı,,Unnamed: 0,Sektör,,TL,BDDK Aylık Bülten - Excel
2023-03-01,2023,3,16,Diğer Bilgiler,4,,On-line Sistemine Dahil Şube Sayısı,,Unnamed: 1,4,4.0,TL,BDDK Aylık Bülten - Excel
2023-03-01,2023,3,16,Diğer Bilgiler,4,,On-line Sistemine Dahil Şube Sayısı,,Diğer Bilgiler,On-line Sistemine Dahil Şube Sayısı,,TL,BDDK Aylık Bülten - Excel
2023-03-01,2023,3,16,Diğer Bilgiler,4,,On-line Sistemine Dahil Şube Sayısı,,Adet,10640,10640.0,TL,BDDK Aylık Bülten - Excel
2023-03-01,2023,3,16,Diğer Bilgiler,5,,ATM Sayısı,,Unnamed: 0,Sektör,,TL,BDDK Aylık Bülten - Excel
2023-03-01,2023,3,16,Diğer Bilgiler,5,,ATM Sayısı,,Unnamed: 1,5,5.0,TL,BDDK Aylık Bülten - Excel
2023-03-01,2023,3,16,Diğer Bilgiler,5,,ATM Sayısı,,Diğer Bilgiler,ATM Sayısı,,TL,BDDK Aylık Bülten - Excel
2023-03-01,2023,3,16,Diğer Bilgiler,5,,ATM Sayısı,,Adet,48694,48694.0,TL,BDDK Aylık Bülten - Excel
2023-03-01,2023,3,16,Diğer Bilgiler,6,,Yurt İçi Personel Sayısı,,Unnamed: 0,Sektör,,TL,BDDK Aylık Bülten - Excel
2023-03-01,2023,3,16,Diğer Bilgiler,6,,Yurt İçi Personel Sayısı,,Unnamed: 1,6,6.0,TL,BDDK Aylık Bülten - Excel
2023-03-01,2023,3,16,Diğer Bilgiler,6,,Yurt İçi Personel Sayısı,,Diğer Bilgiler,Yurt İçi Personel Sayısı,,TL,BDDK Aylık Bülten - Excel
2023-03-01,2023,3,16,Diğer Bilgiler,6,,Yurt İçi Personel Sayısı,,Adet,208504,208504.0,TL,BDDK Aylık Bülten - Excel
2023-03-01,2023,3,16,Diğer Bilgiler,7,,Yurt Dışı Personel Sayısı,,Unnamed: 0,Sektör,,TL,BDDK Aylık Bülten - Excel
2023-03-01,2023,3,16,Diğer Bilgiler,7,,Yurt Dışı Personel Sayısı,,Unnamed: 1,7,7.0,TL,BDDK Aylık Bülten - Excel
2023-03-01,2023,3,16,Diğer Bilgiler,7,,Yurt Dışı Personel Sayısı,,Diğer Bilgiler,Yurt Dışı Personel Sayısı,,TL,BDDK Aylık Bülten - Excel
2023-03-01,2023,3,16,Diğer Bilgiler,7,,Yurt Dışı Personel Sayısı,,Adet,835,835.0,TL,BDDK Aylık Bülten - Excel
2023-04-01,2023,4,16,Diğer Bilgiler,1,,Banka Sayısı,,Unnamed: 0,Sektör,,TL,BDDK Aylık Bülten - Excel
2023-04-01,2023,4,16,Diğer Bilgiler,1,,Banka Sayısı,,Unnamed: 1,1,1.0,TL,BDDK Aylık Bülten - Excel
2023-04-01,2023,4,16,Diğer Bilgiler,1,,Banka Sayısı,,Diğer Bilgiler,Banka Sayısı,,TL,BDDK Aylık Bülten - Excel
2023-04-01,2023,4,16,Diğer Bilgiler,1,,Banka Sayısı,,Adet,54,54.0,TL,BDDK Aylık Bülten - Excel
2023-04-01,2023,4,16,Diğer Bilgiler,2,,Yurt İçi Şube Sayısı,,Unnamed: 0,Sektör,,TL,BDDK Aylık Bülten - Excel
2023-04-01,2023,4,16,Diğer Bilgiler,2,,Yurt İçi Şube Sayısı,,Unnamed: 1,2,2.0,TL,BDDK Aylık Bülten - Excel
2023-04-01,2023,4,16,Diğer Bilgiler,2,,Yurt İçi Şube Sayısı,,Diğer Bilgiler,Yurt İçi Şube Sayısı,,TL,BDDK Aylık Bülten - Excel
2023-04-01,2023,4,16,Diğer Bilgiler,2,,Yurt İçi Şube Sayısı,,Adet,10979,10979.0,TL,BDDK Aylık Bülten - Excel
2023-04-01,2023,4,16,Diğer Bilgiler,3,,Yurt Dışı Şube Sayısı,,Unnamed: 0,Sektör,,TL,BDDK Aylık Bülten - Excel
2023-04-01,2023,4,16,Diğer Bilgiler,3,,Yurt Dışı Şube Sayısı,,Unnamed: 1,3,3.0,TL,BDDK Aylık Bülten - Excel
2023-04-01,2023,4,16,Diğer Bilgiler,3,,Yurt Dışı Şube Sayısı,,Diğer Bilgiler,Yurt Dışı Şube Sayısı,,TL,BDDK Aylık Bülten - Excel
2023-04-01,2023,4,16,Diğer Bilgiler,3,,Yurt Dışı Şube Sayısı,,Adet,76,76.0,TL,BDDK Aylık Bülten - Excel
2023-04-01,2023,4,16,Diğer Bilgiler,4,,On-line Sistemine Dahil Şube Sayısı,,Unnamed: 0,Sektör,,TL,BDDK Aylık Bülten - Excel
2023-04-01,2023,4,16,Diğer Bilgiler,4,,On-line Sistemine Dahil Şube Sayısı,,Unnamed: 1,4,4.0,TL,BDDK Aylık Bülten - Excel
2023-04-01,2023,4,16,Diğer Bilgiler,4,,On-line Sistemine Dahil Şube Sayısı,,Diğer Bilgiler,On-line Sistemine Dahil Şube Sayısı,,TL,BDDK Aylık Bülten - Excel
2023-04-01,2023,4,16,Diğer Bilgiler,4,,On-line Sistemine Dahil Şube Sayısı,,Adet,10633,10633.0,TL,BDDK Aylık Bülten - Excel
2023-04-01,2023,4,16,Diğer Bilgiler,5,,ATM Sayısı,,Unnamed: 0,Sektör,,TL,BDDK Aylık Bülten - Excel
2023-04-01,2023,4,16,Diğer Bilgiler,5,,ATM Sayısı,,Unnamed: 1,5,5.0,TL,BDDK Aylık Bülten - Excel
2023-04-01,2023,4,16,Diğer Bilgiler,5,,ATM Sayısı,,Diğer Bilgiler,ATM Sayısı,,TL,BDDK Aylık Bülten - Excel
2023-04-01,2023,4,16,Diğer Bilgiler,5,,ATM Sayısı,,Adet,48751,48751.0,TL,BDDK Aylık Bülten - Excel
2023-04-01,2023,4,16,Diğer Bilgiler,6,,Yurt İçi Personel Sayısı,,Unnamed: 0,Sektör,,TL,BDDK Aylık Bülten - Excel
2023-04-01,2023,4,16,Diğer Bilgiler,6,,Yurt İçi Personel Sayısı,,Unnamed: 1,6,6.0,TL,BDDK Aylık Bülten - Excel
2023-04-01,2023,4,16,Diğer Bilgiler,6,,Yurt İçi Personel Sayısı,,Diğer Bilgiler,Yurt İçi Personel Sayısı,,TL,BDDK Aylık Bülten - Excel
2023-04-01,2023,4,16,Diğer Bilgiler,6,,Yurt İçi Personel Sayısı,,Adet,206151,206151.0,TL,BDDK Aylık Bülten - Excel
2023-04-01,2023,4,16,Diğer Bilgiler,7,,Yurt Dışı Personel Sayısı,,Unnamed: 0,Sektör,,TL,BDDK Aylık Bülten - Excel
2023-04-01,2023,4,16,Diğer Bilgiler,7,,Yurt Dışı Personel Sayısı,,Unnamed: 1,7,7.0,TL,BDDK Aylık Bülten - Excel
2023-04-01,2023,4,16,Diğer Bilgiler,7,,Yurt Dışı Personel Sayısı,,Diğer Bilgiler,Yurt Dışı Personel Sayısı,,TL,BDDK Aylık Bülten - Excel
2023-04-01,2023,4,16,Diğer Bilgiler,7,,Yurt Dışı Personel Sayısı,,Adet,835,835.0,TL,BDDK Aylık Bülten - Excel
2023-05-01,2023,5,16,Diğer Bilgiler,1,,Banka Sayısı,,Unnamed: 0,Sektör,,TL,BDDK Aylık Bülten - Excel
2023-05-01,2023,5,16,Diğer Bilgiler,1,,Banka Sayısı,,Unnamed: 1,1,1.0,TL,BDDK Aylık Bülten - Excel
2023-05-01,2023,5,16,Diğer Bilgiler,1,,Banka Sayısı,,Diğer Bilgiler,Banka Sayısı,,TL,BDDK Aylık Bülten - Excel
2023-05-01,2023,5,16,Diğer Bilgiler,1,,Banka Sayısı,,Adet,54,54.0,TL,BDDK Aylık Bülten - Excel
2023-05-01,2023,5,16,Diğer Bilgiler,2,,Yurt İçi Şube Sayısı,,Unnamed: 0,Sektör,,TL,BDDK Aylık Bülten - Excel
2023-05-01,2023,5,16,Diğer Bilgiler,2,,Yurt İçi Şube Sayısı,,Unnamed: 1,2,2.0,TL,BDDK Aylık Bülten - Excel
2023-05-01,2023,5,16,Diğer Bilgiler,2,,Yurt İçi Şube Sayısı,,Diğer Bilgiler,Yurt İçi Şube Sayısı,,TL,BDDK Aylık Bülten - Excel
2023-05-01,2023,5,16,Diğer Bilgiler,2,,Yurt İçi Şube Sayısı,,Adet,10964,10964.0,TL,BDDK Aylık Bülten - Excel
2023-05-01,2023,5,16,Diğer Bilgiler,3,,Yurt Dışı Şube Sayısı,,Unnamed: 0,Sektör,,TL,BDDK Aylık Bülten - Excel
2023-05-01,2023,5,16,Diğer Bilgiler,3,,Yurt Dışı Şube Sayısı,,Unnamed: 1,3,3.0,TL,BDDK Aylık Bülten - Excel
2023-05-01,2023,5,16,Diğer Bilgiler,3,,Yurt Dışı Şube Sayısı,,Diğer Bilgiler,Yurt Dışı Şube Sayısı,,TL,BDDK Aylık Bülten - Excel
2023-05-01,2023,5,16,Diğer Bilgiler,3,,Yurt Dışı Şube Sayısı,,Adet,77,77.0,TL,BDDK Aylık Bülten - Excel
2023-05-01,2023,5,16,Diğer Bilgiler,4,,On-line Sistemine Dahil Şube Sayısı,,Unnamed: 0,Sektör,,TL,BDDK Aylık Bülten - Excel
2023-05-01,2023,5,16,Diğer Bilgiler,4,,On-line Sistemine Dahil Şube Sayısı,,Unnamed: 1,4,4.0,TL,BDDK Aylık Bülten - Excel
2023-05-01,2023,5,16,Diğer Bilgiler,4,,On-line Sistemine Dahil Şube Sayısı,,Diğer Bilgiler,On-line Sistemine Dahil Şube Sayısı,,TL,BDDK Aylık Bülten - Excel
2023-05-01,2023,5,16,Diğer Bilgiler,4,,On-line Sistemine Dahil Şube Sayısı,,Adet,10614,10614.0,TL,BDDK Aylık Bülten - Excel
2023-05-01,2023,5,16,Diğer Bilgiler,5,,ATM Sayısı,,Unnamed: 0,Sektör,,TL,BDDK Aylık Bülten - Excel
2023-05-01,2023,5,16,Diğer Bilgiler,5,,ATM Sayısı,,Unnamed: 1,5,5.0,TL,BDDK Aylık Bülten - Excel
2023-05-01,2023,5,16,Diğer Bilgiler,5,,ATM Sayısı,,Diğer Bilgiler,ATM Sayısı,,TL,BDDK Aylık Bülten - Excel
2023-05-01,2023,5,16,Diğer Bilgiler,5,,ATM Sayısı,,Adet,48810,48810.0,TL,BDDK Aylık Bülten - Excel
2023-05-01,2023,5,16,Diğer Bilgiler,6,,Yurt İçi Personel Sayısı,,Unnamed: 0,Sektör,,TL,BDDK Aylık Bülten - Excel
2023-05-01,2023,5,16,Diğer Bilgiler,6,,Yurt İçi Personel Sayısı,,Unnamed: 1,6,6.0,TL,BDDK Aylık Bülten - Excel
2023-05-01,2023,5,16,Diğer Bilgiler,6,,Yurt İçi Personel Sayısı,,Diğer Bilgiler,Yurt İçi Personel Sayısı,,TL,BDDK Aylık Bülten - Excel
2023-05-01,2023,5,16,Diğer Bilgiler,6,,Yurt İçi Personel Sayısı,,Adet,206324,206324.0,TL,BDDK Aylık Bülten - Excel
2023-05-01,2023,5,16,Diğer Bilgiler,7,,Yurt Dışı Personel Sayısı,,Unnamed: 0,Sektör,,TL,BDDK Aylık Bülten - Excel
2023-05-01,2023,5,16,Diğer Bilgiler,7,,Yurt Dışı Personel Sayısı,,Unnamed: 1,7,7.0,TL,BDDK Aylık Bülten - Excel
2023-05-01,2023,5,16,Diğer Bilgiler,7,,Yurt Dışı Personel Sayısı,,Diğer Bilgiler,Yurt Dışı Personel Sayısı,,TL,BDDK Aylık Bülten - Excel
2023-05-01,2023,5,16,Diğer Bilgiler,7,,Yurt Dışı Personel Sayısı,,Adet,829,829.0,TL,BDDK Aylık Bülten - Excel
2023-06-01,2023,6,16,Diğer Bilgiler,1,,Banka Sayısı,,Unnamed: 0,Sektör,,TL,BDDK Aylık Bülten - Excel
2023-06-01,2023,6,16,Diğer Bilgiler,1,,Banka Sayısı,,Unnamed: 1,1,1.0,TL,BDDK Aylık Bülten - Excel
2023-06-01,2023,6,16,Diğer Bilgiler,1,,Banka Sayısı,,Diğer Bilgiler,Banka Sayısı,,TL,BDDK Aylık Bülten - Excel
2023-06-01,2023,6,16,Diğer Bilgiler,1,,Banka Sayısı,,Adet,55,55.0,TL,BDDK Aylık Bülten - Excel
2023-06-01,2023,6,16,Diğer Bilgiler,2,,Yurt İçi Şube Sayısı,,Unnamed: 0,Sektör,,TL,BDDK Aylık Bülten - Excel
2023-06-01,2023,6,16,Diğer Bilgiler,2,,Yurt İçi Şube Sayısı,,Unnamed: 1,2,2.0,TL,BDDK Aylık Bülten - Excel
2023-06-01,2023,6,16,Diğer Bilgiler,2,,Yurt İçi Şube Sayısı,,Diğer Bilgiler,Yurt İçi Şube Sayısı,,TL,BDDK Aylık Bülten - Excel
2023-06-01,2023,6,16,Diğer Bilgiler,2,,Yurt İçi Şube Sayısı,,Adet,10970,10970.0,TL,BDDK Aylık Bülten - Excel
2023-06-01,2023,6,16,Diğer Bilgiler,3,,Yurt Dışı Şube Sayısı,,Unnamed: 0,Sektör,,TL,BDDK Aylık Bülten - Excel
2023-06-01,2023,6,16,Diğer Bilgiler,3,,Yurt Dışı Şube Sayısı,,Unnamed: 1,3,3.0,TL,BDDK Aylık Bülten - Excel
2023-06-01,2023,6,16,Diğer Bilgiler,3,,Yurt Dışı Şube Sayısı,,Diğer Bilgiler,Yurt Dışı Şube Sayısı,,TL,BDDK Aylık Bülten - Excel
2023-06-01,2023,6,16,Diğer Bilgiler,3,,Yurt Dışı Şube Sayısı,,Adet,78,78.0,TL,BDDK Aylık Bülten - Excel
2023-06-01,2023,6,16,Diğer Bilgiler,4,,On-line Sistemine Dahil Şube Sayısı,,Unnamed: 0,Sektör,,TL,BDDK Aylık Bülten - Excel
2023-06-01,2023,6,16,Diğer Bilgiler,4,,On-line Sistemine Dahil Şube Sayısı,,Unnamed: 1,4,4.0,TL,BDDK Aylık Bülten - Excel
2023-06-01,2023,6,16,Diğer Bilgiler,4,,On-line Sistemine Dahil Şube Sayısı,,Diğer Bilgiler,On-line Sistemine Dahil Şube Sayısı,,TL,BDDK Aylık Bülten - Excel
2023-06-01,2023,6,16,Diğer Bilgiler,4,,On-line Sistemine Dahil Şube Sayısı,,Adet,10611,10611.0,TL,BDDK Aylık Bülten - Excel
2023-06-01,2023,6,16,Diğer Bilgiler,5,,ATM Sayısı,,Unnamed: 0,Sektör,,TL,BDDK Aylık Bülten - Excel
2023-06-01,2023,6,16,Diğer Bilgiler,5,,ATM Sayısı,,Unnamed: 1,5,5.0,TL,BDDK Aylık Bülten - Excel
2023-06-01,2023,6,16,Diğer Bilgiler,5,,ATM Sayısı,,Diğer Bilgiler,ATM Sayısı,,TL,BDDK Aylık Bülten - Excel
2023-06-01,2023,6,16,Diğer Bilgiler,5,,ATM Sayısı,,Adet,48865,48865.0,TL,BDDK Aylık Bülten - Excel
2023-06-01,2023,6,16,Diğer Bilgiler,6,,Yurt İçi Personel Sayısı,,Unnamed: 0,Sektör,,TL,BDDK Aylık Bülten - Excel
2023-06-01,2023,6,16,Diğer Bilgiler,6,,Yurt İçi Personel Sayısı,,Unnamed: 1,6,6.0,TL,BDDK Aylık Bülten - Excel
2023-06-01,2023,6,16,Diğer Bilgiler,6,,Yurt İçi Personel Sayısı,,Diğer Bilgiler,Yurt İçi Personel Sayısı,,TL,BDDK Aylık Bülten - Excel
2023-06-01,2023,6,16,Diğer Bilgiler,6,,Yurt İçi Personel Sayısı,,Adet,206493,206493.0,TL,BDDK Aylık Bülten - Excel
2023-06-01,2023,6,16,Diğer Bilgiler,7,,Yurt Dışı Personel Sayısı,,Unnamed: 0,Sektör,,TL,BDDK Aylık Bülten - Excel
2023-06-01,2023,6,16,Diğer Bilgiler,7,,Yurt Dışı Personel Sayısı,,Unnamed: 1,7,7.0,TL,BDDK Aylık Bülten - Excel
2023-06-01,2023,6,16,Diğer Bilgiler,7,,Yurt Dışı Personel Sayısı,,Diğer Bilgiler,Yurt Dışı Personel Sayısı,,TL,BDDK Aylık Bülten - Excel
2023-06-01,2023,6,16,Diğer Bilgiler,7,,Yurt Dışı Personel Sayısı,,Adet,838,838.0,TL,BDDK Aylık Bülten - Excel
2023-07-01,2023,7,16,Diğer Bilgiler,1,,Banka Sayısı,,Unnamed: 0,Sektör,,TL,BDDK Aylık Bülten - Excel
2023-07-01,2023,7,16,Diğer Bilgiler,1,,Banka Sayısı,,Unnamed: 1,1,1.0,TL,BDDK Aylık Bülten - Excel
2023-07-01,2023,7,16,Diğer Bilgiler,1,,Banka Sayısı,,Diğer Bilgiler,Banka Sayısı,,TL,BDDK Aylık Bülten - Excel
2023-07-01,2023,7,16,Diğer Bilgiler,1,,Banka Sayısı,,Adet,55,55.0,TL,BDDK Aylık Bülten - Excel
2023-07-01,2023,7,16,Diğer Bilgiler,2,,Yurt İçi Şube Sayısı,,Unnamed: 0,Sektör,,TL,BDDK Aylık Bülten - Excel
2023-07-01,2023,7,16,Diğer Bilgiler,2,,Yurt İçi Şube Sayısı,,Unnamed: 1,2,2.0,TL,BDDK Aylık Bülten - Excel
2023-07-01,2023,7,16,Diğer Bilgiler,2,,Yurt İçi Şube Sayısı,,Diğer Bilgiler,Yurt İçi Şube Sayısı,,TL,BDDK Aylık Bülten - Excel
2023-07-01,2023,7,16,Diğer Bilgiler,2,,Yurt İçi Şube Sayısı,,Adet,10968,10968.0,TL,BDDK Aylık Bülten - Excel
2023-07-01,2023,7,16,Diğer Bilgiler,3,,Yurt Dışı Şube Sayısı,,Unnamed: 0,Sektör,,TL,BDDK Aylık Bülten - Excel
2023-07-01,2023,7,16,Diğer Bilgiler,3,,Yurt Dışı Şube Sayısı,,Unnamed: 1,3,3.0,TL,BDDK Aylık Bülten - Excel
2023-07-01,2023,7,16,Diğer Bilgiler,3,,Yurt Dışı Şube Sayısı,,Diğer Bilgiler,Yurt Dışı Şube Sayısı,,TL,BDDK Aylık Bülten - Excel
2023-07-01,2023,7,16,Diğer Bilgiler,3,,Yurt Dışı Şube Sayısı,,Adet,78,78.0,TL,BDDK Aylık Bülten - Excel
2023-07-01,2023,7,16,Diğer Bilgiler,4,,On-line Sistemine Dahil Şube Sayısı,,Unnamed: 0,Sektör,,TL,BDDK Aylık Bülten - Excel
2023-07-01,2023,7,16,Diğer Bilgiler,4,,On-line Sistemine Dahil Şube Sayısı,,Unnamed: 1,4,4.0,TL,BDDK Aylık Bülten - Excel
2023-07-01,2023,7,16,Diğer Bilgiler,4,,On-line Sistemine Dahil Şube Sayısı,,Diğer Bilgiler,On-line Sistemine Dahil Şube Sayısı,,TL,BDDK Aylık Bülten - Excel
2023-07-01,2023,7,16,Diğer Bilgiler,4,,On-line Sistemine Dahil Şube Sayısı,,Adet,10609,10609.0,TL,BDDK Aylık Bülten - Excel
2023-07-01,2023,7,16,Diğer Bilgiler,5,,ATM Sayısı,,Unnamed: 0,Sektör,,TL,BDDK Aylık Bülten - Excel
2023-07-01,2023,7,16,Diğer Bilgiler,5,,ATM Sayısı,,Unnamed: 1,5,5.0,TL,BDDK Aylık Bülten - Excel
2023-07-01,2023,7,16,Diğer Bilgiler,5,,ATM Sayısı,,Diğer Bilgiler,ATM Sayısı,,TL,BDDK Aylık Bülten - Excel
2023-07-01,2023,7,16,Diğer Bilgiler,5,,ATM Sayısı,,Adet,48963,48963.0,TL,BDDK Aylık Bülten - Excel
2023-07-01,2023,7,16,Diğer Bilgiler,6,,Yurt İçi Personel Sayısı,,Unnamed: 0,Sektör,,TL,BDDK Aylık Bülten - Excel
2023-07-01,2023,7,16,Diğer Bilgiler,6,,Yurt İçi Personel Sayısı,,Unnamed: 1,6,6.0,TL,BDDK Aylık Bülten - Excel
2023-07-01,2023,7,16,Diğer Bilgiler,6,,Yurt İçi Personel Sayısı,,Diğer Bilgiler,Yurt İçi Personel Sayısı,,TL,BDDK Aylık Bülten - Excel
2023-07-01,2023,7,16,Diğer Bilgiler,6,,Yurt İçi Personel Sayısı,,Adet,206642,206642.0,TL,BDDK Aylık Bülten - Excel
2023-07-01,2023,7,16,Diğer Bilgiler,7,,Yurt Dışı Personel Sayısı,,Unnamed: 0,Sektör,,TL,BDDK Aylık Bülten - Excel
2023-07-01,2023,7,16,Diğer Bilgiler,7,,Yurt Dışı Personel Sayısı,,Unnamed: 1,7,7.0,TL,BDDK Aylık Bülten - Excel
2023-07-01,2023,7,16,Diğer Bilgiler,7,,Yurt Dışı Personel Sayısı,,Diğer Bilgiler,Yurt Dışı Personel Sayısı,,TL,BDDK Aylık Bülten - Excel
2023-07-01,2023,7,16,Diğer Bilgiler,7,,Yurt Dışı Personel Sayısı,,Adet,855,855.0,TL,BDDK Aylık Bülten - Excel
2023-08-01,2023,8,16,Diğer Bilgiler,1,,Banka Sayısı,,Unnamed: 0,Sektör,,TL,BDDK Aylık Bülten - Excel
2023-08-01,2023,8,16,Diğer Bilgiler,1,,Banka Sayısı,,Unnamed: 1,1,1.0,TL,BDDK Aylık Bülten - Excel
2023-08-01,2023,8,16,Diğer Bilgiler,1,,Banka Sayısı,,Diğer Bilgiler,Banka Sayısı,,TL,BDDK Aylık Bülten - Excel
2023-08-01,2023,8,16,Diğer Bilgiler,1,,Banka Sayısı,,Adet,56,56.0,TL,BDDK Aylık Bülten - Excel
2023-08-01,2023,8,16,Diğer Bilgiler,2,,Yurt İçi Şube Sayısı,,Unnamed: 0,Sektör,,TL,BDDK Aylık Bülten - Excel
2023-08-01,2023,8,16,Diğer Bilgiler,2,,Yurt İçi Şube Sayısı,,Unnamed: 1,2,2.0,TL,BDDK Aylık Bülten - Excel
2023-08-01,2023,8,16,Diğer Bilgiler,2,,Yurt İçi Şube Sayısı,,Diğer Bilgiler,Yurt İçi Şube Sayısı,,TL,BDDK Aylık Bülten - Excel
2023-08-01,2023,8,16,Diğer Bilgiler,2,,Yurt İçi Şube Sayısı,,Adet,10960,10960.0,TL,BDDK Aylık Bülten - Excel
2023-08-01,2023,8,16,Diğer Bilgiler,3,,Yurt Dışı Şube Sayısı,,Unnamed: 0,Sektör,,TL,BDDK Aylık Bülten - Excel
2023-08-01,2023,8,16,Diğer Bilgiler,3,,Yurt Dışı Şube Sayısı,,Unnamed: 1,3,3.0,TL,BDDK Aylık Bülten - Excel
2023-08-01,2023,8,16,Diğer Bilgiler,3,,Yurt Dışı Şube Sayısı,,Diğer Bilgiler,Yurt Dışı Şube Sayısı,,TL,BDDK Aylık Bülten - Excel
2023-08-01,2023,8,16,Diğer Bilgiler,3,,Yurt Dışı Şube Sayısı,,Adet,79,79.0,TL,BDDK Aylık Bülten - Excel
2023-08-01,2023,8,16,Diğer Bilgiler,4,,On-line Sistemine Dahil Şube Sayısı,,Unnamed: 0,Sektör,,TL,BDDK Aylık Bülten - Excel
2023-08-01,2023,8,16,Diğer Bilgiler,4,,On-line Sistemine Dahil Şube Sayısı,,Unnamed: 1,4,4.0,TL,BDDK Aylık Bülten - Excel
2023-08-01,2023,8,16,Diğer Bilgiler,4,,On-line Sistemine Dahil Şube Sayısı,,Diğer Bilgiler,On-line Sistemine Dahil Şube Sayısı,,TL,BDDK Aylık Bülten - Excel
2023-08-01,2023,8,16,Diğer Bilgiler,4,,On-line Sistemine Dahil Şube Sayısı,,Adet,10597,10597.0,TL,BDDK Aylık Bülten - Excel
2023-08-01,2023,8,16,Diğer Bilgiler,5,,ATM Sayısı,,Unnamed: 0,Sektör,,TL,BDDK Aylık Bülten - Excel
2023-08-01,2023,8,16,Diğer Bilgiler,5,,ATM Sayısı,,Unnamed: 1,5,5.0,TL,BDDK Aylık Bülten - Excel
2023-08-01,2023,8,16,Diğer Bilgiler,5,,ATM Sayısı,,Diğer Bilgiler,ATM Sayısı,,TL,BDDK Aylık Bülten - Excel
2023-08-01,2023,8,16,Diğer Bilgiler,5,,ATM Sayısı,,Adet,49098,49098.0,TL,BDDK Aylık Bülten - Excel
2023-08-01,2023,8,16,Diğer Bilgiler,6,,Yurt İçi Personel Sayısı,,Unnamed: 0,Sektör,,TL,BDDK Aylık Bülten - Excel
2023-08-01,2023,8,16,Diğer Bilgiler,6,,Yurt İçi Personel Sayısı,,Unnamed: 1,6,6.0,TL,BDDK Aylık Bülten - Excel
2023-08-01,2023,8,16,Diğer Bilgiler,6,,Yurt İçi Personel Sayısı,,Diğer Bilgiler,Yurt İçi Personel Sayısı,,TL,BDDK Aylık Bülten - Excel
2023-08-01,2023,8,16,Diğer Bilgiler,6,,Yurt İçi Personel Sayısı,,Adet,207201,207201.0,TL,BDDK Aylık Bülten - Excel
2023-08-01,2023,8,16,Diğer Bilgiler,7,,Yurt Dışı Personel Sayısı,,Unnamed: 0,Sektör,,TL,BDDK Aylık Bülten - Excel
2023-08-01,2023,8,16,Diğer Bilgiler,7,,Yurt Dışı Personel Sayısı,,Unnamed: 1,7,7.0,TL,BDDK Aylık Bülten - Excel
2023-08-01,2023,8,16,Diğer Bilgiler,7,,Yurt Dışı Personel Sayısı,,Diğer Bilgiler,Yurt Dışı Personel Sayısı,,TL,BDDK Aylık Bülten - Excel
2023-08-01,2023,8,16,Diğer Bilgiler,7,,Yurt Dışı Personel Sayısı,,Adet,864,864.0,TL,BDDK Aylık Bülten - Excel
2023-09-01,2023,9,16,Diğer Bilgiler,1,,Banka Sayısı,,Unnamed: 0,Sektör,,TL,BDDK Aylık Bülten - Excel
2023-09-01,2023,9,16,Diğer Bilgiler,1,,Banka Sayısı,,Unnamed: 1,1,1.0,TL,BDDK Aylık Bülten - Excel
2023-09-01,2023,9,16,Diğer Bilgiler,1,,Banka Sayısı,,Diğer Bilgiler,Banka Sayısı,,TL,BDDK Aylık Bülten - Excel
2023-09-01,2023,9,16,Diğer Bilgiler,1,,Banka Sayısı,,Adet,57,57.0,TL,BDDK Aylık Bülten - Excel
2023-09-01,2023,9,16,Diğer Bilgiler,2,,Yurt İçi Şube Sayısı,,Unnamed: 0,Sektör,,TL,BDDK Aylık Bülten - Excel
2023-09-01,2023,9,16,Diğer Bilgiler,2,,Yurt İçi Şube Sayısı,,Unnamed: 1,2,2.0,TL,BDDK Aylık Bülten - Excel
2023-09-01,2023,9,16,Diğer Bilgiler,2,,Yurt İçi Şube Sayısı,,Diğer Bilgiler,Yurt İçi Şube Sayısı,,TL,BDDK Aylık Bülten - Excel
2023-09-01,2023,9,16,Diğer Bilgiler,2,,Yurt İçi Şube Sayısı,,Adet,10966,10966.0,TL,BDDK Aylık Bülten - Excel
2023-09-01,2023,9,16,Diğer Bilgiler,3,,Yurt Dışı Şube Sayısı,,Unnamed: 0,Sektör,,TL,BDDK Aylık Bülten - Excel
2023-09-01,2023,9,16,Diğer Bilgiler,3,,Yurt Dışı Şube Sayısı,,Unnamed: 1,3,3.0,TL,BDDK Aylık Bülten - Excel
2023-09-01,2023,9,16,Diğer Bilgiler,3,,Yurt Dışı Şube Sayısı,,Diğer Bilgiler,Yurt Dışı Şube Sayısı,,TL,BDDK Aylık Bülten - Excel
2023-09-01,2023,9,16,Diğer Bilgiler,3,,Yurt Dışı Şube Sayısı,,Adet,79,79.0,TL,BDDK Aylık Bülten - Excel
2023-09-01,2023,9,16,Diğer Bilgiler,4,,On-line Sistemine Dahil Şube Sayısı,,Unnamed: 0,Sektör,,TL,BDDK Aylık Bülten - Excel
2023-09-01,2023,9,16,Diğer Bilgiler,4,,On-line Sistemine Dahil Şube Sayısı,,Unnamed: 1,4,4.0,TL,BDDK Aylık Bülten - Excel
2023-09-01,2023,9,16,Diğer Bilgiler,4,,On-line Sistemine Dahil Şube Sayısı,,Diğer Bilgiler,On-line Sistemine Dahil Şube Sayısı,,TL,BDDK Aylık Bülten - Excel
2023-09-01,2023,9,16,Diğer Bilgiler,4,,On-line Sistemine Dahil Şube Sayısı,,Adet,10601,10601.0,TL,BDDK Aylık Bülten - Excel
2023-09-01,2023,9,16,Diğer Bilgiler,5,,ATM Sayısı,,Unnamed: 0,Sektör,,TL,BDDK Aylık Bülten - Excel
2023-09-01,2023,9,16,Diğer Bilgiler,5,,ATM Sayısı,,Unnamed: 1,5,5.0,TL,BDDK Aylık Bülten - Excel
2023-09-01,2023,9,16,Diğer Bilgiler,5,,ATM Sayısı,,Diğer Bilgiler,ATM Sayısı,,TL,BDDK Aylık Bülten - Excel
2023-09-01,2023,9,16,Diğer Bilgiler,5,,ATM Sayısı,,Adet,49221,49221.0,TL,BDDK Aylık Bülten - Excel
2023-09-01,2023,9,16,Diğer Bilgiler,6,,Yurt İçi Personel Sayısı,,Unnamed: 0,Sektör,,TL,BDDK Aylık Bülten - Excel
2023-09-01,2023,9,16,Diğer Bilgiler,6,,Yurt İçi Personel Sayısı,,Unnamed: 1,6,6.0,TL,BDDK Aylık Bülten - Excel
2023-09-01,2023,9,16,Diğer Bilgiler,6,,Yurt İçi Personel Sayısı,,Diğer Bilgiler,Yurt İçi Personel Sayısı,,TL,BDDK Aylık Bülten - Excel
2023-09-01,2023,9,16,Diğer Bilgiler,6,,Yurt İçi Personel Sayısı,,Adet,207735,207735.0,TL,BDDK Aylık Bülten - Excel
2023-09-01,2023,9,16,Diğer Bilgiler,7,,Yurt Dışı Personel Sayısı,,Unnamed: 0,Sektör,,TL,BDDK Aylık Bülten - Excel
2023-09-01,2023,9,16,Diğer Bilgiler,7,,Yurt Dışı Personel Sayısı,,Unnamed: 1,7,7.0,TL,BDDK Aylık Bülten - Excel
2023-09-01,2023,9,16,Diğer Bilgiler,7,,Yurt Dışı Personel Sayısı,,Diğer Bilgiler,Yurt Dışı Personel Sayısı,,TL,BDDK Aylık Bülten - Excel
2023-09-01,2023,9,16,Diğer Bilgiler,7,,Yurt Dışı Personel Sayısı,,Adet,863,863.0,TL,BDDK Aylık Bülten - Excel
2023-10-01,2023,10,16,Diğer Bilgiler,1,,Banka Sayısı,,Unnamed: 0,Sektör,,TL,BDDK Aylık Bülten - Excel
2023-10-01,2023,10,16,Diğer Bilgiler,1,,Banka Sayısı,,Unnamed: 1,1,1.0,TL,BDDK Aylık Bülten - Excel
2023-10-01,2023,10,16,Diğer Bilgiler,1,,Banka Sayısı,,Diğer Bilgiler,Banka Sayısı,,TL,BDDK Aylık Bülten - Excel
2023-10-01,2023,10,16,Diğer Bilgiler,1,,Banka Sayısı,,Adet,59,59.0,TL,BDDK Aylık Bülten - Excel
2023-10-01,2023,10,16,Diğer Bilgiler,2,,Yurt İçi Şube Sayısı,,Unnamed: 0,Sektör,,TL,BDDK Aylık Bülten - Excel
2023-10-01,2023,10,16,Diğer Bilgiler,2,,Yurt İçi Şube Sayısı,,Unnamed: 1,2,2.0,TL,BDDK Aylık Bülten - Excel
2023-10-01,2023,10,16,Diğer Bilgiler,2,,Yurt İçi Şube Sayısı,,Diğer Bilgiler,Yurt İçi Şube Sayısı,,TL,BDDK Aylık Bülten - Excel
2023-10-01,2023,10,16,Diğer Bilgiler,2,,Yurt İçi Şube Sayısı,,Adet,10955,10955.0,TL,BDDK Aylık Bülten - Excel
2023-10-01,2023,10,16,Diğer Bilgiler,3,,Yurt Dışı Şube Sayısı,,Unnamed: 0,Sektör,,TL,BDDK Aylık Bülten - Excel
2023-10-01,2023,10,16,Diğer Bilgiler,3,,Yurt Dışı Şube Sayısı,,Unnamed: 1,3,3.0,TL,BDDK Aylık Bülten - Excel
2023-10-01,2023,10,16,Diğer Bilgiler,3,,Yurt Dışı Şube Sayısı,,Diğer Bilgiler,Yurt Dışı Şube Sayısı,,TL,BDDK Aylık Bülten - Excel
2023-10-01,2023,10,16,Diğer Bilgiler,3,,Yurt Dışı Şube Sayısı,,Adet,79,79.0,TL,BDDK Aylık Bülten - Excel
2023-10-01,2023,10,16,Diğer Bilgiler,4,,On-line Sistemine Dahil Şube Sayısı,,Unnamed: 0,Sektör,,TL,BDDK Aylık Bülten - Excel
2023-10-01,2023,10,16,Diğer Bilgiler,4,,On-line Sistemine Dahil Şube Sayısı,,Unnamed: 1,4,4.0,TL,BDDK Aylık Bülten - Excel
2023-10-01,2023,10,16,Diğer Bilgiler,4,,On-line Sistemine Dahil Şube Sayısı,,Diğer Bilgiler,On-line Sistemine Dahil Şube Sayısı,,TL,BDDK Aylık Bülten - Excel
2023-10-01,2023,10,16,Diğer Bilgiler,4,,On-line Sistemine Dahil Şube Sayısı,,Adet,10585,10585.0,TL,BDDK Aylık Bülten - Excel
2023-10-01,2023,10,16,Diğer Bilgiler,5,,ATM Sayısı,,Unnamed: 0,Sektör,,TL,BDDK Aylık Bülten - Excel
2023-10-01,2023,10,16,Diğer Bilgiler,5,,ATM Sayısı,,Unnamed: 1,5,5.0,TL,BDDK Aylık Bülten - Excel
2023-10-01,2023,10,16,Diğer Bilgiler,5,,ATM Sayısı,,Diğer Bilgiler,ATM Sayısı,,TL,BDDK Aylık Bülten - Excel
2023-10-01,2023,10,16,Diğer Bilgiler,5,,ATM Sayısı,,Adet,49424,49424.0,TL,BDDK Aylık Bülten - Excel
2023-10-01,2023,10,16,Diğer Bilgiler,6,,Yurt İçi Personel Sayısı,,Unnamed: 0,Sektör,,TL,BDDK Aylık Bülten - Excel
2023-10-01,2023,10,16,Diğer Bilgiler,6,,Yurt İçi Personel Sayısı,,Unnamed: 1,6,6.0,TL,BDDK Aylık Bülten - Excel
2023-10-01,2023,10,16,Diğer Bilgiler,6,,Yurt İçi Personel Sayısı,,Diğer Bilgiler,Yurt İçi Personel Sayısı,,TL,BDDK Aylık Bülten - Excel
2023-10-01,2023,10,16,Diğer Bilgiler,6,,Yurt İçi Personel Sayısı,,Adet,207552,207552.0,TL,BDDK Aylık Bülten - Excel
2023-10-01,2023,10,16,Diğer Bilgiler,7,,Yurt Dışı Personel Sayısı,,Unnamed: 0,Sektör,,TL,BDDK Aylık Bülten - Excel
2023-10-01,2023,10,16,Diğer Bilgiler,7,,Yurt Dışı Personel Sayısı,,Unnamed: 1,7,7.0,TL,BDDK Aylık Bülten - Excel
2023-10-01,2023,10,16,Diğer Bilgiler,7,,Yurt Dışı Personel Sayısı,,Diğer Bilgiler,Yurt Dışı Personel Sayısı,,TL,BDDK Aylık Bülten - Excel
2023-10-01,2023,10,16,Diğer Bilgiler,7,,Yurt Dışı Personel Sayısı,,Adet,857,857.0,TL,BDDK Aylık Bülten - Excel
2023-11-01,2023,11,16,Diğer Bilgiler,1,,Banka Sayısı,,Unnamed: 0,Sektör,,TL,BDDK Aylık Bülten - Excel
2023-11-01,2023,11,16,Diğer Bilgiler,1,,Banka Sayısı,,Unnamed: 1,1,1.0,TL,BDDK Aylık Bülten - Excel
2023-11-01,2023,11,16,Diğer Bilgiler,1,,Banka Sayısı,,Diğer Bilgiler,Banka Sayısı,,TL,BDDK Aylık Bülten - Excel
2023-11-01,2023,11,16,Diğer Bilgiler,1,,Banka Sayısı,,Adet,60,60.0,TL,BDDK Aylık Bülten - Excel
2023-11-01,2023,11,16,Diğer Bilgiler,2,,Yurt İçi Şube Sayısı,,Unnamed: 0,Sektör,,TL,BDDK Aylık Bülten - Excel
2023-11-01,2023,11,16,Diğer Bilgiler,2,,Yurt İçi Şube Sayısı,,Unnamed: 1,2,2.0,TL,BDDK Aylık Bülten - Excel
2023-11-01,2023,11,16,Diğer Bilgiler,2,,Yurt İçi Şube Sayısı,,Diğer Bilgiler,Yurt İçi Şube Sayısı,,TL,BDDK Aylık Bülten - Excel
2023-11-01,2023,11,16,Diğer Bilgiler,2,,Yurt İçi Şube Sayısı,,Adet,10945,10945.0,TL,BDDK Aylık Bülten - Excel
2023-11-01,2023,11,16,Diğer Bilgiler,3,,Yurt Dışı Şube Sayısı,,Unnamed: 0,Sektör,,TL,BDDK Aylık Bülten - Excel
2023-11-01,2023,11,16,Diğer Bilgiler,3,,Yurt Dışı Şube Sayısı,,Unnamed: 1,3,3.0,TL,BDDK Aylık Bülten - Excel
2023-11-01,2023,11,16,Diğer Bilgiler,3,,Yurt Dışı Şube Sayısı,,Diğer Bilgiler,Yurt Dışı Şube Sayısı,,TL,BDDK Aylık Bülten - Excel
2023-11-01,2023,11,16,Diğer Bilgiler,3,,Yurt Dışı Şube Sayısı,,Adet,79,79.0,TL,BDDK Aylık Bülten - Excel
2023-11-01,2023,11,16,Diğer Bilgiler,4,,On-line Sistemine Dahil Şube Sayısı,,Unnamed: 0,Sektör,,TL,BDDK Aylık Bülten - Excel
2023-11-01,2023,11,16,Diğer Bilgiler,4,,On-line Sistemine Dahil Şube Sayısı,,Unnamed: 1,4,4.0,TL,BDDK Aylık Bülten - Excel
2023-11-01,2023,11,16,Diğer Bilgiler,4,,On-line Sistemine Dahil Şube Sayısı,,Diğer Bilgiler,On-line Sistemine Dahil Şube Sayısı,,TL,BDDK Aylık Bülten - Excel
2023-11-01,2023,11,16,Diğer Bilgiler,4,,On-line Sistemine Dahil Şube Sayısı,,Adet,10578,10578.0,TL,BDDK Aylık Bülten - Excel
2023-11-01,2023,11,16,Diğer Bilgiler,5,,ATM Sayısı,,Unnamed: 0,Sektör,,TL,BDDK Aylık Bülten - Excel
2023-11-01,2023,11,16,Diğer Bilgiler,5,,ATM Sayısı,,Unnamed: 1,5,5.0,TL,BDDK Aylık Bülten - Excel
2023-11-01,2023,11,16,Diğer Bilgiler,5,,ATM Sayısı,,Diğer Bilgiler,ATM Sayısı,,TL,BDDK Aylık Bülten - Excel
2023-11-01,2023,11,16,Diğer Bilgiler,5,,ATM Sayısı,,Adet,49753,49753.0,TL,BDDK Aylık Bülten - Excel
2023-11-01,2023,11,16,Diğer Bilgiler,6,,Yurt İçi Personel Sayısı,,Unnamed: 0,Sektör,,TL,BDDK Aylık Bülten - Excel
2023-11-01,2023,11,16,Diğer Bilgiler,6,,Yurt İçi Personel Sayısı,,Unnamed: 1,6,6.0,TL,BDDK Aylık Bülten - Excel
2023-11-01,2023,11,16,Diğer Bilgiler,6,,Yurt İçi Personel Sayısı,,Diğer Bilgiler,Yurt İçi Personel Sayısı,,TL,BDDK Aylık Bülten - Excel
2023-11-01,2023,11,16,Diğer Bilgiler,6,,Yurt İçi Personel Sayısı,,Adet,207517,207517.0,TL,BDDK Aylık Bülten - Excel
2023-11-01,2023,11,16,Diğer Bilgiler,7,,Yurt Dışı Personel Sayısı,,Unnamed: 0,Sektör,,TL,BDDK Aylık Bülten - Excel
2023-11-01,2023,11,16,Diğer Bilgiler,7,,Yurt Dışı Personel Sayısı,,Unnamed: 1,7,7.0,TL,BDDK Aylık Bülten - Excel
2023-11-01,2023,11,16,Diğer Bilgiler,7,,Yurt Dışı Personel Sayısı,,Diğer Bilgiler,Yurt Dışı Personel Sayısı,,TL,BDDK Aylık Bülten - Excel
2023-11-01,2023,11,16,Diğer Bilgiler,7,,Yurt Dışı Personel Sayısı,,Adet,860,860.0,TL,BDDK Aylık Bülten - Excel
2023-12-01,2023,12,16,Diğer Bilgiler,1,,Banka Sayısı,,Unnamed: 0,Sektör,,TL,BDDK Aylık Bülten - Excel
2023-12-01,2023,12,16,Diğer Bilgiler,1,,Banka Sayısı,,Unnamed: 1,1,1.0,TL,BDDK Aylık Bülten - Excel
2023-12-01,2023,12,16,Diğer Bilgiler,1,,Banka Sayısı,,Diğer Bilgiler,Banka Sayısı,,TL,BDDK Aylık Bülten - Excel
2023-12-01,2023,12,16,Diğer Bilgiler,1,,Banka Sayısı,,Adet,61,61.0,TL,BDDK Aylık Bülten - Excel
2023-12-01,2023,12,16,Diğer Bilgiler,2,,Yurt İçi Şube Sayısı,,Unnamed: 0,Sektör,,TL,BDDK Aylık Bülten - Excel
2023-12-01,2023,12,16,Diğer Bilgiler,2,,Yurt İçi Şube Sayısı,,Unnamed: 1,2,2.0,TL,BDDK Aylık Bülten - Excel
2023-12-01,2023,12,16,Diğer Bilgiler,2,,Yurt İçi Şube Sayısı,,Diğer Bilgiler,Yurt İçi Şube Sayısı,,TL,BDDK Aylık Bülten - Excel
2023-12-01,2023,12,16,Diğer Bilgiler,2,,Yurt İçi Şube Sayısı,,Adet,10871,10871.0,TL,BDDK Aylık Bülten - Excel
2023-12-01,2023,12,16,Diğer Bilgiler,3,,Yurt Dışı Şube Sayısı,,Unnamed: 0,Sektör,,TL,BDDK Aylık Bülten - Excel
2023-12-01,2023,12,16,Diğer Bilgiler,3,,Yurt Dışı Şube Sayısı,,Unnamed: 1,3,3.0,TL,BDDK Aylık Bülten - Excel
2023-12-01,2023,12,16,Diğer Bilgiler,3,,Yurt Dışı Şube Sayısı,,Diğer Bilgiler,Yurt Dışı Şube Sayısı,,TL,BDDK Aylık Bülten - Excel
2023-12-01,2023,12,16,Diğer Bilgiler,3,,Yurt Dışı Şube Sayısı,,Adet,79,79.0,TL,BDDK Aylık Bülten - Excel
2023-12-01,2023,12,16,Diğer Bilgiler,4,,On-line Sistemine Dahil Şube Sayısı,,Unnamed: 0,Sektör,,TL,BDDK Aylık Bülten - Excel
2023-12-01,2023,12,16,Diğer Bilgiler,4,,On-line Sistemine Dahil Şube Sayısı,,Unnamed: 1,4,4.0,TL,BDDK Aylık Bülten - Excel
2023-12-01,2023,12,16,Diğer Bilgiler,4,,On-line Sistemine Dahil Şube Sayısı,,Diğer Bilgiler,On-line Sistemine Dahil Şube Sayısı,,TL,BDDK Aylık Bülten - Excel
2023-12-01,2023,12,16,Diğer Bilgiler,4,,On-line Sistemine Dahil Şube Sayısı,,Adet,10507,10507.0,TL,BDDK Aylık Bülten - Excel
2023-12-01,2023,12,16,Diğer Bilgiler,5,,ATM Sayısı,,Unnamed: 0,Sektör,,TL,BDDK Aylık Bülten - Excel
2023-12-01,2023,12,16,Diğer Bilgiler,5,,ATM Sayısı,,Unnamed: 1,5,5.0,TL,BDDK Aylık Bülten - Excel
2023-12-01,2023,12,16,Diğer Bilgiler,5,,ATM Sayısı,,Diğer Bilgiler,ATM Sayısı,,TL,BDDK Aylık Bülten - Excel
2023-12-01,2023,12,16,Diğer Bilgiler,5,,ATM Sayısı,,Adet,50004,50004.0,TL,BDDK Aylık Bülten - Excel
2023-12-01,2023,12,16,Diğer Bilgiler,6,,Yurt İçi Personel Sayısı,,Unnamed: 0,Sektör,,TL,BDDK Aylık Bülten - Excel
2023-12-01,2023,12,16,Diğer Bilgiler,6,,Yurt İçi Personel Sayısı,,Unnamed: 1,6,6.0,TL,BDDK Aylık Bülten - Excel
2023-12-01,2023,12,16,Diğer Bilgiler,6,,Yurt İçi Personel Sayısı,,Diğer Bilgiler,Yurt İçi Personel Sayısı,,TL,BDDK Aylık Bülten - Excel
2023-12-01,2023,12,16,Diğer Bilgiler,6,,Yurt İçi Personel Sayısı,,Adet,207838,207838.0,TL,BDDK Aylık Bülten - Excel
2023-12-01,2023,12,16,Diğer Bilgiler,7,,Yurt Dışı Personel Sayısı,,Unnamed: 0,Sektör,,TL,BDDK Aylık Bülten - Excel
2023-12-01,2023,12,16,Diğer Bilgiler,7,,Yurt Dışı Personel Sayısı,,Unnamed: 1,7,7.0,TL,BDDK Aylık Bülten - Excel
2023-12-01,2023,12,16,Diğer Bilgiler,7,,Yurt Dışı Personel Sayısı,,Diğer Bilgiler,Yurt Dışı Personel Sayısı,,TL,BDDK Aylık Bülten - Excel
2023-12-01,2023,12,16,Diğer Bilgiler,7,,Yurt Dışı Personel Sayısı,,Adet,891,891.0,TL,BDDK Aylık Bülten - Excel
2024-01-01,2024,1,16,Diğer Bilgiler,1,,Banka Sayısı,,Unnamed: 0,Sektör,,TL,BDDK Aylık Bülten - Excel
2024-01-01,2024,1,16,Diğer Bilgiler,1,,Banka Sayısı,,Unnamed: 1,1,1.0,TL,BDDK Aylık Bülten - Excel
2024-01-01,2024,1,16,Diğer Bilgiler,1,,Banka Sayısı,,Diğer Bilgiler,Banka Sayısı,,TL,BDDK Aylık Bülten - Excel
2024-01-01,2024,1,16,Diğer Bilgiler,1,,Banka Sayısı,,Adet,62,62.0,TL,BDDK Aylık Bülten - Excel
2024-01-01,2024,1,16,Diğer Bilgiler,2,,Yurt İçi Şube Sayısı,,Unnamed: 0,Sektör,,TL,BDDK Aylık Bülten - Excel
2024-01-01,2024,1,16,Diğer Bilgiler,2,,Yurt İçi Şube Sayısı,,Unnamed: 1,2,2.0,TL,BDDK Aylık Bülten - Excel
2024-01-01,2024,1,16,Diğer Bilgiler,2,,Yurt İçi Şube Sayısı,,Diğer Bilgiler,Yurt İçi Şube Sayısı,,TL,BDDK Aylık Bülten - Excel
2024-01-01,2024,1,16,Diğer Bilgiler,2,,Yurt İçi Şube Sayısı,,Adet,10878,10878.0,TL,BDDK Aylık Bülten - Excel
2024-01-01,2024,1,16,Diğer Bilgiler,3,,Yurt Dışı Şube Sayısı,,Unnamed: 0,Sektör,,TL,BDDK Aylık Bülten - Excel
2024-01-01,2024,1,16,Diğer Bilgiler,3,,Yurt Dışı Şube Sayısı,,Unnamed: 1,3,3.0,TL,BDDK Aylık Bülten - Excel
2024-01-01,2024,1,16,Diğer Bilgiler,3,,Yurt Dışı Şube Sayısı,,Diğer Bilgiler,Yurt Dışı Şube Sayısı,,TL,BDDK Aylık Bülten - Excel
2024-01-01,2024,1,16,Diğer Bilgiler,3,,Yurt Dışı Şube Sayısı,,Adet,80,80.0,TL,BDDK Aylık Bülten - Excel
2024-01-01,2024,1,16,Diğer Bilgiler,4,,On-line Sistemine Dahil Şube Sayısı,,Unnamed: 0,Sektör,,TL,BDDK Aylık Bülten - Excel
2024-01-01,2024,1,16,Diğer Bilgiler,4,,On-line Sistemine Dahil Şube Sayısı,,Unnamed: 1,4,4.0,TL,BDDK Aylık Bülten - Excel
2024-01-01,2024,1,16,Diğer Bilgiler,4,,On-line Sistemine Dahil Şube Sayısı,,Diğer Bilgiler,On-line Sistemine Dahil Şube Sayısı,,TL,BDDK Aylık Bülten - Excel
2024-01-01,2024,1,16,Diğer Bilgiler,4,,On-line Sistemine Dahil Şube Sayısı,,Adet,10482,10482.0,TL,BDDK Aylık Bülten - Excel
2024-01-01,2024,1,16,Diğer Bilgiler,5,,ATM Sayısı,,Unnamed: 0,Sektör,,TL,BDDK Aylık Bülten - Excel
2024-01-01,2024,1,16,Diğer Bilgiler,5,,ATM Sayısı,,Unnamed: 1,5,5.0,TL,BDDK Aylık Bülten - Excel
2024-01-01,2024,1,16,Diğer Bilgiler,5,,ATM Sayısı,,Diğer Bilgiler,ATM Sayısı,,TL,BDDK Aylık Bülten - Excel
2024-01-01,2024,1,16,Diğer Bilgiler,5,,ATM Sayısı,,Adet,50039,50039.0,TL,BDDK Aylık Bülten - Excel
2024-01-01,2024,1,16,Diğer Bilgiler,6,,Yurt İçi Personel Sayısı,,Unnamed: 0,Sektör,,TL,BDDK Aylık Bülten - Excel
2024-01-01,2024,1,16,Diğer Bilgiler,6,,Yurt İçi Personel Sayısı,,Unnamed: 1,6,6.0,TL,BDDK Aylık Bülten - Excel
2024-01-01,2024,1,16,Diğer Bilgiler,6,,Yurt İçi Personel Sayısı,,Diğer Bilgiler,Yurt İçi Personel Sayısı,,TL,BDDK Aylık Bülten - Excel
2024-01-01,2024,1,16,Diğer Bilgiler,6,,Yurt İçi Personel Sayısı,,Adet,208614,208614.0,TL,BDDK Aylık Bülten - Excel
2024-01-01,2024,1,16,Diğer Bilgiler,7,,Yurt Dışı Personel Sayısı,,Unnamed: 0,Sektör,,TL,BDDK Aylık Bülten - Excel
2024-01-01,2024,1,16,Diğer Bilgiler,7,,Yurt Dışı Personel Sayısı,,Unnamed: 1,7,7.0,TL,BDDK Aylık Bülten - Excel
2024-01-01,2024,1,16,Diğer Bilgiler,7,,Yurt Dışı Personel Sayısı,,Diğer Bilgiler,Yurt Dışı Personel Sayısı,,TL,BDDK Aylık Bülten - Excel
2024-01-01,2024,1,16,Diğer Bilgiler,7,,Yurt Dışı Personel Sayısı,,Adet,893,893.0,TL,BDDK Aylık Bülten - Excel
2024-02-01,2024,2,16,Diğer Bilgiler,1,,Banka Sayısı,,Unnamed: 0,Sektör,,TL,BDDK Aylık Bülten - Excel
2024-02-01,2024,2,16,Diğer Bilgiler,1,,Banka Sayısı,,Unnamed: 1,1,1.0,TL,BDDK Aylık Bülten - Excel
2024-02-01,2024,2,16,Diğer Bilgiler,1,,Banka Sayısı,,Diğer Bilgiler,Banka Sayısı,,TL,BDDK Aylık Bülten - Excel
2024-02-01,2024,2,16,Diğer Bilgiler,1,,Banka Sayısı,,Adet,62,62.0,TL,BDDK Aylık Bülten - Excel
2024-02-01,2024,2,16,Diğer Bilgiler,2,,Yurt İçi Şube Sayısı,,Unnamed: 0,Sektör,,TL,BDDK Aylık Bülten - Excel
2024-02-01,2024,2,16,Diğer Bilgiler,2,,Yurt İçi Şube Sayısı,,Unnamed: 1,2,2.0,TL,BDDK Aylık Bülten - Excel
2024-02-01,2024,2,16,Diğer Bilgiler,2,,Yurt İçi Şube Sayısı,,Diğer Bilgiler,Yurt İçi Şube Sayısı,,TL,BDDK Aylık Bülten - Excel
2024-02-01,2024,2,16,Diğer Bilgiler,2,,Yurt İçi Şube Sayısı,,Adet,10880,10880.0,TL,BDDK Aylık Bülten - Excel
2024-02-01,2024,2,16,Diğer Bilgiler,3,,Yurt Dışı Şube Sayısı,,Unnamed: 0,Sektör,,TL,BDDK Aylık Bülten - Excel
2024-02-01,2024,2,16,Diğer Bilgiler,3,,Yurt Dışı Şube Sayısı,,Unnamed: 1,3,3.0,TL,BDDK Aylık Bülten - Excel
2024-02-01,2024,2,16,Diğer Bilgiler,3,,Yurt Dışı Şube Sayısı,,Diğer Bilgiler,Yurt Dışı Şube Sayısı,,TL,BDDK Aylık Bülten - Excel
2024-02-01,2024,2,16,Diğer Bilgiler,3,,Yurt Dışı Şube Sayısı,,Adet,80,80.0,TL,BDDK Aylık Bülten - Excel
2024-02-01,2024,2,16,Diğer Bilgiler,4,,On-line Sistemine Dahil Şube Sayısı,,Unnamed: 0,Sektör,,TL,BDDK Aylık Bülten - Excel
2024-02-01,2024,2,16,Diğer Bilgiler,4,,On-line Sistemine Dahil Şube Sayısı,,Unnamed: 1,4,4.0,TL,BDDK Aylık Bülten - Excel
2024-02-01,2024,2,16,Diğer Bilgiler,4,,On-line Sistemine Dahil Şube Sayısı,,Diğer Bilgiler,On-line Sistemine Dahil Şube Sayısı,,TL,BDDK Aylık Bülten - Excel
2024-02-01,2024,2,16,Diğer Bilgiler,4,,On-line Sistemine Dahil Şube Sayısı,,Adet,10482,10482.0,TL,BDDK Aylık Bülten - Excel
2024-02-01,2024,2,16,Diğer Bilgiler,5,,ATM Sayısı,,Unnamed: 0,Sektör,,TL,BDDK Aylık Bülten - Excel
2024-02-01,2024,2,16,Diğer Bilgiler,5,,ATM Sayısı,,Unnamed: 1,5,5.0,TL,BDDK Aylık Bülten - Excel
2024-02-01,2024,2,16,Diğer Bilgiler,5,,ATM Sayısı,,Diğer Bilgiler,ATM Sayısı,,TL,BDDK Aylık Bülten - Excel
2024-02-01,2024,2,16,Diğer Bilgiler,5,,ATM Sayısı,,Adet,50125,50125.0,TL,BDDK Aylık Bülten - Excel
2024-02-01,2024,2,16,Diğer Bilgiler,6,,Yurt İçi Personel Sayısı,,Unnamed: 0,Sektör,,TL,BDDK Aylık Bülten - Excel
2024-02-01,2024,2,16,Diğer Bilgiler,6,,Yurt İçi Personel Sayısı,,Unnamed: 1,6,6.0,TL,BDDK Aylık Bülten - Excel
2024-02-01,2024,2,16,Diğer Bilgiler,6,,Yurt İçi Personel Sayısı,,Diğer Bilgiler,Yurt İçi Personel Sayısı,,TL,BDDK Aylık Bülten - Excel
2024-02-01,2024,2,16,Diğer Bilgiler,6,,Yurt İçi Personel Sayısı,,Adet,209592,209592.0,TL,BDDK Aylık Bülten - Excel
2024-02-01,2024,2,16,Diğer Bilgiler,7,,Yurt Dışı Personel Sayısı,,Unnamed: 0,Sektör,,TL,BDDK Aylık Bülten - Excel
2024-02-01,2024,2,16,Diğer Bilgiler,7,,Yurt Dışı Personel Sayısı,,Unnamed: 1,7,7.0,TL,BDDK Aylık Bülten - Excel
2024-02-01,2024,2,16,Diğer Bilgiler,7,,Yurt Dışı Personel Sayısı,,Diğer Bilgiler,Yurt Dışı Personel Sayısı,,TL,BDDK Aylık Bülten - Excel
2024-02-01,2024,2,16,Diğer Bilgiler,7,,Yurt Dışı Personel Sayısı,,Adet,872,872.0,TL,BDDK Aylık Bülten - Excel
2024-03-01,2024,3,16,Diğer Bilgiler,1,,Banka Sayısı,,Unnamed: 0,Sektör,,TL,BDDK Aylık Bülten - Excel
2024-03-01,2024,3,16,Diğer Bilgiler,1,,Banka Sayısı,,Unnamed: 1,1,1.0,TL,BDDK Aylık Bülten - Excel
2024-03-01,2024,3,16,Diğer Bilgiler,1,,Banka Sayısı,,Diğer Bilgiler,Banka Sayısı,,TL,BDDK Aylık Bülten - Excel
2024-03-01,2024,3,16,Diğer Bilgiler,1,,Banka Sayısı,,Adet,62,62.0,TL,BDDK Aylık Bülten - Excel
2024-03-01,2024,3,16,Diğer Bilgiler,2,,Yurt İçi Şube Sayısı,,Unnamed: 0,Sektör,,TL,BDDK Aylık Bülten - Excel
2024-03-01,2024,3,16,Diğer Bilgiler,2,,Yurt İçi Şube Sayısı,,Unnamed: 1,2,2.0,TL,BDDK Aylık Bülten - Excel
2024-03-01,2024,3,16,Diğer Bilgiler,2,,Yurt İçi Şube Sayısı,,Diğer Bilgiler,Yurt İçi Şube Sayısı,,TL,BDDK Aylık Bülten - Excel
2024-03-01,2024,3,16,Diğer Bilgiler,2,,Yurt İçi Şube Sayısı,,Adet,10874,10874.0,TL,BDDK Aylık Bülten - Excel
2024-03-01,2024,3,16,Diğer Bilgiler,3,,Yurt Dışı Şube Sayısı,,Unnamed: 0,Sektör,,TL,BDDK Aylık Bülten - Excel
2024-03-01,2024,3,16,Diğer Bilgiler,3,,Yurt Dışı Şube Sayısı,,Unnamed: 1,3,3.0,TL,BDDK Aylık Bülten - Excel
2024-03-01,2024,3,16,Diğer Bilgiler,3,,Yurt Dışı Şube Sayısı,,Diğer Bilgiler,Yurt Dışı Şube Sayısı,,TL,BDDK Aylık Bülten - Excel
2024-03-01,2024,3,16,Diğer Bilgiler,3,,Yurt Dışı Şube Sayısı,,Adet,80,80.0,TL,BDDK Aylık Bülten - Excel
2024-03-01,2024,3,16,Diğer Bilgiler,4,,On-line Sistemine Dahil Şube Sayısı,,Unnamed: 0,Sektör,,TL,BDDK Aylık Bülten - Excel
2024-03-01,2024,3,16,Diğer Bilgiler,4,,On-line Sistemine Dahil Şube Sayısı,,Unnamed: 1,4,4.0,TL,BDDK Aylık Bülten - Excel
2024-03-01,2024,3,16,Diğer Bilgiler,4,,On-line Sistemine Dahil Şube Sayısı,,Diğer Bilgiler,On-line Sistemine Dahil Şube Sayısı,,TL,BDDK Aylık Bülten - Excel
2024-03-01,2024,3,16,Diğer Bilgiler,4,,On-line Sistemine Dahil Şube Sayısı,,Adet,10471,10471.0,TL,BDDK Aylık Bülten - Excel
2024-03-01,2024,3,16,Diğer Bilgiler,5,,ATM Sayısı,,Unnamed: 0,Sektör,,TL,BDDK Aylık Bülten - Excel
2024-03-01,2024,3,16,Diğer Bilgiler,5,,ATM Sayısı,,Unnamed: 1,5,5.0,TL,BDDK Aylık Bülten - Excel
2024-03-01,2024,3,16,Diğer Bilgiler,5,,ATM Sayısı,,Diğer Bilgiler,ATM Sayısı,,TL,BDDK Aylık Bülten - Excel
2024-03-01,2024,3,16,Diğer Bilgiler,5,,ATM Sayısı,,Adet,50219,50219.0,TL,BDDK Aylık Bülten - Excel
2024-03-01,2024,3,16,Diğer Bilgiler,6,,Yurt İçi Personel Sayısı,,Unnamed: 0,Sektör,,TL,BDDK Aylık Bülten - Excel
2024-03-01,2024,3,16,Diğer Bilgiler,6,,Yurt İçi Personel Sayısı,,Unnamed: 1,6,6.0,TL,BDDK Aylık Bülten - Excel
2024-03-01,2024,3,16,Diğer Bilgiler,6,,Yurt İçi Personel Sayısı,,Diğer Bilgiler,Yurt İçi Personel Sayısı,,TL,BDDK Aylık Bülten - Excel
2024-03-01,2024,3,16,Diğer Bilgiler,6,,Yurt İçi Personel Sayısı,,Adet,209434,209434.0,TL,BDDK Aylık Bülten - Excel
2024-03-01,2024,3,16,Diğer Bilgiler,7,,Yurt Dışı Personel Sayısı,,Unnamed: 0,Sektör,,TL,BDDK Aylık Bülten - Excel
2024-03-01,2024,3,16,Diğer Bilgiler,7,,Yurt Dışı Personel Sayısı,,Unnamed: 1,7,7.0,TL,BDDK Aylık Bülten - Excel
2024-03-01,2024,3,16,Diğer Bilgiler,7,,Yurt Dışı Personel Sayısı,,Diğer Bilgiler,Yurt Dışı Personel Sayısı,,TL,BDDK Aylık Bülten - Excel
2024-03-01,2024,3,16,Diğer Bilgiler,7,,Yurt Dışı Personel Sayısı,,Adet,907,907.0,TL,BDDK Aylık Bülten - Excel
2024-04-01,2024,4,16,Diğer Bilgiler,1,,Banka Sayısı,,Unnamed: 0,Sektör,,TL,BDDK Aylık Bülten - Excel
2024-04-01,2024,4,16,Diğer Bilgiler,1,,Banka Sayısı,,Unnamed: 1,1,1.0,TL,BDDK Aylık Bülten - Excel
2024-04-01,2024,4,16,Diğer Bilgiler,1,,Banka Sayısı,,Diğer Bilgiler,Banka Sayısı,,TL,BDDK Aylık Bülten - Excel
2024-04-01,2024,4,16,Diğer Bilgiler,1,,Banka Sayısı,,Adet,62,62.0,TL,BDDK Aylık Bülten - Excel
2024-04-01,2024,4,16,Diğer Bilgiler,2,,Yurt İçi Şube Sayısı,,Unnamed: 0,Sektör,,TL,BDDK Aylık Bülten - Excel
2024-04-01,2024,4,16,Diğer Bilgiler,2,,Yurt İçi Şube Sayısı,,Unnamed: 1,2,2.0,TL,BDDK Aylık Bülten - Excel
2024-04-01,2024,4,16,Diğer Bilgiler,2,,Yurt İçi Şube Sayısı,,Diğer Bilgiler,Yurt İçi Şube Sayısı,,TL,BDDK Aylık Bülten - Excel
2024-04-01,2024,4,16,Diğer Bilgiler,2,,Yurt İçi Şube Sayısı,,Adet,10856,10856.0,TL,BDDK Aylık Bülten - Excel
2024-04-01,2024,4,16,Diğer Bilgiler,3,,Yurt Dışı Şube Sayısı,,Unnamed: 0,Sektör,,TL,BDDK Aylık Bülten - Excel
2024-04-01,2024,4,16,Diğer Bilgiler,3,,Yurt Dışı Şube Sayısı,,Unnamed: 1,3,3.0,TL,BDDK Aylık Bülten - Excel
2024-04-01,2024,4,16,Diğer Bilgiler,3,,Yurt Dışı Şube Sayısı,,Diğer Bilgiler,Yurt Dışı Şube Sayısı,,TL,BDDK Aylık Bülten - Excel
2024-04-01,2024,4,16,Diğer Bilgiler,3,,Yurt Dışı Şube Sayısı,,Adet,80,80.0,TL,BDDK Aylık Bülten - Excel
2024-04-01,2024,4,16,Diğer Bilgiler,4,,On-line Sistemine Dahil Şube Sayısı,,Unnamed: 0,Sektör,,TL,BDDK Aylık Bülten - Excel
2024-04-01,2024,4,16,Diğer Bilgiler,4,,On-line Sistemine Dahil Şube Sayısı,,Unnamed: 1,4,4.0,TL,BDDK Aylık Bülten - Excel
2024-04-01,2024,4,16,Diğer Bilgiler,4,,On-line Sistemine Dahil Şube Sayısı,,Diğer Bilgiler,On-line Sistemine Dahil Şube Sayısı,,TL,BDDK Aylık Bülten - Excel
2024-04-01,2024,4,16,Diğer Bilgiler,4,,On-line Sistemine Dahil Şube Sayısı,,Adet,9392,9392.0,TL,BDDK Aylık Bülten - Excel
2024-04-01,2024,4,16,Diğer Bilgiler,5,,ATM Sayısı,,Unnamed: 0,Sektör,,TL,BDDK Aylık Bülten - Excel
2024-04-01,2024,4,16,Diğer Bilgiler,5,,ATM Sayısı,,Unnamed: 1,5,5.0,TL,BDDK Aylık Bülten - Excel
2024-04-01,2024,4,16,Diğer Bilgiler,5,,ATM Sayısı,,Diğer Bilgiler,ATM Sayısı,,TL,BDDK Aylık Bülten - Excel
2024-04-01,2024,4,16,Diğer Bilgiler,5,,ATM Sayısı,,Adet,50356,50356.0,TL,BDDK Aylık Bülten - Excel
2024-04-01,2024,4,16,Diğer Bilgiler,6,,Yurt İçi Personel Sayısı,,Unnamed: 0,Sektör,,TL,BDDK Aylık Bülten - Excel
2024-04-01,2024,4,16,Diğer Bilgiler,6,,Yurt İçi Personel Sayısı,,Unnamed: 1,6,6.0,TL,BDDK Aylık Bülten - Excel
2024-04-01,2024,4,16,Diğer Bilgiler,6,,Yurt İçi Personel Sayısı,,Diğer Bilgiler,Yurt İçi Personel Sayısı,,TL,BDDK Aylık Bülten - Excel
2024-04-01,2024,4,16,Diğer Bilgiler,6,,Yurt İçi Personel Sayısı,,Adet,209464,209464.0,TL,BDDK Aylık Bülten - Excel
2024-04-01,2024,4,16,Diğer Bilgiler,7,,Yurt Dışı Personel Sayısı,,Unnamed: 0,Sektör,,TL,BDDK Aylık Bülten - Excel
2024-04-01,2024,4,16,Diğer Bilgiler,7,,Yurt Dışı Personel Sayısı,,Unnamed: 1,7,7.0,TL,BDDK Aylık Bülten - Excel
2024-04-01,2024,4,16,Diğer Bilgiler,7,,Yurt Dışı Personel Sayısı,,Diğer Bilgiler,Yurt Dışı Personel Sayısı,,TL,BDDK Aylık Bülten - Excel
2024-04-01,2024,4,16,Diğer Bilgiler,7,,Yurt Dışı Personel Sayısı,,Adet,916,916.0,TL,BDDK Aylık Bülten - Excel
2024-05-01,2024,5,16,Diğer Bilgiler,1,,Banka Sayısı,,Unnamed: 0,Sektör,,TL,BDDK Aylık Bülten - Excel
2024-05-01,2024,5,16,Diğer Bilgiler,1,,Banka Sayısı,,Unnamed: 1,1,1.0,TL,BDDK Aylık Bülten - Excel
2024-05-01,2024,5,16,Diğer Bilgiler,1,,Banka Sayısı,,Diğer Bilgiler,Banka Sayısı,,TL,BDDK Aylık Bülten - Excel
2024-05-01,2024,5,16,Diğer Bilgiler,1,,Banka Sayısı,,Adet,62,62.0,TL,BDDK Aylık Bülten - Excel
2024-05-01,2024,5,16,Diğer Bilgiler,2,,Yurt İçi Şube Sayısı,,Unnamed: 0,Sektör,,TL,BDDK Aylık Bülten - Excel
2024-05-01,2024,5,16,Diğer Bilgiler,2,,Yurt İçi Şube Sayısı,,Unnamed: 1,2,2.0,TL,BDDK Aylık Bülten - Excel
2024-05-01,2024,5,16,Diğer Bilgiler,2,,Yurt İçi Şube Sayısı,,Diğer Bilgiler,Yurt İçi Şube Sayısı,,TL,BDDK Aylık Bülten - Excel
2024-05-01,2024,5,16,Diğer Bilgiler,2,,Yurt İçi Şube Sayısı,,Adet,10866,10866.0,TL,BDDK Aylık Bülten - Excel
2024-05-01,2024,5,16,Diğer Bilgiler,3,,Yurt Dışı Şube Sayısı,,Unnamed: 0,Sektör,,TL,BDDK Aylık Bülten - Excel
2024-05-01,2024,5,16,Diğer Bilgiler,3,,Yurt Dışı Şube Sayısı,,Unnamed: 1,3,3.0,TL,BDDK Aylık Bülten - Excel
2024-05-01,2024,5,16,Diğer Bilgiler,3,,Yurt Dışı Şube Sayısı,,Diğer Bilgiler,Yurt Dışı Şube Sayısı,,TL,BDDK Aylık Bülten - Excel
2024-05-01,2024,5,16,Diğer Bilgiler,3,,Yurt Dışı Şube Sayısı,,Adet,81,81.0,TL,BDDK Aylık Bülten - Excel
2024-05-01,2024,5,16,Diğer Bilgiler,4,,On-line Sistemine Dahil Şube Sayısı,,Unnamed: 0,Sektör,,TL,BDDK Aylık Bülten - Excel
2024-05-01,2024,5,16,Diğer Bilgiler,4,,On-line Sistemine Dahil Şube Sayısı,,Unnamed: 1,4,4.0,TL,BDDK Aylık Bülten - Excel
2024-05-01,2024,5,16,Diğer Bilgiler,4,,On-line Sistemine Dahil Şube Sayısı,,Diğer Bilgiler,On-line Sistemine Dahil Şube Sayısı,,TL,BDDK Aylık Bülten - Excel
2024-05-01,2024,5,16,Diğer Bilgiler,4,,On-line Sistemine Dahil Şube Sayısı,,Adet,9386,9386.0,TL,BDDK Aylık Bülten - Excel
2024-05-01,2024,5,16,Diğer Bilgiler,5,,ATM Sayısı,,Unnamed: 0,Sektör,,TL,BDDK Aylık Bülten - Excel
2024-05-01,2024,5,16,Diğer Bilgiler,5,,ATM Sayısı,,Unnamed: 1,5,5.0,TL,BDDK Aylık Bülten - Excel
2024-05-01,2024,5,16,Diğer Bilgiler,5,,ATM Sayısı,,Diğer Bilgiler,ATM Sayısı,,TL,BDDK Aylık Bülten - Excel
2024-05-01,2024,5,16,Diğer Bilgiler,5,,ATM Sayısı,,Adet,50510,50510.0,TL,BDDK Aylık Bülten - Excel
2024-05-01,2024,5,16,Diğer Bilgiler,6,,Yurt İçi Personel Sayısı,,Unnamed: 0,Sektör,,TL,BDDK Aylık Bülten - Excel
2024-05-01,2024,5,16,Diğer Bilgiler,6,,Yurt İçi Personel Sayısı,,Unnamed: 1,6,6.0,TL,BDDK Aylık Bülten - Excel
2024-05-01,2024,5,16,Diğer Bilgiler,6,,Yurt İçi Personel Sayısı,,Diğer Bilgiler,Yurt İçi Personel Sayısı,,TL,BDDK Aylık Bülten - Excel
2024-05-01,2024,5,16,Diğer Bilgiler,6,,Yurt İçi Personel Sayısı,,Adet,209227,209227.0,TL,BDDK Aylık Bülten - Excel
2024-05-01,2024,5,16,Diğer Bilgiler,7,,Yurt Dışı Personel Sayısı,,Unnamed: 0,Sektör,,TL,BDDK Aylık Bülten - Excel
2024-05-01,2024,5,16,Diğer Bilgiler,7,,Yurt Dışı Personel Sayısı,,Unnamed: 1,7,7.0,TL,BDDK Aylık Bülten - Excel
2024-05-01,2024,5,16,Diğer Bilgiler,7,,Yurt Dışı Personel Sayısı,,Diğer Bilgiler,Yurt Dışı Personel Sayısı,,TL,BDDK Aylık Bülten - Excel
2024-05-01,2024,5,16,Diğer Bilgiler,7,,Yurt Dışı Personel Sayısı,,Adet,917,917.0,TL,BDDK Aylık Bülten - Excel
2024-06-01,2024,6,16,Diğer Bilgiler,1,,Banka Sayısı,,Unnamed: 0,Sektör,,TL,BDDK Aylık Bülten - Excel
2024-06-01,2024,6,16,Diğer Bilgiler,1,,Banka Sayısı,,Unnamed: 1,1,1.0,TL,BDDK Aylık Bülten - Excel
2024-06-01,2024,6,16,Diğer Bilgiler,1,,Banka Sayısı,,Diğer Bilgiler,Banka Sayısı,,TL,BDDK Aylık Bülten - Excel
2024-06-01,2024,6,16,Diğer Bilgiler,1,,Banka Sayısı,,Adet,62,62.0,TL,BDDK Aylık Bülten - Excel
2024-06-01,2024,6,16,Diğer Bilgiler,2,,Yurt İçi Şube Sayısı,,Unnamed: 0,Sektör,,TL,BDDK Aylık Bülten - Excel
2024-06-01,2024,6,16,Diğer Bilgiler,2,,Yurt İçi Şube Sayısı,,Unnamed: 1,2,2.0,TL,BDDK Aylık Bülten - Excel
2024-06-01,2024,6,16,Diğer Bilgiler,2,,Yurt İçi Şube Sayısı,,Diğer Bilgiler,Yurt İçi Şube Sayısı,,TL,BDDK Aylık Bülten - Excel
2024-06-01,2024,6,16,Diğer Bilgiler,2,,Yurt İçi Şube Sayısı,,Adet,10857,10857.0,TL,BDDK Aylık Bülten - Excel
2024-06-01,2024,6,16,Diğer Bilgiler,3,,Yurt Dışı Şube Sayısı,,Unnamed: 0,Sektör,,TL,BDDK Aylık Bülten - Excel
2024-06-01,2024,6,16,Diğer Bilgiler,3,,Yurt Dışı Şube Sayısı,,Unnamed: 1,3,3.0,TL,BDDK Aylık Bülten - Excel
2024-06-01,2024,6,16,Diğer Bilgiler,3,,Yurt Dışı Şube Sayısı,,Diğer Bilgiler,Yurt Dışı Şube Sayısı,,TL,BDDK Aylık Bülten - Excel
2024-06-01,2024,6,16,Diğer Bilgiler,3,,Yurt Dışı Şube Sayısı,,Adet,81,81.0,TL,BDDK Aylık Bülten - Excel
2024-06-01,2024,6,16,Diğer Bilgiler,4,,On-line Sistemine Dahil Şube Sayısı,,Unnamed: 0,Sektör,,TL,BDDK Aylık Bülten - Excel
2024-06-01,2024,6,16,Diğer Bilgiler,4,,On-line Sistemine Dahil Şube Sayısı,,Unnamed: 1,4,4.0,TL,BDDK Aylık Bülten - Excel
2024-06-01,2024,6,16,Diğer Bilgiler,4,,On-line Sistemine Dahil Şube Sayısı,,Diğer Bilgiler,On-line Sistemine Dahil Şube Sayısı,,TL,BDDK Aylık Bülten - Excel
2024-06-01,2024,6,16,Diğer Bilgiler,4,,On-line Sistemine Dahil Şube Sayısı,,Adet,10437,10437.0,TL,BDDK Aylık Bülten - Excel
2024-06-01,2024,6,16,Diğer Bilgiler,5,,ATM Sayısı,,Unnamed: 0,Sektör,,TL,BDDK Aylık Bülten - Excel
2024-06-01,2024,6,16,Diğer Bilgiler,5,,ATM Sayısı,,Unnamed: 1,5,5.0,TL,BDDK Aylık Bülten - Excel
2024-06-01,2024,6,16,Diğer Bilgiler,5,,ATM Sayısı,,Diğer Bilgiler,ATM Sayısı,,TL,BDDK Aylık Bülten - Excel
2024-06-01,2024,6,16,Diğer Bilgiler,5,,ATM Sayısı,,Adet,50668,50668.0,TL,BDDK Aylık Bülten - Excel
2024-06-01,2024,6,16,Diğer Bilgiler,6,,Yurt İçi Personel Sayısı,,Unnamed: 0,Sektör,,TL,BDDK Aylık Bülten - Excel
2024-06-01,2024,6,16,Diğer Bilgiler,6,,Yurt İçi Personel Sayısı,,Unnamed: 1,6,6.0,TL,BDDK Aylık Bülten - Excel
2024-06-01,2024,6,16,Diğer Bilgiler,6,,Yurt İçi Personel Sayısı,,Diğer Bilgiler,Yurt İçi Personel Sayısı,,TL,BDDK Aylık Bülten - Excel
2024-06-01,2024,6,16,Diğer Bilgiler,6,,Yurt İçi Personel Sayısı,,Adet,209294,209294.0,TL,BDDK Aylık Bülten - Excel
2024-06-01,2024,6,16,Diğer Bilgiler,7,,Yurt Dışı Personel Sayısı,,Unnamed: 0,Sektör,,TL,BDDK Aylık Bülten - Excel
2024-06-01,2024,6,16,Diğer Bilgiler,7,,Yurt Dışı Personel Sayısı,,Unnamed: 1,7,7.0,TL,BDDK Aylık Bülten - Excel
2024-06-01,2024,6,16,Diğer Bilgiler,7,,Yurt Dışı Personel Sayısı,,Diğer Bilgiler,Yurt Dışı Personel Sayısı,,TL,BDDK Aylık Bülten - Excel
2024-06-01,2024,6,16,Diğer Bilgiler,7,,Yurt Dışı Personel Sayısı,,Adet,916,916.0,TL,BDDK Aylık Bülten - Excel
2024-07-01,2024,7,16,Diğer Bilgiler,1,,Banka Sayısı,,Unnamed: 0,Sektör,,TL,BDDK Aylık Bülten - Excel
2024-07-01,2024,7,16,Diğer Bilgiler,1,,Banka Sayısı,,Unnamed: 1,1,1.0,TL,BDDK Aylık Bülten - Excel
2024-07-01,2024,7,16,Diğer Bilgiler,1,,Banka Sayısı,,Diğer Bilgiler,Banka Sayısı,,TL,BDDK Aylık Bülten - Excel
2024-07-01,2024,7,16,Diğer Bilgiler,1,,Banka Sayısı,,Adet,62,62.0,TL,BDDK Aylık Bülten - Excel
2024-07-01,2024,7,16,Diğer Bilgiler,2,,Yurt İçi Şube Sayısı,,Unnamed: 0,Sektör,,TL,BDDK Aylık Bülten - Excel
2024-07-01,2024,7,16,Diğer Bilgiler,2,,Yurt İçi Şube Sayısı,,Unnamed: 1,2,2.0,TL,BDDK Aylık Bülten - Excel
2024-07-01,2024,7,16,Diğer Bilgiler,2,,Yurt İçi Şube Sayısı,,Diğer Bilgiler,Yurt İçi Şube Sayısı,,TL,BDDK Aylık Bülten - Excel
2024-07-01,2024,7,16,Diğer Bilgiler,2,,Yurt İçi Şube Sayısı,,Adet,10858,10858.0,TL,BDDK Aylık Bülten - Excel
2024-07-01,2024,7,16,Diğer Bilgiler,3,,Yurt Dışı Şube Sayısı,,Unnamed: 0,Sektör,,TL,BDDK Aylık Bülten - Excel
2024-07-01,2024,7,16,Diğer Bilgiler,3,,Yurt Dışı Şube Sayısı,,Unnamed: 1,3,3.0,TL,BDDK Aylık Bülten - Excel
2024-07-01,2024,7,16,Diğer Bilgiler,3,,Yurt Dışı Şube Sayısı,,Diğer Bilgiler,Yurt Dışı Şube Sayısı,,TL,BDDK Aylık Bülten - Excel
2024-07-01,2024,7,16,Diğer Bilgiler,3,,Yurt Dışı Şube Sayısı,,Adet,81,81.0,TL,BDDK Aylık Bülten - Excel
2024-07-01,2024,7,16,Diğer Bilgiler,4,,On-line Sistemine Dahil Şube Sayısı,,Unnamed: 0,Sektör,,TL,BDDK Aylık Bülten - Excel
2024-07-01,2024,7,16,Diğer Bilgiler,4,,On-line Sistemine Dahil Şube Sayısı,,Unnamed: 1,4,4.0,TL,BDDK Aylık Bülten - Excel
2024-07-01,2024,7,16,Diğer Bilgiler,4,,On-line Sistemine Dahil Şube Sayısı,,Diğer Bilgiler,On-line Sistemine Dahil Şube Sayısı,,TL,BDDK Aylık Bülten - Excel
2024-07-01,2024,7,16,Diğer Bilgiler,4,,On-line Sistemine Dahil Şube Sayısı,,Adet,10435,10435.0,TL,BDDK Aylık Bülten - Excel
2024-07-01,2024,7,16,Diğer Bilgiler,5,,ATM Sayısı,,Unnamed: 0,Sektör,,TL,BDDK Aylık Bülten - Excel
2024-07-01,2024,7,16,Diğer Bilgiler,5,,ATM Sayısı,,Unnamed: 1,5,5.0,TL,BDDK Aylık Bülten - Excel
2024-07-01,2024,7,16,Diğer Bilgiler,5,,ATM Sayısı,,Diğer Bilgiler,ATM Sayısı,,TL,BDDK Aylık Bülten - Excel
2024-07-01,2024,7,16,Diğer Bilgiler,5,,ATM Sayısı,,Adet,50779,50779.0,TL,BDDK Aylık Bülten - Excel
2024-07-01,2024,7,16,Diğer Bilgiler,6,,Yurt İçi Personel Sayısı,,Unnamed: 0,Sektör,,TL,BDDK Aylık Bülten - Excel
2024-07-01,2024,7,16,Diğer Bilgiler,6,,Yurt İçi Personel Sayısı,,Unnamed: 1,6,6.0,TL,BDDK Aylık Bülten - Excel
2024-07-01,2024,7,16,Diğer Bilgiler,6,,Yurt İçi Personel Sayısı,,Diğer Bilgiler,Yurt İçi Personel Sayısı,,TL,BDDK Aylık Bülten - Excel
2024-07-01,2024,7,16,Diğer Bilgiler,6,,Yurt İçi Personel Sayısı,,Adet,209352,209352.0,TL,BDDK Aylık Bülten - Excel
2024-07-01,2024,7,16,Diğer Bilgiler,7,,Yurt Dışı Personel Sayısı,,Unnamed: 0,Sektör,,TL,BDDK Aylık Bülten - Excel
2024-07-01,2024,7,16,Diğer Bilgiler,7,,Yurt Dışı Personel Sayısı,,Unnamed: 1,7,7.0,TL,BDDK Aylık Bülten - Excel
2024-07-01,2024,7,16,Diğer Bilgiler,7,,Yurt Dışı Personel Sayısı,,Diğer Bilgiler,Yurt Dışı Personel Sayısı,,TL,BDDK Aylık Bülten - Excel
2024-07-01,2024,7,16,Diğer Bilgiler,7,,Yurt Dışı Personel Sayısı,,Adet,914,914.0,TL,BDDK Aylık Bülten - Excel
2024-08-01,2024,8,16,Diğer Bilgiler,1,,Banka Sayısı,,Unnamed: 0,Sektör,,TL,BDDK Aylık Bülten - Excel
2024-08-01,2024,8,16,Diğer Bilgiler,1,,Banka Sayısı,,Unnamed: 1,1,1.0,TL,BDDK Aylık Bülten - Excel
2024-08-01,2024,8,16,Diğer Bilgiler,1,,Banka Sayısı,,Diğer Bilgiler,Banka Sayısı,,TL,BDDK Aylık Bülten - Excel
2024-08-01,2024,8,16,Diğer Bilgiler,1,,Banka Sayısı,,Adet,62,62.0,TL,BDDK Aylık Bülten - Excel
2024-08-01,2024,8,16,Diğer Bilgiler,2,,Yurt İçi Şube Sayısı,,Unnamed: 0,Sektör,,TL,BDDK Aylık Bülten - Excel
2024-08-01,2024,8,16,Diğer Bilgiler,2,,Yurt İçi Şube Sayısı,,Unnamed: 1,2,2.0,TL,BDDK Aylık Bülten - Excel
2024-08-01,2024,8,16,Diğer Bilgiler,2,,Yurt İçi Şube Sayısı,,Diğer Bilgiler,Yurt İçi Şube Sayısı,,TL,BDDK Aylık Bülten - Excel
2024-08-01,2024,8,16,Diğer Bilgiler,2,,Yurt İçi Şube Sayısı,,Adet,10872,10872.0,TL,BDDK Aylık Bülten - Excel
2024-08-01,2024,8,16,Diğer Bilgiler,3,,Yurt Dışı Şube Sayısı,,Unnamed: 0,Sektör,,TL,BDDK Aylık Bülten - Excel
2024-08-01,2024,8,16,Diğer Bilgiler,3,,Yurt Dışı Şube Sayısı,,Unnamed: 1,3,3.0,TL,BDDK Aylık Bülten - Excel
2024-08-01,2024,8,16,Diğer Bilgiler,3,,Yurt Dışı Şube Sayısı,,Diğer Bilgiler,Yurt Dışı Şube Sayısı,,TL,BDDK Aylık Bülten - Excel
2024-08-01,2024,8,16,Diğer Bilgiler,3,,Yurt Dışı Şube Sayısı,,Adet,81,81.0,TL,BDDK Aylık Bülten - Excel
2024-08-01,2024,8,16,Diğer Bilgiler,4,,On-line Sistemine Dahil Şube Sayısı,,Unnamed: 0,Sektör,,TL,BDDK Aylık Bülten - Excel
2024-08-01,2024,8,16,Diğer Bilgiler,4,,On-line Sistemine Dahil Şube Sayısı,,Unnamed: 1,4,4.0,TL,BDDK Aylık Bülten - Excel
2024-08-01,2024,8,16,Diğer Bilgiler,4,,On-line Sistemine Dahil Şube Sayısı,,Diğer Bilgiler,On-line Sistemine Dahil Şube Sayısı,,TL,BDDK Aylık Bülten - Excel
2024-08-01,2024,8,16,Diğer Bilgiler,4,,On-line Sistemine Dahil Şube Sayısı,,Adet,10447,10447.0,TL,BDDK Aylık Bülten - Excel
2024-08-01,2024,8,16,Diğer Bilgiler,5,,ATM Sayısı,,Unnamed: 0,Sektör,,TL,BDDK Aylık Bülten - Excel
2024-08-01,2024,8,16,Diğer Bilgiler,5,,ATM Sayısı,,Unnamed: 1,5,5.0,TL,BDDK Aylık Bülten - Excel
2024-08-01,2024,8,16,Diğer Bilgiler,5,,ATM Sayısı,,Diğer Bilgiler,ATM Sayısı,,TL,BDDK Aylık Bülten - Excel
2024-08-01,2024,8,16,Diğer Bilgiler,5,,ATM Sayısı,,Adet,50863,50863.0,TL,BDDK Aylık Bülten - Excel
2024-08-01,2024,8,16,Diğer Bilgiler,6,,Yurt İçi Personel Sayısı,,Unnamed: 0,Sektör,,TL,BDDK Aylık Bülten - Excel
2024-08-01,2024,8,16,Diğer Bilgiler,6,,Yurt İçi Personel Sayısı,,Unnamed: 1,6,6.0,TL,BDDK Aylık Bülten - Excel
2024-08-01,2024,8,16,Diğer Bilgiler,6,,Yurt İçi Personel Sayısı,,Diğer Bilgiler,Yurt İçi Personel Sayısı,,TL,BDDK Aylık Bülten - Excel
2024-08-01,2024,8,16,Diğer Bilgiler,6,,Yurt İçi Personel Sayısı,,Adet,208910,208910.0,TL,BDDK Aylık Bülten - Excel
2024-08-01,2024,8,16,Diğer Bilgiler,7,,Yurt Dışı Personel Sayısı,,Unnamed: 0,Sektör,,TL,BDDK Aylık Bülten - Excel
2024-08-01,2024,8,16,Diğer Bilgiler,7,,Yurt Dışı Personel Sayısı,,Unnamed: 1,7,7.0,TL,BDDK Aylık Bülten - Excel
2024-08-01,2024,8,16,Diğer Bilgiler,7,,Yurt Dışı Personel Sayısı,,Diğer Bilgiler,Yurt Dışı Personel Sayısı,,TL,BDDK Aylık Bülten - Excel
2024-08-01,2024,8,16,Diğer Bilgiler,7,,Yurt Dışı Personel Sayısı,,Adet,922,922.0,TL,BDDK Aylık Bülten - Excel
2024-09-01,2024,9,16,Diğer Bilgiler,1,,Banka Sayısı,,Unnamed: 0,Sektör,,TL,BDDK Aylık Bülten - Excel
2024-09-01,2024,9,16,Diğer Bilgiler,1,,Banka Sayısı,,Unnamed: 1,1,1.0,TL,BDDK Aylık Bülten - Excel
2024-09-01,2024,9,16,Diğer Bilgiler,1,,Banka Sayısı,,Diğer Bilgiler,Banka Sayısı,,TL,BDDK Aylık Bülten - Excel
2024-09-01,2024,9,16,Diğer Bilgiler,1,,Banka Sayısı,,Adet,62,62.0,TL,BDDK Aylık Bülten - Excel
2024-09-01,2024,9,16,Diğer Bilgiler,2,,Yurt İçi Şube Sayısı,,Unnamed: 0,Sektör,,TL,BDDK Aylık Bülten - Excel
2024-09-01,2024,9,16,Diğer Bilgiler,2,,Yurt İçi Şube Sayısı,,Unnamed: 1,2,2.0,TL,BDDK Aylık Bülten - Excel
2024-09-01,2024,9,16,Diğer Bilgiler,2,,Yurt İçi Şube Sayısı,,Diğer Bilgiler,Yurt İçi Şube Sayısı,,TL,BDDK Aylık Bülten - Excel
2024-09-01,2024,9,16,Diğer Bilgiler,2,,Yurt İçi Şube Sayısı,,Adet,10877,10877.0,TL,BDDK Aylık Bülten - Excel
2024-09-01,2024,9,16,Diğer Bilgiler,3,,Yurt Dışı Şube Sayısı,,Unnamed: 0,Sektör,,TL,BDDK Aylık Bülten - Excel
2024-09-01,2024,9,16,Diğer Bilgiler,3,,Yurt Dışı Şube Sayısı,,Unnamed: 1,3,3.0,TL,BDDK Aylık Bülten - Excel
2024-09-01,2024,9,16,Diğer Bilgiler,3,,Yurt Dışı Şube Sayısı,,Diğer Bilgiler,Yurt Dışı Şube Sayısı,,TL,BDDK Aylık Bülten - Excel
2024-09-01,2024,9,16,Diğer Bilgiler,3,,Yurt Dışı Şube Sayısı,,Adet,81,81.0,TL,BDDK Aylık Bülten - Excel
2024-09-01,2024,9,16,Diğer Bilgiler,4,,On-line Sistemine Dahil Şube Sayısı,,Unnamed: 0,Sektör,,TL,BDDK Aylık Bülten - Excel
2024-09-01,2024,9,16,Diğer Bilgiler,4,,On-line Sistemine Dahil Şube Sayısı,,Unnamed: 1,4,4.0,TL,BDDK Aylık Bülten - Excel
2024-09-01,2024,9,16,Diğer Bilgiler,4,,On-line Sistemine Dahil Şube Sayısı,,Diğer Bilgiler,On-line Sistemine Dahil Şube Sayısı,,TL,BDDK Aylık Bülten - Excel
2024-09-01,2024,9,16,Diğer Bilgiler,4,,On-line Sistemine Dahil Şube Sayısı,,Adet,10444,10444.0,TL,BDDK Aylık Bülten - Excel
2024-09-01,2024,9,16,Diğer Bilgiler,5,,ATM Sayısı,,Unnamed: 0,Sektör,,TL,BDDK Aylık Bülten - Excel
2024-09-01,2024,9,16,Diğer Bilgiler,5,,ATM Sayısı,,Unnamed: 1,5,5.0,TL,BDDK Aylık Bülten - Excel
2024-09-01,2024,9,16,Diğer Bilgiler,5,,ATM Sayısı,,Diğer Bilgiler,ATM Sayısı,,TL,BDDK Aylık Bülten - Excel
2024-09-01,2024,9,16,Diğer Bilgiler,5,,ATM Sayısı,,Adet,50998,50998.0,TL,BDDK Aylık Bülten - Excel
2024-09-01,2024,9,16,Diğer Bilgiler,6,,Yurt İçi Personel Sayısı,,Unnamed: 0,Sektör,,TL,BDDK Aylık Bülten - Excel
2024-09-01,2024,9,16,Diğer Bilgiler,6,,Yurt İçi Personel Sayısı,,Unnamed: 1,6,6.0,TL,BDDK Aylık Bülten - Excel
2024-09-01,2024,9,16,Diğer Bilgiler,6,,Yurt İçi Personel Sayısı,,Diğer Bilgiler,Yurt İçi Personel Sayısı,,TL,BDDK Aylık Bülten - Excel
2024-09-01,2024,9,16,Diğer Bilgiler,6,,Yurt İçi Personel Sayısı,,Adet,208548,208548.0,TL,BDDK Aylık Bülten - Excel
2024-09-01,2024,9,16,Diğer Bilgiler,7,,Yurt Dışı Personel Sayısı,,Unnamed: 0,Sektör,,TL,BDDK Aylık Bülten - Excel
2024-09-01,2024,9,16,Diğer Bilgiler,7,,Yurt Dışı Personel Sayısı,,Unnamed: 1,7,7.0,TL,BDDK Aylık Bülten - Excel
2024-09-01,2024,9,16,Diğer Bilgiler,7,,Yurt Dışı Personel Sayısı,,Diğer Bilgiler,Yurt Dışı Personel Sayısı,,TL,BDDK Aylık Bülten - Excel
2024-09-01,2024,9,16,Diğer Bilgiler,7,,Yurt Dışı Personel Sayısı,,Adet,935,935.0,TL,BDDK Aylık Bülten - Excel
2024-10-01,2024,10,16,Diğer Bilgiler,1,,Banka Sayısı,,Unnamed: 0,Sektör,,TL,BDDK Aylık Bülten - Excel
2024-10-01,2024,10,16,Diğer Bilgiler,1,,Banka Sayısı,,Unnamed: 1,1,1.0,TL,BDDK Aylık Bülten - Excel
2024-10-01,2024,10,16,Diğer Bilgiler,1,,Banka Sayısı,,Diğer Bilgiler,Banka Sayısı,,TL,BDDK Aylık Bülten - Excel
2024-10-01,2024,10,16,Diğer Bilgiler,1,,Banka Sayısı,,Adet,62,62.0,TL,BDDK Aylık Bülten - Excel
2024-10-01,2024,10,16,Diğer Bilgiler,2,,Yurt İçi Şube Sayısı,,Unnamed: 0,Sektör,,TL,BDDK Aylık Bülten - Excel
2024-10-01,2024,10,16,Diğer Bilgiler,2,,Yurt İçi Şube Sayısı,,Unnamed: 1,2,2.0,TL,BDDK Aylık Bülten - Excel
2024-10-01,2024,10,16,Diğer Bilgiler,2,,Yurt İçi Şube Sayısı,,Diğer Bilgiler,Yurt İçi Şube Sayısı,,TL,BDDK Aylık Bülten - Excel
2024-10-01,2024,10,16,Diğer Bilgiler,2,,Yurt İçi Şube Sayısı,,Adet,10849,10849.0,TL,BDDK Aylık Bülten - Excel
2024-10-01,2024,10,16,Diğer Bilgiler,3,,Yurt Dışı Şube Sayısı,,Unnamed: 0,Sektör,,TL,BDDK Aylık Bülten - Excel
2024-10-01,2024,10,16,Diğer Bilgiler,3,,Yurt Dışı Şube Sayısı,,Unnamed: 1,3,3.0,TL,BDDK Aylık Bülten - Excel
2024-10-01,2024,10,16,Diğer Bilgiler,3,,Yurt Dışı Şube Sayısı,,Diğer Bilgiler,Yurt Dışı Şube Sayısı,,TL,BDDK Aylık Bülten - Excel
2024-10-01,2024,10,16,Diğer Bilgiler,3,,Yurt Dışı Şube Sayısı,,Adet,81,81.0,TL,BDDK Aylık Bülten - Excel
2024-10-01,2024,10,16,Diğer Bilgiler,4,,On-line Sistemine Dahil Şube Sayısı,,Unnamed: 0,Sektör,,TL,BDDK Aylık Bülten - Excel
2024-10-01,2024,10,16,Diğer Bilgiler,4,,On-line Sistemine Dahil Şube Sayısı,,Unnamed: 1,4,4.0,TL,BDDK Aylık Bülten - Excel
2024-10-01,2024,10,16,Diğer Bilgiler,4,,On-line Sistemine Dahil Şube Sayısı,,Diğer Bilgiler,On-line Sistemine Dahil Şube Sayısı,,TL,BDDK Aylık Bülten - Excel
2024-10-01,2024,10,16,Diğer Bilgiler,4,,On-line Sistemine Dahil Şube Sayısı,,Adet,10418,10418.0,TL,BDDK Aylık Bülten - Excel
2024-10-01,2024,10,16,Diğer Bilgiler,5,,ATM Sayısı,,Unnamed: 0,Sektör,,TL,BDDK Aylık Bülten - Excel
2024-10-01,2024,10,16,Diğer Bilgiler,5,,ATM Sayısı,,Unnamed: 1,5,5.0,TL,BDDK Aylık Bülten - Excel
2024-10-01,2024,10,16,Diğer Bilgiler,5,,ATM Sayısı,,Diğer Bilgiler,ATM Sayısı,,TL,BDDK Aylık Bülten - Excel
2024-10-01,2024,10,16,Diğer Bilgiler,5,,ATM Sayısı,,Adet,51301,51301.0,TL,BDDK Aylık Bülten - Excel
2024-10-01,2024,10,16,Diğer Bilgiler,6,,Yurt İçi Personel Sayısı,,Unnamed: 0,Sektör,,TL,BDDK Aylık Bülten - Excel
2024-10-01,2024,10,16,Diğer Bilgiler,6,,Yurt İçi Personel Sayısı,,Unnamed: 1,6,6.0,TL,BDDK Aylık Bülten - Excel
2024-10-01,2024,10,16,Diğer Bilgiler,6,,Yurt İçi Personel Sayısı,,Diğer Bilgiler,Yurt İçi Personel Sayısı,,TL,BDDK Aylık Bülten - Excel
2024-10-01,2024,10,16,Diğer Bilgiler,6,,Yurt İçi Personel Sayısı,,Adet,208875,208875.0,TL,BDDK Aylık Bülten - Excel
2024-10-01,2024,10,16,Diğer Bilgiler,7,,Yurt Dışı Personel Sayısı,,Unnamed: 0,Sektör,,TL,BDDK Aylık Bülten - Excel
2024-10-01,2024,10,16,Diğer Bilgiler,7,,Yurt Dışı Personel Sayısı,,Unnamed: 1,7,7.0,TL,BDDK Aylık Bülten - Excel
2024-10-01,2024,10,16,Diğer Bilgiler,7,,Yurt Dışı Personel Sayısı,,Diğer Bilgiler,Yurt Dışı Personel Sayısı,,TL,BDDK Aylık Bülten - Excel
2024-10-01,2024,10,16,Diğer Bilgiler,7,,Yurt Dışı Personel Sayısı,,Adet,939,939.0,TL,BDDK Aylık Bülten - Excel
2024-11-01,2024,11,16,Diğer Bilgiler,1,,Banka Sayısı,,Unnamed: 0,Sektör,,TL,BDDK Aylık Bülten - Excel
2024-11-01,2024,11,16,Diğer Bilgiler,1,,Banka Sayısı,,Unnamed: 1,1,1.0,TL,BDDK Aylık Bülten - Excel
2024-11-01,2024,11,16,Diğer Bilgiler,1,,Banka Sayısı,,Diğer Bilgiler,Banka Sayısı,,TL,BDDK Aylık Bülten - Excel
2024-11-01,2024,11,16,Diğer Bilgiler,1,,Banka Sayısı,,Adet,62,62.0,TL,BDDK Aylık Bülten - Excel
2024-11-01,2024,11,16,Diğer Bilgiler,2,,Yurt İçi Şube Sayısı,,Unnamed: 0,Sektör,,TL,BDDK Aylık Bülten - Excel
2024-11-01,2024,11,16,Diğer Bilgiler,2,,Yurt İçi Şube Sayısı,,Unnamed: 1,2,2.0,TL,BDDK Aylık Bülten - Excel
2024-11-01,2024,11,16,Diğer Bilgiler,2,,Yurt İçi Şube Sayısı,,Diğer Bilgiler,Yurt İçi Şube Sayısı,,TL,BDDK Aylık Bülten - Excel
2024-11-01,2024,11,16,Diğer Bilgiler,2,,Yurt İçi Şube Sayısı,,Adet,10831,10831.0,TL,BDDK Aylık Bülten - Excel
2024-11-01,2024,11,16,Diğer Bilgiler,3,,Yurt Dışı Şube Sayısı,,Unnamed: 0,Sektör,,TL,BDDK Aylık Bülten - Excel
2024-11-01,2024,11,16,Diğer Bilgiler,3,,Yurt Dışı Şube Sayısı,,Unnamed: 1,3,3.0,TL,BDDK Aylık Bülten - Excel
2024-11-01,2024,11,16,Diğer Bilgiler,3,,Yurt Dışı Şube Sayısı,,Diğer Bilgiler,Yurt Dışı Şube Sayısı,,TL,BDDK Aylık Bülten - Excel
2024-11-01,2024,11,16,Diğer Bilgiler,3,,Yurt Dışı Şube Sayısı,,Adet,83,83.0,TL,BDDK Aylık Bülten - Excel
2024-11-01,2024,11,16,Diğer Bilgiler,4,,On-line Sistemine Dahil Şube Sayısı,,Unnamed: 0,Sektör,,TL,BDDK Aylık Bülten - Excel
2024-11-01,2024,11,16,Diğer Bilgiler,4,,On-line Sistemine Dahil Şube Sayısı,,Unnamed: 1,4,4.0,TL,BDDK Aylık Bülten - Excel
2024-11-01,2024,11,16,Diğer Bilgiler,4,,On-line Sistemine Dahil Şube Sayısı,,Diğer Bilgiler,On-line Sistemine Dahil Şube Sayısı,,TL,BDDK Aylık Bülten - Excel
2024-11-01,2024,11,16,Diğer Bilgiler,4,,On-line Sistemine Dahil Şube Sayısı,,Adet,10402,10402.0,TL,BDDK Aylık Bülten - Excel
2024-11-01,2024,11,16,Diğer Bilgiler,5,,ATM Sayısı,,Unnamed: 0,Sektör,,TL,BDDK Aylık Bülten - Excel
2024-11-01,2024,11,16,Diğer Bilgiler,5,,ATM Sayısı,,Unnamed: 1,5,5.0,TL,BDDK Aylık Bülten - Excel
2024-11-01,2024,11,16,Diğer Bilgiler,5,,ATM Sayısı,,Diğer Bilgiler,ATM Sayısı,,TL,BDDK Aylık Bülten - Excel
2024-11-01,2024,11,16,Diğer Bilgiler,5,,ATM Sayısı,,Adet,51485,51485.0,TL,BDDK Aylık Bülten - Excel
2024-11-01,2024,11,16,Diğer Bilgiler,6,,Yurt İçi Personel Sayısı,,Unnamed: 0,Sektör,,TL,BDDK Aylık Bülten - Excel
2024-11-01,2024,11,16,Diğer Bilgiler,6,,Yurt İçi Personel Sayısı,,Unnamed: 1,6,6.0,TL,BDDK Aylık Bülten - Excel
2024-11-01,2024,11,16,Diğer Bilgiler,6,,Yurt İçi Personel Sayısı,,Diğer Bilgiler,Yurt İçi Personel Sayısı,,TL,BDDK Aylık Bülten - Excel
2024-11-01,2024,11,16,Diğer Bilgiler,6,,Yurt İçi Personel Sayısı,,Adet,208725,208725.0,TL,BDDK Aylık Bülten - Excel
2024-11-01,2024,11,16,Diğer Bilgiler,7,,Yurt Dışı Personel Sayısı,,Unnamed: 0,Sektör,,TL,BDDK Aylık Bülten - Excel
2024-11-01,2024,11,16,Diğer Bilgiler,7,,Yurt Dışı Personel Sayısı,,Unnamed: 1,7,7.0,TL,BDDK Aylık Bülten - Excel
2024-11-01,2024,11,16,Diğer Bilgiler,7,,Yurt Dışı Personel Sayısı,,Diğer Bilgiler,Yurt Dışı Personel Sayısı,,TL,BDDK Aylık Bülten - Excel
2024-11-01,2024,11,16,Diğer Bilgiler,7,,Yurt Dışı Personel Sayısı,,Adet,936,936.0,TL,BDDK Aylık Bülten - Excel
2024-12-01,2024,12,16,Diğer Bilgiler,1,,Banka Sayısı,,Unnamed: 0,Sektör,,TL,BDDK Aylık Bülten - Excel
2024-12-01,2024,12,16,Diğer Bilgiler,1,,Banka Sayısı,,Unnamed: 1,1,1.0,TL,BDDK Aylık Bülten - Excel
2024-12-01,2024,12,16,Diğer Bilgiler,1,,Banka Sayısı,,Diğer Bilgiler,Banka Sayısı,,TL,BDDK Aylık Bülten - Excel
2024-12-01,2024,12,16,Diğer Bilgiler,1,,Banka Sayısı,,Adet,63,63.0,TL,BDDK Aylık Bülten - Excel
2024-12-01,2024,12,16,Diğer Bilgiler,2,,Yurt İçi Şube Sayısı,,Unnamed: 0,Sektör,,TL,BDDK Aylık Bülten - Excel
2024-12-01,2024,12,16,Diğer Bilgiler,2,,Yurt İçi Şube Sayısı,,Unnamed: 1,2,2.0,TL,BDDK Aylık Bülten - Excel
2024-12-01,2024,12,16,Diğer Bilgiler,2,,Yurt İçi Şube Sayısı,,Diğer Bilgiler,Yurt İçi Şube Sayısı,,TL,BDDK Aylık Bülten - Excel
2024-12-01,2024,12,16,Diğer Bilgiler,2,,Yurt İçi Şube Sayısı,,Adet,10750,10750.0,TL,BDDK Aylık Bülten - Excel
2024-12-01,2024,12,16,Diğer Bilgiler,3,,Yurt Dışı Şube Sayısı,,Unnamed: 0,Sektör,,TL,BDDK Aylık Bülten - Excel
2024-12-01,2024,12,16,Diğer Bilgiler,3,,Yurt Dışı Şube Sayısı,,Unnamed: 1,3,3.0,TL,BDDK Aylık Bülten - Excel
2024-12-01,2024,12,16,Diğer Bilgiler,3,,Yurt Dışı Şube Sayısı,,Diğer Bilgiler,Yurt Dışı Şube Sayısı,,TL,BDDK Aylık Bülten - Excel
2024-12-01,2024,12,16,Diğer Bilgiler,3,,Yurt Dışı Şube Sayısı,,Adet,83,83.0,TL,BDDK Aylık Bülten - Excel
2024-12-01,2024,12,16,Diğer Bilgiler,4,,On-line Sistemine Dahil Şube Sayısı,,Unnamed: 0,Sektör,,TL,BDDK Aylık Bülten - Excel
2024-12-01,2024,12,16,Diğer Bilgiler,4,,On-line Sistemine Dahil Şube Sayısı,,Unnamed: 1,4,4.0,TL,BDDK Aylık Bülten - Excel
2024-12-01,2024,12,16,Diğer Bilgiler,4,,On-line Sistemine Dahil Şube Sayısı,,Diğer Bilgiler,On-line Sistemine Dahil Şube Sayısı,,TL,BDDK Aylık Bülten - Excel
2024-12-01,2024,12,16,Diğer Bilgiler,4,,On-line Sistemine Dahil Şube Sayısı,,Adet,10222,10222.0,TL,BDDK Aylık Bülten - Excel
2024-12-01,2024,12,16,Diğer Bilgiler,5,,ATM Sayısı,,Unnamed: 0,Sektör,,TL,BDDK Aylık Bülten - Excel
2024-12-01,2024,12,16,Diğer Bilgiler,5,,ATM Sayısı,,Unnamed: 1,5,5.0,TL,BDDK Aylık Bülten - Excel
2024-12-01,2024,12,16,Diğer Bilgiler,5,,ATM Sayısı,,Diğer Bilgiler,ATM Sayısı,,TL,BDDK Aylık Bülten - Excel
2024-12-01,2024,12,16,Diğer Bilgiler,5,,ATM Sayısı,,Adet,51740,51740.0,TL,BDDK Aylık Bülten - Excel
2024-12-01,2024,12,16,Diğer Bilgiler,6,,Yurt İçi Personel Sayısı,,Unnamed: 0,Sektör,,TL,BDDK Aylık Bülten - Excel
2024-12-01,2024,12,16,Diğer Bilgiler,6,,Yurt İçi Personel Sayısı,,Unnamed: 1,6,6.0,TL,BDDK Aylık Bülten - Excel
2024-12-01,2024,12,16,Diğer Bilgiler,6,,Yurt İçi Personel Sayısı,,Diğer Bilgiler,Yurt İçi Personel Sayısı,,TL,BDDK Aylık Bülten - Excel
2024-12-01,2024,12,16,Diğer Bilgiler,6,,Yurt İçi Personel Sayısı,,Adet,208109,208109.0,TL,BDDK Aylık Bülten - Excel
2024-12-01,2024,12,16,Diğer Bilgiler,7,,Yurt Dışı Personel Sayısı,,Unnamed: 0,Sektör,,TL,BDDK Aylık Bülten - Excel
2024-12-01,2024,12,16,Diğer Bilgiler,7,,Yurt Dışı Personel Sayısı,,Unnamed: 1,7,7.0,TL,BDDK Aylık Bülten - Excel
2024-12-01,2024,12,16,Diğer Bilgiler,7,,Yurt Dışı Personel Sayısı,,Diğer Bilgiler,Yurt Dışı Personel Sayısı,,TL,BDDK Aylık Bülten - Excel
2024-12-01,2024,12,16,Diğer Bilgiler,7,,Yurt Dışı Personel Sayısı,,Adet,932,932.0,TL,BDDK Aylık Bülten - Excel
2025-01-01,2025,1,16,Diğer Bilgiler,1,,Banka Sayısı,,Unnamed: 0,Sektör,,TL,BDDK Aylık Bülten - Excel
2025-01-01,2025,1,16,Diğer Bilgiler,1,,Banka Sayısı,,Unnamed: 1,1,1.0,TL,BDDK Aylık Bülten - Excel
2025-01-01,2025,1,16,Diğer Bilgiler,1,,Banka Sayısı,,Diğer Bilgiler,Banka Sayısı,,TL,BDDK Aylık Bülten - Excel
2025-01-01,2025,1,16,Diğer Bilgiler,1,,Banka Sayısı,,Adet,63,63.0,TL,BDDK Aylık Bülten - Excel
2025-01-01,2025,1,16,Diğer Bilgiler,2,,Yurt İçi Şube Sayısı,,Unnamed: 0,Sektör,,TL,BDDK Aylık Bülten - Excel
2025-01-01,2025,1,16,Diğer Bilgiler,2,,Yurt İçi Şube Sayısı,,Unnamed: 1,2,2.0,TL,BDDK Aylık Bülten - Excel
2025-01-01,2025,1,16,Diğer Bilgiler,2,,Yurt İçi Şube Sayısı,,Diğer Bilgiler,Yurt İçi Şube Sayısı,,TL,BDDK Aylık Bülten - Excel
2025-01-01,2025,1,16,Diğer Bilgiler,2,,Yurt İçi Şube Sayısı,,Adet,10763,10763.0,TL,BDDK Aylık Bülten - Excel
2025-01-01,2025,1,16,Diğer Bilgiler,3,,Yurt Dışı Şube Sayısı,,Unnamed: 0,Sektör,,TL,BDDK Aylık Bülten - Excel
2025-01-01,2025,1,16,Diğer Bilgiler,3,,Yurt Dışı Şube Sayısı,,Unnamed: 1,3,3.0,TL,BDDK Aylık Bülten - Excel
2025-01-01,2025,1,16,Diğer Bilgiler,3,,Yurt Dışı Şube Sayısı,,Diğer Bilgiler,Yurt Dışı Şube Sayısı,,TL,BDDK Aylık Bülten - Excel
2025-01-01,2025,1,16,Diğer Bilgiler,3,,Yurt Dışı Şube Sayısı,,Adet,84,84.0,TL,BDDK Aylık Bülten - Excel
2025-01-01,2025,1,16,Diğer Bilgiler,4,,On-line Sistemine Dahil Şube Sayısı,,Unnamed: 0,Sektör,,TL,BDDK Aylık Bülten - Excel
2025-01-01,2025,1,16,Diğer Bilgiler,4,,On-line Sistemine Dahil Şube Sayısı,,Unnamed: 1,4,4.0,TL,BDDK Aylık Bülten - Excel
2025-01-01,2025,1,16,Diğer Bilgiler,4,,On-line Sistemine Dahil Şube Sayısı,,Diğer Bilgiler,On-line Sistemine Dahil Şube Sayısı,,TL,BDDK Aylık Bülten - Excel
2025-01-01,2025,1,16,Diğer Bilgiler,4,,On-line Sistemine Dahil Şube Sayısı,,Adet,10234,10234.0,TL,BDDK Aylık Bülten - Excel
2025-01-01,2025,1,16,Diğer Bilgiler,5,,ATM Sayısı,,Unnamed: 0,Sektör,,TL,BDDK Aylık Bülten - Excel
2025-01-01,2025,1,16,Diğer Bilgiler,5,,ATM Sayısı,,Unnamed: 1,5,5.0,TL,BDDK Aylık Bülten - Excel
2025-01-01,2025,1,16,Diğer Bilgiler,5,,ATM Sayısı,,Diğer Bilgiler,ATM Sayısı,,TL,BDDK Aylık Bülten - Excel
2025-01-01,2025,1,16,Diğer Bilgiler,5,,ATM Sayısı,,Adet,51841,51841.0,TL,BDDK Aylık Bülten - Excel
2025-01-01,2025,1,16,Diğer Bilgiler,6,,Yurt İçi Personel Sayısı,,Unnamed: 0,Sektör,,TL,BDDK Aylık Bülten - Excel
2025-01-01,2025,1,16,Diğer Bilgiler,6,,Yurt İçi Personel Sayısı,,Unnamed: 1,6,6.0,TL,BDDK Aylık Bülten - Excel
2025-01-01,2025,1,16,Diğer Bilgiler,6,,Yurt İçi Personel Sayısı,,Diğer Bilgiler,Yurt İçi Personel Sayısı,,TL,BDDK Aylık Bülten - Excel
2025-01-01,2025,1,16,Diğer Bilgiler,6,,Yurt İçi Personel Sayısı,,Adet,208135,208135.0,TL,BDDK Aylık Bülten - Excel
2025-01-01,2025,1,16,Diğer Bilgiler,7,,Yurt Dışı Personel Sayısı,,Unnamed: 0,Sektör,,TL,BDDK Aylık Bülten - Excel
2025-01-01,2025,1,16,Diğer Bilgiler,7,,Yurt Dışı Personel Sayısı,,Unnamed: 1,7,7.0,TL,BDDK Aylık Bülten - Excel
2025-01-01,2025,1,16,Diğer Bilgiler,7,,Yurt Dışı Personel Sayısı,,Diğer Bilgiler,Yurt Dışı Personel Sayısı,,TL,BDDK Aylık Bülten - Excel
2025-01-01,2025,1,16,Diğer Bilgiler,7,,Yurt Dışı Personel Sayısı,,Adet,929,929.0,TL,BDDK Aylık Bülten - Excel
2025-02-01,2025,2,16,Diğer Bilgiler,1,,Banka Sayısı,,Unnamed: 0,Sektör,,TL,BDDK Aylık Bülten - Excel
2025-02-01,2025,2,16,Diğer Bilgiler,1,,Banka Sayısı,,Unnamed: 1,1,1.0,TL,BDDK Aylık Bülten - Excel
2025-02-01,2025,2,16,Diğer Bilgiler,1,,Banka Sayısı,,Diğer Bilgiler,Banka Sayısı,,TL,BDDK Aylık Bülten - Excel
2025-02-01,2025,2,16,Diğer Bilgiler,1,,Banka Sayısı,,Adet,63,63.0,TL,BDDK Aylık Bülten - Excel
2025-02-01,2025,2,16,Diğer Bilgiler,2,,Yurt İçi Şube Sayısı,,Unnamed: 0,Sektör,,TL,BDDK Aylık Bülten - Excel
2025-02-01,2025,2,16,Diğer Bilgiler,2,,Yurt İçi Şube Sayısı,,Unnamed: 1,2,2.0,TL,BDDK Aylık Bülten - Excel
2025-02-01,2025,2,16,Diğer Bilgiler,2,,Yurt İçi Şube Sayısı,,Diğer Bilgiler,Yurt İçi Şube Sayısı,,TL,BDDK Aylık Bülten - Excel
2025-02-01,2025,2,16,Diğer Bilgiler,2,,Yurt İçi Şube Sayısı,,Adet,10764,10764.0,TL,BDDK Aylık Bülten - Excel
2025-02-01,2025,2,16,Diğer Bilgiler,3,,Yurt Dışı Şube Sayısı,,Unnamed: 0,Sektör,,TL,BDDK Aylık Bülten - Excel
2025-02-01,2025,2,16,Diğer Bilgiler,3,,Yurt Dışı Şube Sayısı,,Unnamed: 1,3,3.0,TL,BDDK Aylık Bülten - Excel
2025-02-01,2025,2,16,Diğer Bilgiler,3,,Yurt Dışı Şube Sayısı,,Diğer Bilgiler,Yurt Dışı Şube Sayısı,,TL,BDDK Aylık Bülten - Excel
2025-02-01,2025,2,16,Diğer Bilgiler,3,,Yurt Dışı Şube Sayısı,,Adet,85,85.0,TL,BDDK Aylık Bülten - Excel
2025-02-01,2025,2,16,Diğer Bilgiler,4,,On-line Sistemine Dahil Şube Sayısı,,Unnamed: 0,Sektör,,TL,BDDK Aylık Bülten - Excel
2025-02-01,2025,2,16,Diğer Bilgiler,4,,On-line Sistemine Dahil Şube Sayısı,,Unnamed: 1,4,4.0,TL,BDDK Aylık Bülten - Excel
2025-02-01,2025,2,16,Diğer Bilgiler,4,,On-line Sistemine Dahil Şube Sayısı,,Diğer Bilgiler,On-line Sistemine Dahil Şube Sayısı,,TL,BDDK Aylık Bülten - Excel
2025-02-01,2025,2,16,Diğer Bilgiler,4,,On-line Sistemine Dahil Şube Sayısı,,Adet,10233,10233.0,TL,BDDK Aylık Bülten - Excel
2025-02-01,2025,2,16,Diğer Bilgiler,5,,ATM Sayısı,,Unnamed: 0,Sektör,,TL,BDDK Aylık Bülten - Excel
2025-02-01,2025,2,16,Diğer Bilgiler,5,,ATM Sayısı,,Unnamed: 1,5,5.0,TL,BDDK Aylık Bülten - Excel
2025-02-01,2025,2,16,Diğer Bilgiler,5,,ATM Sayısı,,Diğer Bilgiler,ATM Sayısı,,TL,BDDK Aylık Bülten - Excel
2025-02-01,2025,2,16,Diğer Bilgiler,5,,ATM Sayısı,,Adet,51881,51881.0,TL,BDDK Aylık Bülten - Excel
2025-02-01,2025,2,16,Diğer Bilgiler,6,,Yurt İçi Personel Sayısı,,Unnamed: 0,Sektör,,TL,BDDK Aylık Bülten - Excel
2025-02-01,2025,2,16,Diğer Bilgiler,6,,Yurt İçi Personel Sayısı,,Unnamed: 1,6,6.0,TL,BDDK Aylık Bülten - Excel
2025-02-01,2025,2,16,Diğer Bilgiler,6,,Yurt İçi Personel Sayısı,,Diğer Bilgiler,Yurt İçi Personel Sayısı,,TL,BDDK Aylık Bülten - Excel
2025-02-01,2025,2,16,Diğer Bilgiler,6,,Yurt İçi Personel Sayısı,,Adet,209107,209107.0,TL,BDDK Aylık Bülten - Excel
2025-02-01,2025,2,16,Diğer Bilgiler,7,,Yurt Dışı Personel Sayısı,,Unnamed: 0,Sektör,,TL,BDDK Aylık Bülten - Excel
2025-02-01,2025,2,16,Diğer Bilgiler,7,,Yurt Dışı Personel Sayısı,,Unnamed: 1,7,7.0,TL,BDDK Aylık Bülten - Excel
2025-02-01,2025,2,16,Diğer Bilgiler,7,,Yurt Dışı Personel Sayısı,,Diğer Bilgiler,Yurt Dışı Personel Sayısı,,TL,BDDK Aylık Bülten - Excel
2025-02-01,2025,2,16,Diğer Bilgiler,7,,Yurt Dışı Personel Sayısı,,Adet,930,930.0,TL,BDDK Aylık Bülten - Excel
2025-03-01,2025,3,16,Diğer Bilgiler,1,,Banka Sayısı,,Unnamed: 0,Sektör,,TL,BDDK Aylık Bülten - Excel
2025-03-01,2025,3,16,Diğer Bilgiler,1,,Banka Sayısı,,Unnamed: 1,1,1.0,TL,BDDK Aylık Bülten - Excel
2025-03-01,2025,3,16,Diğer Bilgiler,1,,Banka Sayısı,,Diğer Bilgiler,Banka Sayısı,,TL,BDDK Aylık Bülten - Excel
2025-03-01,2025,3,16,Diğer Bilgiler,1,,Banka Sayısı,,Adet,63,63.0,TL,BDDK Aylık Bülten - Excel
2025-03-01,2025,3,16,Diğer Bilgiler,2,,Yurt İçi Şube Sayısı,,Unnamed: 0,Sektör,,TL,BDDK Aylık Bülten - Excel
2025-03-01,2025,3,16,Diğer Bilgiler,2,,Yurt İçi Şube Sayısı,,Unnamed: 1,2,2.0,TL,BDDK Aylık Bülten - Excel
2025-03-01,2025,3,16,Diğer Bilgiler,2,,Yurt İçi Şube Sayısı,,Diğer Bilgiler,Yurt İçi Şube Sayısı,,TL,BDDK Aylık Bülten - Excel
2025-03-01,2025,3,16,Diğer Bilgiler,2,,Yurt İçi Şube Sayısı,,Adet,10756,10756.0,TL,BDDK Aylık Bülten - Excel
2025-03-01,2025,3,16,Diğer Bilgiler,3,,Yurt Dışı Şube Sayısı,,Unnamed: 0,Sektör,,TL,BDDK Aylık Bülten - Excel
2025-03-01,2025,3,16,Diğer Bilgiler,3,,Yurt Dışı Şube Sayısı,,Unnamed: 1,3,3.0,TL,BDDK Aylık Bülten - Excel
2025-03-01,2025,3,16,Diğer Bilgiler,3,,Yurt Dışı Şube Sayısı,,Diğer Bilgiler,Yurt Dışı Şube Sayısı,,TL,BDDK Aylık Bülten - Excel
2025-03-01,2025,3,16,Diğer Bilgiler,3,,Yurt Dışı Şube Sayısı,,Adet,85,85.0,TL,BDDK Aylık Bülten - Excel
2025-03-01,2025,3,16,Diğer Bilgiler,4,,On-line Sistemine Dahil Şube Sayısı,,Unnamed: 0,Sektör,,TL,BDDK Aylık Bülten - Excel
2025-03-01,2025,3,16,Diğer Bilgiler,4,,On-line Sistemine Dahil Şube Sayısı,,Unnamed: 1,4,4.0,TL,BDDK Aylık Bülten - Excel
2025-03-01,2025,3,16,Diğer Bilgiler,4,,On-line Sistemine Dahil Şube Sayısı,,Diğer Bilgiler,On-line Sistemine Dahil Şube Sayısı,,TL,BDDK Aylık Bülten - Excel
2025-03-01,2025,3,16,Diğer Bilgiler,4,,On-line Sistemine Dahil Şube Sayısı,,Adet,10227,10227.0,TL,BDDK Aylık Bülten - Excel
2025-03-01,2025,3,16,Diğer Bilgiler,5,,ATM Sayısı,,Unnamed: 0,Sektör,,TL,BDDK Aylık Bülten - Excel
2025-03-01,2025,3,16,Diğer Bilgiler,5,,ATM Sayısı,,Unnamed: 1,5,5.0,TL,BDDK Aylık Bülten - Excel
2025-03-01,2025,3,16,Diğer Bilgiler,5,,ATM Sayısı,,Diğer Bilgiler,ATM Sayısı,,TL,BDDK Aylık Bülten - Excel
2025-03-01,2025,3,16,Diğer Bilgiler,5,,ATM Sayısı,,Adet,52049,52049.0,TL,BDDK Aylık Bülten - Excel
2025-03-01,2025,3,16,Diğer Bilgiler,6,,Yurt İçi Personel Sayısı,,Unnamed: 0,Sektör,,TL,BDDK Aylık Bülten - Excel
2025-03-01,2025,3,16,Diğer Bilgiler,6,,Yurt İçi Personel Sayısı,,Unnamed: 1,6,6.0,TL,BDDK Aylık Bülten - Excel
2025-03-01,2025,3,16,Diğer Bilgiler,6,,Yurt İçi Personel Sayısı,,Diğer Bilgiler,Yurt İçi Personel Sayısı,,TL,BDDK Aylık Bülten - Excel
2025-03-01,2025,3,16,Diğer Bilgiler,6,,Yurt İçi Personel Sayısı,,Adet,209773,209773.0,TL,BDDK Aylık Bülten - Excel
2025-03-01,2025,3,16,Diğer Bilgiler,7,,Yurt Dışı Personel Sayısı,,Unnamed: 0,Sektör,,TL,BDDK Aylık Bülten - Excel
2025-03-01,2025,3,16,Diğer Bilgiler,7,,Yurt Dışı Personel Sayısı,,Unnamed: 1,7,7.0,TL,BDDK Aylık Bülten - Excel
2025-03-01,2025,3,16,Diğer Bilgiler,7,,Yurt Dışı Personel Sayısı,,Diğer Bilgiler,Yurt Dışı Personel Sayısı,,TL,BDDK Aylık Bülten - Excel
2025-03-01,2025,3,16,Diğer Bilgiler,7,,Yurt Dışı Personel Sayısı,,Adet,940,940.0,TL,BDDK Aylık Bülten - Excel
2025-04-01,2025,4,16,Diğer Bilgiler,1,,Banka Sayısı,,Unnamed: 0,Sektör,,TL,BDDK Aylık Bülten - Excel
2025-04-01,2025,4,16,Diğer Bilgiler,1,,Banka Sayısı,,Unnamed: 1,1,1.0,TL,BDDK Aylık Bülten - Excel
2025-04-01,2025,4,16,Diğer Bilgiler,1,,Banka Sayısı,,Diğer Bilgiler,Banka Sayısı,,TL,BDDK Aylık Bülten - Excel
2025-04-01,2025,4,16,Diğer Bilgiler,1,,Banka Sayısı,,Adet,63,63.0,TL,BDDK Aylık Bülten - Excel
2025-04-01,2025,4,16,Diğer Bilgiler,2,,Yurt İçi Şube Sayısı,,Unnamed: 0,Sektör,,TL,BDDK Aylık Bülten - Excel
2025-04-01,2025,4,16,Diğer Bilgiler,2,,Yurt İçi Şube Sayısı,,Unnamed: 1,2,2.0,TL,BDDK Aylık Bülten - Excel
2025-04-01,2025,4,16,Diğer Bilgiler,2,,Yurt İçi Şube Sayısı,,Diğer Bilgiler,Yurt İçi Şube Sayısı,,TL,BDDK Aylık Bülten - Excel
2025-04-01,2025,4,16,Diğer Bilgiler,2,,Yurt İçi Şube Sayısı,,Adet,10715,10715.0,TL,BDDK Aylık Bülten - Excel
2025-04-01,2025,4,16,Diğer Bilgiler,3,,Yurt Dışı Şube Sayısı,,Unnamed: 0,Sektör,,TL,BDDK Aylık Bülten - Excel
2025-04-01,2025,4,16,Diğer Bilgiler,3,,Yurt Dışı Şube Sayısı,,Unnamed: 1,3,3.0,TL,BDDK Aylık Bülten - Excel
2025-04-01,2025,4,16,Diğer Bilgiler,3,,Yurt Dışı Şube Sayısı,,Diğer Bilgiler,Yurt Dışı Şube Sayısı,,TL,BDDK Aylık Bülten - Excel
2025-04-01,2025,4,16,Diğer Bilgiler,3,,Yurt Dışı Şube Sayısı,,Adet,85,85.0,TL,BDDK Aylık Bülten - Excel
2025-04-01,2025,4,16,Diğer Bilgiler,4,,On-line Sistemine Dahil Şube Sayısı,,Unnamed: 0,Sektör,,TL,BDDK Aylık Bülten - Excel
2025-04-01,2025,4,16,Diğer Bilgiler,4,,On-line Sistemine Dahil Şube Sayısı,,Unnamed: 1,4,4.0,TL,BDDK Aylık Bülten - Excel
2025-04-01,2025,4,16,Diğer Bilgiler,4,,On-line Sistemine Dahil Şube Sayısı,,Diğer Bilgiler,On-line Sistemine Dahil Şube Sayısı,,TL,BDDK Aylık Bülten - Excel
2025-04-01,2025,4,16,Diğer Bilgiler,4,,On-line Sistemine Dahil Şube Sayısı,,Adet,10184,10184.0,TL,BDDK Aylık Bülten - Excel
2025-04-01,2025,4,16,Diğer Bilgiler,5,,ATM Sayısı,,Unnamed: 0,Sektör,,TL,BDDK Aylık Bülten - Excel
2025-04-01,2025,4,16,Diğer Bilgiler,5,,ATM Sayısı,,Unnamed: 1,5,5.0,TL,BDDK Aylık Bülten - Excel
2025-04-01,2025,4,16,Diğer Bilgiler,5,,ATM Sayısı,,Diğer Bilgiler,ATM Sayısı,,TL,BDDK Aylık Bülten - Excel
2025-04-01,2025,4,16,Diğer Bilgiler,5,,ATM Sayısı,,Adet,52231,52231.0,TL,BDDK Aylık Bülten - Excel
2025-04-01,2025,4,16,Diğer Bilgiler,6,,Yurt İçi Personel Sayısı,,Unnamed: 0,Sektör,,TL,BDDK Aylık Bülten - Excel
2025-04-01,2025,4,16,Diğer Bilgiler,6,,Yurt İçi Personel Sayısı,,Unnamed: 1,6,6.0,TL,BDDK Aylık Bülten - Excel
2025-04-01,2025,4,16,Diğer Bilgiler,6,,Yurt İçi Personel Sayısı,,Diğer Bilgiler,Yurt İçi Personel Sayısı,,TL,BDDK Aylık Bülten - Excel
2025-04-01,2025,4,16,Diğer Bilgiler,6,,Yurt İçi Personel Sayısı,,Adet,209528,209528.0,TL,BDDK Aylık Bülten - Excel
2025-04-01,2025,4,16,Diğer Bilgiler,7,,Yurt Dışı Personel Sayısı,,Unnamed: 0,Sektör,,TL,BDDK Aylık Bülten - Excel
2025-04-01,2025,4,16,Diğer Bilgiler,7,,Yurt Dışı Personel Sayısı,,Unnamed: 1,7,7.0,TL,BDDK Aylık Bülten - Excel
2025-04-01,2025,4,16,Diğer Bilgiler,7,,Yurt Dışı Personel Sayısı,,Diğer Bilgiler,Yurt Dışı Personel Sayısı,,TL,BDDK Aylık Bülten - Excel
2025-04-01,2025,4,16,Diğer Bilgiler,7,,Yurt Dışı Personel Sayısı,,Adet,952,952.0,TL,BDDK Aylık Bülten - Excel
2025-05-01,2025,5,16,Diğer Bilgiler,1,,Banka Sayısı,,Unnamed: 0,Sektör,,TL,BDDK Aylık Bülten - Excel
2025-05-01,2025,5,16,Diğer Bilgiler,1,,Banka Sayısı,,Unnamed: 1,1,1.0,TL,BDDK Aylık Bülten - Excel
2025-05-01,2025,5,16,Diğer Bilgiler,1,,Banka Sayısı,,Diğer Bilgiler,Banka Sayısı,,TL,BDDK Aylık Bülten - Excel
2025-05-01,2025,5,16,Diğer Bilgiler,1,,Banka Sayısı,,Adet,65,65.0,TL,BDDK Aylık Bülten - Excel
2025-05-01,2025,5,16,Diğer Bilgiler,2,,Yurt İçi Şube Sayısı,,Unnamed: 0,Sektör,,TL,BDDK Aylık Bülten - Excel
2025-05-01,2025,5,16,Diğer Bilgiler,2,,Yurt İçi Şube Sayısı,,Unnamed: 1,2,2.0,TL,BDDK Aylık Bülten - Excel
2025-05-01,2025,5,16,Diğer Bilgiler,2,,Yurt İçi Şube Sayısı,,Diğer Bilgiler,Yurt İçi Şube Sayısı,,TL,BDDK Aylık Bülten - Excel
2025-05-01,2025,5,16,Diğer Bilgiler,2,,Yurt İçi Şube Sayısı,,Adet,10704,10704.0,TL,BDDK Aylık Bülten - Excel
2025-05-01,2025,5,16,Diğer Bilgiler,3,,Yurt Dışı Şube Sayısı,,Unnamed: 0,Sektör,,TL,BDDK Aylık Bülten - Excel
2025-05-01,2025,5,16,Diğer Bilgiler,3,,Yurt Dışı Şube Sayısı,,Unnamed: 1,3,3.0,TL,BDDK Aylık Bülten - Excel
2025-05-01,2025,5,16,Diğer Bilgiler,3,,Yurt Dışı Şube Sayısı,,Diğer Bilgiler,Yurt Dışı Şube Sayısı,,TL,BDDK Aylık Bülten - Excel
2025-05-01,2025,5,16,Diğer Bilgiler,3,,Yurt Dışı Şube Sayısı,,Adet,85,85.0,TL,BDDK Aylık Bülten - Excel
2025-05-01,2025,5,16,Diğer Bilgiler,4,,On-line Sistemine Dahil Şube Sayısı,,Unnamed: 0,Sektör,,TL,BDDK Aylık Bülten - Excel
2025-05-01,2025,5,16,Diğer Bilgiler,4,,On-line Sistemine Dahil Şube Sayısı,,Unnamed: 1,4,4.0,TL,BDDK Aylık Bülten - Excel
2025-05-01,2025,5,16,Diğer Bilgiler,4,,On-line Sistemine Dahil Şube Sayısı,,Diğer Bilgiler,On-line Sistemine Dahil Şube Sayısı,,TL,BDDK Aylık Bülten - Excel
2025-05-01,2025,5,16,Diğer Bilgiler,4,,On-line Sistemine Dahil Şube Sayısı,,Adet,10168,10168.0,TL,BDDK Aylık Bülten - Excel
2025-05-01,2025,5,16,Diğer Bilgiler,5,,ATM Sayısı,,Unnamed: 0,Sektör,,TL,BDDK Aylık Bülten - Excel
2025-05-01,2025,5,16,Diğer Bilgiler,5,,ATM Sayısı,,Unnamed: 1,5,5.0,TL,BDDK Aylık Bülten - Excel
2025-05-01,2025,5,16,Diğer Bilgiler,5,,ATM Sayısı,,Diğer Bilgiler,ATM Sayısı,,TL,BDDK Aylık Bülten - Excel
2025-05-01,2025,5,16,Diğer Bilgiler,5,,ATM Sayısı,,Adet,52330,52330.0,TL,BDDK Aylık Bülten - Excel
2025-05-01,2025,5,16,Diğer Bilgiler,6,,Yurt İçi Personel Sayısı,,Unnamed: 0,Sektör,,TL,BDDK Aylık Bülten - Excel
2025-05-01,2025,5,16,Diğer Bilgiler,6,,Yurt İçi Personel Sayısı,,Unnamed: 1,6,6.0,TL,BDDK Aylık Bülten - Excel
2025-05-01,2025,5,16,Diğer Bilgiler,6,,Yurt İçi Personel Sayısı,,Diğer Bilgiler,Yurt İçi Personel Sayısı,,TL,BDDK Aylık Bülten - Excel
2025-05-01,2025,5,16,Diğer Bilgiler,6,,Yurt İçi Personel Sayısı,,Adet,209743,209743.0,TL,BDDK Aylık Bülten - Excel
2025-05-01,2025,5,16,Diğer Bilgiler,7,,Yurt Dışı Personel Sayısı,,Unnamed: 0,Sektör,,TL,BDDK Aylık Bülten - Excel
2025-05-01,2025,5,16,Diğer Bilgiler,7,,Yurt Dışı Personel Sayısı,,Unnamed: 1,7,7.0,TL,BDDK Aylık Bülten - Excel
2025-05-01,2025,5,16,Diğer Bilgiler,7,,Yurt Dışı Personel Sayısı,,Diğer Bilgiler,Yurt Dışı Personel Sayısı,,TL,BDDK Aylık Bülten - Excel
2025-05-01,2025,5,16,Diğer Bilgiler,7,,Yurt Dışı Personel Sayısı,,Adet,956,956.0,TL,BDDK Aylık Bülten - Excel
2025-06-01,2025,6,16,Diğer Bilgiler,1,,Banka Sayısı,,Unnamed: 0,Sektör,,TL,BDDK Aylık Bülten - Excel
2025-06-01,2025,6,16,Diğer Bilgiler,1,,Banka Sayısı,,Unnamed: 1,1,1.0,TL,BDDK Aylık Bülten - Excel
2025-06-01,2025,6,16,Diğer Bilgiler,1,,Banka Sayısı,,Diğer Bilgiler,Banka Sayısı,,TL,BDDK Aylık Bülten - Excel
2025-06-01,2025,6,16,Diğer Bilgiler,1,,Banka Sayısı,,Adet,66,66.0,TL,BDDK Aylık Bülten - Excel
2025-06-01,2025,6,16,Diğer Bilgiler,2,,Yurt İçi Şube Sayısı,,Unnamed: 0,Sektör,,TL,BDDK Aylık Bülten - Excel
2025-06-01,2025,6,16,Diğer Bilgiler,2,,Yurt İçi Şube Sayısı,,Unnamed: 1,2,2.0,TL,BDDK Aylık Bülten - Excel
2025-06-01,2025,6,16,Diğer Bilgiler,2,,Yurt İçi Şube Sayısı,,Diğer Bilgiler,Yurt İçi Şube Sayısı,,TL,BDDK Aylık Bülten - Excel
2025-06-01,2025,6,16,Diğer Bilgiler,2,,Yurt İçi Şube Sayısı,,Adet,10730,10730.0,TL,BDDK Aylık Bülten - Excel
2025-06-01,2025,6,16,Diğer Bilgiler,3,,Yurt Dışı Şube Sayısı,,Unnamed: 0,Sektör,,TL,BDDK Aylık Bülten - Excel
2025-06-01,2025,6,16,Diğer Bilgiler,3,,Yurt Dışı Şube Sayısı,,Unnamed: 1,3,3.0,TL,BDDK Aylık Bülten - Excel
2025-06-01,2025,6,16,Diğer Bilgiler,3,,Yurt Dışı Şube Sayısı,,Diğer Bilgiler,Yurt Dışı Şube Sayısı,,TL,BDDK Aylık Bülten - Excel
2025-06-01,2025,6,16,Diğer Bilgiler,3,,Yurt Dışı Şube Sayısı,,Adet,80,80.0,TL,BDDK Aylık Bülten - Excel
2025-06-01,2025,6,16,Diğer Bilgiler,4,,On-line Sistemine Dahil Şube Sayısı,,Unnamed: 0,Sektör,,TL,BDDK Aylık Bülten - Excel
2025-06-01,2025,6,16,Diğer Bilgiler,4,,On-line Sistemine Dahil Şube Sayısı,,Unnamed: 1,4,4.0,TL,BDDK Aylık Bülten - Excel
2025-06-01,2025,6,16,Diğer Bilgiler,4,,On-line Sistemine Dahil Şube Sayısı,,Diğer Bilgiler,On-line Sistemine Dahil Şube Sayısı,,TL,BDDK Aylık Bülten - Excel
2025-06-01,2025,6,16,Diğer Bilgiler,4,,On-line Sistemine Dahil Şube Sayısı,,Adet,10191,10191.0,TL,BDDK Aylık Bülten - Excel
2025-06-01,2025,6,16,Diğer Bilgiler,5,,ATM Sayısı,,Unnamed: 0,Sektör,,TL,BDDK Aylık Bülten - Excel
2025-06-01,2025,6,16,Diğer Bilgiler,5,,ATM Sayısı,,Unnamed: 1,5,5.0,TL,BDDK Aylık Bülten - Excel
2025-06-01,2025,6,16,Diğer Bilgiler,5,,ATM Sayısı,,Diğer Bilgiler,ATM Sayısı,,TL,BDDK Aylık Bülten - Excel
2025-06-01,2025,6,16,Diğer Bilgiler,5,,ATM Sayısı,,Adet,52256,52256.0,TL,BDDK Aylık Bülten - Excel
2025-06-01,2025,6,16,Diğer Bilgiler,6,,Yurt İçi Personel Sayısı,,Unnamed: 0,Sektör,,TL,BDDK Aylık Bülten - Excel
2025-06-01,2025,6,16,Diğer Bilgiler,6,,Yurt İçi Personel Sayısı,,Unnamed: 1,6,6.0,TL,BDDK Aylık Bülten - Excel
2025-06-01,2025,6,16,Diğer Bilgiler,6,,Yurt İçi Personel Sayısı,,Diğer Bilgiler,Yurt İçi Personel Sayısı,,TL,BDDK Aylık Bülten - Excel
2025-06-01,2025,6,16,Diğer Bilgiler,6,,Yurt İçi Personel Sayısı,,Adet,209745,209745.0,TL,BDDK Aylık Bülten - Excel
2025-06-01,2025,6,16,Diğer Bilgiler,7,,Yurt Dışı Personel Sayısı,,Unnamed: 0,Sektör,,TL,BDDK Aylık Bülten - Excel
2025-06-01,2025,6,16,Diğer Bilgiler,7,,Yurt Dışı Personel Sayısı,,Unnamed: 1,7,7.0,TL,BDDK Aylık Bülten - Excel
2025-06-01,2025,6,16,Diğer Bilgiler,7,,Yurt Dışı Personel Sayısı,,Diğer Bilgiler,Yurt Dışı Personel Sayısı,,TL,BDDK Aylık Bülten - Excel
2025-06-01,2025,6,16,Diğer Bilgiler,7,,Yurt Dışı Personel Sayısı,,Adet,958,958.0,TL,BDDK Aylık Bülten - Excel
2025-07-01,2025,7,16,Diğer Bilgiler,1,,Banka Sayısı,,Unnamed: 0,Sektör,,TL,BDDK Aylık Bülten - Excel
2025-07-01,2025,7,16,Diğer Bilgiler,1,,Banka Sayısı,,Unnamed: 1,1,1.0,TL,BDDK Aylık Bülten - Excel
2025-07-01,2025,7,16,Diğer Bilgiler,1,,Banka Sayısı,,Diğer Bilgiler,Banka Sayısı,,TL,BDDK Aylık Bülten - Excel
2025-07-01,2025,7,16,Diğer Bilgiler,1,,Banka Sayısı,,Adet,66,66.0,TL,BDDK Aylık Bülten - Excel
2025-07-01,2025,7,16,Diğer Bilgiler,2,,Yurt İçi Şube Sayısı,,Unnamed: 0,Sektör,,TL,BDDK Aylık Bülten - Excel
2025-07-01,2025,7,16,Diğer Bilgiler,2,,Yurt İçi Şube Sayısı,,Unnamed: 1,2,2.0,TL,BDDK Aylık Bülten - Excel
2025-07-01,2025,7,16,Diğer Bilgiler,2,,Yurt İçi Şube Sayısı,,Diğer Bilgiler,Yurt İçi Şube Sayısı,,TL,BDDK Aylık Bülten - Excel
2025-07-01,2025,7,16,Diğer Bilgiler,2,,Yurt İçi Şube Sayısı,,Adet,10730,10730.0,TL,BDDK Aylık Bülten - Excel
2025-07-01,2025,7,16,Diğer Bilgiler,3,,Yurt Dışı Şube Sayısı,,Unnamed: 0,Sektör,,TL,BDDK Aylık Bülten - Excel
2025-07-01,2025,7,16,Diğer Bilgiler,3,,Yurt Dışı Şube Sayısı,,Unnamed: 1,3,3.0,TL,BDDK Aylık Bülten - Excel
2025-07-01,2025,7,16,Diğer Bilgiler,3,,Yurt Dışı Şube Sayısı,,Diğer Bilgiler,Yurt Dışı Şube Sayısı,,TL,BDDK Aylık Bülten - Excel
2025-07-01,2025,7,16,Diğer Bilgiler,3,,Yurt Dışı Şube Sayısı,,Adet,81,81.0,TL,BDDK Aylık Bülten - Excel
2025-07-01,2025,7,16,Diğer Bilgiler,4,,On-line Sistemine Dahil Şube Sayısı,,Unnamed: 0,Sektör,,TL,BDDK Aylık Bülten - Excel
2025-07-01,2025,7,16,Diğer Bilgiler,4,,On-line Sistemine Dahil Şube Sayısı,,Unnamed: 1,4,4.0,TL,BDDK Aylık Bülten - Excel
2025-07-01,2025,7,16,Diğer Bilgiler,4,,On-line Sistemine Dahil Şube Sayısı,,Diğer Bilgiler,On-line Sistemine Dahil Şube Sayısı,,TL,BDDK Aylık Bülten - Excel
2025-07-01,2025,7,16,Diğer Bilgiler,4,,On-line Sistemine Dahil Şube Sayısı,,Adet,10183,10183.0,TL,BDDK Aylık Bülten - Excel
2025-07-01,2025,7,16,Diğer Bilgiler,5,,ATM Sayısı,,Unnamed: 0,Sektör,,TL,BDDK Aylık Bülten - Excel
2025-07-01,2025,7,16,Diğer Bilgiler,5,,ATM Sayısı,,Unnamed: 1,5,5.0,TL,BDDK Aylık Bülten - Excel
2025-07-01,2025,7,16,Diğer Bilgiler,5,,ATM Sayısı,,Diğer Bilgiler,ATM Sayısı,,TL,BDDK Aylık Bülten - Excel
2025-07-01,2025,7,16,Diğer Bilgiler,5,,ATM Sayısı,,Adet,52368,52368.0,TL,BDDK Aylık Bülten - Excel
2025-07-01,2025,7,16,Diğer Bilgiler,6,,Yurt İçi Personel Sayısı,,Unnamed: 0,Sektör,,TL,BDDK Aylık Bülten - Excel
2025-07-01,2025,7,16,Diğer Bilgiler,6,,Yurt İçi Personel Sayısı,,Unnamed: 1,6,6.0,TL,BDDK Aylık Bülten - Excel
2025-07-01,2025,7,16,Diğer Bilgiler,6,,Yurt İçi Personel Sayısı,,Diğer Bilgiler,Yurt İçi Personel Sayısı,,TL,BDDK Aylık Bülten - Excel
2025-07-01,2025,7,16,Diğer Bilgiler,6,,Yurt İçi Personel Sayısı,,Adet,210216,210216.0,TL,BDDK Aylık Bülten - Excel
2025-07-01,2025,7,16,Diğer Bilgiler,7,,Yurt Dışı Personel Sayısı,,Unnamed: 0,Sektör,,TL,BDDK Aylık Bülten - Excel
2025-07-01,2025,7,16,Diğer Bilgiler,7,,Yurt Dışı Personel Sayısı,,Unnamed: 1,7,7.0,TL,BDDK Aylık Bülten - Excel
2025-07-01,2025,7,16,Diğer Bilgiler,7,,Yurt Dışı Personel Sayısı,,Diğer Bilgiler,Yurt Dışı Personel Sayısı,,TL,BDDK Aylık Bülten - Excel
2025-07-01,2025,7,16,Diğer Bilgiler,7,,Yurt Dışı Personel Sayısı,,Adet,952,952.0,TL,BDDK Aylık Bülten - Excel
2025-08-01,2025,8,16,Diğer Bilgiler,1,,Banka Sayısı,,Unnamed: 0,Sektör,,TL,BDDK Aylık Bülten - Excel
2025-08-01,2025,8,16,Diğer Bilgiler,1,,Banka Sayısı,,Unnamed: 1,1,1.0,TL,BDDK Aylık Bülten - Excel
2025-08-01,2025,8,16,Diğer Bilgiler,1,,Banka Sayısı,,Diğer Bilgiler,Banka Sayısı,,TL,BDDK Aylık Bülten - Excel
2025-08-01,2025,8,16,Diğer Bilgiler,1,,Banka Sayısı,,Adet,66,66.0,TL,BDDK Aylık Bülten - Excel
2025-08-01,2025,8,16,Diğer Bilgiler,2,,Yurt İçi Şube Sayısı,,Unnamed: 0,Sektör,,TL,BDDK Aylık Bülten - Excel
2025-08-01,2025,8,16,Diğer Bilgiler,2,,Yurt İçi Şube Sayısı,,Unnamed: 1,2,2.0,TL,BDDK Aylık Bülten - Excel
2025-08-01,2025,8,16,Diğer Bilgiler,2,,Yurt İçi Şube Sayısı,,Diğer Bilgiler,Yurt İçi Şube Sayısı,,TL,BDDK Aylık Bülten - Excel
2025-08-01,2025,8,16,Diğer Bilgiler,2,,Yurt İçi Şube Sayısı,,Adet,10715,10715.0,TL,BDDK Aylık Bülten - Excel
2025-08-01,2025,8,16,Diğer Bilgiler,3,,Yurt Dışı Şube Sayısı,,Unnamed: 0,Sektör,,TL,BDDK Aylık Bülten - Excel
2025-08-01,2025,8,16,Diğer Bilgiler,3,,Yurt Dışı Şube Sayısı,,Unnamed: 1,3,3.0,TL,BDDK Aylık Bülten - Excel
2025-08-01,2025,8,16,Diğer Bilgiler,3,,Yurt Dışı Şube Sayısı,,Diğer Bilgiler,Yurt Dışı Şube Sayısı,,TL,BDDK Aylık Bülten - Excel
2025-08-01,2025,8,16,Diğer Bilgiler,3,,Yurt Dışı Şube Sayısı,,Adet,81,81.0,TL,BDDK Aylık Bülten - Excel
2025-08-01,2025,8,16,Diğer Bilgiler,4,,On-line Sistemine Dahil Şube Sayısı,,Unnamed: 0,Sektör,,TL,BDDK Aylık Bülten - Excel
2025-08-01,2025,8,16,Diğer Bilgiler,4,,On-line Sistemine Dahil Şube Sayısı,,Unnamed: 1,4,4.0,TL,BDDK Aylık Bülten - Excel
2025-08-01,2025,8,16,Diğer Bilgiler,4,,On-line Sistemine Dahil Şube Sayısı,,Diğer Bilgiler,On-line Sistemine Dahil Şube Sayısı,,TL,BDDK Aylık Bülten - Excel
2025-08-01,2025,8,16,Diğer Bilgiler,4,,On-line Sistemine Dahil Şube Sayısı,,Adet,10158,10158.0,TL,BDDK Aylık Bülten - Excel
2025-08-01,2025,8,16,Diğer Bilgiler,5,,ATM Sayısı,,Unnamed: 0,Sektör,,TL,BDDK Aylık Bülten - Excel
2025-08-01,2025,8,16,Diğer Bilgiler,5,,ATM Sayısı,,Unnamed: 1,5,5.0,TL,BDDK Aylık Bülten - Excel
2025-08-01,2025,8,16,Diğer Bilgiler,5,,ATM Sayısı,,Diğer Bilgiler,ATM Sayısı,,TL,BDDK Aylık Bülten - Excel
2025-08-01,2025,8,16,Diğer Bilgiler,5,,ATM Sayısı,,Adet,52569,52569.0,TL,BDDK Aylık Bülten - Excel
2025-08-01,2025,8,16,Diğer Bilgiler,6,,Yurt İçi Personel Sayısı,,Unnamed: 0,Sektör,,TL,BDDK Aylık Bülten - Excel
2025-08-01,2025,8,16,Diğer Bilgiler,6,,Yurt İçi Personel Sayısı,,Unnamed: 1,6,6.0,TL,BDDK Aylık Bülten - Excel
2025-08-01,2025,8,16,Diğer Bilgiler,6,,Yurt İçi Personel Sayısı,,Diğer Bilgiler,Yurt İçi Personel Sayısı,,TL,BDDK Aylık Bülten - Excel
2025-08-01,2025,8,16,Diğer Bilgiler,6,,Yurt İçi Personel Sayısı,,Adet,210301,210301.0,TL,BDDK Aylık Bülten - Excel
2025-08-01,2025,8,16,Diğer Bilgiler,7,,Yurt Dışı Personel Sayısı,,Unnamed: 0,Sektör,,TL,BDDK Aylık Bülten - Excel
2025-08-01,2025,8,16,Diğer Bilgiler,7,,Yurt Dışı Personel Sayısı,,Unnamed: 1,7,7.0,TL,BDDK Aylık Bülten - Excel
2025-08-01,2025,8,16,Diğer Bilgiler,7,,Yurt Dışı Personel Sayısı,,Diğer Bilgiler,Yurt Dışı Personel Sayısı,,TL,BDDK Aylık Bülten - Excel
2025-08-01,2025,8,16,Diğer Bilgiler,7,,Yurt Dışı Personel Sayısı,,Adet,954,954.0,TL,BDDK Aylık Bülten - Excel
2025-09-01,2025,9,16,Diğer Bilgiler,1,,Banka Sayısı,,Unnamed: 0,Sektör,,TL,BDDK Aylık Bülten - Excel
2025-09-01,2025,9,16,Diğer Bilgiler,1,,Banka Sayısı,,Unnamed: 1,1,1.0,TL,BDDK Aylık Bülten - Excel
2025-09-01,2025,9,16,Diğer Bilgiler,1,,Banka Sayısı,,Diğer Bilgiler,Banka Sayısı,,TL,BDDK Aylık Bülten - Excel
2025-09-01,2025,9,16,Diğer Bilgiler,1,,Banka Sayısı,,Adet,66,66.0,TL,BDDK Aylık Bülten - Excel
2025-09-01,2025,9,16,Diğer Bilgiler,2,,Yurt İçi Şube Sayısı,,Unnamed: 0,Sektör,,TL,BDDK Aylık Bülten - Excel
2025-09-01,2025,9,16,Diğer Bilgiler,2,,Yurt İçi Şube Sayısı,,Unnamed: 1,2,2.0,TL,BDDK Aylık Bülten - Excel
2025-09-01,2025,9,16,Diğer Bilgiler,2,,Yurt İçi Şube Sayısı,,Diğer Bilgiler,Yurt İçi Şube Sayısı,,TL,BDDK Aylık Bülten - Excel
2025-09-01,2025,9,16,Diğer Bilgiler,2,,Yurt İçi Şube Sayısı,,Adet,10701,10701.0,TL,BDDK Aylık Bülten - Excel
2025-09-01,2025,9,16,Diğer Bilgiler,3,,Yurt Dışı Şube Sayısı,,Unnamed: 0,Sektör,,TL,BDDK Aylık Bülten - Excel
2025-09-01,2025,9,16,Diğer Bilgiler,3,,Yurt Dışı Şube Sayısı,,Unnamed: 1,3,3.0,TL,BDDK Aylık Bülten - Excel
2025-09-01,2025,9,16,Diğer Bilgiler,3,,Yurt Dışı Şube Sayısı,,Diğer Bilgiler,Yurt Dışı Şube Sayısı,,TL,BDDK Aylık Bülten - Excel
2025-09-01,2025,9,16,Diğer Bilgiler,3,,Yurt Dışı Şube Sayısı,,Adet,80,80.0,TL,BDDK Aylık Bülten - Excel
2025-09-01,2025,9,16,Diğer Bilgiler,4,,On-line Sistemine Dahil Şube Sayısı,,Unnamed: 0,Sektör,,TL,BDDK Aylık Bülten - Excel
2025-09-01,2025,9,16,Diğer Bilgiler,4,,On-line Sistemine Dahil Şube Sayısı,,Unnamed: 1,4,4.0,TL,BDDK Aylık Bülten - Excel
2025-09-01,2025,9,16,Diğer Bilgiler,4,,On-line Sistemine Dahil Şube Sayısı,,Diğer Bilgiler,On-line Sistemine Dahil Şube Sayısı,,TL,BDDK Aylık Bülten - Excel
2025-09-01,2025,9,16,Diğer Bilgiler,4,,On-line Sistemine Dahil Şube Sayısı,,Adet,10139,10139.0,TL,BDDK Aylık Bülten - Excel
2025-09-01,2025,9,16,Diğer Bilgiler,5,,ATM Sayısı,,Unnamed: 0,Sektör,,TL,BDDK Aylık Bülten - Excel
2025-09-01,2025,9,16,Diğer Bilgiler,5,,ATM Sayısı,,Unnamed: 1,5,5.0,TL,BDDK Aylık Bülten - Excel
2025-09-01,2025,9,16,Diğer Bilgiler,5,,ATM Sayısı,,Diğer Bilgiler,ATM Sayısı,,TL,BDDK Aylık Bülten - Excel
2025-09-01,2025,9,16,Diğer Bilgiler,5,,ATM Sayısı,,Adet,52661,52661.0,TL,BDDK Aylık Bülten - Excel
2025-09-01,2025,9,16,Diğer Bilgiler,6,,Yurt İçi Personel Sayısı,,Unnamed: 0,Sektör,,TL,BDDK Aylık Bülten - Excel
2025-09-01,2025,9,16,Diğer Bilgiler,6,,Yurt İçi Personel Sayısı,,Unnamed: 1,6,6.0,TL,BDDK Aylık Bülten - Excel
2025-09-01,2025,9,16,Diğer Bilgiler,6,,Yurt İçi Personel Sayısı,,Diğer Bilgiler,Yurt İçi Personel Sayısı,,TL,BDDK Aylık Bülten - Excel
2025-09-01,2025,9,16,Diğer Bilgiler,6,,Yurt İçi Personel Sayısı,,Adet,209162,209162.0,TL,BDDK Aylık Bülten - Excel
2025-09-01,2025,9,16,Diğer Bilgiler,7,,Yurt Dışı Personel Sayısı,,Unnamed: 0,Sektör,,TL,BDDK Aylık Bülten - Excel
2025-09-01,2025,9,16,Diğer Bilgiler,7,,Yurt Dışı Personel Sayısı,,Unnamed: 1,7,7.0,TL,BDDK Aylık Bülten - Excel
2025-09-01,2025,9,16,Diğer Bilgiler,7,,Yurt Dışı Personel Sayısı,,Diğer Bilgiler,Yurt Dışı Personel Sayısı,,TL,BDDK Aylık Bülten - Excel
2025-09-01,2025,9,16,Diğer Bilgiler,7,,Yurt Dışı Personel Sayısı,,Adet,940,940.0,TL,BDDK Aylık Bülten - Excel
2025-10-01,2025,10,16,Diğer Bilgiler,1,,Banka Sayısı,,Unnamed: 0,Sektör,,TL,BDDK Aylık Bülten - Excel
2025-10-01,2025,10,16,Diğer Bilgiler,1,,Banka Sayısı,,Unnamed: 1,1,1.0,TL,BDDK Aylık Bülten - Excel
2025-10-01,2025,10,16,Diğer Bilgiler,1,,Banka Sayısı,,Diğer Bilgiler,Banka Sayısı,,TL,BDDK Aylık Bülten - Excel
2025-10-01,2025,10,16,Diğer Bilgiler,1,,Banka Sayısı,,Adet,67,67.0,TL,BDDK Aylık Bülten - Excel
2025-10-01,2025,10,16,Diğer Bilgiler,2,,Yurt İçi Şube Sayısı,,Unnamed: 0,Sektör,,TL,BDDK Aylık Bülten - Excel
2025-10-01,2025,10,16,Diğer Bilgiler,2,,Yurt İçi Şube Sayısı,,Unnamed: 1,2,2.0,TL,BDDK Aylık Bülten - Excel
2025-10-01,2025,10,16,Diğer Bilgiler,2,,Yurt İçi Şube Sayısı,,Diğer Bilgiler,Yurt İçi Şube Sayısı,,TL,BDDK Aylık Bülten - Excel
2025-10-01,2025,10,16,Diğer Bilgiler,2,,Yurt İçi Şube Sayısı,,Adet,10684,10684.0,TL,BDDK Aylık Bülten - Excel
2025-10-01,2025,10,16,Diğer Bilgiler,3,,Yurt Dışı Şube Sayısı,,Unnamed: 0,Sektör,,TL,BDDK Aylık Bülten - Excel
2025-10-01,2025,10,16,Diğer Bilgiler,3,,Yurt Dışı Şube Sayısı,,Unnamed: 1,3,3.0,TL,BDDK Aylık Bülten - Excel
2025-10-01,2025,10,16,Diğer Bilgiler,3,,Yurt Dışı Şube Sayısı,,Diğer Bilgiler,Yurt Dışı Şube Sayısı,,TL,BDDK Aylık Bülten - Excel
2025-10-01,2025,10,16,Diğer Bilgiler,3,,Yurt Dışı Şube Sayısı,,Adet,81,81.0,TL,BDDK Aylık Bülten - Excel
2025-10-01,2025,10,16,Diğer Bilgiler,4,,On-line Sistemine Dahil Şube Sayısı,,Unnamed: 0,Sektör,,TL,BDDK Aylık Bülten - Excel
2025-10-01,2025,10,16,Diğer Bilgiler,4,,On-line Sistemine Dahil Şube Sayısı,,Unnamed: 1,4,4.0,TL,BDDK Aylık Bülten - Excel
2025-10-01,2025,10,16,Diğer Bilgiler,4,,On-line Sistemine Dahil Şube Sayısı,,Diğer Bilgiler,On-line Sistemine Dahil Şube Sayısı,,TL,BDDK Aylık Bülten - Excel
2025-10-01,2025,10,16,Diğer Bilgiler,4,,On-line Sistemine Dahil Şube Sayısı,,Adet,10120,10120.0,TL,BDDK Aylık Bülten - Excel
2025-10-01,2025,10,16,Diğer Bilgiler,5,,ATM Sayısı,,Unnamed: 0,Sektör,,TL,BDDK Aylık Bülten - Excel
2025-10-01,2025,10,16,Diğer Bilgiler,5,,ATM Sayısı,,Unnamed: 1,5,5.0,TL,BDDK Aylık Bülten - Excel
2025-10-01,2025,10,16,Diğer Bilgiler,5,,ATM Sayısı,,Diğer Bilgiler,ATM Sayısı,,TL,BDDK Aylık Bülten - Excel
2025-10-01,2025,10,16,Diğer Bilgiler,5,,ATM Sayısı,,Adet,52813,52813.0,TL,BDDK Aylık Bülten - Excel
2025-10-01,2025,10,16,Diğer Bilgiler,6,,Yurt İçi Personel Sayısı,,Unnamed: 0,Sektör,,TL,BDDK Aylık Bülten - Excel
2025-10-01,2025,10,16,Diğer Bilgiler,6,,Yurt İçi Personel Sayısı,,Unnamed: 1,6,6.0,TL,BDDK Aylık Bülten - Excel
2025-10-01,2025,10,16,Diğer Bilgiler,6,,Yurt İçi Personel Sayısı,,Diğer Bilgiler,Yurt İçi Personel Sayısı,,TL,BDDK Aylık Bülten - Excel
2025-10-01,2025,10,16,Diğer Bilgiler,6,,Yurt İçi Personel Sayısı,,Adet,210242,210242.0,TL,BDDK Aylık Bülten - Excel
2025-10-01,2025,10,16,Diğer Bilgiler,7,,Yurt Dışı Personel Sayısı,,Unnamed: 0,Sektör,,TL,BDDK Aylık Bülten - Excel
2025-10-01,2025,10,16,Diğer Bilgiler,7,,Yurt Dışı Personel Sayısı,,Unnamed: 1,7,7.0,TL,BDDK Aylık Bülten - Excel
2025-10-01,2025,10,16,Diğer Bilgiler,7,,Yurt Dışı Personel Sayısı,,Diğer Bilgiler,Yurt Dışı Personel Sayısı,,TL,BDDK Aylık Bülten - Excel
2025-10-01,2025,10,16,Diğer Bilgiler,7,,Yurt Dışı Personel Sayısı,,Adet,942,942.0,TL,BDDK Aylık Bülten - Excel
2025-11-01,2025,11,16,Diğer Bilgiler,1,,Banka Sayısı,,Unnamed: 0,Sektör,,TL,BDDK Aylık Bülten - Excel
2025-11-01,2025,11,16,Diğer Bilgiler,1,,Banka Sayısı,,Unnamed: 1,1,1.0,TL,BDDK Aylık Bülten - Excel
2025-11-01,2025,11,16,Diğer Bilgiler,1,,Banka Sayısı,,Diğer Bilgiler,Banka Sayısı,,TL,BDDK Aylık Bülten - Excel
2025-11-01,2025,11,16,Diğer Bilgiler,1,,Banka Sayısı,,Adet,67,67.0,TL,BDDK Aylık Bülten - Excel
2025-11-01,2025,11,16,Diğer Bilgiler,2,,Yurt İçi Şube Sayısı,,Unnamed: 0,Sektör,,TL,BDDK Aylık Bülten - Excel
2025-11-01,2025,11,16,Diğer Bilgiler,2,,Yurt İçi Şube Sayısı,,Unnamed: 1,2,2.0,TL,BDDK Aylık Bülten - Excel
2025-11-01,2025,11,16,Diğer Bilgiler,2,,Yurt İçi Şube Sayısı,,Diğer Bilgiler,Yurt İçi Şube Sayısı,,TL,BDDK Aylık Bülten - Excel
2025-11-01,2025,11,16,Diğer Bilgiler,2,,Yurt İçi Şube Sayısı,,Adet,10666,10666.0,TL,BDDK Aylık Bülten - Excel
2025-11-01,2025,11,16,Diğer Bilgiler,3,,Yurt Dışı Şube Sayısı,,Unnamed: 0,Sektör,,TL,BDDK Aylık Bülten - Excel
2025-11-01,2025,11,16,Diğer Bilgiler,3,,Yurt Dışı Şube Sayısı,,Unnamed: 1,3,3.0,TL,BDDK Aylık Bülten - Excel
2025-11-01,2025,11,16,Diğer Bilgiler,3,,Yurt Dışı Şube Sayısı,,Diğer Bilgiler,Yurt Dışı Şube Sayısı,,TL,BDDK Aylık Bülten - Excel
2025-11-01,2025,11,16,Diğer Bilgiler,3,,Yurt Dışı Şube Sayısı,,Adet,81,81.0,TL,BDDK Aylık Bülten - Excel
2025-11-01,2025,11,16,Diğer Bilgiler,4,,On-line Sistemine Dahil Şube Sayısı,,Unnamed: 0,Sektör,,TL,BDDK Aylık Bülten - Excel
2025-11-01,2025,11,16,Diğer Bilgiler,4,,On-line Sistemine Dahil Şube Sayısı,,Unnamed: 1,4,4.0,TL,BDDK Aylık Bülten - Excel
2025-11-01,2025,11,16,Diğer Bilgiler,4,,On-line Sistemine Dahil Şube Sayısı,,Diğer Bilgiler,On-line Sistemine Dahil Şube Sayısı,,TL,BDDK Aylık Bülten - Excel
2025-11-01,2025,11,16,Diğer Bilgiler,4,,On-line Sistemine Dahil Şube Sayısı,,Adet,10098,10098.0,TL,BDDK Aylık Bülten - Excel
2025-11-01,2025,11,16,Diğer Bilgiler,5,,ATM Sayısı,,Unnamed: 0,Sektör,,TL,BDDK Aylık Bülten - Excel
2025-11-01,2025,11,16,Diğer Bilgiler,5,,ATM Sayısı,,Unnamed: 1,5,5.0,TL,BDDK Aylık Bülten - Excel
2025-11-01,2025,11,16,Diğer Bilgiler,5,,ATM Sayısı,,Diğer Bilgiler,ATM Sayısı,,TL,BDDK Aylık Bülten - Excel
2025-11-01,2025,11,16,Diğer Bilgiler,5,,ATM Sayısı,,Adet,53021,53021.0,TL,BDDK Aylık Bülten - Excel
2025-11-01,2025,11,16,Diğer Bilgiler,6,,Yurt İçi Personel Sayısı,,Unnamed: 0,Sektör,,TL,BDDK Aylık Bülten - Excel
2025-11-01,2025,11,16,Diğer Bilgiler,6,,Yurt İçi Personel Sayısı,,Unnamed: 1,6,6.0,TL,BDDK Aylık Bülten - Excel
2025-11-01,2025,11,16,Diğer Bilgiler,6,,Yurt İçi Personel Sayısı,,Diğer Bilgiler,Yurt İçi Personel Sayısı,,TL,BDDK Aylık Bülten - Excel
2025-11-01,2025,11,16,Diğer Bilgiler,6,,Yurt İçi Personel Sayısı,,Adet,210298,210298.0,TL,BDDK Aylık Bülten - Excel
2025-11-01,2025,11,16,Diğer Bilgiler,7,,Yurt Dışı Personel Sayısı,,Unnamed: 0,Sektör,,TL,BDDK Aylık Bülten - Excel
2025-11-01,2025,11,16,Diğer Bilgiler,7,,Yurt Dışı Personel Sayısı,,Unnamed: 1,7,7.0,TL,BDDK Aylık Bülten - Excel
2025-11-01,2025,11,16,Diğer Bilgiler,7,,Yurt Dışı Personel Sayısı,,Diğer Bilgiler,Yurt Dışı Personel Sayısı,,TL,BDDK Aylık Bülten - Excel
2025-11-01,2025,11,16,Diğer Bilgiler,7,,Yurt Dışı Personel Sayısı,,Adet,946,946.0,TL,BDDK Aylık Bülten - Excel
2025-12-01,2025,12,16,Diğer Bilgiler,1,,Banka Sayısı,,Unnamed: 0,Sektör,,TL,BDDK Aylık Bülten - Excel
2025-12-01,2025,12,16,Diğer Bilgiler,1,,Banka Sayısı,,Unnamed: 1,1,1.0,TL,BDDK Aylık Bülten - Excel
2025-12-01,2025,12,16,Diğer Bilgiler,1,,Banka Sayısı,,Diğer Bilgiler,Banka Sayısı,,TL,BDDK Aylık Bülten - Excel
2025-12-01,2025,12,16,Diğer Bilgiler,1,,Banka Sayısı,,Adet,66,66.0,TL,BDDK Aylık Bülten - Excel
2025-12-01,2025,12,16,Diğer Bilgiler,2,,Yurt İçi Şube Sayısı,,Unnamed: 0,Sektör,,TL,BDDK Aylık Bülten - Excel
2025-12-01,2025,12,16,Diğer Bilgiler,2,,Yurt İçi Şube Sayısı,,Unnamed: 1,2,2.0,TL,BDDK Aylık Bülten - Excel
2025-12-01,2025,12,16,Diğer Bilgiler,2,,Yurt İçi Şube Sayısı,,Diğer Bilgiler,Yurt İçi Şube Sayısı,,TL,BDDK Aylık Bülten - Excel
2025-12-01,2025,12,16,Diğer Bilgiler,2,,Yurt İçi Şube Sayısı,,Adet,10569,10569.0,TL,BDDK Aylık Bülten - Excel
2025-12-01,2025,12,16,Diğer Bilgiler,3,,Yurt Dışı Şube Sayısı,,Unnamed: 0,Sektör,,TL,BDDK Aylık Bülten - Excel
2025-12-01,2025,12,16,Diğer Bilgiler,3,,Yurt Dışı Şube Sayısı,,Unnamed: 1,3,3.0,TL,BDDK Aylık Bülten - Excel
2025-12-01,2025,12,16,Diğer Bilgiler,3,,Yurt Dışı Şube Sayısı,,Diğer Bilgiler,Yurt Dışı Şube Sayısı,,TL,BDDK Aylık Bülten - Excel
2025-12-01,2025,12,16,Diğer Bilgiler,3,,Yurt Dışı Şube Sayısı,,Adet,81,81.0,TL,BDDK Aylık Bülten - Excel
2025-12-01,2025,12,16,Diğer Bilgiler,4,,On-line Sistemine Dahil Şube Sayısı,,Unnamed: 0,Sektör,,TL,BDDK Aylık Bülten - Excel
2025-12-01,2025,12,16,Diğer Bilgiler,4,,On-line Sistemine Dahil Şube Sayısı,,Unnamed: 1,4,4.0,TL,BDDK Aylık Bülten - Excel
2025-12-01,2025,12,16,Diğer Bilgiler,4,,On-line Sistemine Dahil Şube Sayısı,,Diğer Bilgiler,On-line Sistemine Dahil Şube Sayısı,,TL,BDDK Aylık Bülten - Excel
2025-12-01,2025,12,16,Diğer Bilgiler,4,,On-line Sistemine Dahil Şube Sayısı,,Adet,9994,9994.0,TL,BDDK Aylık Bülten - Excel
2025-12-01,2025,12,16,Diğer Bilgiler,5,,ATM Sayısı,,Unnamed: 0,Sektör,,TL,BDDK Aylık Bülten - Excel
2025-12-01,2025,12,16,Diğer Bilgiler,5,,ATM Sayısı,,Unnamed: 1,5,5.0,TL,BDDK Aylık Bülten - Excel
2025-12-01,2025,12,16,Diğer Bilgiler,5,,ATM Sayısı,,Diğer Bilgiler,ATM Sayısı,,TL,BDDK Aylık Bülten - Excel
2025-12-01,2025,12,16,Diğer Bilgiler,5,,ATM Sayısı,,Adet,53467,53467.0,TL,BDDK Aylık Bülten - Excel
2025-12-01,2025,12,16,Diğer Bilgiler,6,,Yurt İçi Personel Sayısı,,Unnamed: 0,Sektör,,TL,BDDK Aylık Bülten - Excel
2025-12-01,2025,12,16,Diğer Bilgiler,6,,Yurt İçi Personel Sayısı,,Unnamed: 1,6,6.0,TL,BDDK Aylık Bülten - Excel
2025-12-01,2025,12,16,Diğer Bilgiler,6,,Yurt İçi Personel Sayısı,,Diğer Bilgiler,Yurt İçi Personel Sayısı,,TL,BDDK Aylık Bülten - Excel
2025-12-01,2025,12,16,Diğer Bilgiler,6,,Yurt İçi Personel Sayısı,,Adet,210845,210845.0,TL,BDDK Aylık Bülten - Excel
2025-12-01,2025,12,16,Diğer Bilgiler,7,,Yurt Dışı Personel Sayısı,,Unnamed: 0,Sektör,,TL,BDDK Aylık Bülten - Excel
2025-12-01,2025,12,16,Diğer Bilgiler,7,,Yurt Dışı Personel Sayısı,,Unnamed: 1,7,7.0,TL,BDDK Aylık Bülten - Excel
2025-12-01,2025,12,16,Diğer Bilgiler,7,,Yurt Dışı Personel Sayısı,,Diğer Bilgiler,Yurt Dışı Personel Sayısı,,TL,BDDK Aylık Bülten - Excel
2025-12-01,2025,12,16,Diğer Bilgiler,7,,Yurt Dışı Personel Sayısı,,Adet,950,950.0,TL,BDDK Aylık Bülten - Excel
2026-01-01,2026,1,16,Diğer Bilgiler,1,,Banka Sayısı,,Unnamed: 0,Sektör,,TL,BDDK Aylık Bülten - Excel
2026-01-01,2026,1,16,Diğer Bilgiler,1,,Banka Sayısı,,Unnamed: 1,1,1.0,TL,BDDK Aylık Bülten - Excel
2026-01-01,2026,1,16,Diğer Bilgiler,1,,Banka Sayısı,,Diğer Bilgiler,Banka Sayısı,,TL,BDDK Aylık Bülten - Excel
2026-01-01,2026,1,16,Diğer Bilgiler,1,,Banka Sayısı,,Adet,66,66.0,TL,BDDK Aylık Bülten - Excel
2026-01-01,2026,1,16,Diğer Bilgiler,2,,Yurt İçi Şube Sayısı,,Unnamed: 0,Sektör,,TL,BDDK Aylık Bülten - Excel
2026-01-01,2026,1,16,Diğer Bilgiler,2,,Yurt İçi Şube Sayısı,,Unnamed: 1,2,2.0,TL,BDDK Aylık Bülten - Excel
2026-01-01,2026,1,16,Diğer Bilgiler,2,,Yurt İçi Şube Sayısı,,Diğer Bilgiler,Yurt İçi Şube Sayısı,,TL,BDDK Aylık Bülten - Excel
2026-01-01,2026,1,16,Diğer Bilgiler,2,,Yurt İçi Şube Sayısı,,Adet,10572,10572.0,TL,BDDK Aylık Bülten - Excel
2026-01-01,2026,1,16,Diğer Bilgiler,3,,Yurt Dışı Şube Sayısı,,Unnamed: 0,Sektör,,TL,BDDK Aylık Bülten - Excel
2026-01-01,2026,1,16,Diğer Bilgiler,3,,Yurt Dışı Şube Sayısı,,Unnamed: 1,3,3.0,TL,BDDK Aylık Bülten - Excel
2026-01-01,2026,1,16,Diğer Bilgiler,3,,Yurt Dışı Şube Sayısı,,Diğer Bilgiler,Yurt Dışı Şube Sayısı,,TL,BDDK Aylık Bülten - Excel
2026-01-01,2026,1,16,Diğer Bilgiler,3,,Yurt Dışı Şube Sayısı,,Adet,79,79.0,TL,BDDK Aylık Bülten - Excel
2026-01-01,2026,1,16,Diğer Bilgiler,4,,On-line Sistemine Dahil Şube Sayısı,,Unnamed: 0,Sektör,,TL,BDDK Aylık Bülten - Excel
2026-01-01,2026,1,16,Diğer Bilgiler,4,,On-line Sistemine Dahil Şube Sayısı,,Unnamed: 1,4,4.0,TL,BDDK Aylık Bülten - Excel
2026-01-01,2026,1,16,Diğer Bilgiler,4,,On-line Sistemine Dahil Şube Sayısı,,Diğer Bilgiler,On-line Sistemine Dahil Şube Sayısı,,TL,BDDK Aylık Bülten - Excel
2026-01-01,2026,1,16,Diğer Bilgiler,4,,On-line Sistemine Dahil Şube Sayısı,,Adet,9997,9997.0,TL,BDDK Aylık Bülten - Excel
2026-01-01,2026,1,16,Diğer Bilgiler,5,,ATM Sayısı,,Unnamed: 0,Sektör,,TL,BDDK Aylık Bülten - Excel
2026-01-01,2026,1,16,Diğer Bilgiler,5,,ATM Sayısı,,Unnamed: 1,5,5.0,TL,BDDK Aylık Bülten - Excel
2026-01-01,2026,1,16,Diğer Bilgiler,5,,ATM Sayısı,,Diğer Bilgiler,ATM Sayısı,,TL,BDDK Aylık Bülten - Excel
2026-01-01,2026,1,16,Diğer Bilgiler,5,,ATM Sayısı,,Adet,53546,53546.0,TL,BDDK Aylık Bülten - Excel
2026-01-01,2026,1,16,Diğer Bilgiler,6,,Yurt İçi Personel Sayısı,,Unnamed: 0,Sektör,,TL,BDDK Aylık Bülten - Excel
2026-01-01,2026,1,16,Diğer Bilgiler,6,,Yurt İçi Personel Sayısı,,Unnamed: 1,6,6.0,TL,BDDK Aylık Bülten - Excel
2026-01-01,2026,1,16,Diğer Bilgiler,6,,Yurt İçi Personel Sayısı,,Diğer Bilgiler,Yurt İçi Personel Sayısı,,TL,BDDK Aylık Bülten - Excel
2026-01-01,2026,1,16,Diğer Bilgiler,6,,Yurt İçi Personel Sayısı,,Adet,210227,210227.0,TL,BDDK Aylık Bülten - Excel
2026-01-01,2026,1,16,Diğer Bilgiler,7,,Yurt Dışı Personel Sayısı,,Unnamed: 0,Sektör,,TL,BDDK Aylık Bülten - Excel
2026-01-01,2026,1,16,Diğer Bilgiler,7,,Yurt Dışı Personel Sayısı,,Unnamed: 1,7,7.0,TL,BDDK Aylık Bülten - Excel
2026-01-01,2026,1,16,Diğer Bilgiler,7,,Yurt Dışı Personel Sayısı,,Diğer Bilgiler,Yurt Dışı Personel Sayısı,,TL,BDDK Aylık Bülten - Excel
2026-01-01,2026,1,16,Diğer Bilgiler,7,,Yurt Dışı Personel Sayısı,,Adet,949,949.0,TL,BDDK Aylık Bülten - Excel
2026-02-01,2026,2,16,Diğer Bilgiler,1,,Banka Sayısı,,Unnamed: 0,Sektör,,TL,BDDK Aylık Bülten - Excel
2026-02-01,2026,2,16,Diğer Bilgiler,1,,Banka Sayısı,,Unnamed: 1,1,1.0,TL,BDDK Aylık Bülten - Excel
2026-02-01,2026,2,16,Diğer Bilgiler,1,,Banka Sayısı,,Diğer Bilgiler,Banka Sayısı,,TL,BDDK Aylık Bülten - Excel
2026-02-01,2026,2,16,Diğer Bilgiler,1,,Banka Sayısı,,Adet,66,66.0,TL,BDDK Aylık Bülten - Excel
2026-02-01,2026,2,16,Diğer Bilgiler,2,,Yurt İçi Şube Sayısı,,Unnamed: 0,Sektör,,TL,BDDK Aylık Bülten - Excel
2026-02-01,2026,2,16,Diğer Bilgiler,2,,Yurt İçi Şube Sayısı,,Unnamed: 1,2,2.0,TL,BDDK Aylık Bülten - Excel
2026-02-01,2026,2,16,Diğer Bilgiler,2,,Yurt İçi Şube Sayısı,,Diğer Bilgiler,Yurt İçi Şube Sayısı,,TL,BDDK Aylık Bülten - Excel
2026-02-01,2026,2,16,Diğer Bilgiler,2,,Yurt İçi Şube Sayısı,,Adet,10571,10571.0,TL,BDDK Aylık Bülten - Excel
2026-02-01,2026,2,16,Diğer Bilgiler,3,,Yurt Dışı Şube Sayısı,,Unnamed: 0,Sektör,,TL,BDDK Aylık Bülten - Excel
2026-02-01,2026,2,16,Diğer Bilgiler,3,,Yurt Dışı Şube Sayısı,,Unnamed: 1,3,3.0,TL,BDDK Aylık Bülten - Excel
2026-02-01,2026,2,16,Diğer Bilgiler,3,,Yurt Dışı Şube Sayısı,,Diğer Bilgiler,Yurt Dışı Şube Sayısı,,TL,BDDK Aylık Bülten - Excel
2026-02-01,2026,2,16,Diğer Bilgiler,3,,Yurt Dışı Şube Sayısı,,Adet,80,80.0,TL,BDDK Aylık Bülten - Excel
2026-02-01,2026,2,16,Diğer Bilgiler,4,,On-line Sistemine Dahil Şube Sayısı,,Unnamed: 0,Sektör,,TL,BDDK Aylık Bülten - Excel
2026-02-01,2026,2,16,Diğer Bilgiler,4,,On-line Sistemine Dahil Şube Sayısı,,Unnamed: 1,4,4.0,TL,BDDK Aylık Bülten - Excel
2026-02-01,2026,2,16,Diğer Bilgiler,4,,On-line Sistemine Dahil Şube Sayısı,,Diğer Bilgiler,On-line Sistemine Dahil Şube Sayısı,,TL,BDDK Aylık Bülten - Excel
2026-02-01,2026,2,16,Diğer Bilgiler,4,,On-line Sistemine Dahil Şube Sayısı,,Adet,9987,9987.0,TL,BDDK Aylık Bülten - Excel
2026-02-01,2026,2,16,Diğer Bilgiler,5,,ATM Sayısı,,Unnamed: 0,Sektör,,TL,BDDK Aylık Bülten - Excel
2026-02-01,2026,2,16,Diğer Bilgiler,5,,ATM Sayısı,,Unnamed: 1,5,5.0,TL,BDDK Aylık Bülten - Excel
2026-02-01,2026,2,16,Diğer Bilgiler,5,,ATM Sayısı,,Diğer Bilgiler,ATM Sayısı,,TL,BDDK Aylık Bülten - Excel
2026-02-01,2026,2,16,Diğer Bilgiler,5,,ATM Sayısı,,Adet,53585,53585.0,TL,BDDK Aylık Bülten - Excel
2026-02-01,2026,2,16,Diğer Bilgiler,6,,Yurt İçi Personel Sayısı,,Unnamed: 0,Sektör,,TL,BDDK Aylık Bülten - Excel
2026-02-01,2026,2,16,Diğer Bilgiler,6,,Yurt İçi Personel Sayısı,,Unnamed: 1,6,6.0,TL,BDDK Aylık Bülten - Excel
2026-02-01,2026,2,16,Diğer Bilgiler,6,,Yurt İçi Personel Sayısı,,Diğer Bilgiler,Yurt İçi Personel Sayısı,,TL,BDDK Aylık Bülten - Excel
2026-02-01,2026,2,16,Diğer Bilgiler,6,,Yurt İçi Personel Sayısı,,Adet,210238,210238.0,TL,BDDK Aylık Bülten - Excel
2026-02-01,2026,2,16,Diğer Bilgiler,7,,Yurt Dışı Personel Sayısı,,Unnamed: 0,Sektör,,TL,BDDK Aylık Bülten - Excel
2026-02-01,2026,2,16,Diğer Bilgiler,7,,Yurt Dışı Personel Sayısı,,Unnamed: 1,7,7.0,TL,BDDK Aylık Bülten - Excel
2026-02-01,2026,2,16,Diğer Bilgiler,7,,Yurt Dışı Personel Sayısı,,Diğer Bilgiler,Yurt Dışı Personel Sayısı,,TL,BDDK Aylık Bülten - Excel
2026-02-01,2026,2,16,Diğer Bilgiler,7,,Yurt Dışı Personel Sayısı,,Adet,944,944.0,TL,BDDK Aylık Bülten - Excel
2026-03-01,2026,3,16,Diğer Bilgiler,1,,Banka Sayısı,,Unnamed: 0,Sektör,,TL,BDDK Aylık Bülten - Excel
2026-03-01,2026,3,16,Diğer Bilgiler,1,,Banka Sayısı,,Unnamed: 1,1,1.0,TL,BDDK Aylık Bülten - Excel
2026-03-01,2026,3,16,Diğer Bilgiler,1,,Banka Sayısı,,Diğer Bilgiler,Banka Sayısı,,TL,BDDK Aylık Bülten - Excel
2026-03-01,2026,3,16,Diğer Bilgiler,1,,Banka Sayısı,,Adet,67,67.0,TL,BDDK Aylık Bülten - Excel
2026-03-01,2026,3,16,Diğer Bilgiler,2,,Yurt İçi Şube Sayısı,,Unnamed: 0,Sektör,,TL,BDDK Aylık Bülten - Excel
2026-03-01,2026,3,16,Diğer Bilgiler,2,,Yurt İçi Şube Sayısı,,Unnamed: 1,2,2.0,TL,BDDK Aylık Bülten - Excel
2026-03-01,2026,3,16,Diğer Bilgiler,2,,Yurt İçi Şube Sayısı,,Diğer Bilgiler,Yurt İçi Şube Sayısı,,TL,BDDK Aylık Bülten - Excel
2026-03-01,2026,3,16,Diğer Bilgiler,2,,Yurt İçi Şube Sayısı,,Adet,10574,10574.0,TL,BDDK Aylık Bülten - Excel
2026-03-01,2026,3,16,Diğer Bilgiler,3,,Yurt Dışı Şube Sayısı,,Unnamed: 0,Sektör,,TL,BDDK Aylık Bülten - Excel
2026-03-01,2026,3,16,Diğer Bilgiler,3,,Yurt Dışı Şube Sayısı,,Unnamed: 1,3,3.0,TL,BDDK Aylık Bülten - Excel
2026-03-01,2026,3,16,Diğer Bilgiler,3,,Yurt Dışı Şube Sayısı,,Diğer Bilgiler,Yurt Dışı Şube Sayısı,,TL,BDDK Aylık Bülten - Excel
2026-03-01,2026,3,16,Diğer Bilgiler,3,,Yurt Dışı Şube Sayısı,,Adet,80,80.0,TL,BDDK Aylık Bülten - Excel
2026-03-01,2026,3,16,Diğer Bilgiler,4,,On-line Sistemine Dahil Şube Sayısı,,Unnamed: 0,Sektör,,TL,BDDK Aylık Bülten - Excel
2026-03-01,2026,3,16,Diğer Bilgiler,4,,On-line Sistemine Dahil Şube Sayısı,,Unnamed: 1,4,4.0,TL,BDDK Aylık Bülten - Excel
2026-03-01,2026,3,16,Diğer Bilgiler,4,,On-line Sistemine Dahil Şube Sayısı,,Diğer Bilgiler,On-line Sistemine Dahil Şube Sayısı,,TL,BDDK Aylık Bülten - Excel
2026-03-01,2026,3,16,Diğer Bilgiler,4,,On-line Sistemine Dahil Şube Sayısı,,Adet,9985,9985.0,TL,BDDK Aylık Bülten - Excel
2026-03-01,2026,3,16,Diğer Bilgiler,5,,ATM Sayısı,,Unnamed: 0,Sektör,,TL,BDDK Aylık Bülten - Excel
2026-03-01,2026,3,16,Diğer Bilgiler,5,,ATM Sayısı,,Unnamed: 1,5,5.0,TL,BDDK Aylık Bülten - Excel
2026-03-01,2026,3,16,Diğer Bilgiler,5,,ATM Sayısı,,Diğer Bilgiler,ATM Sayısı,,TL,BDDK Aylık Bülten - Excel
2026-03-01,2026,3,16,Diğer Bilgiler,5,,ATM Sayısı,,Adet,53601,53601.0,TL,BDDK Aylık Bülten - Excel
2026-03-01,2026,3,16,Diğer Bilgiler,6,,Yurt İçi Personel Sayısı,,Unnamed: 0,Sektör,,TL,BDDK Aylık Bülten - Excel
2026-03-01,2026,3,16,Diğer Bilgiler,6,,Yurt İçi Personel Sayısı,,Unnamed: 1,6,6.0,TL,BDDK Aylık Bülten - Excel
2026-03-01,2026,3,16,Diğer Bilgiler,6,,Yurt İçi Personel Sayısı,,Diğer Bilgiler,Yurt İçi Personel Sayısı,,TL,BDDK Aylık Bülten - Excel
2026-03-01,2026,3,16,Diğer Bilgiler,6,,Yurt İçi Personel Sayısı,,Adet,210475,210475.0,TL,BDDK Aylık Bülten - Excel
2026-03-01,2026,3,16,Diğer Bilgiler,7,,Yurt Dışı Personel Sayısı,,Unnamed: 0,Sektör,,TL,BDDK Aylık Bülten - Excel
2026-03-01,2026,3,16,Diğer Bilgiler,7,,Yurt Dışı Personel Sayısı,,Unnamed: 1,7,7.0,TL,BDDK Aylık Bülten - Excel
2026-03-01,2026,3,16,Diğer Bilgiler,7,,Yurt Dışı Personel Sayısı,,Diğer Bilgiler,Yurt Dışı Personel Sayısı,,TL,BDDK Aylık Bülten - Excel
2026-03-01,2026,3,16,Diğer Bilgiler,7,,Yurt Dışı Personel Sayısı,,Adet,948,948.0,TL,BDDK Aylık Bülten - Excel
2026-04-01,2026,4,16,Diğer Bilgiler,1,,Banka Sayısı,,Unnamed: 0,Sektör,,TL,BDDK Aylık Bülten - Excel
2026-04-01,2026,4,16,Diğer Bilgiler,1,,Banka Sayısı,,Unnamed: 1,1,1.0,TL,BDDK Aylık Bülten - Excel
2026-04-01,2026,4,16,Diğer Bilgiler,1,,Banka Sayısı,,Diğer Bilgiler,Banka Sayısı,,TL,BDDK Aylık Bülten - Excel
2026-04-01,2026,4,16,Diğer Bilgiler,1,,Banka Sayısı,,Adet,67,67.0,TL,BDDK Aylık Bülten - Excel
2026-04-01,2026,4,16,Diğer Bilgiler,2,,Yurt İçi Şube Sayısı,,Unnamed: 0,Sektör,,TL,BDDK Aylık Bülten - Excel
2026-04-01,2026,4,16,Diğer Bilgiler,2,,Yurt İçi Şube Sayısı,,Unnamed: 1,2,2.0,TL,BDDK Aylık Bülten - Excel
2026-04-01,2026,4,16,Diğer Bilgiler,2,,Yurt İçi Şube Sayısı,,Diğer Bilgiler,Yurt İçi Şube Sayısı,,TL,BDDK Aylık Bülten - Excel
2026-04-01,2026,4,16,Diğer Bilgiler,2,,Yurt İçi Şube Sayısı,,Adet,10563,10563.0,TL,BDDK Aylık Bülten - Excel
2026-04-01,2026,4,16,Diğer Bilgiler,3,,Yurt Dışı Şube Sayısı,,Unnamed: 0,Sektör,,TL,BDDK Aylık Bülten - Excel
2026-04-01,2026,4,16,Diğer Bilgiler,3,,Yurt Dışı Şube Sayısı,,Unnamed: 1,3,3.0,TL,BDDK Aylık Bülten - Excel
2026-04-01,2026,4,16,Diğer Bilgiler,3,,Yurt Dışı Şube Sayısı,,Diğer Bilgiler,Yurt Dışı Şube Sayısı,,TL,BDDK Aylık Bülten - Excel
2026-04-01,2026,4,16,Diğer Bilgiler,3,,Yurt Dışı Şube Sayısı,,Adet,80,80.0,TL,BDDK Aylık Bülten - Excel
2026-04-01,2026,4,16,Diğer Bilgiler,4,,On-line Sistemine Dahil Şube Sayısı,,Unnamed: 0,Sektör,,TL,BDDK Aylık Bülten - Excel
2026-04-01,2026,4,16,Diğer Bilgiler,4,,On-line Sistemine Dahil Şube Sayısı,,Unnamed: 1,4,4.0,TL,BDDK Aylık Bülten - Excel
2026-04-01,2026,4,16,Diğer Bilgiler,4,,On-line Sistemine Dahil Şube Sayısı,,Diğer Bilgiler,On-line Sistemine Dahil Şube Sayısı,,TL,BDDK Aylık Bülten - Excel
2026-04-01,2026,4,16,Diğer Bilgiler,4,,On-line Sistemine Dahil Şube Sayısı,,Adet,9974,9974.0,TL,BDDK Aylık Bülten - Excel
2026-04-01,2026,4,16,Diğer Bilgiler,5,,ATM Sayısı,,Unnamed: 0,Sektör,,TL,BDDK Aylık Bülten - Excel
2026-04-01,2026,4,16,Diğer Bilgiler,5,,ATM Sayısı,,Unnamed: 1,5,5.0,TL,BDDK Aylık Bülten - Excel
2026-04-01,2026,4,16,Diğer Bilgiler,5,,ATM Sayısı,,Diğer Bilgiler,ATM Sayısı,,TL,BDDK Aylık Bülten - Excel
2026-04-01,2026,4,16,Diğer Bilgiler,5,,ATM Sayısı,,Adet,53738,53738.0,TL,BDDK Aylık Bülten - Excel
2026-04-01,2026,4,16,Diğer Bilgiler,6,,Yurt İçi Personel Sayısı,,Unnamed: 0,Sektör,,TL,BDDK Aylık Bülten - Excel
2026-04-01,2026,4,16,Diğer Bilgiler,6,,Yurt İçi Personel Sayısı,,Unnamed: 1,6,6.0,TL,BDDK Aylık Bülten - Excel
2026-04-01,2026,4,16,Diğer Bilgiler,6,,Yurt İçi Personel Sayısı,,Diğer Bilgiler,Yurt İçi Personel Sayısı,,TL,BDDK Aylık Bülten - Excel
2026-04-01,2026,4,16,Diğer Bilgiler,6,,Yurt İçi Personel Sayısı,,Adet,210324,210324.0,TL,BDDK Aylık Bülten - Excel
2026-04-01,2026,4,16,Diğer Bilgiler,7,,Yurt Dışı Personel Sayısı,,Unnamed: 0,Sektör,,TL,BDDK Aylık Bülten - Excel
2026-04-01,2026,4,16,Diğer Bilgiler,7,,Yurt Dışı Personel Sayısı,,Unnamed: 1,7,7.0,TL,BDDK Aylık Bülten - Excel
2026-04-01,2026,4,16,Diğer Bilgiler,7,,Yurt Dışı Personel Sayısı,,Diğer Bilgiler,Yurt Dışı Personel Sayısı,,TL,BDDK Aylık Bülten - Excel
2026-04-01,2026,4,16,Diğer Bilgiler,7,,Yurt Dışı Personel Sayısı,,Adet,943,943.0,TL,BDDK Aylık Bülten - Excel
2026-05-01,2026,5,16,Diğer Bilgiler,1,,Banka Sayısı,,Unnamed: 0,Sektör,,TL,BDDK Aylık Bülten - Excel
2026-05-01,2026,5,16,Diğer Bilgiler,1,,Banka Sayısı,,Unnamed: 1,1,1.0,TL,BDDK Aylık Bülten - Excel
2026-05-01,2026,5,16,Diğer Bilgiler,1,,Banka Sayısı,,Diğer Bilgiler,Banka Sayısı,,TL,BDDK Aylık Bülten - Excel
2026-05-01,2026,5,16,Diğer Bilgiler,1,,Banka Sayısı,,Adet,67,67.0,TL,BDDK Aylık Bülten - Excel
2026-05-01,2026,5,16,Diğer Bilgiler,2,,Yurt İçi Şube Sayısı,,Unnamed: 0,Sektör,,TL,BDDK Aylık Bülten - Excel
2026-05-01,2026,5,16,Diğer Bilgiler,2,,Yurt İçi Şube Sayısı,,Unnamed: 1,2,2.0,TL,BDDK Aylık Bülten - Excel
2026-05-01,2026,5,16,Diğer Bilgiler,2,,Yurt İçi Şube Sayısı,,Diğer Bilgiler,Yurt İçi Şube Sayısı,,TL,BDDK Aylık Bülten - Excel
2026-05-01,2026,5,16,Diğer Bilgiler,2,,Yurt İçi Şube Sayısı,,Adet,10567,10567.0,TL,BDDK Aylık Bülten - Excel
2026-05-01,2026,5,16,Diğer Bilgiler,3,,Yurt Dışı Şube Sayısı,,Unnamed: 0,Sektör,,TL,BDDK Aylık Bülten - Excel
2026-05-01,2026,5,16,Diğer Bilgiler,3,,Yurt Dışı Şube Sayısı,,Unnamed: 1,3,3.0,TL,BDDK Aylık Bülten - Excel
2026-05-01,2026,5,16,Diğer Bilgiler,3,,Yurt Dışı Şube Sayısı,,Diğer Bilgiler,Yurt Dışı Şube Sayısı,,TL,BDDK Aylık Bülten - Excel
2026-05-01,2026,5,16,Diğer Bilgiler,3,,Yurt Dışı Şube Sayısı,,Adet,81,81.0,TL,BDDK Aylık Bülten - Excel
2026-05-01,2026,5,16,Diğer Bilgiler,4,,On-line Sistemine Dahil Şube Sayısı,,Unnamed: 0,Sektör,,TL,BDDK Aylık Bülten - Excel
2026-05-01,2026,5,16,Diğer Bilgiler,4,,On-line Sistemine Dahil Şube Sayısı,,Unnamed: 1,4,4.0,TL,BDDK Aylık Bülten - Excel
2026-05-01,2026,5,16,Diğer Bilgiler,4,,On-line Sistemine Dahil Şube Sayısı,,Diğer Bilgiler,On-line Sistemine Dahil Şube Sayısı,,TL,BDDK Aylık Bülten - Excel
2026-05-01,2026,5,16,Diğer Bilgiler,4,,On-line Sistemine Dahil Şube Sayısı,,Adet,9976,9976.0,TL,BDDK Aylık Bülten - Excel
2026-05-01,2026,5,16,Diğer Bilgiler,5,,ATM Sayısı,,Unnamed: 0,Sektör,,TL,BDDK Aylık Bülten - Excel
2026-05-01,2026,5,16,Diğer Bilgiler,5,,ATM Sayısı,,Unnamed: 1,5,5.0,TL,BDDK Aylık Bülten - Excel
2026-05-01,2026,5,16,Diğer Bilgiler,5,,ATM Sayısı,,Diğer Bilgiler,ATM Sayısı,,TL,BDDK Aylık Bülten - Excel
2026-05-01,2026,5,16,Diğer Bilgiler,5,,ATM Sayısı,,Adet,53905,53905.0,TL,BDDK Aylık Bülten - Excel
2026-05-01,2026,5,16,Diğer Bilgiler,6,,Yurt İçi Personel Sayısı,,Unnamed: 0,Sektör,,TL,BDDK Aylık Bülten - Excel
2026-05-01,2026,5,16,Diğer Bilgiler,6,,Yurt İçi Personel Sayısı,,Unnamed: 1,6,6.0,TL,BDDK Aylık Bülten - Excel
2026-05-01,2026,5,16,Diğer Bilgiler,6,,Yurt İçi Personel Sayısı,,Diğer Bilgiler,Yurt İçi Personel Sayısı,,TL,BDDK Aylık Bülten - Excel
2026-05-01,2026,5,16,Diğer Bilgiler,6,,Yurt İçi Personel Sayısı,,Adet,210421,210421.0,TL,BDDK Aylık Bülten - Excel
2026-05-01,2026,5,16,Diğer Bilgiler,7,,Yurt Dışı Personel Sayısı,,Unnamed: 0,Sektör,,TL,BDDK Aylık Bülten - Excel
2026-05-01,2026,5,16,Diğer Bilgiler,7,,Yurt Dışı Personel Sayısı,,Unnamed: 1,7,7.0,TL,BDDK Aylık Bülten - Excel
2026-05-01,2026,5,16,Diğer Bilgiler,7,,Yurt Dışı Personel Sayısı,,Diğer Bilgiler,Yurt Dışı Personel Sayısı,,TL,BDDK Aylık Bülten - Excel
2026-05-01,2026,5,16,Diğer Bilgiler,7,,Yurt Dışı Personel Sayısı,,Adet,933,933.0,TL,BDDK Aylık Bülten - Excel
2026-06-01,2026,6,16,Diğer Bilgiler,1,,Banka Sayısı,,Unnamed: 0,Sektör,,TL,BDDK Aylık Bülten - Excel
2026-06-01,2026,6,16,Diğer Bilgiler,1,,Banka Sayısı,,Unnamed: 1,1,1.0,TL,BDDK Aylık Bülten - Excel
2026-06-01,2026,6,16,Diğer Bilgiler,1,,Banka Sayısı,,Diğer Bilgiler,Banka Sayısı,,TL,BDDK Aylık Bülten - Excel
2026-06-01,2026,6,16,Diğer Bilgiler,1,,Banka Sayısı,,Adet,67,67.0,TL,BDDK Aylık Bülten - Excel
2026-06-01,2026,6,16,Diğer Bilgiler,2,,Yurt İçi Şube Sayısı,,Unnamed: 0,Sektör,,TL,BDDK Aylık Bülten - Excel
2026-06-01,2026,6,16,Diğer Bilgiler,2,,Yurt İçi Şube Sayısı,,Unnamed: 1,2,2.0,TL,BDDK Aylık Bülten - Excel
2026-06-01,2026,6,16,Diğer Bilgiler,2,,Yurt İçi Şube Sayısı,,Diğer Bilgiler,Yurt İçi Şube Sayısı,,TL,BDDK Aylık Bülten - Excel
2026-06-01,2026,6,16,Diğer Bilgiler,2,,Yurt İçi Şube Sayısı,,Adet,10572,10572.0,TL,BDDK Aylık Bülten - Excel
2026-06-01,2026,6,16,Diğer Bilgiler,3,,Yurt Dışı Şube Sayısı,,Unnamed: 0,Sektör,,TL,BDDK Aylık Bülten - Excel
2026-06-01,2026,6,16,Diğer Bilgiler,3,,Yurt Dışı Şube Sayısı,,Unnamed: 1,3,3.0,TL,BDDK Aylık Bülten - Excel
2026-06-01,2026,6,16,Diğer Bilgiler,3,,Yurt Dışı Şube Sayısı,,Diğer Bilgiler,Yurt Dışı Şube Sayısı,,TL,BDDK Aylık Bülten - Excel
2026-06-01,2026,6,16,Diğer Bilgiler,3,,Yurt Dışı Şube Sayısı,,Adet,81,81.0,TL,BDDK Aylık Bülten - Excel
2026-06-01,2026,6,16,Diğer Bilgiler,4,,On-line Sistemine Dahil Şube Sayısı,,Unnamed: 0,Sektör,,TL,BDDK Aylık Bülten - Excel
2026-06-01,2026,6,16,Diğer Bilgiler,4,,On-line Sistemine Dahil Şube Sayısı,,Unnamed: 1,4,4.0,TL,BDDK Aylık Bülten - Excel
2026-06-01,2026,6,16,Diğer Bilgiler,4,,On-line Sistemine Dahil Şube Sayısı,,Diğer Bilgiler,On-line Sistemine Dahil Şube Sayısı,,TL,BDDK Aylık Bülten - Excel
2026-06-01,2026,6,16,Diğer Bilgiler,4,,On-line Sistemine Dahil Şube Sayısı,,Adet,9978,9978.0,TL,BDDK Aylık Bülten - Excel
2026-06-01,2026,6,16,Diğer Bilgiler,5,,ATM Sayısı,,Unnamed: 0,Sektör,,TL,BDDK Aylık Bülten - Excel
2026-06-01,2026,6,16,Diğer Bilgiler,5,,ATM Sayısı,,Unnamed: 1,5,5.0,TL,BDDK Aylık Bülten - Excel
2026-06-01,2026,6,16,Diğer Bilgiler,5,,ATM Sayısı,,Diğer Bilgiler,ATM Sayısı,,TL,BDDK Aylık Bülten - Excel
2026-06-01,2026,6,16,Diğer Bilgiler,5,,ATM Sayısı,,Adet,53996,53996.0,TL,BDDK Aylık Bülten - Excel
2026-06-01,2026,6,16,Diğer Bilgiler,6,,Yurt İçi Personel Sayısı,,Unnamed: 0,Sektör,,TL,BDDK Aylık Bülten - Excel
2026-06-01,2026,6,16,Diğer Bilgiler,6,,Yurt İçi Personel Sayısı,,Unnamed: 1,6,6.0,TL,BDDK Aylık Bülten - Excel
2026-06-01,2026,6,16,Diğer Bilgiler,6,,Yurt İçi Personel Sayısı,,Diğer Bilgiler,Yurt İçi Personel Sayısı,,TL,BDDK Aylık Bülten - Excel
2026-06-01,2026,6,16,Diğer Bilgiler,6,,Yurt İçi Personel Sayısı,,Adet,209985,209985.0,TL,BDDK Aylık Bülten - Excel
2026-06-01,2026,6,16,Diğer Bilgiler,7,,Yurt Dışı Personel Sayısı,,Unnamed: 0,Sektör,,TL,BDDK Aylık Bülten - Excel
2026-06-01,2026,6,16,Diğer Bilgiler,7,,Yurt Dışı Personel Sayısı,,Unnamed: 1,7,7.0,TL,BDDK Aylık Bülten - Excel
2026-06-01,2026,6,16,Diğer Bilgiler,7,,Yurt Dışı Personel Sayısı,,Diğer Bilgiler,Yurt Dışı Personel Sayısı,,TL,BDDK Aylık Bülten - Excel
2026-06-01,2026,6,16,Diğer Bilgiler,7,,Yurt Dışı Personel Sayısı,,Adet,932,932.0,TL,BDDK Aylık Bülten - Excel
