date,year,month,tablo_no,category,row_index,row_no,item,taraf,variable,value_raw,value,currency,source
2021-01-01,2021,1,7,Sendikasyon Seküritizasyon Kredileri,1,,Sendikasyon Kredileri (Dış Ticaret Finansmanı Amaçlı Olmayanlar),,Unnamed: 0,Sektör,,TL,BDDK Aylık Bülten - Excel
2021-01-01,2021,1,7,Sendikasyon Seküritizasyon Kredileri,1,,Sendikasyon Kredileri (Dış Ticaret Finansmanı Amaçlı Olmayanlar),,Unnamed: 1,1,1.0,TL,BDDK Aylık Bülten - Excel
2021-01-01,2021,1,7,Sendikasyon Seküritizasyon Kredileri,1,,Sendikasyon Kredileri (Dış Ticaret Finansmanı Amaçlı Olmayanlar),,"Sendikasyon Seküritizasyon Kredileri (milyon TL), Dönem:2021/1",Sendikasyon Kredileri (Dış Ticaret Finansmanı Amaçlı Olmayanlar),,TL,BDDK Aylık Bülten - Excel
2021-01-01,2021,1,7,Sendikasyon Seküritizasyon Kredileri,1,,Sendikasyon Kredileri (Dış Ticaret Finansmanı Amaçlı Olmayanlar),,TP,0,0.0,TL,BDDK Aylık Bülten - Excel
2021-01-01,2021,1,7,Sendikasyon Seküritizasyon Kredileri,1,,Sendikasyon Kredileri (Dış Ticaret Finansmanı Amaçlı Olmayanlar),,YP,1927.02,1927.02,TL,BDDK Aylık Bülten - Excel
2021-01-01,2021,1,7,Sendikasyon Seküritizasyon Kredileri,1,,Sendikasyon Kredileri (Dış Ticaret Finansmanı Amaçlı Olmayanlar),,Toplam,1927.02,1927.02,TL,BDDK Aylık Bülten - Excel
2021-01-01,2021,1,7,Sendikasyon Seküritizasyon Kredileri,2,,Sendikasyon Kredileri (Dış Ticaret Finansmanı Amaçlı Olanlar),,Unnamed: 0,Sektör,,TL,BDDK Aylık Bülten - Excel
2021-01-01,2021,1,7,Sendikasyon Seküritizasyon Kredileri,2,,Sendikasyon Kredileri (Dış Ticaret Finansmanı Amaçlı Olanlar),,Unnamed: 1,2,2.0,TL,BDDK Aylık Bülten - Excel
2021-01-01,2021,1,7,Sendikasyon Seküritizasyon Kredileri,2,,Sendikasyon Kredileri (Dış Ticaret Finansmanı Amaçlı Olanlar),,"Sendikasyon Seküritizasyon Kredileri (milyon TL), Dönem:2021/1",Sendikasyon Kredileri (Dış Ticaret Finansmanı Amaçlı Olanlar),,TL,BDDK Aylık Bülten - Excel
2021-01-01,2021,1,7,Sendikasyon Seküritizasyon Kredileri,2,,Sendikasyon Kredileri (Dış Ticaret Finansmanı Amaçlı Olanlar),,TP,0,0.0,TL,BDDK Aylık Bülten - Excel
2021-01-01,2021,1,7,Sendikasyon Seküritizasyon Kredileri,2,,Sendikasyon Kredileri (Dış Ticaret Finansmanı Amaçlı Olanlar),,YP,105969.253,105969.253,TL,BDDK Aylık Bülten - Excel
2021-01-01,2021,1,7,Sendikasyon Seküritizasyon Kredileri,2,,Sendikasyon Kredileri (Dış Ticaret Finansmanı Amaçlı Olanlar),,Toplam,105969.253,105969.253,TL,BDDK Aylık Bülten - Excel
2021-01-01,2021,1,7,Sendikasyon Seküritizasyon Kredileri,3,,Seküritizasyon Kredileri,,Unnamed: 0,Sektör,,TL,BDDK Aylık Bülten - Excel
2021-01-01,2021,1,7,Sendikasyon Seküritizasyon Kredileri,3,,Seküritizasyon Kredileri,,Unnamed: 1,3,3.0,TL,BDDK Aylık Bülten - Excel
2021-01-01,2021,1,7,Sendikasyon Seküritizasyon Kredileri,3,,Seküritizasyon Kredileri,,"Sendikasyon Seküritizasyon Kredileri (milyon TL), Dönem:2021/1",Seküritizasyon Kredileri,,TL,BDDK Aylık Bülten - Excel
2021-01-01,2021,1,7,Sendikasyon Seküritizasyon Kredileri,3,,Seküritizasyon Kredileri,,TP,0,0.0,TL,BDDK Aylık Bülten - Excel
2021-01-01,2021,1,7,Sendikasyon Seküritizasyon Kredileri,3,,Seküritizasyon Kredileri,,YP,77183.03,77183.03,TL,BDDK Aylık Bülten - Excel
2021-01-01,2021,1,7,Sendikasyon Seküritizasyon Kredileri,3,,Seküritizasyon Kredileri,,Toplam,77183.03,77183.03,TL,BDDK Aylık Bülten - Excel
2021-02-01,2021,2,7,Sendikasyon Seküritizasyon Kredileri,1,,Sendikasyon Kredileri (Dış Ticaret Finansmanı Amaçlı Olmayanlar),,Unnamed: 0,Sektör,,TL,BDDK Aylık Bülten - Excel
2021-02-01,2021,2,7,Sendikasyon Seküritizasyon Kredileri,1,,Sendikasyon Kredileri (Dış Ticaret Finansmanı Amaçlı Olmayanlar),,Unnamed: 1,1,1.0,TL,BDDK Aylık Bülten - Excel
2021-02-01,2021,2,7,Sendikasyon Seküritizasyon Kredileri,1,,Sendikasyon Kredileri (Dış Ticaret Finansmanı Amaçlı Olmayanlar),,"Sendikasyon Seküritizasyon Kredileri (milyon TL), Dönem:2021/2",Sendikasyon Kredileri (Dış Ticaret Finansmanı Amaçlı Olmayanlar),,TL,BDDK Aylık Bülten - Excel
2021-02-01,2021,2,7,Sendikasyon Seküritizasyon Kredileri,1,,Sendikasyon Kredileri (Dış Ticaret Finansmanı Amaçlı Olmayanlar),,TP,0,0.0,TL,BDDK Aylık Bülten - Excel
2021-02-01,2021,2,7,Sendikasyon Seküritizasyon Kredileri,1,,Sendikasyon Kredileri (Dış Ticaret Finansmanı Amaçlı Olmayanlar),,YP,2034.994,2034.994,TL,BDDK Aylık Bülten - Excel
2021-02-01,2021,2,7,Sendikasyon Seküritizasyon Kredileri,1,,Sendikasyon Kredileri (Dış Ticaret Finansmanı Amaçlı Olmayanlar),,Toplam,2034.994,2034.994,TL,BDDK Aylık Bülten - Excel
2021-02-01,2021,2,7,Sendikasyon Seküritizasyon Kredileri,2,,Sendikasyon Kredileri (Dış Ticaret Finansmanı Amaçlı Olanlar),,Unnamed: 0,Sektör,,TL,BDDK Aylık Bülten - Excel
2021-02-01,2021,2,7,Sendikasyon Seküritizasyon Kredileri,2,,Sendikasyon Kredileri (Dış Ticaret Finansmanı Amaçlı Olanlar),,Unnamed: 1,2,2.0,TL,BDDK Aylık Bülten - Excel
2021-02-01,2021,2,7,Sendikasyon Seküritizasyon Kredileri,2,,Sendikasyon Kredileri (Dış Ticaret Finansmanı Amaçlı Olanlar),,"Sendikasyon Seküritizasyon Kredileri (milyon TL), Dönem:2021/2",Sendikasyon Kredileri (Dış Ticaret Finansmanı Amaçlı Olanlar),,TL,BDDK Aylık Bülten - Excel
2021-02-01,2021,2,7,Sendikasyon Seküritizasyon Kredileri,2,,Sendikasyon Kredileri (Dış Ticaret Finansmanı Amaçlı Olanlar),,TP,0,0.0,TL,BDDK Aylık Bülten - Excel
2021-02-01,2021,2,7,Sendikasyon Seküritizasyon Kredileri,2,,Sendikasyon Kredileri (Dış Ticaret Finansmanı Amaçlı Olanlar),,YP,106752.855,106752.855,TL,BDDK Aylık Bülten - Excel
2021-02-01,2021,2,7,Sendikasyon Seküritizasyon Kredileri,2,,Sendikasyon Kredileri (Dış Ticaret Finansmanı Amaçlı Olanlar),,Toplam,106752.855,106752.855,TL,BDDK Aylık Bülten - Excel
2021-02-01,2021,2,7,Sendikasyon Seküritizasyon Kredileri,3,,Seküritizasyon Kredileri,,Unnamed: 0,Sektör,,TL,BDDK Aylık Bülten - Excel
2021-02-01,2021,2,7,Sendikasyon Seküritizasyon Kredileri,3,,Seküritizasyon Kredileri,,Unnamed: 1,3,3.0,TL,BDDK Aylık Bülten - Excel
2021-02-01,2021,2,7,Sendikasyon Seküritizasyon Kredileri,3,,Seküritizasyon Kredileri,,"Sendikasyon Seküritizasyon Kredileri (milyon TL), Dönem:2021/2",Seküritizasyon Kredileri,,TL,BDDK Aylık Bülten - Excel
2021-02-01,2021,2,7,Sendikasyon Seküritizasyon Kredileri,3,,Seküritizasyon Kredileri,,TP,0,0.0,TL,BDDK Aylık Bülten - Excel
2021-02-01,2021,2,7,Sendikasyon Seküritizasyon Kredileri,3,,Seküritizasyon Kredileri,,YP,79817.519,79817.519,TL,BDDK Aylık Bülten - Excel
2021-02-01,2021,2,7,Sendikasyon Seküritizasyon Kredileri,3,,Seküritizasyon Kredileri,,Toplam,79817.519,79817.519,TL,BDDK Aylık Bülten - Excel
2021-03-01,2021,3,7,Sendikasyon Seküritizasyon Kredileri,1,,Sendikasyon Kredileri (Dış Ticaret Finansmanı Amaçlı Olmayanlar),,Unnamed: 0,Sektör,,TL,BDDK Aylık Bülten - Excel
2021-03-01,2021,3,7,Sendikasyon Seküritizasyon Kredileri,1,,Sendikasyon Kredileri (Dış Ticaret Finansmanı Amaçlı Olmayanlar),,Unnamed: 1,1,1.0,TL,BDDK Aylık Bülten - Excel
2021-03-01,2021,3,7,Sendikasyon Seküritizasyon Kredileri,1,,Sendikasyon Kredileri (Dış Ticaret Finansmanı Amaçlı Olmayanlar),,"Sendikasyon Seküritizasyon Kredileri (milyon TL), Dönem:2021/3",Sendikasyon Kredileri (Dış Ticaret Finansmanı Amaçlı Olmayanlar),,TL,BDDK Aylık Bülten - Excel
2021-03-01,2021,3,7,Sendikasyon Seküritizasyon Kredileri,1,,Sendikasyon Kredileri (Dış Ticaret Finansmanı Amaçlı Olmayanlar),,TP,0,0.0,TL,BDDK Aylık Bülten - Excel
2021-03-01,2021,3,7,Sendikasyon Seküritizasyon Kredileri,1,,Sendikasyon Kredileri (Dış Ticaret Finansmanı Amaçlı Olmayanlar),,YP,2113.015,2113.015,TL,BDDK Aylık Bülten - Excel
2021-03-01,2021,3,7,Sendikasyon Seküritizasyon Kredileri,1,,Sendikasyon Kredileri (Dış Ticaret Finansmanı Amaçlı Olmayanlar),,Toplam,2113.015,2113.015,TL,BDDK Aylık Bülten - Excel
2021-03-01,2021,3,7,Sendikasyon Seküritizasyon Kredileri,2,,Sendikasyon Kredileri (Dış Ticaret Finansmanı Amaçlı Olanlar),,Unnamed: 0,Sektör,,TL,BDDK Aylık Bülten - Excel
2021-03-01,2021,3,7,Sendikasyon Seküritizasyon Kredileri,2,,Sendikasyon Kredileri (Dış Ticaret Finansmanı Amaçlı Olanlar),,Unnamed: 1,2,2.0,TL,BDDK Aylık Bülten - Excel
2021-03-01,2021,3,7,Sendikasyon Seküritizasyon Kredileri,2,,Sendikasyon Kredileri (Dış Ticaret Finansmanı Amaçlı Olanlar),,"Sendikasyon Seküritizasyon Kredileri (milyon TL), Dönem:2021/3",Sendikasyon Kredileri (Dış Ticaret Finansmanı Amaçlı Olanlar),,TL,BDDK Aylık Bülten - Excel
2021-03-01,2021,3,7,Sendikasyon Seküritizasyon Kredileri,2,,Sendikasyon Kredileri (Dış Ticaret Finansmanı Amaçlı Olanlar),,TP,0,0.0,TL,BDDK Aylık Bülten - Excel
2021-03-01,2021,3,7,Sendikasyon Seküritizasyon Kredileri,2,,Sendikasyon Kredileri (Dış Ticaret Finansmanı Amaçlı Olanlar),,YP,117249.758,117249.758,TL,BDDK Aylık Bülten - Excel
2021-03-01,2021,3,7,Sendikasyon Seküritizasyon Kredileri,2,,Sendikasyon Kredileri (Dış Ticaret Finansmanı Amaçlı Olanlar),,Toplam,117249.758,117249.758,TL,BDDK Aylık Bülten - Excel
2021-03-01,2021,3,7,Sendikasyon Seküritizasyon Kredileri,3,,Seküritizasyon Kredileri,,Unnamed: 0,Sektör,,TL,BDDK Aylık Bülten - Excel
2021-03-01,2021,3,7,Sendikasyon Seküritizasyon Kredileri,3,,Seküritizasyon Kredileri,,Unnamed: 1,3,3.0,TL,BDDK Aylık Bülten - Excel
2021-03-01,2021,3,7,Sendikasyon Seküritizasyon Kredileri,3,,Seküritizasyon Kredileri,,"Sendikasyon Seküritizasyon Kredileri (milyon TL), Dönem:2021/3",Seküritizasyon Kredileri,,TL,BDDK Aylık Bülten - Excel
2021-03-01,2021,3,7,Sendikasyon Seküritizasyon Kredileri,3,,Seküritizasyon Kredileri,,TP,0,0.0,TL,BDDK Aylık Bülten - Excel
2021-03-01,2021,3,7,Sendikasyon Seküritizasyon Kredileri,3,,Seküritizasyon Kredileri,,YP,96374.341,96374.341,TL,BDDK Aylık Bülten - Excel
2021-03-01,2021,3,7,Sendikasyon Seküritizasyon Kredileri,3,,Seküritizasyon Kredileri,,Toplam,96374.341,96374.341,TL,BDDK Aylık Bülten - Excel
2021-04-01,2021,4,7,Sendikasyon Seküritizasyon Kredileri,1,,Sendikasyon Kredileri (Dış Ticaret Finansmanı Amaçlı Olmayanlar),,Unnamed: 0,Sektör,,TL,BDDK Aylık Bülten - Excel
2021-04-01,2021,4,7,Sendikasyon Seküritizasyon Kredileri,1,,Sendikasyon Kredileri (Dış Ticaret Finansmanı Amaçlı Olmayanlar),,Unnamed: 1,1,1.0,TL,BDDK Aylık Bülten - Excel
2021-04-01,2021,4,7,Sendikasyon Seküritizasyon Kredileri,1,,Sendikasyon Kredileri (Dış Ticaret Finansmanı Amaçlı Olmayanlar),,"Sendikasyon Seküritizasyon Kredileri (milyon TL), Dönem:2021/4",Sendikasyon Kredileri (Dış Ticaret Finansmanı Amaçlı Olmayanlar),,TL,BDDK Aylık Bülten - Excel
2021-04-01,2021,4,7,Sendikasyon Seküritizasyon Kredileri,1,,Sendikasyon Kredileri (Dış Ticaret Finansmanı Amaçlı Olmayanlar),,TP,0,0.0,TL,BDDK Aylık Bülten - Excel
2021-04-01,2021,4,7,Sendikasyon Seküritizasyon Kredileri,1,,Sendikasyon Kredileri (Dış Ticaret Finansmanı Amaçlı Olmayanlar),,YP,2117.934,2117.934,TL,BDDK Aylık Bülten - Excel
2021-04-01,2021,4,7,Sendikasyon Seküritizasyon Kredileri,1,,Sendikasyon Kredileri (Dış Ticaret Finansmanı Amaçlı Olmayanlar),,Toplam,2117.934,2117.934,TL,BDDK Aylık Bülten - Excel
2021-04-01,2021,4,7,Sendikasyon Seküritizasyon Kredileri,2,,Sendikasyon Kredileri (Dış Ticaret Finansmanı Amaçlı Olanlar),,Unnamed: 0,Sektör,,TL,BDDK Aylık Bülten - Excel
2021-04-01,2021,4,7,Sendikasyon Seküritizasyon Kredileri,2,,Sendikasyon Kredileri (Dış Ticaret Finansmanı Amaçlı Olanlar),,Unnamed: 1,2,2.0,TL,BDDK Aylık Bülten - Excel
2021-04-01,2021,4,7,Sendikasyon Seküritizasyon Kredileri,2,,Sendikasyon Kredileri (Dış Ticaret Finansmanı Amaçlı Olanlar),,"Sendikasyon Seküritizasyon Kredileri (milyon TL), Dönem:2021/4",Sendikasyon Kredileri (Dış Ticaret Finansmanı Amaçlı Olanlar),,TL,BDDK Aylık Bülten - Excel
2021-04-01,2021,4,7,Sendikasyon Seküritizasyon Kredileri,2,,Sendikasyon Kredileri (Dış Ticaret Finansmanı Amaçlı Olanlar),,TP,0,0.0,TL,BDDK Aylık Bülten - Excel
2021-04-01,2021,4,7,Sendikasyon Seküritizasyon Kredileri,2,,Sendikasyon Kredileri (Dış Ticaret Finansmanı Amaçlı Olanlar),,YP,120081.876,120081.876,TL,BDDK Aylık Bülten - Excel
2021-04-01,2021,4,7,Sendikasyon Seküritizasyon Kredileri,2,,Sendikasyon Kredileri (Dış Ticaret Finansmanı Amaçlı Olanlar),,Toplam,120081.876,120081.876,TL,BDDK Aylık Bülten - Excel
2021-04-01,2021,4,7,Sendikasyon Seküritizasyon Kredileri,3,,Seküritizasyon Kredileri,,Unnamed: 0,Sektör,,TL,BDDK Aylık Bülten - Excel
2021-04-01,2021,4,7,Sendikasyon Seküritizasyon Kredileri,3,,Seküritizasyon Kredileri,,Unnamed: 1,3,3.0,TL,BDDK Aylık Bülten - Excel
2021-04-01,2021,4,7,Sendikasyon Seküritizasyon Kredileri,3,,Seküritizasyon Kredileri,,"Sendikasyon Seküritizasyon Kredileri (milyon TL), Dönem:2021/4",Seküritizasyon Kredileri,,TL,BDDK Aylık Bülten - Excel
2021-04-01,2021,4,7,Sendikasyon Seküritizasyon Kredileri,3,,Seküritizasyon Kredileri,,TP,0,0.0,TL,BDDK Aylık Bülten - Excel
2021-04-01,2021,4,7,Sendikasyon Seküritizasyon Kredileri,3,,Seküritizasyon Kredileri,,YP,95317.257,95317.257,TL,BDDK Aylık Bülten - Excel
2021-04-01,2021,4,7,Sendikasyon Seküritizasyon Kredileri,3,,Seküritizasyon Kredileri,,Toplam,95317.257,95317.257,TL,BDDK Aylık Bülten - Excel
2021-05-01,2021,5,7,Sendikasyon Seküritizasyon Kredileri,1,,Sendikasyon Kredileri (Dış Ticaret Finansmanı Amaçlı Olmayanlar),,Unnamed: 0,Sektör,,TL,BDDK Aylık Bülten - Excel
2021-05-01,2021,5,7,Sendikasyon Seküritizasyon Kredileri,1,,Sendikasyon Kredileri (Dış Ticaret Finansmanı Amaçlı Olmayanlar),,Unnamed: 1,1,1.0,TL,BDDK Aylık Bülten - Excel
2021-05-01,2021,5,7,Sendikasyon Seküritizasyon Kredileri,1,,Sendikasyon Kredileri (Dış Ticaret Finansmanı Amaçlı Olmayanlar),,"Sendikasyon Seküritizasyon Kredileri (milyon TL), Dönem:2021/5",Sendikasyon Kredileri (Dış Ticaret Finansmanı Amaçlı Olmayanlar),,TL,BDDK Aylık Bülten - Excel
2021-05-01,2021,5,7,Sendikasyon Seküritizasyon Kredileri,1,,Sendikasyon Kredileri (Dış Ticaret Finansmanı Amaçlı Olmayanlar),,TP,0,0.0,TL,BDDK Aylık Bülten - Excel
2021-05-01,2021,5,7,Sendikasyon Seküritizasyon Kredileri,1,,Sendikasyon Kredileri (Dış Ticaret Finansmanı Amaçlı Olmayanlar),,YP,2058.389,2058.389,TL,BDDK Aylık Bülten - Excel
2021-05-01,2021,5,7,Sendikasyon Seküritizasyon Kredileri,1,,Sendikasyon Kredileri (Dış Ticaret Finansmanı Amaçlı Olmayanlar),,Toplam,2058.389,2058.389,TL,BDDK Aylık Bülten - Excel
2021-05-01,2021,5,7,Sendikasyon Seküritizasyon Kredileri,2,,Sendikasyon Kredileri (Dış Ticaret Finansmanı Amaçlı Olanlar),,Unnamed: 0,Sektör,,TL,BDDK Aylık Bülten - Excel
2021-05-01,2021,5,7,Sendikasyon Seküritizasyon Kredileri,2,,Sendikasyon Kredileri (Dış Ticaret Finansmanı Amaçlı Olanlar),,Unnamed: 1,2,2.0,TL,BDDK Aylık Bülten - Excel
2021-05-01,2021,5,7,Sendikasyon Seküritizasyon Kredileri,2,,Sendikasyon Kredileri (Dış Ticaret Finansmanı Amaçlı Olanlar),,"Sendikasyon Seküritizasyon Kredileri (milyon TL), Dönem:2021/5",Sendikasyon Kredileri (Dış Ticaret Finansmanı Amaçlı Olanlar),,TL,BDDK Aylık Bülten - Excel
2021-05-01,2021,5,7,Sendikasyon Seküritizasyon Kredileri,2,,Sendikasyon Kredileri (Dış Ticaret Finansmanı Amaçlı Olanlar),,TP,0,0.0,TL,BDDK Aylık Bülten - Excel
2021-05-01,2021,5,7,Sendikasyon Seküritizasyon Kredileri,2,,Sendikasyon Kredileri (Dış Ticaret Finansmanı Amaçlı Olanlar),,YP,126849.856,126849.856,TL,BDDK Aylık Bülten - Excel
2021-05-01,2021,5,7,Sendikasyon Seküritizasyon Kredileri,2,,Sendikasyon Kredileri (Dış Ticaret Finansmanı Amaçlı Olanlar),,Toplam,126849.856,126849.856,TL,BDDK Aylık Bülten - Excel
2021-05-01,2021,5,7,Sendikasyon Seküritizasyon Kredileri,3,,Seküritizasyon Kredileri,,Unnamed: 0,Sektör,,TL,BDDK Aylık Bülten - Excel
2021-05-01,2021,5,7,Sendikasyon Seküritizasyon Kredileri,3,,Seküritizasyon Kredileri,,Unnamed: 1,3,3.0,TL,BDDK Aylık Bülten - Excel
2021-05-01,2021,5,7,Sendikasyon Seküritizasyon Kredileri,3,,Seküritizasyon Kredileri,,"Sendikasyon Seküritizasyon Kredileri (milyon TL), Dönem:2021/5",Seküritizasyon Kredileri,,TL,BDDK Aylık Bülten - Excel
2021-05-01,2021,5,7,Sendikasyon Seküritizasyon Kredileri,3,,Seküritizasyon Kredileri,,TP,0,0.0,TL,BDDK Aylık Bülten - Excel
2021-05-01,2021,5,7,Sendikasyon Seküritizasyon Kredileri,3,,Seküritizasyon Kredileri,,YP,97132.483,97132.483,TL,BDDK Aylık Bülten - Excel
2021-05-01,2021,5,7,Sendikasyon Seküritizasyon Kredileri,3,,Seküritizasyon Kredileri,,Toplam,97132.483,97132.483,TL,BDDK Aylık Bülten - Excel
2021-06-01,2021,6,7,Sendikasyon Seküritizasyon Kredileri,1,,Sendikasyon Kredileri (Dış Ticaret Finansmanı Amaçlı Olmayanlar),,Unnamed: 0,Sektör,,TL,BDDK Aylık Bülten - Excel
2021-06-01,2021,6,7,Sendikasyon Seküritizasyon Kredileri,1,,Sendikasyon Kredileri (Dış Ticaret Finansmanı Amaçlı Olmayanlar),,Unnamed: 1,1,1.0,TL,BDDK Aylık Bülten - Excel
2021-06-01,2021,6,7,Sendikasyon Seküritizasyon Kredileri,1,,Sendikasyon Kredileri (Dış Ticaret Finansmanı Amaçlı Olmayanlar),,"Sendikasyon Seküritizasyon Kredileri (milyon TL), Dönem:2021/6",Sendikasyon Kredileri (Dış Ticaret Finansmanı Amaçlı Olmayanlar),,TL,BDDK Aylık Bülten - Excel
2021-06-01,2021,6,7,Sendikasyon Seküritizasyon Kredileri,1,,Sendikasyon Kredileri (Dış Ticaret Finansmanı Amaçlı Olmayanlar),,TP,0,0.0,TL,BDDK Aylık Bülten - Excel
2021-06-01,2021,6,7,Sendikasyon Seküritizasyon Kredileri,1,,Sendikasyon Kredileri (Dış Ticaret Finansmanı Amaçlı Olmayanlar),,YP,2114.557,2114.557,TL,BDDK Aylık Bülten - Excel
2021-06-01,2021,6,7,Sendikasyon Seküritizasyon Kredileri,1,,Sendikasyon Kredileri (Dış Ticaret Finansmanı Amaçlı Olmayanlar),,Toplam,2114.557,2114.557,TL,BDDK Aylık Bülten - Excel
2021-06-01,2021,6,7,Sendikasyon Seküritizasyon Kredileri,2,,Sendikasyon Kredileri (Dış Ticaret Finansmanı Amaçlı Olanlar),,Unnamed: 0,Sektör,,TL,BDDK Aylık Bülten - Excel
2021-06-01,2021,6,7,Sendikasyon Seküritizasyon Kredileri,2,,Sendikasyon Kredileri (Dış Ticaret Finansmanı Amaçlı Olanlar),,Unnamed: 1,2,2.0,TL,BDDK Aylık Bülten - Excel
2021-06-01,2021,6,7,Sendikasyon Seküritizasyon Kredileri,2,,Sendikasyon Kredileri (Dış Ticaret Finansmanı Amaçlı Olanlar),,"Sendikasyon Seküritizasyon Kredileri (milyon TL), Dönem:2021/6",Sendikasyon Kredileri (Dış Ticaret Finansmanı Amaçlı Olanlar),,TL,BDDK Aylık Bülten - Excel
2021-06-01,2021,6,7,Sendikasyon Seküritizasyon Kredileri,2,,Sendikasyon Kredileri (Dış Ticaret Finansmanı Amaçlı Olanlar),,TP,0,0.0,TL,BDDK Aylık Bülten - Excel
2021-06-01,2021,6,7,Sendikasyon Seküritizasyon Kredileri,2,,Sendikasyon Kredileri (Dış Ticaret Finansmanı Amaçlı Olanlar),,YP,134711.574,134711.574,TL,BDDK Aylık Bülten - Excel
2021-06-01,2021,6,7,Sendikasyon Seküritizasyon Kredileri,2,,Sendikasyon Kredileri (Dış Ticaret Finansmanı Amaçlı Olanlar),,Toplam,134711.574,134711.574,TL,BDDK Aylık Bülten - Excel
2021-06-01,2021,6,7,Sendikasyon Seküritizasyon Kredileri,3,,Seküritizasyon Kredileri,,Unnamed: 0,Sektör,,TL,BDDK Aylık Bülten - Excel
2021-06-01,2021,6,7,Sendikasyon Seküritizasyon Kredileri,3,,Seküritizasyon Kredileri,,Unnamed: 1,3,3.0,TL,BDDK Aylık Bülten - Excel
2021-06-01,2021,6,7,Sendikasyon Seküritizasyon Kredileri,3,,Seküritizasyon Kredileri,,"Sendikasyon Seküritizasyon Kredileri (milyon TL), Dönem:2021/6",Seküritizasyon Kredileri,,TL,BDDK Aylık Bülten - Excel
2021-06-01,2021,6,7,Sendikasyon Seküritizasyon Kredileri,3,,Seküritizasyon Kredileri,,TP,0,0.0,TL,BDDK Aylık Bülten - Excel
2021-06-01,2021,6,7,Sendikasyon Seküritizasyon Kredileri,3,,Seküritizasyon Kredileri,,YP,97190.645,97190.645,TL,BDDK Aylık Bülten - Excel
2021-06-01,2021,6,7,Sendikasyon Seküritizasyon Kredileri,3,,Seküritizasyon Kredileri,,Toplam,97190.645,97190.645,TL,BDDK Aylık Bülten - Excel
2021-07-01,2021,7,7,Sendikasyon Seküritizasyon Kredileri,1,,Sendikasyon Kredileri (Dış Ticaret Finansmanı Amaçlı Olmayanlar),,Unnamed: 0,Sektör,,TL,BDDK Aylık Bülten - Excel
2021-07-01,2021,7,7,Sendikasyon Seküritizasyon Kredileri,1,,Sendikasyon Kredileri (Dış Ticaret Finansmanı Amaçlı Olmayanlar),,Unnamed: 1,1,1.0,TL,BDDK Aylık Bülten - Excel
2021-07-01,2021,7,7,Sendikasyon Seküritizasyon Kredileri,1,,Sendikasyon Kredileri (Dış Ticaret Finansmanı Amaçlı Olmayanlar),,"Sendikasyon Seküritizasyon Kredileri (milyon TL), Dönem:2021/7",Sendikasyon Kredileri (Dış Ticaret Finansmanı Amaçlı Olmayanlar),,TL,BDDK Aylık Bülten - Excel
2021-07-01,2021,7,7,Sendikasyon Seküritizasyon Kredileri,1,,Sendikasyon Kredileri (Dış Ticaret Finansmanı Amaçlı Olmayanlar),,TP,0,0.0,TL,BDDK Aylık Bülten - Excel
2021-07-01,2021,7,7,Sendikasyon Seküritizasyon Kredileri,1,,Sendikasyon Kredileri (Dış Ticaret Finansmanı Amaçlı Olmayanlar),,YP,2301.585,2301.585,TL,BDDK Aylık Bülten - Excel
2021-07-01,2021,7,7,Sendikasyon Seküritizasyon Kredileri,1,,Sendikasyon Kredileri (Dış Ticaret Finansmanı Amaçlı Olmayanlar),,Toplam,2301.585,2301.585,TL,BDDK Aylık Bülten - Excel
2021-07-01,2021,7,7,Sendikasyon Seküritizasyon Kredileri,2,,Sendikasyon Kredileri (Dış Ticaret Finansmanı Amaçlı Olanlar),,Unnamed: 0,Sektör,,TL,BDDK Aylık Bülten - Excel
2021-07-01,2021,7,7,Sendikasyon Seküritizasyon Kredileri,2,,Sendikasyon Kredileri (Dış Ticaret Finansmanı Amaçlı Olanlar),,Unnamed: 1,2,2.0,TL,BDDK Aylık Bülten - Excel
2021-07-01,2021,7,7,Sendikasyon Seküritizasyon Kredileri,2,,Sendikasyon Kredileri (Dış Ticaret Finansmanı Amaçlı Olanlar),,"Sendikasyon Seküritizasyon Kredileri (milyon TL), Dönem:2021/7",Sendikasyon Kredileri (Dış Ticaret Finansmanı Amaçlı Olanlar),,TL,BDDK Aylık Bülten - Excel
2021-07-01,2021,7,7,Sendikasyon Seküritizasyon Kredileri,2,,Sendikasyon Kredileri (Dış Ticaret Finansmanı Amaçlı Olanlar),,TP,0,0.0,TL,BDDK Aylık Bülten - Excel
2021-07-01,2021,7,7,Sendikasyon Seküritizasyon Kredileri,2,,Sendikasyon Kredileri (Dış Ticaret Finansmanı Amaçlı Olanlar),,YP,130761.689,130761.689,TL,BDDK Aylık Bülten - Excel
2021-07-01,2021,7,7,Sendikasyon Seküritizasyon Kredileri,2,,Sendikasyon Kredileri (Dış Ticaret Finansmanı Amaçlı Olanlar),,Toplam,130761.689,130761.689,TL,BDDK Aylık Bülten - Excel
2021-07-01,2021,7,7,Sendikasyon Seküritizasyon Kredileri,3,,Seküritizasyon Kredileri,,Unnamed: 0,Sektör,,TL,BDDK Aylık Bülten - Excel
2021-07-01,2021,7,7,Sendikasyon Seküritizasyon Kredileri,3,,Seküritizasyon Kredileri,,Unnamed: 1,3,3.0,TL,BDDK Aylık Bülten - Excel
2021-07-01,2021,7,7,Sendikasyon Seküritizasyon Kredileri,3,,Seküritizasyon Kredileri,,"Sendikasyon Seküritizasyon Kredileri (milyon TL), Dönem:2021/7",Seküritizasyon Kredileri,,TL,BDDK Aylık Bülten - Excel
2021-07-01,2021,7,7,Sendikasyon Seküritizasyon Kredileri,3,,Seküritizasyon Kredileri,,TP,0,0.0,TL,BDDK Aylık Bülten - Excel
2021-07-01,2021,7,7,Sendikasyon Seküritizasyon Kredileri,3,,Seküritizasyon Kredileri,,YP,93181.393,93181.393,TL,BDDK Aylık Bülten - Excel
2021-07-01,2021,7,7,Sendikasyon Seküritizasyon Kredileri,3,,Seküritizasyon Kredileri,,Toplam,93181.393,93181.393,TL,BDDK Aylık Bülten - Excel
2021-08-01,2021,8,7,Sendikasyon Seküritizasyon Kredileri,1,,Sendikasyon Kredileri (Dış Ticaret Finansmanı Amaçlı Olmayanlar),,Unnamed: 0,Sektör,,TL,BDDK Aylık Bülten - Excel
2021-08-01,2021,8,7,Sendikasyon Seküritizasyon Kredileri,1,,Sendikasyon Kredileri (Dış Ticaret Finansmanı Amaçlı Olmayanlar),,Unnamed: 1,1,1.0,TL,BDDK Aylık Bülten - Excel
2021-08-01,2021,8,7,Sendikasyon Seküritizasyon Kredileri,1,,Sendikasyon Kredileri (Dış Ticaret Finansmanı Amaçlı Olmayanlar),,"Sendikasyon Seküritizasyon Kredileri (milyon TL), Dönem:2021/8",Sendikasyon Kredileri (Dış Ticaret Finansmanı Amaçlı Olmayanlar),,TL,BDDK Aylık Bülten - Excel
2021-08-01,2021,8,7,Sendikasyon Seküritizasyon Kredileri,1,,Sendikasyon Kredileri (Dış Ticaret Finansmanı Amaçlı Olmayanlar),,TP,0,0.0,TL,BDDK Aylık Bülten - Excel
2021-08-01,2021,8,7,Sendikasyon Seküritizasyon Kredileri,1,,Sendikasyon Kredileri (Dış Ticaret Finansmanı Amaçlı Olmayanlar),,YP,2267.712,2267.712,TL,BDDK Aylık Bülten - Excel
2021-08-01,2021,8,7,Sendikasyon Seküritizasyon Kredileri,1,,Sendikasyon Kredileri (Dış Ticaret Finansmanı Amaçlı Olmayanlar),,Toplam,2267.712,2267.712,TL,BDDK Aylık Bülten - Excel
2021-08-01,2021,8,7,Sendikasyon Seküritizasyon Kredileri,2,,Sendikasyon Kredileri (Dış Ticaret Finansmanı Amaçlı Olanlar),,Unnamed: 0,Sektör,,TL,BDDK Aylık Bülten - Excel
2021-08-01,2021,8,7,Sendikasyon Seküritizasyon Kredileri,2,,Sendikasyon Kredileri (Dış Ticaret Finansmanı Amaçlı Olanlar),,Unnamed: 1,2,2.0,TL,BDDK Aylık Bülten - Excel
2021-08-01,2021,8,7,Sendikasyon Seküritizasyon Kredileri,2,,Sendikasyon Kredileri (Dış Ticaret Finansmanı Amaçlı Olanlar),,"Sendikasyon Seküritizasyon Kredileri (milyon TL), Dönem:2021/8",Sendikasyon Kredileri (Dış Ticaret Finansmanı Amaçlı Olanlar),,TL,BDDK Aylık Bülten - Excel
2021-08-01,2021,8,7,Sendikasyon Seküritizasyon Kredileri,2,,Sendikasyon Kredileri (Dış Ticaret Finansmanı Amaçlı Olanlar),,TP,0,0.0,TL,BDDK Aylık Bülten - Excel
2021-08-01,2021,8,7,Sendikasyon Seküritizasyon Kredileri,2,,Sendikasyon Kredileri (Dış Ticaret Finansmanı Amaçlı Olanlar),,YP,128817.462,128817.462,TL,BDDK Aylık Bülten - Excel
2021-08-01,2021,8,7,Sendikasyon Seküritizasyon Kredileri,2,,Sendikasyon Kredileri (Dış Ticaret Finansmanı Amaçlı Olanlar),,Toplam,128817.462,128817.462,TL,BDDK Aylık Bülten - Excel
2021-08-01,2021,8,7,Sendikasyon Seküritizasyon Kredileri,3,,Seküritizasyon Kredileri,,Unnamed: 0,Sektör,,TL,BDDK Aylık Bülten - Excel
2021-08-01,2021,8,7,Sendikasyon Seküritizasyon Kredileri,3,,Seküritizasyon Kredileri,,Unnamed: 1,3,3.0,TL,BDDK Aylık Bülten - Excel
2021-08-01,2021,8,7,Sendikasyon Seküritizasyon Kredileri,3,,Seküritizasyon Kredileri,,"Sendikasyon Seküritizasyon Kredileri (milyon TL), Dönem:2021/8",Seküritizasyon Kredileri,,TL,BDDK Aylık Bülten - Excel
2021-08-01,2021,8,7,Sendikasyon Seküritizasyon Kredileri,3,,Seküritizasyon Kredileri,,TP,0,0.0,TL,BDDK Aylık Bülten - Excel
2021-08-01,2021,8,7,Sendikasyon Seküritizasyon Kredileri,3,,Seküritizasyon Kredileri,,YP,90820.297,90820.297,TL,BDDK Aylık Bülten - Excel
2021-08-01,2021,8,7,Sendikasyon Seküritizasyon Kredileri,3,,Seküritizasyon Kredileri,,Toplam,90820.297,90820.297,TL,BDDK Aylık Bülten - Excel
2021-09-01,2021,9,7,Sendikasyon Seküritizasyon Kredileri,1,,Sendikasyon Kredileri (Dış Ticaret Finansmanı Amaçlı Olmayanlar),,Unnamed: 0,Sektör,,TL,BDDK Aylık Bülten - Excel
2021-09-01,2021,9,7,Sendikasyon Seküritizasyon Kredileri,1,,Sendikasyon Kredileri (Dış Ticaret Finansmanı Amaçlı Olmayanlar),,Unnamed: 1,1,1.0,TL,BDDK Aylık Bülten - Excel
2021-09-01,2021,9,7,Sendikasyon Seküritizasyon Kredileri,1,,Sendikasyon Kredileri (Dış Ticaret Finansmanı Amaçlı Olmayanlar),,"Sendikasyon Seküritizasyon Kredileri (milyon TL), Dönem:2021/9",Sendikasyon Kredileri (Dış Ticaret Finansmanı Amaçlı Olmayanlar),,TL,BDDK Aylık Bülten - Excel
2021-09-01,2021,9,7,Sendikasyon Seküritizasyon Kredileri,1,,Sendikasyon Kredileri (Dış Ticaret Finansmanı Amaçlı Olmayanlar),,TP,0,0.0,TL,BDDK Aylık Bülten - Excel
2021-09-01,2021,9,7,Sendikasyon Seküritizasyon Kredileri,1,,Sendikasyon Kredileri (Dış Ticaret Finansmanı Amaçlı Olmayanlar),,YP,2265.778,2265.778,TL,BDDK Aylık Bülten - Excel
2021-09-01,2021,9,7,Sendikasyon Seküritizasyon Kredileri,1,,Sendikasyon Kredileri (Dış Ticaret Finansmanı Amaçlı Olmayanlar),,Toplam,2265.778,2265.778,TL,BDDK Aylık Bülten - Excel
2021-09-01,2021,9,7,Sendikasyon Seküritizasyon Kredileri,2,,Sendikasyon Kredileri (Dış Ticaret Finansmanı Amaçlı Olanlar),,Unnamed: 0,Sektör,,TL,BDDK Aylık Bülten - Excel
2021-09-01,2021,9,7,Sendikasyon Seküritizasyon Kredileri,2,,Sendikasyon Kredileri (Dış Ticaret Finansmanı Amaçlı Olanlar),,Unnamed: 1,2,2.0,TL,BDDK Aylık Bülten - Excel
2021-09-01,2021,9,7,Sendikasyon Seküritizasyon Kredileri,2,,Sendikasyon Kredileri (Dış Ticaret Finansmanı Amaçlı Olanlar),,"Sendikasyon Seküritizasyon Kredileri (milyon TL), Dönem:2021/9",Sendikasyon Kredileri (Dış Ticaret Finansmanı Amaçlı Olanlar),,TL,BDDK Aylık Bülten - Excel
2021-09-01,2021,9,7,Sendikasyon Seküritizasyon Kredileri,2,,Sendikasyon Kredileri (Dış Ticaret Finansmanı Amaçlı Olanlar),,TP,0,0.0,TL,BDDK Aylık Bülten - Excel
2021-09-01,2021,9,7,Sendikasyon Seküritizasyon Kredileri,2,,Sendikasyon Kredileri (Dış Ticaret Finansmanı Amaçlı Olanlar),,YP,135380.673,135380.673,TL,BDDK Aylık Bülten - Excel
2021-09-01,2021,9,7,Sendikasyon Seküritizasyon Kredileri,2,,Sendikasyon Kredileri (Dış Ticaret Finansmanı Amaçlı Olanlar),,Toplam,135380.673,135380.673,TL,BDDK Aylık Bülten - Excel
2021-09-01,2021,9,7,Sendikasyon Seküritizasyon Kredileri,3,,Seküritizasyon Kredileri,,Unnamed: 0,Sektör,,TL,BDDK Aylık Bülten - Excel
2021-09-01,2021,9,7,Sendikasyon Seküritizasyon Kredileri,3,,Seküritizasyon Kredileri,,Unnamed: 1,3,3.0,TL,BDDK Aylık Bülten - Excel
2021-09-01,2021,9,7,Sendikasyon Seküritizasyon Kredileri,3,,Seküritizasyon Kredileri,,"Sendikasyon Seküritizasyon Kredileri (milyon TL), Dönem:2021/9",Seküritizasyon Kredileri,,TL,BDDK Aylık Bülten - Excel
2021-09-01,2021,9,7,Sendikasyon Seküritizasyon Kredileri,3,,Seküritizasyon Kredileri,,TP,0,0.0,TL,BDDK Aylık Bülten - Excel
2021-09-01,2021,9,7,Sendikasyon Seküritizasyon Kredileri,3,,Seküritizasyon Kredileri,,YP,94980.831,94980.831,TL,BDDK Aylık Bülten - Excel
2021-09-01,2021,9,7,Sendikasyon Seküritizasyon Kredileri,3,,Seküritizasyon Kredileri,,Toplam,94980.831,94980.831,TL,BDDK Aylık Bülten - Excel
2021-10-01,2021,10,7,Sendikasyon Seküritizasyon Kredileri,1,,Sendikasyon Kredileri (Dış Ticaret Finansmanı Amaçlı Olmayanlar),,Unnamed: 0,Sektör,,TL,BDDK Aylık Bülten - Excel
2021-10-01,2021,10,7,Sendikasyon Seküritizasyon Kredileri,1,,Sendikasyon Kredileri (Dış Ticaret Finansmanı Amaçlı Olmayanlar),,Unnamed: 1,1,1.0,TL,BDDK Aylık Bülten - Excel
2021-10-01,2021,10,7,Sendikasyon Seküritizasyon Kredileri,1,,Sendikasyon Kredileri (Dış Ticaret Finansmanı Amaçlı Olmayanlar),,"Sendikasyon Seküritizasyon Kredileri (milyon TL), Dönem:2021/10",Sendikasyon Kredileri (Dış Ticaret Finansmanı Amaçlı Olmayanlar),,TL,BDDK Aylık Bülten - Excel
2021-10-01,2021,10,7,Sendikasyon Seküritizasyon Kredileri,1,,Sendikasyon Kredileri (Dış Ticaret Finansmanı Amaçlı Olmayanlar),,TP,0.5,0.5,TL,BDDK Aylık Bülten - Excel
2021-10-01,2021,10,7,Sendikasyon Seküritizasyon Kredileri,1,,Sendikasyon Kredileri (Dış Ticaret Finansmanı Amaçlı Olmayanlar),,YP,2472.792,2472.792,TL,BDDK Aylık Bülten - Excel
2021-10-01,2021,10,7,Sendikasyon Seküritizasyon Kredileri,1,,Sendikasyon Kredileri (Dış Ticaret Finansmanı Amaçlı Olmayanlar),,Toplam,2473.292,2473.292,TL,BDDK Aylık Bülten - Excel
2021-10-01,2021,10,7,Sendikasyon Seküritizasyon Kredileri,2,,Sendikasyon Kredileri (Dış Ticaret Finansmanı Amaçlı Olanlar),,Unnamed: 0,Sektör,,TL,BDDK Aylık Bülten - Excel
2021-10-01,2021,10,7,Sendikasyon Seküritizasyon Kredileri,2,,Sendikasyon Kredileri (Dış Ticaret Finansmanı Amaçlı Olanlar),,Unnamed: 1,2,2.0,TL,BDDK Aylık Bülten - Excel
2021-10-01,2021,10,7,Sendikasyon Seküritizasyon Kredileri,2,,Sendikasyon Kredileri (Dış Ticaret Finansmanı Amaçlı Olanlar),,"Sendikasyon Seküritizasyon Kredileri (milyon TL), Dönem:2021/10",Sendikasyon Kredileri (Dış Ticaret Finansmanı Amaçlı Olanlar),,TL,BDDK Aylık Bülten - Excel
2021-10-01,2021,10,7,Sendikasyon Seküritizasyon Kredileri,2,,Sendikasyon Kredileri (Dış Ticaret Finansmanı Amaçlı Olanlar),,TP,1.0,1.0,TL,BDDK Aylık Bülten - Excel
2021-10-01,2021,10,7,Sendikasyon Seküritizasyon Kredileri,2,,Sendikasyon Kredileri (Dış Ticaret Finansmanı Amaçlı Olanlar),,YP,144712.89,144712.89,TL,BDDK Aylık Bülten - Excel
2021-10-01,2021,10,7,Sendikasyon Seküritizasyon Kredileri,2,,Sendikasyon Kredileri (Dış Ticaret Finansmanı Amaçlı Olanlar),,Toplam,144713.89,144713.89,TL,BDDK Aylık Bülten - Excel
2021-10-01,2021,10,7,Sendikasyon Seküritizasyon Kredileri,3,,Seküritizasyon Kredileri,,Unnamed: 0,Sektör,,TL,BDDK Aylık Bülten - Excel
2021-10-01,2021,10,7,Sendikasyon Seküritizasyon Kredileri,3,,Seküritizasyon Kredileri,,Unnamed: 1,3,3.0,TL,BDDK Aylık Bülten - Excel
2021-10-01,2021,10,7,Sendikasyon Seküritizasyon Kredileri,3,,Seküritizasyon Kredileri,,"Sendikasyon Seküritizasyon Kredileri (milyon TL), Dönem:2021/10",Seküritizasyon Kredileri,,TL,BDDK Aylık Bülten - Excel
2021-10-01,2021,10,7,Sendikasyon Seküritizasyon Kredileri,3,,Seküritizasyon Kredileri,,TP,1.0,1.0,TL,BDDK Aylık Bülten - Excel
2021-10-01,2021,10,7,Sendikasyon Seküritizasyon Kredileri,3,,Seküritizasyon Kredileri,,YP,99700.778,99700.778,TL,BDDK Aylık Bülten - Excel
2021-10-01,2021,10,7,Sendikasyon Seküritizasyon Kredileri,3,,Seküritizasyon Kredileri,,Toplam,99701.778,99701.778,TL,BDDK Aylık Bülten - Excel
2021-11-01,2021,11,7,Sendikasyon Seküritizasyon Kredileri,1,,Sendikasyon Kredileri (Dış Ticaret Finansmanı Amaçlı Olmayanlar),,Unnamed: 0,Sektör,,TL,BDDK Aylık Bülten - Excel
2021-11-01,2021,11,7,Sendikasyon Seküritizasyon Kredileri,1,,Sendikasyon Kredileri (Dış Ticaret Finansmanı Amaçlı Olmayanlar),,Unnamed: 1,1,1.0,TL,BDDK Aylık Bülten - Excel
2021-11-01,2021,11,7,Sendikasyon Seküritizasyon Kredileri,1,,Sendikasyon Kredileri (Dış Ticaret Finansmanı Amaçlı Olmayanlar),,"Sendikasyon Seküritizasyon Kredileri (milyon TL), Dönem:2021/11",Sendikasyon Kredileri (Dış Ticaret Finansmanı Amaçlı Olmayanlar),,TL,BDDK Aylık Bülten - Excel
2021-11-01,2021,11,7,Sendikasyon Seküritizasyon Kredileri,1,,Sendikasyon Kredileri (Dış Ticaret Finansmanı Amaçlı Olmayanlar),,TP,0.0,0.0,TL,BDDK Aylık Bülten - Excel
2021-11-01,2021,11,7,Sendikasyon Seküritizasyon Kredileri,1,,Sendikasyon Kredileri (Dış Ticaret Finansmanı Amaçlı Olmayanlar),,YP,3078.982,3078.982,TL,BDDK Aylık Bülten - Excel
2021-11-01,2021,11,7,Sendikasyon Seküritizasyon Kredileri,1,,Sendikasyon Kredileri (Dış Ticaret Finansmanı Amaçlı Olmayanlar),,Toplam,3078.982,3078.982,TL,BDDK Aylık Bülten - Excel
2021-11-01,2021,11,7,Sendikasyon Seküritizasyon Kredileri,2,,Sendikasyon Kredileri (Dış Ticaret Finansmanı Amaçlı Olanlar),,Unnamed: 0,Sektör,,TL,BDDK Aylık Bülten - Excel
2021-11-01,2021,11,7,Sendikasyon Seküritizasyon Kredileri,2,,Sendikasyon Kredileri (Dış Ticaret Finansmanı Amaçlı Olanlar),,Unnamed: 1,2,2.0,TL,BDDK Aylık Bülten - Excel
2021-11-01,2021,11,7,Sendikasyon Seküritizasyon Kredileri,2,,Sendikasyon Kredileri (Dış Ticaret Finansmanı Amaçlı Olanlar),,"Sendikasyon Seküritizasyon Kredileri (milyon TL), Dönem:2021/11",Sendikasyon Kredileri (Dış Ticaret Finansmanı Amaçlı Olanlar),,TL,BDDK Aylık Bülten - Excel
2021-11-01,2021,11,7,Sendikasyon Seküritizasyon Kredileri,2,,Sendikasyon Kredileri (Dış Ticaret Finansmanı Amaçlı Olanlar),,TP,0.62,0.62,TL,BDDK Aylık Bülten - Excel
2021-11-01,2021,11,7,Sendikasyon Seküritizasyon Kredileri,2,,Sendikasyon Kredileri (Dış Ticaret Finansmanı Amaçlı Olanlar),,YP,195943.524,195943.524,TL,BDDK Aylık Bülten - Excel
2021-11-01,2021,11,7,Sendikasyon Seküritizasyon Kredileri,2,,Sendikasyon Kredileri (Dış Ticaret Finansmanı Amaçlı Olanlar),,Toplam,195944.144,195944.144,TL,BDDK Aylık Bülten - Excel
2021-11-01,2021,11,7,Sendikasyon Seküritizasyon Kredileri,3,,Seküritizasyon Kredileri,,Unnamed: 0,Sektör,,TL,BDDK Aylık Bülten - Excel
2021-11-01,2021,11,7,Sendikasyon Seküritizasyon Kredileri,3,,Seküritizasyon Kredileri,,Unnamed: 1,3,3.0,TL,BDDK Aylık Bülten - Excel
2021-11-01,2021,11,7,Sendikasyon Seküritizasyon Kredileri,3,,Seküritizasyon Kredileri,,"Sendikasyon Seküritizasyon Kredileri (milyon TL), Dönem:2021/11",Seküritizasyon Kredileri,,TL,BDDK Aylık Bülten - Excel
2021-11-01,2021,11,7,Sendikasyon Seküritizasyon Kredileri,3,,Seküritizasyon Kredileri,,TP,8.5,8.5,TL,BDDK Aylık Bülten - Excel
2021-11-01,2021,11,7,Sendikasyon Seküritizasyon Kredileri,3,,Seküritizasyon Kredileri,,YP,133220.778,133220.778,TL,BDDK Aylık Bülten - Excel
2021-11-01,2021,11,7,Sendikasyon Seküritizasyon Kredileri,3,,Seküritizasyon Kredileri,,Toplam,133229.278,133229.278,TL,BDDK Aylık Bülten - Excel
2021-12-01,2021,12,7,Sendikasyon Seküritizasyon Kredileri,1,,Sendikasyon Kredileri (Dış Ticaret Finansmanı Amaçlı Olmayanlar),,Unnamed: 0,Sektör,,TL,BDDK Aylık Bülten - Excel
2021-12-01,2021,12,7,Sendikasyon Seküritizasyon Kredileri,1,,Sendikasyon Kredileri (Dış Ticaret Finansmanı Amaçlı Olmayanlar),,Unnamed: 1,1,1.0,TL,BDDK Aylık Bülten - Excel
2021-12-01,2021,12,7,Sendikasyon Seküritizasyon Kredileri,1,,Sendikasyon Kredileri (Dış Ticaret Finansmanı Amaçlı Olmayanlar),,"Sendikasyon Seküritizasyon Kredileri (milyon TL), Dönem:2021/12",Sendikasyon Kredileri (Dış Ticaret Finansmanı Amaçlı Olmayanlar),,TL,BDDK Aylık Bülten - Excel
2021-12-01,2021,12,7,Sendikasyon Seküritizasyon Kredileri,1,,Sendikasyon Kredileri (Dış Ticaret Finansmanı Amaçlı Olmayanlar),,TP,0.5,0.5,TL,BDDK Aylık Bülten - Excel
2021-12-01,2021,12,7,Sendikasyon Seküritizasyon Kredileri,1,,Sendikasyon Kredileri (Dış Ticaret Finansmanı Amaçlı Olmayanlar),,YP,2757.488,2757.488,TL,BDDK Aylık Bülten - Excel
2021-12-01,2021,12,7,Sendikasyon Seküritizasyon Kredileri,1,,Sendikasyon Kredileri (Dış Ticaret Finansmanı Amaçlı Olmayanlar),,Toplam,2757.988,2757.988,TL,BDDK Aylık Bülten - Excel
2021-12-01,2021,12,7,Sendikasyon Seküritizasyon Kredileri,2,,Sendikasyon Kredileri (Dış Ticaret Finansmanı Amaçlı Olanlar),,Unnamed: 0,Sektör,,TL,BDDK Aylık Bülten - Excel
2021-12-01,2021,12,7,Sendikasyon Seküritizasyon Kredileri,2,,Sendikasyon Kredileri (Dış Ticaret Finansmanı Amaçlı Olanlar),,Unnamed: 1,2,2.0,TL,BDDK Aylık Bülten - Excel
2021-12-01,2021,12,7,Sendikasyon Seküritizasyon Kredileri,2,,Sendikasyon Kredileri (Dış Ticaret Finansmanı Amaçlı Olanlar),,"Sendikasyon Seküritizasyon Kredileri (milyon TL), Dönem:2021/12",Sendikasyon Kredileri (Dış Ticaret Finansmanı Amaçlı Olanlar),,TL,BDDK Aylık Bülten - Excel
2021-12-01,2021,12,7,Sendikasyon Seküritizasyon Kredileri,2,,Sendikasyon Kredileri (Dış Ticaret Finansmanı Amaçlı Olanlar),,TP,1.0,1.0,TL,BDDK Aylık Bülten - Excel
2021-12-01,2021,12,7,Sendikasyon Seküritizasyon Kredileri,2,,Sendikasyon Kredileri (Dış Ticaret Finansmanı Amaçlı Olanlar),,YP,199528.451,199528.451,TL,BDDK Aylık Bülten - Excel
2021-12-01,2021,12,7,Sendikasyon Seküritizasyon Kredileri,2,,Sendikasyon Kredileri (Dış Ticaret Finansmanı Amaçlı Olanlar),,Toplam,199529.451,199529.451,TL,BDDK Aylık Bülten - Excel
2021-12-01,2021,12,7,Sendikasyon Seküritizasyon Kredileri,3,,Seküritizasyon Kredileri,,Unnamed: 0,Sektör,,TL,BDDK Aylık Bülten - Excel
2021-12-01,2021,12,7,Sendikasyon Seküritizasyon Kredileri,3,,Seküritizasyon Kredileri,,Unnamed: 1,3,3.0,TL,BDDK Aylık Bülten - Excel
2021-12-01,2021,12,7,Sendikasyon Seküritizasyon Kredileri,3,,Seküritizasyon Kredileri,,"Sendikasyon Seküritizasyon Kredileri (milyon TL), Dönem:2021/12",Seküritizasyon Kredileri,,TL,BDDK Aylık Bülten - Excel
2021-12-01,2021,12,7,Sendikasyon Seküritizasyon Kredileri,3,,Seküritizasyon Kredileri,,TP,1.117,1.117,TL,BDDK Aylık Bülten - Excel
2021-12-01,2021,12,7,Sendikasyon Seküritizasyon Kredileri,3,,Seküritizasyon Kredileri,,YP,140878.867,140878.867,TL,BDDK Aylık Bülten - Excel
2021-12-01,2021,12,7,Sendikasyon Seküritizasyon Kredileri,3,,Seküritizasyon Kredileri,,Toplam,140879.984,140879.984,TL,BDDK Aylık Bülten - Excel
2022-01-01,2022,1,7,Sendikasyon Seküritizasyon Kredileri,1,,Sendikasyon Kredileri (Dış Ticaret Finansmanı Amaçlı Olmayanlar),,Unnamed: 0,Sektör,,TL,BDDK Aylık Bülten - Excel
2022-01-01,2022,1,7,Sendikasyon Seküritizasyon Kredileri,1,,Sendikasyon Kredileri (Dış Ticaret Finansmanı Amaçlı Olmayanlar),,Unnamed: 1,1,1.0,TL,BDDK Aylık Bülten - Excel
2022-01-01,2022,1,7,Sendikasyon Seküritizasyon Kredileri,1,,Sendikasyon Kredileri (Dış Ticaret Finansmanı Amaçlı Olmayanlar),,"Sendikasyon Seküritizasyon Kredileri (milyon TL), Dönem:2022/1",Sendikasyon Kredileri (Dış Ticaret Finansmanı Amaçlı Olmayanlar),,TL,BDDK Aylık Bülten - Excel
2022-01-01,2022,1,7,Sendikasyon Seküritizasyon Kredileri,1,,Sendikasyon Kredileri (Dış Ticaret Finansmanı Amaçlı Olmayanlar),,TP,0,0.0,TL,BDDK Aylık Bülten - Excel
2022-01-01,2022,1,7,Sendikasyon Seküritizasyon Kredileri,1,,Sendikasyon Kredileri (Dış Ticaret Finansmanı Amaçlı Olmayanlar),,YP,2937.84,2937.84,TL,BDDK Aylık Bülten - Excel
2022-01-01,2022,1,7,Sendikasyon Seküritizasyon Kredileri,1,,Sendikasyon Kredileri (Dış Ticaret Finansmanı Amaçlı Olmayanlar),,Toplam,2937.84,2937.84,TL,BDDK Aylık Bülten - Excel
2022-01-01,2022,1,7,Sendikasyon Seküritizasyon Kredileri,2,,Sendikasyon Kredileri (Dış Ticaret Finansmanı Amaçlı Olanlar),,Unnamed: 0,Sektör,,TL,BDDK Aylık Bülten - Excel
2022-01-01,2022,1,7,Sendikasyon Seküritizasyon Kredileri,2,,Sendikasyon Kredileri (Dış Ticaret Finansmanı Amaçlı Olanlar),,Unnamed: 1,2,2.0,TL,BDDK Aylık Bülten - Excel
2022-01-01,2022,1,7,Sendikasyon Seküritizasyon Kredileri,2,,Sendikasyon Kredileri (Dış Ticaret Finansmanı Amaçlı Olanlar),,"Sendikasyon Seküritizasyon Kredileri (milyon TL), Dönem:2022/1",Sendikasyon Kredileri (Dış Ticaret Finansmanı Amaçlı Olanlar),,TL,BDDK Aylık Bülten - Excel
2022-01-01,2022,1,7,Sendikasyon Seküritizasyon Kredileri,2,,Sendikasyon Kredileri (Dış Ticaret Finansmanı Amaçlı Olanlar),,TP,0,0.0,TL,BDDK Aylık Bülten - Excel
2022-01-01,2022,1,7,Sendikasyon Seküritizasyon Kredileri,2,,Sendikasyon Kredileri (Dış Ticaret Finansmanı Amaçlı Olanlar),,YP,200548.244,200548.244,TL,BDDK Aylık Bülten - Excel
2022-01-01,2022,1,7,Sendikasyon Seküritizasyon Kredileri,2,,Sendikasyon Kredileri (Dış Ticaret Finansmanı Amaçlı Olanlar),,Toplam,200548.244,200548.244,TL,BDDK Aylık Bülten - Excel
2022-01-01,2022,1,7,Sendikasyon Seküritizasyon Kredileri,3,,Seküritizasyon Kredileri,,Unnamed: 0,Sektör,,TL,BDDK Aylık Bülten - Excel
2022-01-01,2022,1,7,Sendikasyon Seküritizasyon Kredileri,3,,Seküritizasyon Kredileri,,Unnamed: 1,3,3.0,TL,BDDK Aylık Bülten - Excel
2022-01-01,2022,1,7,Sendikasyon Seküritizasyon Kredileri,3,,Seküritizasyon Kredileri,,"Sendikasyon Seküritizasyon Kredileri (milyon TL), Dönem:2022/1",Seküritizasyon Kredileri,,TL,BDDK Aylık Bülten - Excel
2022-01-01,2022,1,7,Sendikasyon Seküritizasyon Kredileri,3,,Seküritizasyon Kredileri,,TP,0,0.0,TL,BDDK Aylık Bülten - Excel
2022-01-01,2022,1,7,Sendikasyon Seküritizasyon Kredileri,3,,Seküritizasyon Kredileri,,YP,142291.519,142291.519,TL,BDDK Aylık Bülten - Excel
2022-01-01,2022,1,7,Sendikasyon Seküritizasyon Kredileri,3,,Seküritizasyon Kredileri,,Toplam,142291.519,142291.519,TL,BDDK Aylık Bülten - Excel
2022-02-01,2022,2,7,Sendikasyon Seküritizasyon Kredileri,1,,Sendikasyon Kredileri (Dış Ticaret Finansmanı Amaçlı Olmayanlar),,Unnamed: 0,Sektör,,TL,BDDK Aylık Bülten - Excel
2022-02-01,2022,2,7,Sendikasyon Seküritizasyon Kredileri,1,,Sendikasyon Kredileri (Dış Ticaret Finansmanı Amaçlı Olmayanlar),,Unnamed: 1,1,1.0,TL,BDDK Aylık Bülten - Excel
2022-02-01,2022,2,7,Sendikasyon Seküritizasyon Kredileri,1,,Sendikasyon Kredileri (Dış Ticaret Finansmanı Amaçlı Olmayanlar),,"Sendikasyon Seküritizasyon Kredileri (milyon TL), Dönem:2022/2",Sendikasyon Kredileri (Dış Ticaret Finansmanı Amaçlı Olmayanlar),,TL,BDDK Aylık Bülten - Excel
2022-02-01,2022,2,7,Sendikasyon Seküritizasyon Kredileri,1,,Sendikasyon Kredileri (Dış Ticaret Finansmanı Amaçlı Olmayanlar),,TP,0,0.0,TL,BDDK Aylık Bülten - Excel
2022-02-01,2022,2,7,Sendikasyon Seküritizasyon Kredileri,1,,Sendikasyon Kredileri (Dış Ticaret Finansmanı Amaçlı Olmayanlar),,YP,2995.372,2995.372,TL,BDDK Aylık Bülten - Excel
2022-02-01,2022,2,7,Sendikasyon Seküritizasyon Kredileri,1,,Sendikasyon Kredileri (Dış Ticaret Finansmanı Amaçlı Olmayanlar),,Toplam,2995.372,2995.372,TL,BDDK Aylık Bülten - Excel
2022-02-01,2022,2,7,Sendikasyon Seküritizasyon Kredileri,2,,Sendikasyon Kredileri (Dış Ticaret Finansmanı Amaçlı Olanlar),,Unnamed: 0,Sektör,,TL,BDDK Aylık Bülten - Excel
2022-02-01,2022,2,7,Sendikasyon Seküritizasyon Kredileri,2,,Sendikasyon Kredileri (Dış Ticaret Finansmanı Amaçlı Olanlar),,Unnamed: 1,2,2.0,TL,BDDK Aylık Bülten - Excel
2022-02-01,2022,2,7,Sendikasyon Seküritizasyon Kredileri,2,,Sendikasyon Kredileri (Dış Ticaret Finansmanı Amaçlı Olanlar),,"Sendikasyon Seküritizasyon Kredileri (milyon TL), Dönem:2022/2",Sendikasyon Kredileri (Dış Ticaret Finansmanı Amaçlı Olanlar),,TL,BDDK Aylık Bülten - Excel
2022-02-01,2022,2,7,Sendikasyon Seküritizasyon Kredileri,2,,Sendikasyon Kredileri (Dış Ticaret Finansmanı Amaçlı Olanlar),,TP,0,0.0,TL,BDDK Aylık Bülten - Excel
2022-02-01,2022,2,7,Sendikasyon Seküritizasyon Kredileri,2,,Sendikasyon Kredileri (Dış Ticaret Finansmanı Amaçlı Olanlar),,YP,207431.185,207431.185,TL,BDDK Aylık Bülten - Excel
2022-02-01,2022,2,7,Sendikasyon Seküritizasyon Kredileri,2,,Sendikasyon Kredileri (Dış Ticaret Finansmanı Amaçlı Olanlar),,Toplam,207431.185,207431.185,TL,BDDK Aylık Bülten - Excel
2022-02-01,2022,2,7,Sendikasyon Seküritizasyon Kredileri,3,,Seküritizasyon Kredileri,,Unnamed: 0,Sektör,,TL,BDDK Aylık Bülten - Excel
2022-02-01,2022,2,7,Sendikasyon Seküritizasyon Kredileri,3,,Seküritizasyon Kredileri,,Unnamed: 1,3,3.0,TL,BDDK Aylık Bülten - Excel
2022-02-01,2022,2,7,Sendikasyon Seküritizasyon Kredileri,3,,Seküritizasyon Kredileri,,"Sendikasyon Seküritizasyon Kredileri (milyon TL), Dönem:2022/2",Seküritizasyon Kredileri,,TL,BDDK Aylık Bülten - Excel
2022-02-01,2022,2,7,Sendikasyon Seküritizasyon Kredileri,3,,Seküritizasyon Kredileri,,TP,0,0.0,TL,BDDK Aylık Bülten - Excel
2022-02-01,2022,2,7,Sendikasyon Seküritizasyon Kredileri,3,,Seküritizasyon Kredileri,,YP,144707.199,144707.199,TL,BDDK Aylık Bülten - Excel
2022-02-01,2022,2,7,Sendikasyon Seküritizasyon Kredileri,3,,Seküritizasyon Kredileri,,Toplam,144707.199,144707.199,TL,BDDK Aylık Bülten - Excel
2022-03-01,2022,3,7,Sendikasyon Seküritizasyon Kredileri,1,,Sendikasyon Kredileri (Dış Ticaret Finansmanı Amaçlı Olmayanlar),,Unnamed: 0,Sektör,,TL,BDDK Aylık Bülten - Excel
2022-03-01,2022,3,7,Sendikasyon Seküritizasyon Kredileri,1,,Sendikasyon Kredileri (Dış Ticaret Finansmanı Amaçlı Olmayanlar),,Unnamed: 1,1,1.0,TL,BDDK Aylık Bülten - Excel
2022-03-01,2022,3,7,Sendikasyon Seküritizasyon Kredileri,1,,Sendikasyon Kredileri (Dış Ticaret Finansmanı Amaçlı Olmayanlar),,"Sendikasyon Seküritizasyon Kredileri (milyon TL), Dönem:2022/3",Sendikasyon Kredileri (Dış Ticaret Finansmanı Amaçlı Olmayanlar),,TL,BDDK Aylık Bülten - Excel
2022-03-01,2022,3,7,Sendikasyon Seküritizasyon Kredileri,1,,Sendikasyon Kredileri (Dış Ticaret Finansmanı Amaçlı Olmayanlar),,TP,62,62.0,TL,BDDK Aylık Bülten - Excel
2022-03-01,2022,3,7,Sendikasyon Seküritizasyon Kredileri,1,,Sendikasyon Kredileri (Dış Ticaret Finansmanı Amaçlı Olmayanlar),,YP,3044.977,3044.977,TL,BDDK Aylık Bülten - Excel
2022-03-01,2022,3,7,Sendikasyon Seküritizasyon Kredileri,1,,Sendikasyon Kredileri (Dış Ticaret Finansmanı Amaçlı Olmayanlar),,Toplam,3106.977,3106.977,TL,BDDK Aylık Bülten - Excel
2022-03-01,2022,3,7,Sendikasyon Seküritizasyon Kredileri,2,,Sendikasyon Kredileri (Dış Ticaret Finansmanı Amaçlı Olanlar),,Unnamed: 0,Sektör,,TL,BDDK Aylık Bülten - Excel
2022-03-01,2022,3,7,Sendikasyon Seküritizasyon Kredileri,2,,Sendikasyon Kredileri (Dış Ticaret Finansmanı Amaçlı Olanlar),,Unnamed: 1,2,2.0,TL,BDDK Aylık Bülten - Excel
2022-03-01,2022,3,7,Sendikasyon Seküritizasyon Kredileri,2,,Sendikasyon Kredileri (Dış Ticaret Finansmanı Amaçlı Olanlar),,"Sendikasyon Seküritizasyon Kredileri (milyon TL), Dönem:2022/3",Sendikasyon Kredileri (Dış Ticaret Finansmanı Amaçlı Olanlar),,TL,BDDK Aylık Bülten - Excel
2022-03-01,2022,3,7,Sendikasyon Seküritizasyon Kredileri,2,,Sendikasyon Kredileri (Dış Ticaret Finansmanı Amaçlı Olanlar),,TP,0,0.0,TL,BDDK Aylık Bülten - Excel
2022-03-01,2022,3,7,Sendikasyon Seküritizasyon Kredileri,2,,Sendikasyon Kredileri (Dış Ticaret Finansmanı Amaçlı Olanlar),,YP,218117.684,218117.684,TL,BDDK Aylık Bülten - Excel
2022-03-01,2022,3,7,Sendikasyon Seküritizasyon Kredileri,2,,Sendikasyon Kredileri (Dış Ticaret Finansmanı Amaçlı Olanlar),,Toplam,218117.684,218117.684,TL,BDDK Aylık Bülten - Excel
2022-03-01,2022,3,7,Sendikasyon Seküritizasyon Kredileri,3,,Seküritizasyon Kredileri,,Unnamed: 0,Sektör,,TL,BDDK Aylık Bülten - Excel
2022-03-01,2022,3,7,Sendikasyon Seküritizasyon Kredileri,3,,Seküritizasyon Kredileri,,Unnamed: 1,3,3.0,TL,BDDK Aylık Bülten - Excel
2022-03-01,2022,3,7,Sendikasyon Seküritizasyon Kredileri,3,,Seküritizasyon Kredileri,,"Sendikasyon Seküritizasyon Kredileri (milyon TL), Dönem:2022/3",Seküritizasyon Kredileri,,TL,BDDK Aylık Bülten - Excel
2022-03-01,2022,3,7,Sendikasyon Seküritizasyon Kredileri,3,,Seküritizasyon Kredileri,,TP,0,0.0,TL,BDDK Aylık Bülten - Excel
2022-03-01,2022,3,7,Sendikasyon Seküritizasyon Kredileri,3,,Seküritizasyon Kredileri,,YP,150273.836,150273.836,TL,BDDK Aylık Bülten - Excel
2022-03-01,2022,3,7,Sendikasyon Seküritizasyon Kredileri,3,,Seküritizasyon Kredileri,,Toplam,150273.836,150273.836,TL,BDDK Aylık Bülten - Excel
2022-04-01,2022,4,7,Sendikasyon Seküritizasyon Kredileri,1,,Sendikasyon Kredileri (Dış Ticaret Finansmanı Amaçlı Olmayanlar),,Unnamed: 0,Sektör,,TL,BDDK Aylık Bülten - Excel
2022-04-01,2022,4,7,Sendikasyon Seküritizasyon Kredileri,1,,Sendikasyon Kredileri (Dış Ticaret Finansmanı Amaçlı Olmayanlar),,Unnamed: 1,1,1.0,TL,BDDK Aylık Bülten - Excel
2022-04-01,2022,4,7,Sendikasyon Seküritizasyon Kredileri,1,,Sendikasyon Kredileri (Dış Ticaret Finansmanı Amaçlı Olmayanlar),,"Sendikasyon Seküritizasyon Kredileri (milyon TL), Dönem:2022/4",Sendikasyon Kredileri (Dış Ticaret Finansmanı Amaçlı Olmayanlar),,TL,BDDK Aylık Bülten - Excel
2022-04-01,2022,4,7,Sendikasyon Seküritizasyon Kredileri,1,,Sendikasyon Kredileri (Dış Ticaret Finansmanı Amaçlı Olmayanlar),,TP,9,9.0,TL,BDDK Aylık Bülten - Excel
2022-04-01,2022,4,7,Sendikasyon Seküritizasyon Kredileri,1,,Sendikasyon Kredileri (Dış Ticaret Finansmanı Amaçlı Olmayanlar),,YP,3177.694,3177.694,TL,BDDK Aylık Bülten - Excel
2022-04-01,2022,4,7,Sendikasyon Seküritizasyon Kredileri,1,,Sendikasyon Kredileri (Dış Ticaret Finansmanı Amaçlı Olmayanlar),,Toplam,3186.694,3186.694,TL,BDDK Aylık Bülten - Excel
2022-04-01,2022,4,7,Sendikasyon Seküritizasyon Kredileri,2,,Sendikasyon Kredileri (Dış Ticaret Finansmanı Amaçlı Olanlar),,Unnamed: 0,Sektör,,TL,BDDK Aylık Bülten - Excel
2022-04-01,2022,4,7,Sendikasyon Seküritizasyon Kredileri,2,,Sendikasyon Kredileri (Dış Ticaret Finansmanı Amaçlı Olanlar),,Unnamed: 1,2,2.0,TL,BDDK Aylık Bülten - Excel
2022-04-01,2022,4,7,Sendikasyon Seküritizasyon Kredileri,2,,Sendikasyon Kredileri (Dış Ticaret Finansmanı Amaçlı Olanlar),,"Sendikasyon Seküritizasyon Kredileri (milyon TL), Dönem:2022/4",Sendikasyon Kredileri (Dış Ticaret Finansmanı Amaçlı Olanlar),,TL,BDDK Aylık Bülten - Excel
2022-04-01,2022,4,7,Sendikasyon Seküritizasyon Kredileri,2,,Sendikasyon Kredileri (Dış Ticaret Finansmanı Amaçlı Olanlar),,TP,0,0.0,TL,BDDK Aylık Bülten - Excel
2022-04-01,2022,4,7,Sendikasyon Seküritizasyon Kredileri,2,,Sendikasyon Kredileri (Dış Ticaret Finansmanı Amaçlı Olanlar),,YP,214235.394,214235.394,TL,BDDK Aylık Bülten - Excel
2022-04-01,2022,4,7,Sendikasyon Seküritizasyon Kredileri,2,,Sendikasyon Kredileri (Dış Ticaret Finansmanı Amaçlı Olanlar),,Toplam,214235.394,214235.394,TL,BDDK Aylık Bülten - Excel
2022-04-01,2022,4,7,Sendikasyon Seküritizasyon Kredileri,3,,Seküritizasyon Kredileri,,Unnamed: 0,Sektör,,TL,BDDK Aylık Bülten - Excel
2022-04-01,2022,4,7,Sendikasyon Seküritizasyon Kredileri,3,,Seküritizasyon Kredileri,,Unnamed: 1,3,3.0,TL,BDDK Aylık Bülten - Excel
2022-04-01,2022,4,7,Sendikasyon Seküritizasyon Kredileri,3,,Seküritizasyon Kredileri,,"Sendikasyon Seküritizasyon Kredileri (milyon TL), Dönem:2022/4",Seküritizasyon Kredileri,,TL,BDDK Aylık Bülten - Excel
2022-04-01,2022,4,7,Sendikasyon Seküritizasyon Kredileri,3,,Seküritizasyon Kredileri,,TP,0,0.0,TL,BDDK Aylık Bülten - Excel
2022-04-01,2022,4,7,Sendikasyon Seküritizasyon Kredileri,3,,Seküritizasyon Kredileri,,YP,151510.852,151510.852,TL,BDDK Aylık Bülten - Excel
2022-04-01,2022,4,7,Sendikasyon Seküritizasyon Kredileri,3,,Seküritizasyon Kredileri,,Toplam,151510.852,151510.852,TL,BDDK Aylık Bülten - Excel
2022-05-01,2022,5,7,Sendikasyon Seküritizasyon Kredileri,1,,Sendikasyon Kredileri (Dış Ticaret Finansmanı Amaçlı Olmayanlar),,Unnamed: 0,Sektör,,TL,BDDK Aylık Bülten - Excel
2022-05-01,2022,5,7,Sendikasyon Seküritizasyon Kredileri,1,,Sendikasyon Kredileri (Dış Ticaret Finansmanı Amaçlı Olmayanlar),,Unnamed: 1,1,1.0,TL,BDDK Aylık Bülten - Excel
2022-05-01,2022,5,7,Sendikasyon Seküritizasyon Kredileri,1,,Sendikasyon Kredileri (Dış Ticaret Finansmanı Amaçlı Olmayanlar),,"Sendikasyon Seküritizasyon Kredileri (milyon TL), Dönem:2022/5",Sendikasyon Kredileri (Dış Ticaret Finansmanı Amaçlı Olmayanlar),,TL,BDDK Aylık Bülten - Excel
2022-05-01,2022,5,7,Sendikasyon Seküritizasyon Kredileri,1,,Sendikasyon Kredileri (Dış Ticaret Finansmanı Amaçlı Olmayanlar),,TP,9,9.0,TL,BDDK Aylık Bülten - Excel
2022-05-01,2022,5,7,Sendikasyon Seküritizasyon Kredileri,1,,Sendikasyon Kredileri (Dış Ticaret Finansmanı Amaçlı Olmayanlar),,YP,3559.818,3559.818,TL,BDDK Aylık Bülten - Excel
2022-05-01,2022,5,7,Sendikasyon Seküritizasyon Kredileri,1,,Sendikasyon Kredileri (Dış Ticaret Finansmanı Amaçlı Olmayanlar),,Toplam,3568.818,3568.818,TL,BDDK Aylık Bülten - Excel
2022-05-01,2022,5,7,Sendikasyon Seküritizasyon Kredileri,2,,Sendikasyon Kredileri (Dış Ticaret Finansmanı Amaçlı Olanlar),,Unnamed: 0,Sektör,,TL,BDDK Aylık Bülten - Excel
2022-05-01,2022,5,7,Sendikasyon Seküritizasyon Kredileri,2,,Sendikasyon Kredileri (Dış Ticaret Finansmanı Amaçlı Olanlar),,Unnamed: 1,2,2.0,TL,BDDK Aylık Bülten - Excel
2022-05-01,2022,5,7,Sendikasyon Seküritizasyon Kredileri,2,,Sendikasyon Kredileri (Dış Ticaret Finansmanı Amaçlı Olanlar),,"Sendikasyon Seküritizasyon Kredileri (milyon TL), Dönem:2022/5",Sendikasyon Kredileri (Dış Ticaret Finansmanı Amaçlı Olanlar),,TL,BDDK Aylık Bülten - Excel
2022-05-01,2022,5,7,Sendikasyon Seküritizasyon Kredileri,2,,Sendikasyon Kredileri (Dış Ticaret Finansmanı Amaçlı Olanlar),,TP,0,0.0,TL,BDDK Aylık Bülten - Excel
2022-05-01,2022,5,7,Sendikasyon Seküritizasyon Kredileri,2,,Sendikasyon Kredileri (Dış Ticaret Finansmanı Amaçlı Olanlar),,YP,240906.074,240906.074,TL,BDDK Aylık Bülten - Excel
2022-05-01,2022,5,7,Sendikasyon Seküritizasyon Kredileri,2,,Sendikasyon Kredileri (Dış Ticaret Finansmanı Amaçlı Olanlar),,Toplam,240906.074,240906.074,TL,BDDK Aylık Bülten - Excel
2022-05-01,2022,5,7,Sendikasyon Seküritizasyon Kredileri,3,,Seküritizasyon Kredileri,,Unnamed: 0,Sektör,,TL,BDDK Aylık Bülten - Excel
2022-05-01,2022,5,7,Sendikasyon Seküritizasyon Kredileri,3,,Seküritizasyon Kredileri,,Unnamed: 1,3,3.0,TL,BDDK Aylık Bülten - Excel
2022-05-01,2022,5,7,Sendikasyon Seküritizasyon Kredileri,3,,Seküritizasyon Kredileri,,"Sendikasyon Seküritizasyon Kredileri (milyon TL), Dönem:2022/5",Seküritizasyon Kredileri,,TL,BDDK Aylık Bülten - Excel
2022-05-01,2022,5,7,Sendikasyon Seküritizasyon Kredileri,3,,Seküritizasyon Kredileri,,TP,0,0.0,TL,BDDK Aylık Bülten - Excel
2022-05-01,2022,5,7,Sendikasyon Seküritizasyon Kredileri,3,,Seküritizasyon Kredileri,,YP,165591.553,165591.553,TL,BDDK Aylık Bülten - Excel
2022-05-01,2022,5,7,Sendikasyon Seküritizasyon Kredileri,3,,Seküritizasyon Kredileri,,Toplam,165591.553,165591.553,TL,BDDK Aylık Bülten - Excel
2022-06-01,2022,6,7,Sendikasyon Seküritizasyon Kredileri,1,,Sendikasyon Kredileri (Dış Ticaret Finansmanı Amaçlı Olmayanlar),,Unnamed: 0,Sektör,,TL,BDDK Aylık Bülten - Excel
2022-06-01,2022,6,7,Sendikasyon Seküritizasyon Kredileri,1,,Sendikasyon Kredileri (Dış Ticaret Finansmanı Amaçlı Olmayanlar),,Unnamed: 1,1,1.0,TL,BDDK Aylık Bülten - Excel
2022-06-01,2022,6,7,Sendikasyon Seküritizasyon Kredileri,1,,Sendikasyon Kredileri (Dış Ticaret Finansmanı Amaçlı Olmayanlar),,"Sendikasyon Seküritizasyon Kredileri (milyon TL), Dönem:2022/6",Sendikasyon Kredileri (Dış Ticaret Finansmanı Amaçlı Olmayanlar),,TL,BDDK Aylık Bülten - Excel
2022-06-01,2022,6,7,Sendikasyon Seküritizasyon Kredileri,1,,Sendikasyon Kredileri (Dış Ticaret Finansmanı Amaçlı Olmayanlar),,TP,0,0.0,TL,BDDK Aylık Bülten - Excel
2022-06-01,2022,6,7,Sendikasyon Seküritizasyon Kredileri,1,,Sendikasyon Kredileri (Dış Ticaret Finansmanı Amaçlı Olmayanlar),,YP,3505.816,3505.816,TL,BDDK Aylık Bülten - Excel
2022-06-01,2022,6,7,Sendikasyon Seküritizasyon Kredileri,1,,Sendikasyon Kredileri (Dış Ticaret Finansmanı Amaçlı Olmayanlar),,Toplam,3505.816,3505.816,TL,BDDK Aylık Bülten - Excel
2022-06-01,2022,6,7,Sendikasyon Seküritizasyon Kredileri,2,,Sendikasyon Kredileri (Dış Ticaret Finansmanı Amaçlı Olanlar),,Unnamed: 0,Sektör,,TL,BDDK Aylık Bülten - Excel
2022-06-01,2022,6,7,Sendikasyon Seküritizasyon Kredileri,2,,Sendikasyon Kredileri (Dış Ticaret Finansmanı Amaçlı Olanlar),,Unnamed: 1,2,2.0,TL,BDDK Aylık Bülten - Excel
2022-06-01,2022,6,7,Sendikasyon Seküritizasyon Kredileri,2,,Sendikasyon Kredileri (Dış Ticaret Finansmanı Amaçlı Olanlar),,"Sendikasyon Seküritizasyon Kredileri (milyon TL), Dönem:2022/6",Sendikasyon Kredileri (Dış Ticaret Finansmanı Amaçlı Olanlar),,TL,BDDK Aylık Bülten - Excel
2022-06-01,2022,6,7,Sendikasyon Seküritizasyon Kredileri,2,,Sendikasyon Kredileri (Dış Ticaret Finansmanı Amaçlı Olanlar),,TP,0,0.0,TL,BDDK Aylık Bülten - Excel
2022-06-01,2022,6,7,Sendikasyon Seküritizasyon Kredileri,2,,Sendikasyon Kredileri (Dış Ticaret Finansmanı Amaçlı Olanlar),,YP,238775.555,238775.555,TL,BDDK Aylık Bülten - Excel
2022-06-01,2022,6,7,Sendikasyon Seküritizasyon Kredileri,2,,Sendikasyon Kredileri (Dış Ticaret Finansmanı Amaçlı Olanlar),,Toplam,238775.555,238775.555,TL,BDDK Aylık Bülten - Excel
2022-06-01,2022,6,7,Sendikasyon Seküritizasyon Kredileri,3,,Seküritizasyon Kredileri,,Unnamed: 0,Sektör,,TL,BDDK Aylık Bülten - Excel
2022-06-01,2022,6,7,Sendikasyon Seküritizasyon Kredileri,3,,Seküritizasyon Kredileri,,Unnamed: 1,3,3.0,TL,BDDK Aylık Bülten - Excel
2022-06-01,2022,6,7,Sendikasyon Seküritizasyon Kredileri,3,,Seküritizasyon Kredileri,,"Sendikasyon Seküritizasyon Kredileri (milyon TL), Dönem:2022/6",Seküritizasyon Kredileri,,TL,BDDK Aylık Bülten - Excel
2022-06-01,2022,6,7,Sendikasyon Seküritizasyon Kredileri,3,,Seküritizasyon Kredileri,,TP,0,0.0,TL,BDDK Aylık Bülten - Excel
2022-06-01,2022,6,7,Sendikasyon Seküritizasyon Kredileri,3,,Seküritizasyon Kredileri,,YP,165345.654,165345.654,TL,BDDK Aylık Bülten - Excel
2022-06-01,2022,6,7,Sendikasyon Seküritizasyon Kredileri,3,,Seküritizasyon Kredileri,,Toplam,165345.654,165345.654,TL,BDDK Aylık Bülten - Excel
2022-07-01,2022,7,7,Sendikasyon Seküritizasyon Kredileri,1,,Sendikasyon Kredileri (Dış Ticaret Finansmanı Amaçlı Olmayanlar),,Unnamed: 0,Sektör,,TL,BDDK Aylık Bülten - Excel
2022-07-01,2022,7,7,Sendikasyon Seküritizasyon Kredileri,1,,Sendikasyon Kredileri (Dış Ticaret Finansmanı Amaçlı Olmayanlar),,Unnamed: 1,1,1.0,TL,BDDK Aylık Bülten - Excel
2022-07-01,2022,7,7,Sendikasyon Seküritizasyon Kredileri,1,,Sendikasyon Kredileri (Dış Ticaret Finansmanı Amaçlı Olmayanlar),,"Sendikasyon Seküritizasyon Kredileri (milyon TL), Dönem:2022/7",Sendikasyon Kredileri (Dış Ticaret Finansmanı Amaçlı Olmayanlar),,TL,BDDK Aylık Bülten - Excel
2022-07-01,2022,7,7,Sendikasyon Seküritizasyon Kredileri,1,,Sendikasyon Kredileri (Dış Ticaret Finansmanı Amaçlı Olmayanlar),,TP,9,9.0,TL,BDDK Aylık Bülten - Excel
2022-07-01,2022,7,7,Sendikasyon Seküritizasyon Kredileri,1,,Sendikasyon Kredileri (Dış Ticaret Finansmanı Amaçlı Olmayanlar),,YP,2671.812,2671.812,TL,BDDK Aylık Bülten - Excel
2022-07-01,2022,7,7,Sendikasyon Seküritizasyon Kredileri,1,,Sendikasyon Kredileri (Dış Ticaret Finansmanı Amaçlı Olmayanlar),,Toplam,2680.812,2680.812,TL,BDDK Aylık Bülten - Excel
2022-07-01,2022,7,7,Sendikasyon Seküritizasyon Kredileri,2,,Sendikasyon Kredileri (Dış Ticaret Finansmanı Amaçlı Olanlar),,Unnamed: 0,Sektör,,TL,BDDK Aylık Bülten - Excel
2022-07-01,2022,7,7,Sendikasyon Seküritizasyon Kredileri,2,,Sendikasyon Kredileri (Dış Ticaret Finansmanı Amaçlı Olanlar),,Unnamed: 1,2,2.0,TL,BDDK Aylık Bülten - Excel
2022-07-01,2022,7,7,Sendikasyon Seküritizasyon Kredileri,2,,Sendikasyon Kredileri (Dış Ticaret Finansmanı Amaçlı Olanlar),,"Sendikasyon Seküritizasyon Kredileri (milyon TL), Dönem:2022/7",Sendikasyon Kredileri (Dış Ticaret Finansmanı Amaçlı Olanlar),,TL,BDDK Aylık Bülten - Excel
2022-07-01,2022,7,7,Sendikasyon Seküritizasyon Kredileri,2,,Sendikasyon Kredileri (Dış Ticaret Finansmanı Amaçlı Olanlar),,TP,0,0.0,TL,BDDK Aylık Bülten - Excel
2022-07-01,2022,7,7,Sendikasyon Seküritizasyon Kredileri,2,,Sendikasyon Kredileri (Dış Ticaret Finansmanı Amaçlı Olanlar),,YP,252865.489,252865.489,TL,BDDK Aylık Bülten - Excel
2022-07-01,2022,7,7,Sendikasyon Seküritizasyon Kredileri,2,,Sendikasyon Kredileri (Dış Ticaret Finansmanı Amaçlı Olanlar),,Toplam,252865.489,252865.489,TL,BDDK Aylık Bülten - Excel
2022-07-01,2022,7,7,Sendikasyon Seküritizasyon Kredileri,3,,Seküritizasyon Kredileri,,Unnamed: 0,Sektör,,TL,BDDK Aylık Bülten - Excel
2022-07-01,2022,7,7,Sendikasyon Seküritizasyon Kredileri,3,,Seküritizasyon Kredileri,,Unnamed: 1,3,3.0,TL,BDDK Aylık Bülten - Excel
2022-07-01,2022,7,7,Sendikasyon Seküritizasyon Kredileri,3,,Seküritizasyon Kredileri,,"Sendikasyon Seküritizasyon Kredileri (milyon TL), Dönem:2022/7",Seküritizasyon Kredileri,,TL,BDDK Aylık Bülten - Excel
2022-07-01,2022,7,7,Sendikasyon Seküritizasyon Kredileri,3,,Seküritizasyon Kredileri,,TP,0,0.0,TL,BDDK Aylık Bülten - Excel
2022-07-01,2022,7,7,Sendikasyon Seküritizasyon Kredileri,3,,Seküritizasyon Kredileri,,YP,175198.025,175198.025,TL,BDDK Aylık Bülten - Excel
2022-07-01,2022,7,7,Sendikasyon Seküritizasyon Kredileri,3,,Seküritizasyon Kredileri,,Toplam,175198.025,175198.025,TL,BDDK Aylık Bülten - Excel
2022-08-01,2022,8,7,Sendikasyon Seküritizasyon Kredileri,1,,Sendikasyon Kredileri (Dış Ticaret Finansmanı Amaçlı Olmayanlar),,Unnamed: 0,Sektör,,TL,BDDK Aylık Bülten - Excel
2022-08-01,2022,8,7,Sendikasyon Seküritizasyon Kredileri,1,,Sendikasyon Kredileri (Dış Ticaret Finansmanı Amaçlı Olmayanlar),,Unnamed: 1,1,1.0,TL,BDDK Aylık Bülten - Excel
2022-08-01,2022,8,7,Sendikasyon Seküritizasyon Kredileri,1,,Sendikasyon Kredileri (Dış Ticaret Finansmanı Amaçlı Olmayanlar),,"Sendikasyon Seküritizasyon Kredileri (milyon TL), Dönem:2022/8",Sendikasyon Kredileri (Dış Ticaret Finansmanı Amaçlı Olmayanlar),,TL,BDDK Aylık Bülten - Excel
2022-08-01,2022,8,7,Sendikasyon Seküritizasyon Kredileri,1,,Sendikasyon Kredileri (Dış Ticaret Finansmanı Amaçlı Olmayanlar),,TP,0,0.0,TL,BDDK Aylık Bülten - Excel
2022-08-01,2022,8,7,Sendikasyon Seküritizasyon Kredileri,1,,Sendikasyon Kredileri (Dış Ticaret Finansmanı Amaçlı Olmayanlar),,YP,2489.731,2489.731,TL,BDDK Aylık Bülten - Excel
2022-08-01,2022,8,7,Sendikasyon Seküritizasyon Kredileri,1,,Sendikasyon Kredileri (Dış Ticaret Finansmanı Amaçlı Olmayanlar),,Toplam,2489.731,2489.731,TL,BDDK Aylık Bülten - Excel
2022-08-01,2022,8,7,Sendikasyon Seküritizasyon Kredileri,2,,Sendikasyon Kredileri (Dış Ticaret Finansmanı Amaçlı Olanlar),,Unnamed: 0,Sektör,,TL,BDDK Aylık Bülten - Excel
2022-08-01,2022,8,7,Sendikasyon Seküritizasyon Kredileri,2,,Sendikasyon Kredileri (Dış Ticaret Finansmanı Amaçlı Olanlar),,Unnamed: 1,2,2.0,TL,BDDK Aylık Bülten - Excel
2022-08-01,2022,8,7,Sendikasyon Seküritizasyon Kredileri,2,,Sendikasyon Kredileri (Dış Ticaret Finansmanı Amaçlı Olanlar),,"Sendikasyon Seküritizasyon Kredileri (milyon TL), Dönem:2022/8",Sendikasyon Kredileri (Dış Ticaret Finansmanı Amaçlı Olanlar),,TL,BDDK Aylık Bülten - Excel
2022-08-01,2022,8,7,Sendikasyon Seküritizasyon Kredileri,2,,Sendikasyon Kredileri (Dış Ticaret Finansmanı Amaçlı Olanlar),,TP,0,0.0,TL,BDDK Aylık Bülten - Excel
2022-08-01,2022,8,7,Sendikasyon Seküritizasyon Kredileri,2,,Sendikasyon Kredileri (Dış Ticaret Finansmanı Amaçlı Olanlar),,YP,253474.877,253474.877,TL,BDDK Aylık Bülten - Excel
2022-08-01,2022,8,7,Sendikasyon Seküritizasyon Kredileri,2,,Sendikasyon Kredileri (Dış Ticaret Finansmanı Amaçlı Olanlar),,Toplam,253474.877,253474.877,TL,BDDK Aylık Bülten - Excel
2022-08-01,2022,8,7,Sendikasyon Seküritizasyon Kredileri,3,,Seküritizasyon Kredileri,,Unnamed: 0,Sektör,,TL,BDDK Aylık Bülten - Excel
2022-08-01,2022,8,7,Sendikasyon Seküritizasyon Kredileri,3,,Seküritizasyon Kredileri,,Unnamed: 1,3,3.0,TL,BDDK Aylık Bülten - Excel
2022-08-01,2022,8,7,Sendikasyon Seküritizasyon Kredileri,3,,Seküritizasyon Kredileri,,"Sendikasyon Seküritizasyon Kredileri (milyon TL), Dönem:2022/8",Seküritizasyon Kredileri,,TL,BDDK Aylık Bülten - Excel
2022-08-01,2022,8,7,Sendikasyon Seküritizasyon Kredileri,3,,Seküritizasyon Kredileri,,TP,0,0.0,TL,BDDK Aylık Bülten - Excel
2022-08-01,2022,8,7,Sendikasyon Seküritizasyon Kredileri,3,,Seküritizasyon Kredileri,,YP,178861.583,178861.583,TL,BDDK Aylık Bülten - Excel
2022-08-01,2022,8,7,Sendikasyon Seküritizasyon Kredileri,3,,Seküritizasyon Kredileri,,Toplam,178861.583,178861.583,TL,BDDK Aylık Bülten - Excel
2022-09-01,2022,9,7,Sendikasyon Seküritizasyon Kredileri,1,,Sendikasyon Kredileri (Dış Ticaret Finansmanı Amaçlı Olmayanlar),,Unnamed: 0,Sektör,,TL,BDDK Aylık Bülten - Excel
2022-09-01,2022,9,7,Sendikasyon Seküritizasyon Kredileri,1,,Sendikasyon Kredileri (Dış Ticaret Finansmanı Amaçlı Olmayanlar),,Unnamed: 1,1,1.0,TL,BDDK Aylık Bülten - Excel
2022-09-01,2022,9,7,Sendikasyon Seküritizasyon Kredileri,1,,Sendikasyon Kredileri (Dış Ticaret Finansmanı Amaçlı Olmayanlar),,"Sendikasyon Seküritizasyon Kredileri (milyon TL), Dönem:2022/9",Sendikasyon Kredileri (Dış Ticaret Finansmanı Amaçlı Olmayanlar),,TL,BDDK Aylık Bülten - Excel
2022-09-01,2022,9,7,Sendikasyon Seküritizasyon Kredileri,1,,Sendikasyon Kredileri (Dış Ticaret Finansmanı Amaçlı Olmayanlar),,TP,0,0.0,TL,BDDK Aylık Bülten - Excel
2022-09-01,2022,9,7,Sendikasyon Seküritizasyon Kredileri,1,,Sendikasyon Kredileri (Dış Ticaret Finansmanı Amaçlı Olmayanlar),,YP,2406.432,2406.432,TL,BDDK Aylık Bülten - Excel
2022-09-01,2022,9,7,Sendikasyon Seküritizasyon Kredileri,1,,Sendikasyon Kredileri (Dış Ticaret Finansmanı Amaçlı Olmayanlar),,Toplam,2406.432,2406.432,TL,BDDK Aylık Bülten - Excel
2022-09-01,2022,9,7,Sendikasyon Seküritizasyon Kredileri,2,,Sendikasyon Kredileri (Dış Ticaret Finansmanı Amaçlı Olanlar),,Unnamed: 0,Sektör,,TL,BDDK Aylık Bülten - Excel
2022-09-01,2022,9,7,Sendikasyon Seküritizasyon Kredileri,2,,Sendikasyon Kredileri (Dış Ticaret Finansmanı Amaçlı Olanlar),,Unnamed: 1,2,2.0,TL,BDDK Aylık Bülten - Excel
2022-09-01,2022,9,7,Sendikasyon Seküritizasyon Kredileri,2,,Sendikasyon Kredileri (Dış Ticaret Finansmanı Amaçlı Olanlar),,"Sendikasyon Seküritizasyon Kredileri (milyon TL), Dönem:2022/9",Sendikasyon Kredileri (Dış Ticaret Finansmanı Amaçlı Olanlar),,TL,BDDK Aylık Bülten - Excel
2022-09-01,2022,9,7,Sendikasyon Seküritizasyon Kredileri,2,,Sendikasyon Kredileri (Dış Ticaret Finansmanı Amaçlı Olanlar),,TP,0,0.0,TL,BDDK Aylık Bülten - Excel
2022-09-01,2022,9,7,Sendikasyon Seküritizasyon Kredileri,2,,Sendikasyon Kredileri (Dış Ticaret Finansmanı Amaçlı Olanlar),,YP,254444.01,254444.01,TL,BDDK Aylık Bülten - Excel
2022-09-01,2022,9,7,Sendikasyon Seküritizasyon Kredileri,2,,Sendikasyon Kredileri (Dış Ticaret Finansmanı Amaçlı Olanlar),,Toplam,254444.01,254444.01,TL,BDDK Aylık Bülten - Excel
2022-09-01,2022,9,7,Sendikasyon Seküritizasyon Kredileri,3,,Seküritizasyon Kredileri,,Unnamed: 0,Sektör,,TL,BDDK Aylık Bülten - Excel
2022-09-01,2022,9,7,Sendikasyon Seküritizasyon Kredileri,3,,Seküritizasyon Kredileri,,Unnamed: 1,3,3.0,TL,BDDK Aylık Bülten - Excel
2022-09-01,2022,9,7,Sendikasyon Seküritizasyon Kredileri,3,,Seküritizasyon Kredileri,,"Sendikasyon Seküritizasyon Kredileri (milyon TL), Dönem:2022/9",Seküritizasyon Kredileri,,TL,BDDK Aylık Bülten - Excel
2022-09-01,2022,9,7,Sendikasyon Seküritizasyon Kredileri,3,,Seküritizasyon Kredileri,,TP,0,0.0,TL,BDDK Aylık Bülten - Excel
2022-09-01,2022,9,7,Sendikasyon Seküritizasyon Kredileri,3,,Seküritizasyon Kredileri,,YP,178881.051,178881.051,TL,BDDK Aylık Bülten - Excel
2022-09-01,2022,9,7,Sendikasyon Seküritizasyon Kredileri,3,,Seküritizasyon Kredileri,,Toplam,178881.051,178881.051,TL,BDDK Aylık Bülten - Excel
2022-10-01,2022,10,7,Sendikasyon Seküritizasyon Kredileri,1,,Sendikasyon Kredileri (Dış Ticaret Finansmanı Amaçlı Olmayanlar),,Unnamed: 0,Sektör,,TL,BDDK Aylık Bülten - Excel
2022-10-01,2022,10,7,Sendikasyon Seküritizasyon Kredileri,1,,Sendikasyon Kredileri (Dış Ticaret Finansmanı Amaçlı Olmayanlar),,Unnamed: 1,1,1.0,TL,BDDK Aylık Bülten - Excel
2022-10-01,2022,10,7,Sendikasyon Seküritizasyon Kredileri,1,,Sendikasyon Kredileri (Dış Ticaret Finansmanı Amaçlı Olmayanlar),,"Sendikasyon Seküritizasyon Kredileri (milyon TL), Dönem:2022/10",Sendikasyon Kredileri (Dış Ticaret Finansmanı Amaçlı Olmayanlar),,TL,BDDK Aylık Bülten - Excel
2022-10-01,2022,10,7,Sendikasyon Seküritizasyon Kredileri,1,,Sendikasyon Kredileri (Dış Ticaret Finansmanı Amaçlı Olmayanlar),,TP,0,0.0,TL,BDDK Aylık Bülten - Excel
2022-10-01,2022,10,7,Sendikasyon Seküritizasyon Kredileri,1,,Sendikasyon Kredileri (Dış Ticaret Finansmanı Amaçlı Olmayanlar),,YP,2439.971,2439.971,TL,BDDK Aylık Bülten - Excel
2022-10-01,2022,10,7,Sendikasyon Seküritizasyon Kredileri,1,,Sendikasyon Kredileri (Dış Ticaret Finansmanı Amaçlı Olmayanlar),,Toplam,2439.971,2439.971,TL,BDDK Aylık Bülten - Excel
2022-10-01,2022,10,7,Sendikasyon Seküritizasyon Kredileri,2,,Sendikasyon Kredileri (Dış Ticaret Finansmanı Amaçlı Olanlar),,Unnamed: 0,Sektör,,TL,BDDK Aylık Bülten - Excel
2022-10-01,2022,10,7,Sendikasyon Seküritizasyon Kredileri,2,,Sendikasyon Kredileri (Dış Ticaret Finansmanı Amaçlı Olanlar),,Unnamed: 1,2,2.0,TL,BDDK Aylık Bülten - Excel
2022-10-01,2022,10,7,Sendikasyon Seküritizasyon Kredileri,2,,Sendikasyon Kredileri (Dış Ticaret Finansmanı Amaçlı Olanlar),,"Sendikasyon Seküritizasyon Kredileri (milyon TL), Dönem:2022/10",Sendikasyon Kredileri (Dış Ticaret Finansmanı Amaçlı Olanlar),,TL,BDDK Aylık Bülten - Excel
2022-10-01,2022,10,7,Sendikasyon Seküritizasyon Kredileri,2,,Sendikasyon Kredileri (Dış Ticaret Finansmanı Amaçlı Olanlar),,TP,0,0.0,TL,BDDK Aylık Bülten - Excel
2022-10-01,2022,10,7,Sendikasyon Seküritizasyon Kredileri,2,,Sendikasyon Kredileri (Dış Ticaret Finansmanı Amaçlı Olanlar),,YP,252854.606,252854.606,TL,BDDK Aylık Bülten - Excel
2022-10-01,2022,10,7,Sendikasyon Seküritizasyon Kredileri,2,,Sendikasyon Kredileri (Dış Ticaret Finansmanı Amaçlı Olanlar),,Toplam,252854.606,252854.606,TL,BDDK Aylık Bülten - Excel
2022-10-01,2022,10,7,Sendikasyon Seküritizasyon Kredileri,3,,Seküritizasyon Kredileri,,Unnamed: 0,Sektör,,TL,BDDK Aylık Bülten - Excel
2022-10-01,2022,10,7,Sendikasyon Seküritizasyon Kredileri,3,,Seküritizasyon Kredileri,,Unnamed: 1,3,3.0,TL,BDDK Aylık Bülten - Excel
2022-10-01,2022,10,7,Sendikasyon Seküritizasyon Kredileri,3,,Seküritizasyon Kredileri,,"Sendikasyon Seküritizasyon Kredileri (milyon TL), Dönem:2022/10",Seküritizasyon Kredileri,,TL,BDDK Aylık Bülten - Excel
2022-10-01,2022,10,7,Sendikasyon Seküritizasyon Kredileri,3,,Seküritizasyon Kredileri,,TP,0,0.0,TL,BDDK Aylık Bülten - Excel
2022-10-01,2022,10,7,Sendikasyon Seküritizasyon Kredileri,3,,Seküritizasyon Kredileri,,YP,178070.561,178070.561,TL,BDDK Aylık Bülten - Excel
2022-10-01,2022,10,7,Sendikasyon Seküritizasyon Kredileri,3,,Seküritizasyon Kredileri,,Toplam,178070.561,178070.561,TL,BDDK Aylık Bülten - Excel
2022-11-01,2022,11,7,Sendikasyon Seküritizasyon Kredileri,1,,Sendikasyon Kredileri (Dış Ticaret Finansmanı Amaçlı Olmayanlar),,Unnamed: 0,Sektör,,TL,BDDK Aylık Bülten - Excel
2022-11-01,2022,11,7,Sendikasyon Seküritizasyon Kredileri,1,,Sendikasyon Kredileri (Dış Ticaret Finansmanı Amaçlı Olmayanlar),,Unnamed: 1,1,1.0,TL,BDDK Aylık Bülten - Excel
2022-11-01,2022,11,7,Sendikasyon Seküritizasyon Kredileri,1,,Sendikasyon Kredileri (Dış Ticaret Finansmanı Amaçlı Olmayanlar),,"Sendikasyon Seküritizasyon Kredileri (milyon TL), Dönem:2022/11",Sendikasyon Kredileri (Dış Ticaret Finansmanı Amaçlı Olmayanlar),,TL,BDDK Aylık Bülten - Excel
2022-11-01,2022,11,7,Sendikasyon Seküritizasyon Kredileri,1,,Sendikasyon Kredileri (Dış Ticaret Finansmanı Amaçlı Olmayanlar),,TP,0,0.0,TL,BDDK Aylık Bülten - Excel
2022-11-01,2022,11,7,Sendikasyon Seküritizasyon Kredileri,1,,Sendikasyon Kredileri (Dış Ticaret Finansmanı Amaçlı Olmayanlar),,YP,2514.295,2514.295,TL,BDDK Aylık Bülten - Excel
2022-11-01,2022,11,7,Sendikasyon Seküritizasyon Kredileri,1,,Sendikasyon Kredileri (Dış Ticaret Finansmanı Amaçlı Olmayanlar),,Toplam,2514.295,2514.295,TL,BDDK Aylık Bülten - Excel
2022-11-01,2022,11,7,Sendikasyon Seküritizasyon Kredileri,2,,Sendikasyon Kredileri (Dış Ticaret Finansmanı Amaçlı Olanlar),,Unnamed: 0,Sektör,,TL,BDDK Aylık Bülten - Excel
2022-11-01,2022,11,7,Sendikasyon Seküritizasyon Kredileri,2,,Sendikasyon Kredileri (Dış Ticaret Finansmanı Amaçlı Olanlar),,Unnamed: 1,2,2.0,TL,BDDK Aylık Bülten - Excel
2022-11-01,2022,11,7,Sendikasyon Seküritizasyon Kredileri,2,,Sendikasyon Kredileri (Dış Ticaret Finansmanı Amaçlı Olanlar),,"Sendikasyon Seküritizasyon Kredileri (milyon TL), Dönem:2022/11",Sendikasyon Kredileri (Dış Ticaret Finansmanı Amaçlı Olanlar),,TL,BDDK Aylık Bülten - Excel
2022-11-01,2022,11,7,Sendikasyon Seküritizasyon Kredileri,2,,Sendikasyon Kredileri (Dış Ticaret Finansmanı Amaçlı Olanlar),,TP,0,0.0,TL,BDDK Aylık Bülten - Excel
2022-11-01,2022,11,7,Sendikasyon Seküritizasyon Kredileri,2,,Sendikasyon Kredileri (Dış Ticaret Finansmanı Amaçlı Olanlar),,YP,242537.823,242537.823,TL,BDDK Aylık Bülten - Excel
2022-11-01,2022,11,7,Sendikasyon Seküritizasyon Kredileri,2,,Sendikasyon Kredileri (Dış Ticaret Finansmanı Amaçlı Olanlar),,Toplam,242537.823,242537.823,TL,BDDK Aylık Bülten - Excel
2022-11-01,2022,11,7,Sendikasyon Seküritizasyon Kredileri,3,,Seküritizasyon Kredileri,,Unnamed: 0,Sektör,,TL,BDDK Aylık Bülten - Excel
2022-11-01,2022,11,7,Sendikasyon Seküritizasyon Kredileri,3,,Seküritizasyon Kredileri,,Unnamed: 1,3,3.0,TL,BDDK Aylık Bülten - Excel
2022-11-01,2022,11,7,Sendikasyon Seküritizasyon Kredileri,3,,Seküritizasyon Kredileri,,"Sendikasyon Seküritizasyon Kredileri (milyon TL), Dönem:2022/11",Seküritizasyon Kredileri,,TL,BDDK Aylık Bülten - Excel
2022-11-01,2022,11,7,Sendikasyon Seküritizasyon Kredileri,3,,Seküritizasyon Kredileri,,TP,0,0.0,TL,BDDK Aylık Bülten - Excel
2022-11-01,2022,11,7,Sendikasyon Seküritizasyon Kredileri,3,,Seküritizasyon Kredileri,,YP,176021.557,176021.557,TL,BDDK Aylık Bülten - Excel
2022-11-01,2022,11,7,Sendikasyon Seküritizasyon Kredileri,3,,Seküritizasyon Kredileri,,Toplam,176021.557,176021.557,TL,BDDK Aylık Bülten - Excel
2022-12-01,2022,12,7,Sendikasyon Seküritizasyon Kredileri,1,,Sendikasyon Kredileri (Dış Ticaret Finansmanı Amaçlı Olmayanlar),,Unnamed: 0,Sektör,,TL,BDDK Aylık Bülten - Excel
2022-12-01,2022,12,7,Sendikasyon Seküritizasyon Kredileri,1,,Sendikasyon Kredileri (Dış Ticaret Finansmanı Amaçlı Olmayanlar),,Unnamed: 1,1,1.0,TL,BDDK Aylık Bülten - Excel
2022-12-01,2022,12,7,Sendikasyon Seküritizasyon Kredileri,1,,Sendikasyon Kredileri (Dış Ticaret Finansmanı Amaçlı Olmayanlar),,"Sendikasyon Seküritizasyon Kredileri (milyon TL), Dönem:2022/12",Sendikasyon Kredileri (Dış Ticaret Finansmanı Amaçlı Olmayanlar),,TL,BDDK Aylık Bülten - Excel
2022-12-01,2022,12,7,Sendikasyon Seküritizasyon Kredileri,1,,Sendikasyon Kredileri (Dış Ticaret Finansmanı Amaçlı Olmayanlar),,TP,520,520.0,TL,BDDK Aylık Bülten - Excel
2022-12-01,2022,12,7,Sendikasyon Seküritizasyon Kredileri,1,,Sendikasyon Kredileri (Dış Ticaret Finansmanı Amaçlı Olmayanlar),,YP,2495.113,2495.113,TL,BDDK Aylık Bülten - Excel
2022-12-01,2022,12,7,Sendikasyon Seküritizasyon Kredileri,1,,Sendikasyon Kredileri (Dış Ticaret Finansmanı Amaçlı Olmayanlar),,Toplam,3015.113,3015.113,TL,BDDK Aylık Bülten - Excel
2022-12-01,2022,12,7,Sendikasyon Seküritizasyon Kredileri,2,,Sendikasyon Kredileri (Dış Ticaret Finansmanı Amaçlı Olanlar),,Unnamed: 0,Sektör,,TL,BDDK Aylık Bülten - Excel
2022-12-01,2022,12,7,Sendikasyon Seküritizasyon Kredileri,2,,Sendikasyon Kredileri (Dış Ticaret Finansmanı Amaçlı Olanlar),,Unnamed: 1,2,2.0,TL,BDDK Aylık Bülten - Excel
2022-12-01,2022,12,7,Sendikasyon Seküritizasyon Kredileri,2,,Sendikasyon Kredileri (Dış Ticaret Finansmanı Amaçlı Olanlar),,"Sendikasyon Seküritizasyon Kredileri (milyon TL), Dönem:2022/12",Sendikasyon Kredileri (Dış Ticaret Finansmanı Amaçlı Olanlar),,TL,BDDK Aylık Bülten - Excel
2022-12-01,2022,12,7,Sendikasyon Seküritizasyon Kredileri,2,,Sendikasyon Kredileri (Dış Ticaret Finansmanı Amaçlı Olanlar),,TP,0,0.0,TL,BDDK Aylık Bülten - Excel
2022-12-01,2022,12,7,Sendikasyon Seküritizasyon Kredileri,2,,Sendikasyon Kredileri (Dış Ticaret Finansmanı Amaçlı Olanlar),,YP,240622.428,240622.428,TL,BDDK Aylık Bülten - Excel
2022-12-01,2022,12,7,Sendikasyon Seküritizasyon Kredileri,2,,Sendikasyon Kredileri (Dış Ticaret Finansmanı Amaçlı Olanlar),,Toplam,240622.428,240622.428,TL,BDDK Aylık Bülten - Excel
2022-12-01,2022,12,7,Sendikasyon Seküritizasyon Kredileri,3,,Seküritizasyon Kredileri,,Unnamed: 0,Sektör,,TL,BDDK Aylık Bülten - Excel
2022-12-01,2022,12,7,Sendikasyon Seküritizasyon Kredileri,3,,Seküritizasyon Kredileri,,Unnamed: 1,3,3.0,TL,BDDK Aylık Bülten - Excel
2022-12-01,2022,12,7,Sendikasyon Seküritizasyon Kredileri,3,,Seküritizasyon Kredileri,,"Sendikasyon Seküritizasyon Kredileri (milyon TL), Dönem:2022/12",Seküritizasyon Kredileri,,TL,BDDK Aylık Bülten - Excel
2022-12-01,2022,12,7,Sendikasyon Seküritizasyon Kredileri,3,,Seküritizasyon Kredileri,,TP,0,0.0,TL,BDDK Aylık Bülten - Excel
2022-12-01,2022,12,7,Sendikasyon Seküritizasyon Kredileri,3,,Seküritizasyon Kredileri,,YP,170262.953,170262.953,TL,BDDK Aylık Bülten - Excel
2022-12-01,2022,12,7,Sendikasyon Seküritizasyon Kredileri,3,,Seküritizasyon Kredileri,,Toplam,170262.953,170262.953,TL,BDDK Aylık Bülten - Excel
2023-01-01,2023,1,7,Sendikasyon Seküritizasyon Kredileri,1,,Sendikasyon Kredileri (Dış Ticaret Finansmanı Amaçlı Olmayanlar),,Unnamed: 0,Sektör,,TL,BDDK Aylık Bülten - Excel
2023-01-01,2023,1,7,Sendikasyon Seküritizasyon Kredileri,1,,Sendikasyon Kredileri (Dış Ticaret Finansmanı Amaçlı Olmayanlar),,Unnamed: 1,1,1.0,TL,BDDK Aylık Bülten - Excel
2023-01-01,2023,1,7,Sendikasyon Seküritizasyon Kredileri,1,,Sendikasyon Kredileri (Dış Ticaret Finansmanı Amaçlı Olmayanlar),,"Sendikasyon Seküritizasyon Kredileri (milyon TL), Dönem:2023/1",Sendikasyon Kredileri (Dış Ticaret Finansmanı Amaçlı Olmayanlar),,TL,BDDK Aylık Bülten - Excel
2023-01-01,2023,1,7,Sendikasyon Seküritizasyon Kredileri,1,,Sendikasyon Kredileri (Dış Ticaret Finansmanı Amaçlı Olmayanlar),,TP,0,0.0,TL,BDDK Aylık Bülten - Excel
2023-01-01,2023,1,7,Sendikasyon Seküritizasyon Kredileri,1,,Sendikasyon Kredileri (Dış Ticaret Finansmanı Amaçlı Olmayanlar),,YP,2519.53,2519.53,TL,BDDK Aylık Bülten - Excel
2023-01-01,2023,1,7,Sendikasyon Seküritizasyon Kredileri,1,,Sendikasyon Kredileri (Dış Ticaret Finansmanı Amaçlı Olmayanlar),,Toplam,2519.53,2519.53,TL,BDDK Aylık Bülten - Excel
2023-01-01,2023,1,7,Sendikasyon Seküritizasyon Kredileri,2,,Sendikasyon Kredileri (Dış Ticaret Finansmanı Amaçlı Olanlar),,Unnamed: 0,Sektör,,TL,BDDK Aylık Bülten - Excel
2023-01-01,2023,1,7,Sendikasyon Seküritizasyon Kredileri,2,,Sendikasyon Kredileri (Dış Ticaret Finansmanı Amaçlı Olanlar),,Unnamed: 1,2,2.0,TL,BDDK Aylık Bülten - Excel
2023-01-01,2023,1,7,Sendikasyon Seküritizasyon Kredileri,2,,Sendikasyon Kredileri (Dış Ticaret Finansmanı Amaçlı Olanlar),,"Sendikasyon Seküritizasyon Kredileri (milyon TL), Dönem:2023/1",Sendikasyon Kredileri (Dış Ticaret Finansmanı Amaçlı Olanlar),,TL,BDDK Aylık Bülten - Excel
2023-01-01,2023,1,7,Sendikasyon Seküritizasyon Kredileri,2,,Sendikasyon Kredileri (Dış Ticaret Finansmanı Amaçlı Olanlar),,TP,0,0.0,TL,BDDK Aylık Bülten - Excel
2023-01-01,2023,1,7,Sendikasyon Seküritizasyon Kredileri,2,,Sendikasyon Kredileri (Dış Ticaret Finansmanı Amaçlı Olanlar),,YP,244477.586,244477.586,TL,BDDK Aylık Bülten - Excel
2023-01-01,2023,1,7,Sendikasyon Seküritizasyon Kredileri,2,,Sendikasyon Kredileri (Dış Ticaret Finansmanı Amaçlı Olanlar),,Toplam,244477.586,244477.586,TL,BDDK Aylık Bülten - Excel
2023-01-01,2023,1,7,Sendikasyon Seküritizasyon Kredileri,3,,Seküritizasyon Kredileri,,Unnamed: 0,Sektör,,TL,BDDK Aylık Bülten - Excel
2023-01-01,2023,1,7,Sendikasyon Seküritizasyon Kredileri,3,,Seküritizasyon Kredileri,,Unnamed: 1,3,3.0,TL,BDDK Aylık Bülten - Excel
2023-01-01,2023,1,7,Sendikasyon Seküritizasyon Kredileri,3,,Seküritizasyon Kredileri,,"Sendikasyon Seküritizasyon Kredileri (milyon TL), Dönem:2023/1",Seküritizasyon Kredileri,,TL,BDDK Aylık Bülten - Excel
2023-01-01,2023,1,7,Sendikasyon Seküritizasyon Kredileri,3,,Seküritizasyon Kredileri,,TP,0,0.0,TL,BDDK Aylık Bülten - Excel
2023-01-01,2023,1,7,Sendikasyon Seküritizasyon Kredileri,3,,Seküritizasyon Kredileri,,YP,170097.456,170097.456,TL,BDDK Aylık Bülten - Excel
2023-01-01,2023,1,7,Sendikasyon Seküritizasyon Kredileri,3,,Seküritizasyon Kredileri,,Toplam,170097.456,170097.456,TL,BDDK Aylık Bülten - Excel
2023-02-01,2023,2,7,Sendikasyon Seküritizasyon Kredileri,1,,Sendikasyon Kredileri (Dış Ticaret Finansmanı Amaçlı Olmayanlar),,Unnamed: 0,Sektör,,TL,BDDK Aylık Bülten - Excel
2023-02-01,2023,2,7,Sendikasyon Seküritizasyon Kredileri,1,,Sendikasyon Kredileri (Dış Ticaret Finansmanı Amaçlı Olmayanlar),,Unnamed: 1,1,1.0,TL,BDDK Aylık Bülten - Excel
2023-02-01,2023,2,7,Sendikasyon Seküritizasyon Kredileri,1,,Sendikasyon Kredileri (Dış Ticaret Finansmanı Amaçlı Olmayanlar),,"Sendikasyon Seküritizasyon Kredileri (milyon TL), Dönem:2023/2",Sendikasyon Kredileri (Dış Ticaret Finansmanı Amaçlı Olmayanlar),,TL,BDDK Aylık Bülten - Excel
2023-02-01,2023,2,7,Sendikasyon Seküritizasyon Kredileri,1,,Sendikasyon Kredileri (Dış Ticaret Finansmanı Amaçlı Olmayanlar),,TP,0,0.0,TL,BDDK Aylık Bülten - Excel
2023-02-01,2023,2,7,Sendikasyon Seküritizasyon Kredileri,1,,Sendikasyon Kredileri (Dış Ticaret Finansmanı Amaçlı Olmayanlar),,YP,2488.502,2488.502,TL,BDDK Aylık Bülten - Excel
2023-02-01,2023,2,7,Sendikasyon Seküritizasyon Kredileri,1,,Sendikasyon Kredileri (Dış Ticaret Finansmanı Amaçlı Olmayanlar),,Toplam,2488.502,2488.502,TL,BDDK Aylık Bülten - Excel
2023-02-01,2023,2,7,Sendikasyon Seküritizasyon Kredileri,2,,Sendikasyon Kredileri (Dış Ticaret Finansmanı Amaçlı Olanlar),,Unnamed: 0,Sektör,,TL,BDDK Aylık Bülten - Excel
2023-02-01,2023,2,7,Sendikasyon Seküritizasyon Kredileri,2,,Sendikasyon Kredileri (Dış Ticaret Finansmanı Amaçlı Olanlar),,Unnamed: 1,2,2.0,TL,BDDK Aylık Bülten - Excel
2023-02-01,2023,2,7,Sendikasyon Seküritizasyon Kredileri,2,,Sendikasyon Kredileri (Dış Ticaret Finansmanı Amaçlı Olanlar),,"Sendikasyon Seküritizasyon Kredileri (milyon TL), Dönem:2023/2",Sendikasyon Kredileri (Dış Ticaret Finansmanı Amaçlı Olanlar),,TL,BDDK Aylık Bülten - Excel
2023-02-01,2023,2,7,Sendikasyon Seküritizasyon Kredileri,2,,Sendikasyon Kredileri (Dış Ticaret Finansmanı Amaçlı Olanlar),,TP,0,0.0,TL,BDDK Aylık Bülten - Excel
2023-02-01,2023,2,7,Sendikasyon Seküritizasyon Kredileri,2,,Sendikasyon Kredileri (Dış Ticaret Finansmanı Amaçlı Olanlar),,YP,241924.345,241924.345,TL,BDDK Aylık Bülten - Excel
2023-02-01,2023,2,7,Sendikasyon Seküritizasyon Kredileri,2,,Sendikasyon Kredileri (Dış Ticaret Finansmanı Amaçlı Olanlar),,Toplam,241924.345,241924.345,TL,BDDK Aylık Bülten - Excel
2023-02-01,2023,2,7,Sendikasyon Seküritizasyon Kredileri,3,,Seküritizasyon Kredileri,,Unnamed: 0,Sektör,,TL,BDDK Aylık Bülten - Excel
2023-02-01,2023,2,7,Sendikasyon Seküritizasyon Kredileri,3,,Seküritizasyon Kredileri,,Unnamed: 1,3,3.0,TL,BDDK Aylık Bülten - Excel
2023-02-01,2023,2,7,Sendikasyon Seküritizasyon Kredileri,3,,Seküritizasyon Kredileri,,"Sendikasyon Seküritizasyon Kredileri (milyon TL), Dönem:2023/2",Seküritizasyon Kredileri,,TL,BDDK Aylık Bülten - Excel
2023-02-01,2023,2,7,Sendikasyon Seküritizasyon Kredileri,3,,Seküritizasyon Kredileri,,TP,0,0.0,TL,BDDK Aylık Bülten - Excel
2023-02-01,2023,2,7,Sendikasyon Seküritizasyon Kredileri,3,,Seküritizasyon Kredileri,,YP,184127.609,184127.609,TL,BDDK Aylık Bülten - Excel
2023-02-01,2023,2,7,Sendikasyon Seküritizasyon Kredileri,3,,Seküritizasyon Kredileri,,Toplam,184127.609,184127.609,TL,BDDK Aylık Bülten - Excel
2023-03-01,2023,3,7,Sendikasyon Seküritizasyon Kredileri,1,,Sendikasyon Kredileri (Dış Ticaret Finansmanı Amaçlı Olmayanlar),,Unnamed: 0,Sektör,,TL,BDDK Aylık Bülten - Excel
2023-03-01,2023,3,7,Sendikasyon Seküritizasyon Kredileri,1,,Sendikasyon Kredileri (Dış Ticaret Finansmanı Amaçlı Olmayanlar),,Unnamed: 1,1,1.0,TL,BDDK Aylık Bülten - Excel
2023-03-01,2023,3,7,Sendikasyon Seküritizasyon Kredileri,1,,Sendikasyon Kredileri (Dış Ticaret Finansmanı Amaçlı Olmayanlar),,"Sendikasyon Seküritizasyon Kredileri (milyon TL), Dönem:2023/3",Sendikasyon Kredileri (Dış Ticaret Finansmanı Amaçlı Olmayanlar),,TL,BDDK Aylık Bülten - Excel
2023-03-01,2023,3,7,Sendikasyon Seküritizasyon Kredileri,1,,Sendikasyon Kredileri (Dış Ticaret Finansmanı Amaçlı Olmayanlar),,TP,0,0.0,TL,BDDK Aylık Bülten - Excel
2023-03-01,2023,3,7,Sendikasyon Seküritizasyon Kredileri,1,,Sendikasyon Kredileri (Dış Ticaret Finansmanı Amaçlı Olmayanlar),,YP,2204.79,2204.79,TL,BDDK Aylık Bülten - Excel
2023-03-01,2023,3,7,Sendikasyon Seküritizasyon Kredileri,1,,Sendikasyon Kredileri (Dış Ticaret Finansmanı Amaçlı Olmayanlar),,Toplam,2204.79,2204.79,TL,BDDK Aylık Bülten - Excel
2023-03-01,2023,3,7,Sendikasyon Seküritizasyon Kredileri,2,,Sendikasyon Kredileri (Dış Ticaret Finansmanı Amaçlı Olanlar),,Unnamed: 0,Sektör,,TL,BDDK Aylık Bülten - Excel
2023-03-01,2023,3,7,Sendikasyon Seküritizasyon Kredileri,2,,Sendikasyon Kredileri (Dış Ticaret Finansmanı Amaçlı Olanlar),,Unnamed: 1,2,2.0,TL,BDDK Aylık Bülten - Excel
2023-03-01,2023,3,7,Sendikasyon Seküritizasyon Kredileri,2,,Sendikasyon Kredileri (Dış Ticaret Finansmanı Amaçlı Olanlar),,"Sendikasyon Seküritizasyon Kredileri (milyon TL), Dönem:2023/3",Sendikasyon Kredileri (Dış Ticaret Finansmanı Amaçlı Olanlar),,TL,BDDK Aylık Bülten - Excel
2023-03-01,2023,3,7,Sendikasyon Seküritizasyon Kredileri,2,,Sendikasyon Kredileri (Dış Ticaret Finansmanı Amaçlı Olanlar),,TP,0,0.0,TL,BDDK Aylık Bülten - Excel
2023-03-01,2023,3,7,Sendikasyon Seküritizasyon Kredileri,2,,Sendikasyon Kredileri (Dış Ticaret Finansmanı Amaçlı Olanlar),,YP,249456.166,249456.166,TL,BDDK Aylık Bülten - Excel
2023-03-01,2023,3,7,Sendikasyon Seküritizasyon Kredileri,2,,Sendikasyon Kredileri (Dış Ticaret Finansmanı Amaçlı Olanlar),,Toplam,249456.166,249456.166,TL,BDDK Aylık Bülten - Excel
2023-03-01,2023,3,7,Sendikasyon Seküritizasyon Kredileri,3,,Seküritizasyon Kredileri,,Unnamed: 0,Sektör,,TL,BDDK Aylık Bülten - Excel
2023-03-01,2023,3,7,Sendikasyon Seküritizasyon Kredileri,3,,Seküritizasyon Kredileri,,Unnamed: 1,3,3.0,TL,BDDK Aylık Bülten - Excel
2023-03-01,2023,3,7,Sendikasyon Seküritizasyon Kredileri,3,,Seküritizasyon Kredileri,,"Sendikasyon Seküritizasyon Kredileri (milyon TL), Dönem:2023/3",Seküritizasyon Kredileri,,TL,BDDK Aylık Bülten - Excel
2023-03-01,2023,3,7,Sendikasyon Seküritizasyon Kredileri,3,,Seküritizasyon Kredileri,,TP,0,0.0,TL,BDDK Aylık Bülten - Excel
2023-03-01,2023,3,7,Sendikasyon Seküritizasyon Kredileri,3,,Seküritizasyon Kredileri,,YP,187000.799,187000.799,TL,BDDK Aylık Bülten - Excel
2023-03-01,2023,3,7,Sendikasyon Seküritizasyon Kredileri,3,,Seküritizasyon Kredileri,,Toplam,187000.799,187000.799,TL,BDDK Aylık Bülten - Excel
2023-04-01,2023,4,7,Sendikasyon Seküritizasyon Kredileri,1,,Sendikasyon Kredileri (Dış Ticaret Finansmanı Amaçlı Olmayanlar),,Unnamed: 0,Sektör,,TL,BDDK Aylık Bülten - Excel
2023-04-01,2023,4,7,Sendikasyon Seküritizasyon Kredileri,1,,Sendikasyon Kredileri (Dış Ticaret Finansmanı Amaçlı Olmayanlar),,Unnamed: 1,1,1.0,TL,BDDK Aylık Bülten - Excel
2023-04-01,2023,4,7,Sendikasyon Seküritizasyon Kredileri,1,,Sendikasyon Kredileri (Dış Ticaret Finansmanı Amaçlı Olmayanlar),,"Sendikasyon Seküritizasyon Kredileri (milyon TL), Dönem:2023/4",Sendikasyon Kredileri (Dış Ticaret Finansmanı Amaçlı Olmayanlar),,TL,BDDK Aylık Bülten - Excel
2023-04-01,2023,4,7,Sendikasyon Seküritizasyon Kredileri,1,,Sendikasyon Kredileri (Dış Ticaret Finansmanı Amaçlı Olmayanlar),,TP,0,0.0,TL,BDDK Aylık Bülten - Excel
2023-04-01,2023,4,7,Sendikasyon Seküritizasyon Kredileri,1,,Sendikasyon Kredileri (Dış Ticaret Finansmanı Amaçlı Olmayanlar),,YP,2257.236,2257.236,TL,BDDK Aylık Bülten - Excel
2023-04-01,2023,4,7,Sendikasyon Seküritizasyon Kredileri,1,,Sendikasyon Kredileri (Dış Ticaret Finansmanı Amaçlı Olmayanlar),,Toplam,2257.236,2257.236,TL,BDDK Aylık Bülten - Excel
2023-04-01,2023,4,7,Sendikasyon Seküritizasyon Kredileri,2,,Sendikasyon Kredileri (Dış Ticaret Finansmanı Amaçlı Olanlar),,Unnamed: 0,Sektör,,TL,BDDK Aylık Bülten - Excel
2023-04-01,2023,4,7,Sendikasyon Seküritizasyon Kredileri,2,,Sendikasyon Kredileri (Dış Ticaret Finansmanı Amaçlı Olanlar),,Unnamed: 1,2,2.0,TL,BDDK Aylık Bülten - Excel
2023-04-01,2023,4,7,Sendikasyon Seküritizasyon Kredileri,2,,Sendikasyon Kredileri (Dış Ticaret Finansmanı Amaçlı Olanlar),,"Sendikasyon Seküritizasyon Kredileri (milyon TL), Dönem:2023/4",Sendikasyon Kredileri (Dış Ticaret Finansmanı Amaçlı Olanlar),,TL,BDDK Aylık Bülten - Excel
2023-04-01,2023,4,7,Sendikasyon Seküritizasyon Kredileri,2,,Sendikasyon Kredileri (Dış Ticaret Finansmanı Amaçlı Olanlar),,TP,0,0.0,TL,BDDK Aylık Bülten - Excel
2023-04-01,2023,4,7,Sendikasyon Seküritizasyon Kredileri,2,,Sendikasyon Kredileri (Dış Ticaret Finansmanı Amaçlı Olanlar),,YP,251655.85,251655.85,TL,BDDK Aylık Bülten - Excel
2023-04-01,2023,4,7,Sendikasyon Seküritizasyon Kredileri,2,,Sendikasyon Kredileri (Dış Ticaret Finansmanı Amaçlı Olanlar),,Toplam,251655.85,251655.85,TL,BDDK Aylık Bülten - Excel
2023-04-01,2023,4,7,Sendikasyon Seküritizasyon Kredileri,3,,Seküritizasyon Kredileri,,Unnamed: 0,Sektör,,TL,BDDK Aylık Bülten - Excel
2023-04-01,2023,4,7,Sendikasyon Seküritizasyon Kredileri,3,,Seküritizasyon Kredileri,,Unnamed: 1,3,3.0,TL,BDDK Aylık Bülten - Excel
2023-04-01,2023,4,7,Sendikasyon Seküritizasyon Kredileri,3,,Seküritizasyon Kredileri,,"Sendikasyon Seküritizasyon Kredileri (milyon TL), Dönem:2023/4",Seküritizasyon Kredileri,,TL,BDDK Aylık Bülten - Excel
2023-04-01,2023,4,7,Sendikasyon Seküritizasyon Kredileri,3,,Seküritizasyon Kredileri,,TP,0,0.0,TL,BDDK Aylık Bülten - Excel
2023-04-01,2023,4,7,Sendikasyon Seküritizasyon Kredileri,3,,Seküritizasyon Kredileri,,YP,189223.442,189223.442,TL,BDDK Aylık Bülten - Excel
2023-04-01,2023,4,7,Sendikasyon Seküritizasyon Kredileri,3,,Seküritizasyon Kredileri,,Toplam,189223.442,189223.442,TL,BDDK Aylık Bülten - Excel
2023-05-01,2023,5,7,Sendikasyon Seküritizasyon Kredileri,1,,Sendikasyon Kredileri (Dış Ticaret Finansmanı Amaçlı Olmayanlar),,Unnamed: 0,Sektör,,TL,BDDK Aylık Bülten - Excel
2023-05-01,2023,5,7,Sendikasyon Seküritizasyon Kredileri,1,,Sendikasyon Kredileri (Dış Ticaret Finansmanı Amaçlı Olmayanlar),,Unnamed: 1,1,1.0,TL,BDDK Aylık Bülten - Excel
2023-05-01,2023,5,7,Sendikasyon Seküritizasyon Kredileri,1,,Sendikasyon Kredileri (Dış Ticaret Finansmanı Amaçlı Olmayanlar),,"Sendikasyon Seküritizasyon Kredileri (milyon TL), Dönem:2023/5",Sendikasyon Kredileri (Dış Ticaret Finansmanı Amaçlı Olmayanlar),,TL,BDDK Aylık Bülten - Excel
2023-05-01,2023,5,7,Sendikasyon Seküritizasyon Kredileri,1,,Sendikasyon Kredileri (Dış Ticaret Finansmanı Amaçlı Olmayanlar),,TP,0,0.0,TL,BDDK Aylık Bülten - Excel
2023-05-01,2023,5,7,Sendikasyon Seküritizasyon Kredileri,1,,Sendikasyon Kredileri (Dış Ticaret Finansmanı Amaçlı Olmayanlar),,YP,2334.706,2334.706,TL,BDDK Aylık Bülten - Excel
2023-05-01,2023,5,7,Sendikasyon Seküritizasyon Kredileri,1,,Sendikasyon Kredileri (Dış Ticaret Finansmanı Amaçlı Olmayanlar),,Toplam,2334.706,2334.706,TL,BDDK Aylık Bülten - Excel
2023-05-01,2023,5,7,Sendikasyon Seküritizasyon Kredileri,2,,Sendikasyon Kredileri (Dış Ticaret Finansmanı Amaçlı Olanlar),,Unnamed: 0,Sektör,,TL,BDDK Aylık Bülten - Excel
2023-05-01,2023,5,7,Sendikasyon Seküritizasyon Kredileri,2,,Sendikasyon Kredileri (Dış Ticaret Finansmanı Amaçlı Olanlar),,Unnamed: 1,2,2.0,TL,BDDK Aylık Bülten - Excel
2023-05-01,2023,5,7,Sendikasyon Seküritizasyon Kredileri,2,,Sendikasyon Kredileri (Dış Ticaret Finansmanı Amaçlı Olanlar),,"Sendikasyon Seküritizasyon Kredileri (milyon TL), Dönem:2023/5",Sendikasyon Kredileri (Dış Ticaret Finansmanı Amaçlı Olanlar),,TL,BDDK Aylık Bülten - Excel
2023-05-01,2023,5,7,Sendikasyon Seküritizasyon Kredileri,2,,Sendikasyon Kredileri (Dış Ticaret Finansmanı Amaçlı Olanlar),,TP,0,0.0,TL,BDDK Aylık Bülten - Excel
2023-05-01,2023,5,7,Sendikasyon Seküritizasyon Kredileri,2,,Sendikasyon Kredileri (Dış Ticaret Finansmanı Amaçlı Olanlar),,YP,256594.809,256594.809,TL,BDDK Aylık Bülten - Excel
2023-05-01,2023,5,7,Sendikasyon Seküritizasyon Kredileri,2,,Sendikasyon Kredileri (Dış Ticaret Finansmanı Amaçlı Olanlar),,Toplam,256594.809,256594.809,TL,BDDK Aylık Bülten - Excel
2023-05-01,2023,5,7,Sendikasyon Seküritizasyon Kredileri,3,,Seküritizasyon Kredileri,,Unnamed: 0,Sektör,,TL,BDDK Aylık Bülten - Excel
2023-05-01,2023,5,7,Sendikasyon Seküritizasyon Kredileri,3,,Seküritizasyon Kredileri,,Unnamed: 1,3,3.0,TL,BDDK Aylık Bülten - Excel
2023-05-01,2023,5,7,Sendikasyon Seküritizasyon Kredileri,3,,Seküritizasyon Kredileri,,"Sendikasyon Seküritizasyon Kredileri (milyon TL), Dönem:2023/5",Seküritizasyon Kredileri,,TL,BDDK Aylık Bülten - Excel
2023-05-01,2023,5,7,Sendikasyon Seküritizasyon Kredileri,3,,Seküritizasyon Kredileri,,TP,0,0.0,TL,BDDK Aylık Bülten - Excel
2023-05-01,2023,5,7,Sendikasyon Seküritizasyon Kredileri,3,,Seküritizasyon Kredileri,,YP,214805.579,214805.579,TL,BDDK Aylık Bülten - Excel
2023-05-01,2023,5,7,Sendikasyon Seküritizasyon Kredileri,3,,Seküritizasyon Kredileri,,Toplam,214805.579,214805.579,TL,BDDK Aylık Bülten - Excel
2023-06-01,2023,6,7,Sendikasyon Seküritizasyon Kredileri,1,,Sendikasyon Kredileri (Dış Ticaret Finansmanı Amaçlı Olmayanlar),,Unnamed: 0,Sektör,,TL,BDDK Aylık Bülten - Excel
2023-06-01,2023,6,7,Sendikasyon Seküritizasyon Kredileri,1,,Sendikasyon Kredileri (Dış Ticaret Finansmanı Amaçlı Olmayanlar),,Unnamed: 1,1,1.0,TL,BDDK Aylık Bülten - Excel
2023-06-01,2023,6,7,Sendikasyon Seküritizasyon Kredileri,1,,Sendikasyon Kredileri (Dış Ticaret Finansmanı Amaçlı Olmayanlar),,"Sendikasyon Seküritizasyon Kredileri (milyon TL), Dönem:2023/6",Sendikasyon Kredileri (Dış Ticaret Finansmanı Amaçlı Olmayanlar),,TL,BDDK Aylık Bülten - Excel
2023-06-01,2023,6,7,Sendikasyon Seküritizasyon Kredileri,1,,Sendikasyon Kredileri (Dış Ticaret Finansmanı Amaçlı Olmayanlar),,TP,0,0.0,TL,BDDK Aylık Bülten - Excel
2023-06-01,2023,6,7,Sendikasyon Seküritizasyon Kredileri,1,,Sendikasyon Kredileri (Dış Ticaret Finansmanı Amaçlı Olmayanlar),,YP,2990.656,2990.656,TL,BDDK Aylık Bülten - Excel
2023-06-01,2023,6,7,Sendikasyon Seküritizasyon Kredileri,1,,Sendikasyon Kredileri (Dış Ticaret Finansmanı Amaçlı Olmayanlar),,Toplam,2990.656,2990.656,TL,BDDK Aylık Bülten - Excel
2023-06-01,2023,6,7,Sendikasyon Seküritizasyon Kredileri,2,,Sendikasyon Kredileri (Dış Ticaret Finansmanı Amaçlı Olanlar),,Unnamed: 0,Sektör,,TL,BDDK Aylık Bülten - Excel
2023-06-01,2023,6,7,Sendikasyon Seküritizasyon Kredileri,2,,Sendikasyon Kredileri (Dış Ticaret Finansmanı Amaçlı Olanlar),,Unnamed: 1,2,2.0,TL,BDDK Aylık Bülten - Excel
2023-06-01,2023,6,7,Sendikasyon Seküritizasyon Kredileri,2,,Sendikasyon Kredileri (Dış Ticaret Finansmanı Amaçlı Olanlar),,"Sendikasyon Seküritizasyon Kredileri (milyon TL), Dönem:2023/6",Sendikasyon Kredileri (Dış Ticaret Finansmanı Amaçlı Olanlar),,TL,BDDK Aylık Bülten - Excel
2023-06-01,2023,6,7,Sendikasyon Seküritizasyon Kredileri,2,,Sendikasyon Kredileri (Dış Ticaret Finansmanı Amaçlı Olanlar),,TP,0,0.0,TL,BDDK Aylık Bülten - Excel
2023-06-01,2023,6,7,Sendikasyon Seküritizasyon Kredileri,2,,Sendikasyon Kredileri (Dış Ticaret Finansmanı Amaçlı Olanlar),,YP,308051.24,308051.24,TL,BDDK Aylık Bülten - Excel
2023-06-01,2023,6,7,Sendikasyon Seküritizasyon Kredileri,2,,Sendikasyon Kredileri (Dış Ticaret Finansmanı Amaçlı Olanlar),,Toplam,308051.24,308051.24,TL,BDDK Aylık Bülten - Excel
2023-06-01,2023,6,7,Sendikasyon Seküritizasyon Kredileri,3,,Seküritizasyon Kredileri,,Unnamed: 0,Sektör,,TL,BDDK Aylık Bülten - Excel
2023-06-01,2023,6,7,Sendikasyon Seküritizasyon Kredileri,3,,Seküritizasyon Kredileri,,Unnamed: 1,3,3.0,TL,BDDK Aylık Bülten - Excel
2023-06-01,2023,6,7,Sendikasyon Seküritizasyon Kredileri,3,,Seküritizasyon Kredileri,,"Sendikasyon Seküritizasyon Kredileri (milyon TL), Dönem:2023/6",Seküritizasyon Kredileri,,TL,BDDK Aylık Bülten - Excel
2023-06-01,2023,6,7,Sendikasyon Seküritizasyon Kredileri,3,,Seküritizasyon Kredileri,,TP,0,0.0,TL,BDDK Aylık Bülten - Excel
2023-06-01,2023,6,7,Sendikasyon Seküritizasyon Kredileri,3,,Seküritizasyon Kredileri,,YP,263499.377,263499.377,TL,BDDK Aylık Bülten - Excel
2023-06-01,2023,6,7,Sendikasyon Seküritizasyon Kredileri,3,,Seküritizasyon Kredileri,,Toplam,263499.377,263499.377,TL,BDDK Aylık Bülten - Excel
2023-07-01,2023,7,7,Sendikasyon Seküritizasyon Kredileri,1,,Sendikasyon Kredileri (Dış Ticaret Finansmanı Amaçlı Olmayanlar),,Unnamed: 0,Sektör,,TL,BDDK Aylık Bülten - Excel
2023-07-01,2023,7,7,Sendikasyon Seküritizasyon Kredileri,1,,Sendikasyon Kredileri (Dış Ticaret Finansmanı Amaçlı Olmayanlar),,Unnamed: 1,1,1.0,TL,BDDK Aylık Bülten - Excel
2023-07-01,2023,7,7,Sendikasyon Seküritizasyon Kredileri,1,,Sendikasyon Kredileri (Dış Ticaret Finansmanı Amaçlı Olmayanlar),,"Sendikasyon Seküritizasyon Kredileri (milyon TL), Dönem:2023/7",Sendikasyon Kredileri (Dış Ticaret Finansmanı Amaçlı Olmayanlar),,TL,BDDK Aylık Bülten - Excel
2023-07-01,2023,7,7,Sendikasyon Seküritizasyon Kredileri,1,,Sendikasyon Kredileri (Dış Ticaret Finansmanı Amaçlı Olmayanlar),,TP,0,0.0,TL,BDDK Aylık Bülten - Excel
2023-07-01,2023,7,7,Sendikasyon Seküritizasyon Kredileri,1,,Sendikasyon Kredileri (Dış Ticaret Finansmanı Amaçlı Olmayanlar),,YP,3243.567,3243.567,TL,BDDK Aylık Bülten - Excel
2023-07-01,2023,7,7,Sendikasyon Seküritizasyon Kredileri,1,,Sendikasyon Kredileri (Dış Ticaret Finansmanı Amaçlı Olmayanlar),,Toplam,3243.567,3243.567,TL,BDDK Aylık Bülten - Excel
2023-07-01,2023,7,7,Sendikasyon Seküritizasyon Kredileri,2,,Sendikasyon Kredileri (Dış Ticaret Finansmanı Amaçlı Olanlar),,Unnamed: 0,Sektör,,TL,BDDK Aylık Bülten - Excel
2023-07-01,2023,7,7,Sendikasyon Seküritizasyon Kredileri,2,,Sendikasyon Kredileri (Dış Ticaret Finansmanı Amaçlı Olanlar),,Unnamed: 1,2,2.0,TL,BDDK Aylık Bülten - Excel
2023-07-01,2023,7,7,Sendikasyon Seküritizasyon Kredileri,2,,Sendikasyon Kredileri (Dış Ticaret Finansmanı Amaçlı Olanlar),,"Sendikasyon Seküritizasyon Kredileri (milyon TL), Dönem:2023/7",Sendikasyon Kredileri (Dış Ticaret Finansmanı Amaçlı Olanlar),,TL,BDDK Aylık Bülten - Excel
2023-07-01,2023,7,7,Sendikasyon Seküritizasyon Kredileri,2,,Sendikasyon Kredileri (Dış Ticaret Finansmanı Amaçlı Olanlar),,TP,0,0.0,TL,BDDK Aylık Bülten - Excel
2023-07-01,2023,7,7,Sendikasyon Seküritizasyon Kredileri,2,,Sendikasyon Kredileri (Dış Ticaret Finansmanı Amaçlı Olanlar),,YP,324060.575,324060.575,TL,BDDK Aylık Bülten - Excel
2023-07-01,2023,7,7,Sendikasyon Seküritizasyon Kredileri,2,,Sendikasyon Kredileri (Dış Ticaret Finansmanı Amaçlı Olanlar),,Toplam,324060.575,324060.575,TL,BDDK Aylık Bülten - Excel
2023-07-01,2023,7,7,Sendikasyon Seküritizasyon Kredileri,3,,Seküritizasyon Kredileri,,Unnamed: 0,Sektör,,TL,BDDK Aylık Bülten - Excel
2023-07-01,2023,7,7,Sendikasyon Seküritizasyon Kredileri,3,,Seküritizasyon Kredileri,,Unnamed: 1,3,3.0,TL,BDDK Aylık Bülten - Excel
2023-07-01,2023,7,7,Sendikasyon Seküritizasyon Kredileri,3,,Seküritizasyon Kredileri,,"Sendikasyon Seküritizasyon Kredileri (milyon TL), Dönem:2023/7",Seküritizasyon Kredileri,,TL,BDDK Aylık Bülten - Excel
2023-07-01,2023,7,7,Sendikasyon Seküritizasyon Kredileri,3,,Seküritizasyon Kredileri,,TP,0,0.0,TL,BDDK Aylık Bülten - Excel
2023-07-01,2023,7,7,Sendikasyon Seküritizasyon Kredileri,3,,Seküritizasyon Kredileri,,YP,272757.529,272757.529,TL,BDDK Aylık Bülten - Excel
2023-07-01,2023,7,7,Sendikasyon Seküritizasyon Kredileri,3,,Seküritizasyon Kredileri,,Toplam,272757.529,272757.529,TL,BDDK Aylık Bülten - Excel
2023-08-01,2023,8,7,Sendikasyon Seküritizasyon Kredileri,1,,Sendikasyon Kredileri (Dış Ticaret Finansmanı Amaçlı Olmayanlar),,Unnamed: 0,Sektör,,TL,BDDK Aylık Bülten - Excel
2023-08-01,2023,8,7,Sendikasyon Seküritizasyon Kredileri,1,,Sendikasyon Kredileri (Dış Ticaret Finansmanı Amaçlı Olmayanlar),,Unnamed: 1,1,1.0,TL,BDDK Aylık Bülten - Excel
2023-08-01,2023,8,7,Sendikasyon Seküritizasyon Kredileri,1,,Sendikasyon Kredileri (Dış Ticaret Finansmanı Amaçlı Olmayanlar),,"Sendikasyon Seküritizasyon Kredileri (milyon TL), Dönem:2023/8",Sendikasyon Kredileri (Dış Ticaret Finansmanı Amaçlı Olmayanlar),,TL,BDDK Aylık Bülten - Excel
2023-08-01,2023,8,7,Sendikasyon Seküritizasyon Kredileri,1,,Sendikasyon Kredileri (Dış Ticaret Finansmanı Amaçlı Olmayanlar),,TP,0,0.0,TL,BDDK Aylık Bülten - Excel
2023-08-01,2023,8,7,Sendikasyon Seküritizasyon Kredileri,1,,Sendikasyon Kredileri (Dış Ticaret Finansmanı Amaçlı Olmayanlar),,YP,3192.955,3192.955,TL,BDDK Aylık Bülten - Excel
2023-08-01,2023,8,7,Sendikasyon Seküritizasyon Kredileri,1,,Sendikasyon Kredileri (Dış Ticaret Finansmanı Amaçlı Olmayanlar),,Toplam,3192.955,3192.955,TL,BDDK Aylık Bülten - Excel
2023-08-01,2023,8,7,Sendikasyon Seküritizasyon Kredileri,2,,Sendikasyon Kredileri (Dış Ticaret Finansmanı Amaçlı Olanlar),,Unnamed: 0,Sektör,,TL,BDDK Aylık Bülten - Excel
2023-08-01,2023,8,7,Sendikasyon Seküritizasyon Kredileri,2,,Sendikasyon Kredileri (Dış Ticaret Finansmanı Amaçlı Olanlar),,Unnamed: 1,2,2.0,TL,BDDK Aylık Bülten - Excel
2023-08-01,2023,8,7,Sendikasyon Seküritizasyon Kredileri,2,,Sendikasyon Kredileri (Dış Ticaret Finansmanı Amaçlı Olanlar),,"Sendikasyon Seküritizasyon Kredileri (milyon TL), Dönem:2023/8",Sendikasyon Kredileri (Dış Ticaret Finansmanı Amaçlı Olanlar),,TL,BDDK Aylık Bülten - Excel
2023-08-01,2023,8,7,Sendikasyon Seküritizasyon Kredileri,2,,Sendikasyon Kredileri (Dış Ticaret Finansmanı Amaçlı Olanlar),,TP,0,0.0,TL,BDDK Aylık Bülten - Excel
2023-08-01,2023,8,7,Sendikasyon Seküritizasyon Kredileri,2,,Sendikasyon Kredileri (Dış Ticaret Finansmanı Amaçlı Olanlar),,YP,320006.789,320006.789,TL,BDDK Aylık Bülten - Excel
2023-08-01,2023,8,7,Sendikasyon Seküritizasyon Kredileri,2,,Sendikasyon Kredileri (Dış Ticaret Finansmanı Amaçlı Olanlar),,Toplam,320006.789,320006.789,TL,BDDK Aylık Bülten - Excel
2023-08-01,2023,8,7,Sendikasyon Seküritizasyon Kredileri,3,,Seküritizasyon Kredileri,,Unnamed: 0,Sektör,,TL,BDDK Aylık Bülten - Excel
2023-08-01,2023,8,7,Sendikasyon Seküritizasyon Kredileri,3,,Seküritizasyon Kredileri,,Unnamed: 1,3,3.0,TL,BDDK Aylık Bülten - Excel
2023-08-01,2023,8,7,Sendikasyon Seküritizasyon Kredileri,3,,Seküritizasyon Kredileri,,"Sendikasyon Seküritizasyon Kredileri (milyon TL), Dönem:2023/8",Seküritizasyon Kredileri,,TL,BDDK Aylık Bülten - Excel
2023-08-01,2023,8,7,Sendikasyon Seküritizasyon Kredileri,3,,Seküritizasyon Kredileri,,TP,0,0.0,TL,BDDK Aylık Bülten - Excel
2023-08-01,2023,8,7,Sendikasyon Seküritizasyon Kredileri,3,,Seküritizasyon Kredileri,,YP,265851.936,265851.936,TL,BDDK Aylık Bülten - Excel
2023-08-01,2023,8,7,Sendikasyon Seküritizasyon Kredileri,3,,Seküritizasyon Kredileri,,Toplam,265851.936,265851.936,TL,BDDK Aylık Bülten - Excel
2023-09-01,2023,9,7,Sendikasyon Seküritizasyon Kredileri,1,,Sendikasyon Kredileri (Dış Ticaret Finansmanı Amaçlı Olmayanlar),,Unnamed: 0,Sektör,,TL,BDDK Aylık Bülten - Excel
2023-09-01,2023,9,7,Sendikasyon Seküritizasyon Kredileri,1,,Sendikasyon Kredileri (Dış Ticaret Finansmanı Amaçlı Olmayanlar),,Unnamed: 1,1,1.0,TL,BDDK Aylık Bülten - Excel
2023-09-01,2023,9,7,Sendikasyon Seküritizasyon Kredileri,1,,Sendikasyon Kredileri (Dış Ticaret Finansmanı Amaçlı Olmayanlar),,"Sendikasyon Seküritizasyon Kredileri (milyon TL), Dönem:2023/9",Sendikasyon Kredileri (Dış Ticaret Finansmanı Amaçlı Olmayanlar),,TL,BDDK Aylık Bülten - Excel
2023-09-01,2023,9,7,Sendikasyon Seküritizasyon Kredileri,1,,Sendikasyon Kredileri (Dış Ticaret Finansmanı Amaçlı Olmayanlar),,TP,0,0.0,TL,BDDK Aylık Bülten - Excel
2023-09-01,2023,9,7,Sendikasyon Seküritizasyon Kredileri,1,,Sendikasyon Kredileri (Dış Ticaret Finansmanı Amaçlı Olmayanlar),,YP,10940.805,10940.805,TL,BDDK Aylık Bülten - Excel
2023-09-01,2023,9,7,Sendikasyon Seküritizasyon Kredileri,1,,Sendikasyon Kredileri (Dış Ticaret Finansmanı Amaçlı Olmayanlar),,Toplam,10940.805,10940.805,TL,BDDK Aylık Bülten - Excel
2023-09-01,2023,9,7,Sendikasyon Seküritizasyon Kredileri,2,,Sendikasyon Kredileri (Dış Ticaret Finansmanı Amaçlı Olanlar),,Unnamed: 0,Sektör,,TL,BDDK Aylık Bülten - Excel
2023-09-01,2023,9,7,Sendikasyon Seküritizasyon Kredileri,2,,Sendikasyon Kredileri (Dış Ticaret Finansmanı Amaçlı Olanlar),,Unnamed: 1,2,2.0,TL,BDDK Aylık Bülten - Excel
2023-09-01,2023,9,7,Sendikasyon Seküritizasyon Kredileri,2,,Sendikasyon Kredileri (Dış Ticaret Finansmanı Amaçlı Olanlar),,"Sendikasyon Seküritizasyon Kredileri (milyon TL), Dönem:2023/9",Sendikasyon Kredileri (Dış Ticaret Finansmanı Amaçlı Olanlar),,TL,BDDK Aylık Bülten - Excel
2023-09-01,2023,9,7,Sendikasyon Seküritizasyon Kredileri,2,,Sendikasyon Kredileri (Dış Ticaret Finansmanı Amaçlı Olanlar),,TP,0,0.0,TL,BDDK Aylık Bülten - Excel
2023-09-01,2023,9,7,Sendikasyon Seküritizasyon Kredileri,2,,Sendikasyon Kredileri (Dış Ticaret Finansmanı Amaçlı Olanlar),,YP,329676.216,329676.216,TL,BDDK Aylık Bülten - Excel
2023-09-01,2023,9,7,Sendikasyon Seküritizasyon Kredileri,2,,Sendikasyon Kredileri (Dış Ticaret Finansmanı Amaçlı Olanlar),,Toplam,329676.216,329676.216,TL,BDDK Aylık Bülten - Excel
2023-09-01,2023,9,7,Sendikasyon Seküritizasyon Kredileri,3,,Seküritizasyon Kredileri,,Unnamed: 0,Sektör,,TL,BDDK Aylık Bülten - Excel
2023-09-01,2023,9,7,Sendikasyon Seküritizasyon Kredileri,3,,Seküritizasyon Kredileri,,Unnamed: 1,3,3.0,TL,BDDK Aylık Bülten - Excel
2023-09-01,2023,9,7,Sendikasyon Seküritizasyon Kredileri,3,,Seküritizasyon Kredileri,,"Sendikasyon Seküritizasyon Kredileri (milyon TL), Dönem:2023/9",Seküritizasyon Kredileri,,TL,BDDK Aylık Bülten - Excel
2023-09-01,2023,9,7,Sendikasyon Seküritizasyon Kredileri,3,,Seküritizasyon Kredileri,,TP,0,0.0,TL,BDDK Aylık Bülten - Excel
2023-09-01,2023,9,7,Sendikasyon Seküritizasyon Kredileri,3,,Seküritizasyon Kredileri,,YP,288067.829,288067.829,TL,BDDK Aylık Bülten - Excel
2023-09-01,2023,9,7,Sendikasyon Seküritizasyon Kredileri,3,,Seküritizasyon Kredileri,,Toplam,288067.829,288067.829,TL,BDDK Aylık Bülten - Excel
2023-10-01,2023,10,7,Sendikasyon Seküritizasyon Kredileri,1,,Sendikasyon Kredileri (Dış Ticaret Finansmanı Amaçlı Olmayanlar),,Unnamed: 0,Sektör,,TL,BDDK Aylık Bülten - Excel
2023-10-01,2023,10,7,Sendikasyon Seküritizasyon Kredileri,1,,Sendikasyon Kredileri (Dış Ticaret Finansmanı Amaçlı Olmayanlar),,Unnamed: 1,1,1.0,TL,BDDK Aylık Bülten - Excel
2023-10-01,2023,10,7,Sendikasyon Seküritizasyon Kredileri,1,,Sendikasyon Kredileri (Dış Ticaret Finansmanı Amaçlı Olmayanlar),,"Sendikasyon Seküritizasyon Kredileri (milyon TL), Dönem:2023/10",Sendikasyon Kredileri (Dış Ticaret Finansmanı Amaçlı Olmayanlar),,TL,BDDK Aylık Bülten - Excel
2023-10-01,2023,10,7,Sendikasyon Seküritizasyon Kredileri,1,,Sendikasyon Kredileri (Dış Ticaret Finansmanı Amaçlı Olmayanlar),,TP,0,0.0,TL,BDDK Aylık Bülten - Excel
2023-10-01,2023,10,7,Sendikasyon Seküritizasyon Kredileri,1,,Sendikasyon Kredileri (Dış Ticaret Finansmanı Amaçlı Olmayanlar),,YP,3294.353,3294.353,TL,BDDK Aylık Bülten - Excel
2023-10-01,2023,10,7,Sendikasyon Seküritizasyon Kredileri,1,,Sendikasyon Kredileri (Dış Ticaret Finansmanı Amaçlı Olmayanlar),,Toplam,3294.353,3294.353,TL,BDDK Aylık Bülten - Excel
2023-10-01,2023,10,7,Sendikasyon Seküritizasyon Kredileri,2,,Sendikasyon Kredileri (Dış Ticaret Finansmanı Amaçlı Olanlar),,Unnamed: 0,Sektör,,TL,BDDK Aylık Bülten - Excel
2023-10-01,2023,10,7,Sendikasyon Seküritizasyon Kredileri,2,,Sendikasyon Kredileri (Dış Ticaret Finansmanı Amaçlı Olanlar),,Unnamed: 1,2,2.0,TL,BDDK Aylık Bülten - Excel
2023-10-01,2023,10,7,Sendikasyon Seküritizasyon Kredileri,2,,Sendikasyon Kredileri (Dış Ticaret Finansmanı Amaçlı Olanlar),,"Sendikasyon Seküritizasyon Kredileri (milyon TL), Dönem:2023/10",Sendikasyon Kredileri (Dış Ticaret Finansmanı Amaçlı Olanlar),,TL,BDDK Aylık Bülten - Excel
2023-10-01,2023,10,7,Sendikasyon Seküritizasyon Kredileri,2,,Sendikasyon Kredileri (Dış Ticaret Finansmanı Amaçlı Olanlar),,TP,0,0.0,TL,BDDK Aylık Bülten - Excel
2023-10-01,2023,10,7,Sendikasyon Seküritizasyon Kredileri,2,,Sendikasyon Kredileri (Dış Ticaret Finansmanı Amaçlı Olanlar),,YP,348959.624,348959.624,TL,BDDK Aylık Bülten - Excel
2023-10-01,2023,10,7,Sendikasyon Seküritizasyon Kredileri,2,,Sendikasyon Kredileri (Dış Ticaret Finansmanı Amaçlı Olanlar),,Toplam,348959.624,348959.624,TL,BDDK Aylık Bülten - Excel
2023-10-01,2023,10,7,Sendikasyon Seküritizasyon Kredileri,3,,Seküritizasyon Kredileri,,Unnamed: 0,Sektör,,TL,BDDK Aylık Bülten - Excel
2023-10-01,2023,10,7,Sendikasyon Seküritizasyon Kredileri,3,,Seküritizasyon Kredileri,,Unnamed: 1,3,3.0,TL,BDDK Aylık Bülten - Excel
2023-10-01,2023,10,7,Sendikasyon Seküritizasyon Kredileri,3,,Seküritizasyon Kredileri,,"Sendikasyon Seküritizasyon Kredileri (milyon TL), Dönem:2023/10",Seküritizasyon Kredileri,,TL,BDDK Aylık Bülten - Excel
2023-10-01,2023,10,7,Sendikasyon Seküritizasyon Kredileri,3,,Seküritizasyon Kredileri,,TP,0,0.0,TL,BDDK Aylık Bülten - Excel
2023-10-01,2023,10,7,Sendikasyon Seküritizasyon Kredileri,3,,Seküritizasyon Kredileri,,YP,301478.788,301478.788,TL,BDDK Aylık Bülten - Excel
2023-10-01,2023,10,7,Sendikasyon Seküritizasyon Kredileri,3,,Seküritizasyon Kredileri,,Toplam,301478.788,301478.788,TL,BDDK Aylık Bülten - Excel
2023-11-01,2023,11,7,Sendikasyon Seküritizasyon Kredileri,1,,Sendikasyon Kredileri (Dış Ticaret Finansmanı Amaçlı Olmayanlar),,Unnamed: 0,Sektör,,TL,BDDK Aylık Bülten - Excel
2023-11-01,2023,11,7,Sendikasyon Seküritizasyon Kredileri,1,,Sendikasyon Kredileri (Dış Ticaret Finansmanı Amaçlı Olmayanlar),,Unnamed: 1,1,1.0,TL,BDDK Aylık Bülten - Excel
2023-11-01,2023,11,7,Sendikasyon Seküritizasyon Kredileri,1,,Sendikasyon Kredileri (Dış Ticaret Finansmanı Amaçlı Olmayanlar),,"Sendikasyon Seküritizasyon Kredileri (milyon TL), Dönem:2023/11",Sendikasyon Kredileri (Dış Ticaret Finansmanı Amaçlı Olmayanlar),,TL,BDDK Aylık Bülten - Excel
2023-11-01,2023,11,7,Sendikasyon Seküritizasyon Kredileri,1,,Sendikasyon Kredileri (Dış Ticaret Finansmanı Amaçlı Olmayanlar),,TP,0,0.0,TL,BDDK Aylık Bülten - Excel
2023-11-01,2023,11,7,Sendikasyon Seküritizasyon Kredileri,1,,Sendikasyon Kredileri (Dış Ticaret Finansmanı Amaçlı Olmayanlar),,YP,3473.172,3473.172,TL,BDDK Aylık Bülten - Excel
2023-11-01,2023,11,7,Sendikasyon Seküritizasyon Kredileri,1,,Sendikasyon Kredileri (Dış Ticaret Finansmanı Amaçlı Olmayanlar),,Toplam,3473.172,3473.172,TL,BDDK Aylık Bülten - Excel
2023-11-01,2023,11,7,Sendikasyon Seküritizasyon Kredileri,2,,Sendikasyon Kredileri (Dış Ticaret Finansmanı Amaçlı Olanlar),,Unnamed: 0,Sektör,,TL,BDDK Aylık Bülten - Excel
2023-11-01,2023,11,7,Sendikasyon Seküritizasyon Kredileri,2,,Sendikasyon Kredileri (Dış Ticaret Finansmanı Amaçlı Olanlar),,Unnamed: 1,2,2.0,TL,BDDK Aylık Bülten - Excel
2023-11-01,2023,11,7,Sendikasyon Seküritizasyon Kredileri,2,,Sendikasyon Kredileri (Dış Ticaret Finansmanı Amaçlı Olanlar),,"Sendikasyon Seküritizasyon Kredileri (milyon TL), Dönem:2023/11",Sendikasyon Kredileri (Dış Ticaret Finansmanı Amaçlı Olanlar),,TL,BDDK Aylık Bülten - Excel
2023-11-01,2023,11,7,Sendikasyon Seküritizasyon Kredileri,2,,Sendikasyon Kredileri (Dış Ticaret Finansmanı Amaçlı Olanlar),,TP,0,0.0,TL,BDDK Aylık Bülten - Excel
2023-11-01,2023,11,7,Sendikasyon Seküritizasyon Kredileri,2,,Sendikasyon Kredileri (Dış Ticaret Finansmanı Amaçlı Olanlar),,YP,398796.236,398796.236,TL,BDDK Aylık Bülten - Excel
2023-11-01,2023,11,7,Sendikasyon Seküritizasyon Kredileri,2,,Sendikasyon Kredileri (Dış Ticaret Finansmanı Amaçlı Olanlar),,Toplam,398796.236,398796.236,TL,BDDK Aylık Bülten - Excel
2023-11-01,2023,11,7,Sendikasyon Seküritizasyon Kredileri,3,,Seküritizasyon Kredileri,,Unnamed: 0,Sektör,,TL,BDDK Aylık Bülten - Excel
2023-11-01,2023,11,7,Sendikasyon Seküritizasyon Kredileri,3,,Seküritizasyon Kredileri,,Unnamed: 1,3,3.0,TL,BDDK Aylık Bülten - Excel
2023-11-01,2023,11,7,Sendikasyon Seküritizasyon Kredileri,3,,Seküritizasyon Kredileri,,"Sendikasyon Seküritizasyon Kredileri (milyon TL), Dönem:2023/11",Seküritizasyon Kredileri,,TL,BDDK Aylık Bülten - Excel
2023-11-01,2023,11,7,Sendikasyon Seküritizasyon Kredileri,3,,Seküritizasyon Kredileri,,TP,0,0.0,TL,BDDK Aylık Bülten - Excel
2023-11-01,2023,11,7,Sendikasyon Seküritizasyon Kredileri,3,,Seküritizasyon Kredileri,,YP,311891.945,311891.945,TL,BDDK Aylık Bülten - Excel
2023-11-01,2023,11,7,Sendikasyon Seküritizasyon Kredileri,3,,Seküritizasyon Kredileri,,Toplam,311891.945,311891.945,TL,BDDK Aylık Bülten - Excel
2023-12-01,2023,12,7,Sendikasyon Seküritizasyon Kredileri,1,,Sendikasyon Kredileri (Dış Ticaret Finansmanı Amaçlı Olmayanlar),,Unnamed: 0,Sektör,,TL,BDDK Aylık Bülten - Excel
2023-12-01,2023,12,7,Sendikasyon Seküritizasyon Kredileri,1,,Sendikasyon Kredileri (Dış Ticaret Finansmanı Amaçlı Olmayanlar),,Unnamed: 1,1,1.0,TL,BDDK Aylık Bülten - Excel
2023-12-01,2023,12,7,Sendikasyon Seküritizasyon Kredileri,1,,Sendikasyon Kredileri (Dış Ticaret Finansmanı Amaçlı Olmayanlar),,"Sendikasyon Seküritizasyon Kredileri (milyon TL), Dönem:2023/12",Sendikasyon Kredileri (Dış Ticaret Finansmanı Amaçlı Olmayanlar),,TL,BDDK Aylık Bülten - Excel
2023-12-01,2023,12,7,Sendikasyon Seküritizasyon Kredileri,1,,Sendikasyon Kredileri (Dış Ticaret Finansmanı Amaçlı Olmayanlar),,TP,0,0.0,TL,BDDK Aylık Bülten - Excel
2023-12-01,2023,12,7,Sendikasyon Seküritizasyon Kredileri,1,,Sendikasyon Kredileri (Dış Ticaret Finansmanı Amaçlı Olmayanlar),,YP,3565.361,3565.361,TL,BDDK Aylık Bülten - Excel
2023-12-01,2023,12,7,Sendikasyon Seküritizasyon Kredileri,1,,Sendikasyon Kredileri (Dış Ticaret Finansmanı Amaçlı Olmayanlar),,Toplam,3565.361,3565.361,TL,BDDK Aylık Bülten - Excel
2023-12-01,2023,12,7,Sendikasyon Seküritizasyon Kredileri,2,,Sendikasyon Kredileri (Dış Ticaret Finansmanı Amaçlı Olanlar),,Unnamed: 0,Sektör,,TL,BDDK Aylık Bülten - Excel
2023-12-01,2023,12,7,Sendikasyon Seküritizasyon Kredileri,2,,Sendikasyon Kredileri (Dış Ticaret Finansmanı Amaçlı Olanlar),,Unnamed: 1,2,2.0,TL,BDDK Aylık Bülten - Excel
2023-12-01,2023,12,7,Sendikasyon Seküritizasyon Kredileri,2,,Sendikasyon Kredileri (Dış Ticaret Finansmanı Amaçlı Olanlar),,"Sendikasyon Seküritizasyon Kredileri (milyon TL), Dönem:2023/12",Sendikasyon Kredileri (Dış Ticaret Finansmanı Amaçlı Olanlar),,TL,BDDK Aylık Bülten - Excel
2023-12-01,2023,12,7,Sendikasyon Seküritizasyon Kredileri,2,,Sendikasyon Kredileri (Dış Ticaret Finansmanı Amaçlı Olanlar),,TP,0,0.0,TL,BDDK Aylık Bülten - Excel
2023-12-01,2023,12,7,Sendikasyon Seküritizasyon Kredileri,2,,Sendikasyon Kredileri (Dış Ticaret Finansmanı Amaçlı Olanlar),,YP,408215.175,408215.175,TL,BDDK Aylık Bülten - Excel
2023-12-01,2023,12,7,Sendikasyon Seküritizasyon Kredileri,2,,Sendikasyon Kredileri (Dış Ticaret Finansmanı Amaçlı Olanlar),,Toplam,408215.175,408215.175,TL,BDDK Aylık Bülten - Excel
2023-12-01,2023,12,7,Sendikasyon Seküritizasyon Kredileri,3,,Seküritizasyon Kredileri,,Unnamed: 0,Sektör,,TL,BDDK Aylık Bülten - Excel
2023-12-01,2023,12,7,Sendikasyon Seküritizasyon Kredileri,3,,Seküritizasyon Kredileri,,Unnamed: 1,3,3.0,TL,BDDK Aylık Bülten - Excel
2023-12-01,2023,12,7,Sendikasyon Seküritizasyon Kredileri,3,,Seküritizasyon Kredileri,,"Sendikasyon Seküritizasyon Kredileri (milyon TL), Dönem:2023/12",Seküritizasyon Kredileri,,TL,BDDK Aylık Bülten - Excel
2023-12-01,2023,12,7,Sendikasyon Seküritizasyon Kredileri,3,,Seküritizasyon Kredileri,,TP,0,0.0,TL,BDDK Aylık Bülten - Excel
2023-12-01,2023,12,7,Sendikasyon Seküritizasyon Kredileri,3,,Seküritizasyon Kredileri,,YP,311973.196,311973.196,TL,BDDK Aylık Bülten - Excel
2023-12-01,2023,12,7,Sendikasyon Seküritizasyon Kredileri,3,,Seküritizasyon Kredileri,,Toplam,311973.196,311973.196,TL,BDDK Aylık Bülten - Excel
2024-01-01,2024,1,7,Sendikasyon Seküritizasyon Kredileri,1,,Sendikasyon Kredileri (Dış Ticaret Finansmanı Amaçlı Olmayanlar),,Unnamed: 0,Sektör,,TL,BDDK Aylık Bülten - Excel
2024-01-01,2024,1,7,Sendikasyon Seküritizasyon Kredileri,1,,Sendikasyon Kredileri (Dış Ticaret Finansmanı Amaçlı Olmayanlar),,Unnamed: 1,1,1.0,TL,BDDK Aylık Bülten - Excel
2024-01-01,2024,1,7,Sendikasyon Seküritizasyon Kredileri,1,,Sendikasyon Kredileri (Dış Ticaret Finansmanı Amaçlı Olmayanlar),,"Sendikasyon Seküritizasyon Kredileri (milyon TL), Dönem:2024/1",Sendikasyon Kredileri (Dış Ticaret Finansmanı Amaçlı Olmayanlar),,TL,BDDK Aylık Bülten - Excel
2024-01-01,2024,1,7,Sendikasyon Seküritizasyon Kredileri,1,,Sendikasyon Kredileri (Dış Ticaret Finansmanı Amaçlı Olmayanlar),,TP,0,0.0,TL,BDDK Aylık Bülten - Excel
2024-01-01,2024,1,7,Sendikasyon Seküritizasyon Kredileri,1,,Sendikasyon Kredileri (Dış Ticaret Finansmanı Amaçlı Olmayanlar),,YP,3601.109,3601.109,TL,BDDK Aylık Bülten - Excel
2024-01-01,2024,1,7,Sendikasyon Seküritizasyon Kredileri,1,,Sendikasyon Kredileri (Dış Ticaret Finansmanı Amaçlı Olmayanlar),,Toplam,3601.109,3601.109,TL,BDDK Aylık Bülten - Excel
2024-01-01,2024,1,7,Sendikasyon Seküritizasyon Kredileri,2,,Sendikasyon Kredileri (Dış Ticaret Finansmanı Amaçlı Olanlar),,Unnamed: 0,Sektör,,TL,BDDK Aylık Bülten - Excel
2024-01-01,2024,1,7,Sendikasyon Seküritizasyon Kredileri,2,,Sendikasyon Kredileri (Dış Ticaret Finansmanı Amaçlı Olanlar),,Unnamed: 1,2,2.0,TL,BDDK Aylık Bülten - Excel
2024-01-01,2024,1,7,Sendikasyon Seküritizasyon Kredileri,2,,Sendikasyon Kredileri (Dış Ticaret Finansmanı Amaçlı Olanlar),,"Sendikasyon Seküritizasyon Kredileri (milyon TL), Dönem:2024/1",Sendikasyon Kredileri (Dış Ticaret Finansmanı Amaçlı Olanlar),,TL,BDDK Aylık Bülten - Excel
2024-01-01,2024,1,7,Sendikasyon Seküritizasyon Kredileri,2,,Sendikasyon Kredileri (Dış Ticaret Finansmanı Amaçlı Olanlar),,TP,0,0.0,TL,BDDK Aylık Bülten - Excel
2024-01-01,2024,1,7,Sendikasyon Seküritizasyon Kredileri,2,,Sendikasyon Kredileri (Dış Ticaret Finansmanı Amaçlı Olanlar),,YP,414502.289,414502.289,TL,BDDK Aylık Bülten - Excel
2024-01-01,2024,1,7,Sendikasyon Seküritizasyon Kredileri,2,,Sendikasyon Kredileri (Dış Ticaret Finansmanı Amaçlı Olanlar),,Toplam,414502.289,414502.289,TL,BDDK Aylık Bülten - Excel
2024-01-01,2024,1,7,Sendikasyon Seküritizasyon Kredileri,3,,Seküritizasyon Kredileri,,Unnamed: 0,Sektör,,TL,BDDK Aylık Bülten - Excel
2024-01-01,2024,1,7,Sendikasyon Seküritizasyon Kredileri,3,,Seküritizasyon Kredileri,,Unnamed: 1,3,3.0,TL,BDDK Aylık Bülten - Excel
2024-01-01,2024,1,7,Sendikasyon Seküritizasyon Kredileri,3,,Seküritizasyon Kredileri,,"Sendikasyon Seküritizasyon Kredileri (milyon TL), Dönem:2024/1",Seküritizasyon Kredileri,,TL,BDDK Aylık Bülten - Excel
2024-01-01,2024,1,7,Sendikasyon Seküritizasyon Kredileri,3,,Seküritizasyon Kredileri,,TP,0,0.0,TL,BDDK Aylık Bülten - Excel
2024-01-01,2024,1,7,Sendikasyon Seküritizasyon Kredileri,3,,Seküritizasyon Kredileri,,YP,318640.004,318640.004,TL,BDDK Aylık Bülten - Excel
2024-01-01,2024,1,7,Sendikasyon Seküritizasyon Kredileri,3,,Seküritizasyon Kredileri,,Toplam,318640.004,318640.004,TL,BDDK Aylık Bülten - Excel
2024-02-01,2024,2,7,Sendikasyon Seküritizasyon Kredileri,1,,Sendikasyon Kredileri (Dış Ticaret Finansmanı Amaçlı Olmayanlar),,Unnamed: 0,Sektör,,TL,BDDK Aylık Bülten - Excel
2024-02-01,2024,2,7,Sendikasyon Seküritizasyon Kredileri,1,,Sendikasyon Kredileri (Dış Ticaret Finansmanı Amaçlı Olmayanlar),,Unnamed: 1,1,1.0,TL,BDDK Aylık Bülten - Excel
2024-02-01,2024,2,7,Sendikasyon Seküritizasyon Kredileri,1,,Sendikasyon Kredileri (Dış Ticaret Finansmanı Amaçlı Olmayanlar),,"Sendikasyon Seküritizasyon Kredileri (milyon TL), Dönem:2024/2",Sendikasyon Kredileri (Dış Ticaret Finansmanı Amaçlı Olmayanlar),,TL,BDDK Aylık Bülten - Excel
2024-02-01,2024,2,7,Sendikasyon Seküritizasyon Kredileri,1,,Sendikasyon Kredileri (Dış Ticaret Finansmanı Amaçlı Olmayanlar),,TP,0,0.0,TL,BDDK Aylık Bülten - Excel
2024-02-01,2024,2,7,Sendikasyon Seküritizasyon Kredileri,1,,Sendikasyon Kredileri (Dış Ticaret Finansmanı Amaçlı Olmayanlar),,YP,3705.681,3705.681,TL,BDDK Aylık Bülten - Excel
2024-02-01,2024,2,7,Sendikasyon Seküritizasyon Kredileri,1,,Sendikasyon Kredileri (Dış Ticaret Finansmanı Amaçlı Olmayanlar),,Toplam,3705.681,3705.681,TL,BDDK Aylık Bülten - Excel
2024-02-01,2024,2,7,Sendikasyon Seküritizasyon Kredileri,2,,Sendikasyon Kredileri (Dış Ticaret Finansmanı Amaçlı Olanlar),,Unnamed: 0,Sektör,,TL,BDDK Aylık Bülten - Excel
2024-02-01,2024,2,7,Sendikasyon Seküritizasyon Kredileri,2,,Sendikasyon Kredileri (Dış Ticaret Finansmanı Amaçlı Olanlar),,Unnamed: 1,2,2.0,TL,BDDK Aylık Bülten - Excel
2024-02-01,2024,2,7,Sendikasyon Seküritizasyon Kredileri,2,,Sendikasyon Kredileri (Dış Ticaret Finansmanı Amaçlı Olanlar),,"Sendikasyon Seküritizasyon Kredileri (milyon TL), Dönem:2024/2",Sendikasyon Kredileri (Dış Ticaret Finansmanı Amaçlı Olanlar),,TL,BDDK Aylık Bülten - Excel
2024-02-01,2024,2,7,Sendikasyon Seküritizasyon Kredileri,2,,Sendikasyon Kredileri (Dış Ticaret Finansmanı Amaçlı Olanlar),,TP,0,0.0,TL,BDDK Aylık Bülten - Excel
2024-02-01,2024,2,7,Sendikasyon Seküritizasyon Kredileri,2,,Sendikasyon Kredileri (Dış Ticaret Finansmanı Amaçlı Olanlar),,YP,426377.707,426377.707,TL,BDDK Aylık Bülten - Excel
2024-02-01,2024,2,7,Sendikasyon Seküritizasyon Kredileri,2,,Sendikasyon Kredileri (Dış Ticaret Finansmanı Amaçlı Olanlar),,Toplam,426377.707,426377.707,TL,BDDK Aylık Bülten - Excel
2024-02-01,2024,2,7,Sendikasyon Seküritizasyon Kredileri,3,,Seküritizasyon Kredileri,,Unnamed: 0,Sektör,,TL,BDDK Aylık Bülten - Excel
2024-02-01,2024,2,7,Sendikasyon Seküritizasyon Kredileri,3,,Seküritizasyon Kredileri,,Unnamed: 1,3,3.0,TL,BDDK Aylık Bülten - Excel
2024-02-01,2024,2,7,Sendikasyon Seküritizasyon Kredileri,3,,Seküritizasyon Kredileri,,"Sendikasyon Seküritizasyon Kredileri (milyon TL), Dönem:2024/2",Seküritizasyon Kredileri,,TL,BDDK Aylık Bülten - Excel
2024-02-01,2024,2,7,Sendikasyon Seküritizasyon Kredileri,3,,Seküritizasyon Kredileri,,TP,0,0.0,TL,BDDK Aylık Bülten - Excel
2024-02-01,2024,2,7,Sendikasyon Seküritizasyon Kredileri,3,,Seküritizasyon Kredileri,,YP,328408.756,328408.756,TL,BDDK Aylık Bülten - Excel
2024-02-01,2024,2,7,Sendikasyon Seküritizasyon Kredileri,3,,Seküritizasyon Kredileri,,Toplam,328408.756,328408.756,TL,BDDK Aylık Bülten - Excel
2024-03-01,2024,3,7,Sendikasyon Seküritizasyon Kredileri,1,,Sendikasyon Kredileri (Dış Ticaret Finansmanı Amaçlı Olmayanlar),,Unnamed: 0,Sektör,,TL,BDDK Aylık Bülten - Excel
2024-03-01,2024,3,7,Sendikasyon Seküritizasyon Kredileri,1,,Sendikasyon Kredileri (Dış Ticaret Finansmanı Amaçlı Olmayanlar),,Unnamed: 1,1,1.0,TL,BDDK Aylık Bülten - Excel
2024-03-01,2024,3,7,Sendikasyon Seküritizasyon Kredileri,1,,Sendikasyon Kredileri (Dış Ticaret Finansmanı Amaçlı Olmayanlar),,"Sendikasyon Seküritizasyon Kredileri (milyon TL), Dönem:2024/3",Sendikasyon Kredileri (Dış Ticaret Finansmanı Amaçlı Olmayanlar),,TL,BDDK Aylık Bülten - Excel
2024-03-01,2024,3,7,Sendikasyon Seküritizasyon Kredileri,1,,Sendikasyon Kredileri (Dış Ticaret Finansmanı Amaçlı Olmayanlar),,TP,0,0.0,TL,BDDK Aylık Bülten - Excel
2024-03-01,2024,3,7,Sendikasyon Seküritizasyon Kredileri,1,,Sendikasyon Kredileri (Dış Ticaret Finansmanı Amaçlı Olmayanlar),,YP,4173.587,4173.587,TL,BDDK Aylık Bülten - Excel
2024-03-01,2024,3,7,Sendikasyon Seküritizasyon Kredileri,1,,Sendikasyon Kredileri (Dış Ticaret Finansmanı Amaçlı Olmayanlar),,Toplam,4173.587,4173.587,TL,BDDK Aylık Bülten - Excel
2024-03-01,2024,3,7,Sendikasyon Seküritizasyon Kredileri,2,,Sendikasyon Kredileri (Dış Ticaret Finansmanı Amaçlı Olanlar),,Unnamed: 0,Sektör,,TL,BDDK Aylık Bülten - Excel
2024-03-01,2024,3,7,Sendikasyon Seküritizasyon Kredileri,2,,Sendikasyon Kredileri (Dış Ticaret Finansmanı Amaçlı Olanlar),,Unnamed: 1,2,2.0,TL,BDDK Aylık Bülten - Excel
2024-03-01,2024,3,7,Sendikasyon Seküritizasyon Kredileri,2,,Sendikasyon Kredileri (Dış Ticaret Finansmanı Amaçlı Olanlar),,"Sendikasyon Seküritizasyon Kredileri (milyon TL), Dönem:2024/3",Sendikasyon Kredileri (Dış Ticaret Finansmanı Amaçlı Olanlar),,TL,BDDK Aylık Bülten - Excel
2024-03-01,2024,3,7,Sendikasyon Seküritizasyon Kredileri,2,,Sendikasyon Kredileri (Dış Ticaret Finansmanı Amaçlı Olanlar),,TP,0,0.0,TL,BDDK Aylık Bülten - Excel
2024-03-01,2024,3,7,Sendikasyon Seküritizasyon Kredileri,2,,Sendikasyon Kredileri (Dış Ticaret Finansmanı Amaçlı Olanlar),,YP,440616.269,440616.269,TL,BDDK Aylık Bülten - Excel
2024-03-01,2024,3,7,Sendikasyon Seküritizasyon Kredileri,2,,Sendikasyon Kredileri (Dış Ticaret Finansmanı Amaçlı Olanlar),,Toplam,440616.269,440616.269,TL,BDDK Aylık Bülten - Excel
2024-03-01,2024,3,7,Sendikasyon Seküritizasyon Kredileri,3,,Seküritizasyon Kredileri,,Unnamed: 0,Sektör,,TL,BDDK Aylık Bülten - Excel
2024-03-01,2024,3,7,Sendikasyon Seküritizasyon Kredileri,3,,Seküritizasyon Kredileri,,Unnamed: 1,3,3.0,TL,BDDK Aylık Bülten - Excel
2024-03-01,2024,3,7,Sendikasyon Seküritizasyon Kredileri,3,,Seküritizasyon Kredileri,,"Sendikasyon Seküritizasyon Kredileri (milyon TL), Dönem:2024/3",Seküritizasyon Kredileri,,TL,BDDK Aylık Bülten - Excel
2024-03-01,2024,3,7,Sendikasyon Seküritizasyon Kredileri,3,,Seküritizasyon Kredileri,,TP,0,0.0,TL,BDDK Aylık Bülten - Excel
2024-03-01,2024,3,7,Sendikasyon Seküritizasyon Kredileri,3,,Seküritizasyon Kredileri,,YP,354856.242,354856.242,TL,BDDK Aylık Bülten - Excel
2024-03-01,2024,3,7,Sendikasyon Seküritizasyon Kredileri,3,,Seküritizasyon Kredileri,,Toplam,354856.242,354856.242,TL,BDDK Aylık Bülten - Excel
2024-04-01,2024,4,7,Sendikasyon Seküritizasyon Kredileri,1,,Sendikasyon Kredileri (Dış Ticaret Finansmanı Amaçlı Olmayanlar),,Unnamed: 0,Sektör,,TL,BDDK Aylık Bülten - Excel
2024-04-01,2024,4,7,Sendikasyon Seküritizasyon Kredileri,1,,Sendikasyon Kredileri (Dış Ticaret Finansmanı Amaçlı Olmayanlar),,Unnamed: 1,1,1.0,TL,BDDK Aylık Bülten - Excel
2024-04-01,2024,4,7,Sendikasyon Seküritizasyon Kredileri,1,,Sendikasyon Kredileri (Dış Ticaret Finansmanı Amaçlı Olmayanlar),,"Sendikasyon Seküritizasyon Kredileri (milyon TL), Dönem:2024/4",Sendikasyon Kredileri (Dış Ticaret Finansmanı Amaçlı Olmayanlar),,TL,BDDK Aylık Bülten - Excel
2024-04-01,2024,4,7,Sendikasyon Seküritizasyon Kredileri,1,,Sendikasyon Kredileri (Dış Ticaret Finansmanı Amaçlı Olmayanlar),,TP,0,0.0,TL,BDDK Aylık Bülten - Excel
2024-04-01,2024,4,7,Sendikasyon Seküritizasyon Kredileri,1,,Sendikasyon Kredileri (Dış Ticaret Finansmanı Amaçlı Olmayanlar),,YP,3805.755,3805.755,TL,BDDK Aylık Bülten - Excel
2024-04-01,2024,4,7,Sendikasyon Seküritizasyon Kredileri,1,,Sendikasyon Kredileri (Dış Ticaret Finansmanı Amaçlı Olmayanlar),,Toplam,3805.755,3805.755,TL,BDDK Aylık Bülten - Excel
2024-04-01,2024,4,7,Sendikasyon Seküritizasyon Kredileri,2,,Sendikasyon Kredileri (Dış Ticaret Finansmanı Amaçlı Olanlar),,Unnamed: 0,Sektör,,TL,BDDK Aylık Bülten - Excel
2024-04-01,2024,4,7,Sendikasyon Seküritizasyon Kredileri,2,,Sendikasyon Kredileri (Dış Ticaret Finansmanı Amaçlı Olanlar),,Unnamed: 1,2,2.0,TL,BDDK Aylık Bülten - Excel
2024-04-01,2024,4,7,Sendikasyon Seküritizasyon Kredileri,2,,Sendikasyon Kredileri (Dış Ticaret Finansmanı Amaçlı Olanlar),,"Sendikasyon Seküritizasyon Kredileri (milyon TL), Dönem:2024/4",Sendikasyon Kredileri (Dış Ticaret Finansmanı Amaçlı Olanlar),,TL,BDDK Aylık Bülten - Excel
2024-04-01,2024,4,7,Sendikasyon Seküritizasyon Kredileri,2,,Sendikasyon Kredileri (Dış Ticaret Finansmanı Amaçlı Olanlar),,TP,0,0.0,TL,BDDK Aylık Bülten - Excel
2024-04-01,2024,4,7,Sendikasyon Seküritizasyon Kredileri,2,,Sendikasyon Kredileri (Dış Ticaret Finansmanı Amaçlı Olanlar),,YP,455158.942,455158.942,TL,BDDK Aylık Bülten - Excel
2024-04-01,2024,4,7,Sendikasyon Seküritizasyon Kredileri,2,,Sendikasyon Kredileri (Dış Ticaret Finansmanı Amaçlı Olanlar),,Toplam,455158.942,455158.942,TL,BDDK Aylık Bülten - Excel
2024-04-01,2024,4,7,Sendikasyon Seküritizasyon Kredileri,3,,Seküritizasyon Kredileri,,Unnamed: 0,Sektör,,TL,BDDK Aylık Bülten - Excel
2024-04-01,2024,4,7,Sendikasyon Seküritizasyon Kredileri,3,,Seküritizasyon Kredileri,,Unnamed: 1,3,3.0,TL,BDDK Aylık Bülten - Excel
2024-04-01,2024,4,7,Sendikasyon Seküritizasyon Kredileri,3,,Seküritizasyon Kredileri,,"Sendikasyon Seküritizasyon Kredileri (milyon TL), Dönem:2024/4",Seküritizasyon Kredileri,,TL,BDDK Aylık Bülten - Excel
2024-04-01,2024,4,7,Sendikasyon Seküritizasyon Kredileri,3,,Seküritizasyon Kredileri,,TP,0,0.0,TL,BDDK Aylık Bülten - Excel
2024-04-01,2024,4,7,Sendikasyon Seküritizasyon Kredileri,3,,Seküritizasyon Kredileri,,YP,353029.663,353029.663,TL,BDDK Aylık Bülten - Excel
2024-04-01,2024,4,7,Sendikasyon Seküritizasyon Kredileri,3,,Seküritizasyon Kredileri,,Toplam,353029.663,353029.663,TL,BDDK Aylık Bülten - Excel
2024-05-01,2024,5,7,Sendikasyon Seküritizasyon Kredileri,1,,Sendikasyon Kredileri (Dış Ticaret Finansmanı Amaçlı Olmayanlar),,Unnamed: 0,Sektör,,TL,BDDK Aylık Bülten - Excel
2024-05-01,2024,5,7,Sendikasyon Seküritizasyon Kredileri,1,,Sendikasyon Kredileri (Dış Ticaret Finansmanı Amaçlı Olmayanlar),,Unnamed: 1,1,1.0,TL,BDDK Aylık Bülten - Excel
2024-05-01,2024,5,7,Sendikasyon Seküritizasyon Kredileri,1,,Sendikasyon Kredileri (Dış Ticaret Finansmanı Amaçlı Olmayanlar),,"Sendikasyon Seküritizasyon Kredileri (milyon TL), Dönem:2024/5",Sendikasyon Kredileri (Dış Ticaret Finansmanı Amaçlı Olmayanlar),,TL,BDDK Aylık Bülten - Excel
2024-05-01,2024,5,7,Sendikasyon Seküritizasyon Kredileri,1,,Sendikasyon Kredileri (Dış Ticaret Finansmanı Amaçlı Olmayanlar),,TP,0,0.0,TL,BDDK Aylık Bülten - Excel
2024-05-01,2024,5,7,Sendikasyon Seküritizasyon Kredileri,1,,Sendikasyon Kredileri (Dış Ticaret Finansmanı Amaçlı Olmayanlar),,YP,3813.163,3813.163,TL,BDDK Aylık Bülten - Excel
2024-05-01,2024,5,7,Sendikasyon Seküritizasyon Kredileri,1,,Sendikasyon Kredileri (Dış Ticaret Finansmanı Amaçlı Olmayanlar),,Toplam,3813.163,3813.163,TL,BDDK Aylık Bülten - Excel
2024-05-01,2024,5,7,Sendikasyon Seküritizasyon Kredileri,2,,Sendikasyon Kredileri (Dış Ticaret Finansmanı Amaçlı Olanlar),,Unnamed: 0,Sektör,,TL,BDDK Aylık Bülten - Excel
2024-05-01,2024,5,7,Sendikasyon Seküritizasyon Kredileri,2,,Sendikasyon Kredileri (Dış Ticaret Finansmanı Amaçlı Olanlar),,Unnamed: 1,2,2.0,TL,BDDK Aylık Bülten - Excel
2024-05-01,2024,5,7,Sendikasyon Seküritizasyon Kredileri,2,,Sendikasyon Kredileri (Dış Ticaret Finansmanı Amaçlı Olanlar),,"Sendikasyon Seküritizasyon Kredileri (milyon TL), Dönem:2024/5",Sendikasyon Kredileri (Dış Ticaret Finansmanı Amaçlı Olanlar),,TL,BDDK Aylık Bülten - Excel
2024-05-01,2024,5,7,Sendikasyon Seküritizasyon Kredileri,2,,Sendikasyon Kredileri (Dış Ticaret Finansmanı Amaçlı Olanlar),,TP,0,0.0,TL,BDDK Aylık Bülten - Excel
2024-05-01,2024,5,7,Sendikasyon Seküritizasyon Kredileri,2,,Sendikasyon Kredileri (Dış Ticaret Finansmanı Amaçlı Olanlar),,YP,477417.162,477417.162,TL,BDDK Aylık Bülten - Excel
2024-05-01,2024,5,7,Sendikasyon Seküritizasyon Kredileri,2,,Sendikasyon Kredileri (Dış Ticaret Finansmanı Amaçlı Olanlar),,Toplam,477417.162,477417.162,TL,BDDK Aylık Bülten - Excel
2024-05-01,2024,5,7,Sendikasyon Seküritizasyon Kredileri,3,,Seküritizasyon Kredileri,,Unnamed: 0,Sektör,,TL,BDDK Aylık Bülten - Excel
2024-05-01,2024,5,7,Sendikasyon Seküritizasyon Kredileri,3,,Seküritizasyon Kredileri,,Unnamed: 1,3,3.0,TL,BDDK Aylık Bülten - Excel
2024-05-01,2024,5,7,Sendikasyon Seküritizasyon Kredileri,3,,Seküritizasyon Kredileri,,"Sendikasyon Seküritizasyon Kredileri (milyon TL), Dönem:2024/5",Seküritizasyon Kredileri,,TL,BDDK Aylık Bülten - Excel
2024-05-01,2024,5,7,Sendikasyon Seküritizasyon Kredileri,3,,Seküritizasyon Kredileri,,TP,0,0.0,TL,BDDK Aylık Bülten - Excel
2024-05-01,2024,5,7,Sendikasyon Seküritizasyon Kredileri,3,,Seküritizasyon Kredileri,,YP,341931.65,341931.65,TL,BDDK Aylık Bülten - Excel
2024-05-01,2024,5,7,Sendikasyon Seküritizasyon Kredileri,3,,Seküritizasyon Kredileri,,Toplam,341931.65,341931.65,TL,BDDK Aylık Bülten - Excel
2024-06-01,2024,6,7,Sendikasyon Seküritizasyon Kredileri,1,,Sendikasyon Kredileri (Dış Ticaret Finansmanı Amaçlı Olmayanlar),,Unnamed: 0,Sektör,,TL,BDDK Aylık Bülten - Excel
2024-06-01,2024,6,7,Sendikasyon Seküritizasyon Kredileri,1,,Sendikasyon Kredileri (Dış Ticaret Finansmanı Amaçlı Olmayanlar),,Unnamed: 1,1,1.0,TL,BDDK Aylık Bülten - Excel
2024-06-01,2024,6,7,Sendikasyon Seküritizasyon Kredileri,1,,Sendikasyon Kredileri (Dış Ticaret Finansmanı Amaçlı Olmayanlar),,"Sendikasyon Seküritizasyon Kredileri (milyon TL), Dönem:2024/6",Sendikasyon Kredileri (Dış Ticaret Finansmanı Amaçlı Olmayanlar),,TL,BDDK Aylık Bülten - Excel
2024-06-01,2024,6,7,Sendikasyon Seküritizasyon Kredileri,1,,Sendikasyon Kredileri (Dış Ticaret Finansmanı Amaçlı Olmayanlar),,TP,0,0.0,TL,BDDK Aylık Bülten - Excel
2024-06-01,2024,6,7,Sendikasyon Seküritizasyon Kredileri,1,,Sendikasyon Kredileri (Dış Ticaret Finansmanı Amaçlı Olmayanlar),,YP,3858.484,3858.484,TL,BDDK Aylık Bülten - Excel
2024-06-01,2024,6,7,Sendikasyon Seküritizasyon Kredileri,1,,Sendikasyon Kredileri (Dış Ticaret Finansmanı Amaçlı Olmayanlar),,Toplam,3858.484,3858.484,TL,BDDK Aylık Bülten - Excel
2024-06-01,2024,6,7,Sendikasyon Seküritizasyon Kredileri,2,,Sendikasyon Kredileri (Dış Ticaret Finansmanı Amaçlı Olanlar),,Unnamed: 0,Sektör,,TL,BDDK Aylık Bülten - Excel
2024-06-01,2024,6,7,Sendikasyon Seküritizasyon Kredileri,2,,Sendikasyon Kredileri (Dış Ticaret Finansmanı Amaçlı Olanlar),,Unnamed: 1,2,2.0,TL,BDDK Aylık Bülten - Excel
2024-06-01,2024,6,7,Sendikasyon Seküritizasyon Kredileri,2,,Sendikasyon Kredileri (Dış Ticaret Finansmanı Amaçlı Olanlar),,"Sendikasyon Seküritizasyon Kredileri (milyon TL), Dönem:2024/6",Sendikasyon Kredileri (Dış Ticaret Finansmanı Amaçlı Olanlar),,TL,BDDK Aylık Bülten - Excel
2024-06-01,2024,6,7,Sendikasyon Seküritizasyon Kredileri,2,,Sendikasyon Kredileri (Dış Ticaret Finansmanı Amaçlı Olanlar),,TP,0,0.0,TL,BDDK Aylık Bülten - Excel
2024-06-01,2024,6,7,Sendikasyon Seküritizasyon Kredileri,2,,Sendikasyon Kredileri (Dış Ticaret Finansmanı Amaçlı Olanlar),,YP,546098.831,546098.831,TL,BDDK Aylık Bülten - Excel
2024-06-01,2024,6,7,Sendikasyon Seküritizasyon Kredileri,2,,Sendikasyon Kredileri (Dış Ticaret Finansmanı Amaçlı Olanlar),,Toplam,546098.831,546098.831,TL,BDDK Aylık Bülten - Excel
2024-06-01,2024,6,7,Sendikasyon Seküritizasyon Kredileri,3,,Seküritizasyon Kredileri,,Unnamed: 0,Sektör,,TL,BDDK Aylık Bülten - Excel
2024-06-01,2024,6,7,Sendikasyon Seküritizasyon Kredileri,3,,Seküritizasyon Kredileri,,Unnamed: 1,3,3.0,TL,BDDK Aylık Bülten - Excel
2024-06-01,2024,6,7,Sendikasyon Seküritizasyon Kredileri,3,,Seküritizasyon Kredileri,,"Sendikasyon Seküritizasyon Kredileri (milyon TL), Dönem:2024/6",Seküritizasyon Kredileri,,TL,BDDK Aylık Bülten - Excel
2024-06-01,2024,6,7,Sendikasyon Seküritizasyon Kredileri,3,,Seküritizasyon Kredileri,,TP,0,0.0,TL,BDDK Aylık Bülten - Excel
2024-06-01,2024,6,7,Sendikasyon Seküritizasyon Kredileri,3,,Seküritizasyon Kredileri,,YP,349545.497,349545.497,TL,BDDK Aylık Bülten - Excel
2024-06-01,2024,6,7,Sendikasyon Seküritizasyon Kredileri,3,,Seküritizasyon Kredileri,,Toplam,349545.497,349545.497,TL,BDDK Aylık Bülten - Excel
2024-07-01,2024,7,7,Sendikasyon Seküritizasyon Kredileri,1,,Sendikasyon Kredileri (Dış Ticaret Finansmanı Amaçlı Olmayanlar),,Unnamed: 0,Sektör,,TL,BDDK Aylık Bülten - Excel
2024-07-01,2024,7,7,Sendikasyon Seküritizasyon Kredileri,1,,Sendikasyon Kredileri (Dış Ticaret Finansmanı Amaçlı Olmayanlar),,Unnamed: 1,1,1.0,TL,BDDK Aylık Bülten - Excel
2024-07-01,2024,7,7,Sendikasyon Seküritizasyon Kredileri,1,,Sendikasyon Kredileri (Dış Ticaret Finansmanı Amaçlı Olmayanlar),,"Sendikasyon Seküritizasyon Kredileri (milyon TL), Dönem:2024/7",Sendikasyon Kredileri (Dış Ticaret Finansmanı Amaçlı Olmayanlar),,TL,BDDK Aylık Bülten - Excel
2024-07-01,2024,7,7,Sendikasyon Seküritizasyon Kredileri,1,,Sendikasyon Kredileri (Dış Ticaret Finansmanı Amaçlı Olmayanlar),,TP,0,0.0,TL,BDDK Aylık Bülten - Excel
2024-07-01,2024,7,7,Sendikasyon Seküritizasyon Kredileri,1,,Sendikasyon Kredileri (Dış Ticaret Finansmanı Amaçlı Olmayanlar),,YP,4095.866,4095.866,TL,BDDK Aylık Bülten - Excel
2024-07-01,2024,7,7,Sendikasyon Seküritizasyon Kredileri,1,,Sendikasyon Kredileri (Dış Ticaret Finansmanı Amaçlı Olmayanlar),,Toplam,4095.866,4095.866,TL,BDDK Aylık Bülten - Excel
2024-07-01,2024,7,7,Sendikasyon Seküritizasyon Kredileri,2,,Sendikasyon Kredileri (Dış Ticaret Finansmanı Amaçlı Olanlar),,Unnamed: 0,Sektör,,TL,BDDK Aylık Bülten - Excel
2024-07-01,2024,7,7,Sendikasyon Seküritizasyon Kredileri,2,,Sendikasyon Kredileri (Dış Ticaret Finansmanı Amaçlı Olanlar),,Unnamed: 1,2,2.0,TL,BDDK Aylık Bülten - Excel
2024-07-01,2024,7,7,Sendikasyon Seküritizasyon Kredileri,2,,Sendikasyon Kredileri (Dış Ticaret Finansmanı Amaçlı Olanlar),,"Sendikasyon Seküritizasyon Kredileri (milyon TL), Dönem:2024/7",Sendikasyon Kredileri (Dış Ticaret Finansmanı Amaçlı Olanlar),,TL,BDDK Aylık Bülten - Excel
2024-07-01,2024,7,7,Sendikasyon Seküritizasyon Kredileri,2,,Sendikasyon Kredileri (Dış Ticaret Finansmanı Amaçlı Olanlar),,TP,0,0.0,TL,BDDK Aylık Bülten - Excel
2024-07-01,2024,7,7,Sendikasyon Seküritizasyon Kredileri,2,,Sendikasyon Kredileri (Dış Ticaret Finansmanı Amaçlı Olanlar),,YP,548985.347,548985.347,TL,BDDK Aylık Bülten - Excel
2024-07-01,2024,7,7,Sendikasyon Seküritizasyon Kredileri,2,,Sendikasyon Kredileri (Dış Ticaret Finansmanı Amaçlı Olanlar),,Toplam,548985.347,548985.347,TL,BDDK Aylık Bülten - Excel
2024-07-01,2024,7,7,Sendikasyon Seküritizasyon Kredileri,3,,Seküritizasyon Kredileri,,Unnamed: 0,Sektör,,TL,BDDK Aylık Bülten - Excel
2024-07-01,2024,7,7,Sendikasyon Seküritizasyon Kredileri,3,,Seküritizasyon Kredileri,,Unnamed: 1,3,3.0,TL,BDDK Aylık Bülten - Excel
2024-07-01,2024,7,7,Sendikasyon Seküritizasyon Kredileri,3,,Seküritizasyon Kredileri,,"Sendikasyon Seküritizasyon Kredileri (milyon TL), Dönem:2024/7",Seküritizasyon Kredileri,,TL,BDDK Aylık Bülten - Excel
2024-07-01,2024,7,7,Sendikasyon Seküritizasyon Kredileri,3,,Seküritizasyon Kredileri,,TP,0,0.0,TL,BDDK Aylık Bülten - Excel
2024-07-01,2024,7,7,Sendikasyon Seküritizasyon Kredileri,3,,Seküritizasyon Kredileri,,YP,352419.152,352419.152,TL,BDDK Aylık Bülten - Excel
2024-07-01,2024,7,7,Sendikasyon Seküritizasyon Kredileri,3,,Seküritizasyon Kredileri,,Toplam,352419.152,352419.152,TL,BDDK Aylık Bülten - Excel
2024-08-01,2024,8,7,Sendikasyon Seküritizasyon Kredileri,1,,Sendikasyon Kredileri (Dış Ticaret Finansmanı Amaçlı Olmayanlar),,Unnamed: 0,Sektör,,TL,BDDK Aylık Bülten - Excel
2024-08-01,2024,8,7,Sendikasyon Seküritizasyon Kredileri,1,,Sendikasyon Kredileri (Dış Ticaret Finansmanı Amaçlı Olmayanlar),,Unnamed: 1,1,1.0,TL,BDDK Aylık Bülten - Excel
2024-08-01,2024,8,7,Sendikasyon Seküritizasyon Kredileri,1,,Sendikasyon Kredileri (Dış Ticaret Finansmanı Amaçlı Olmayanlar),,"Sendikasyon Seküritizasyon Kredileri (milyon TL), Dönem:2024/8",Sendikasyon Kredileri (Dış Ticaret Finansmanı Amaçlı Olmayanlar),,TL,BDDK Aylık Bülten - Excel
2024-08-01,2024,8,7,Sendikasyon Seküritizasyon Kredileri,1,,Sendikasyon Kredileri (Dış Ticaret Finansmanı Amaçlı Olmayanlar),,TP,193,193.0,TL,BDDK Aylık Bülten - Excel
2024-08-01,2024,8,7,Sendikasyon Seküritizasyon Kredileri,1,,Sendikasyon Kredileri (Dış Ticaret Finansmanı Amaçlı Olmayanlar),,YP,6610.231,6610.231,TL,BDDK Aylık Bülten - Excel
2024-08-01,2024,8,7,Sendikasyon Seküritizasyon Kredileri,1,,Sendikasyon Kredileri (Dış Ticaret Finansmanı Amaçlı Olmayanlar),,Toplam,6803.231,6803.231,TL,BDDK Aylık Bülten - Excel
2024-08-01,2024,8,7,Sendikasyon Seküritizasyon Kredileri,2,,Sendikasyon Kredileri (Dış Ticaret Finansmanı Amaçlı Olanlar),,Unnamed: 0,Sektör,,TL,BDDK Aylık Bülten - Excel
2024-08-01,2024,8,7,Sendikasyon Seküritizasyon Kredileri,2,,Sendikasyon Kredileri (Dış Ticaret Finansmanı Amaçlı Olanlar),,Unnamed: 1,2,2.0,TL,BDDK Aylık Bülten - Excel
2024-08-01,2024,8,7,Sendikasyon Seküritizasyon Kredileri,2,,Sendikasyon Kredileri (Dış Ticaret Finansmanı Amaçlı Olanlar),,"Sendikasyon Seküritizasyon Kredileri (milyon TL), Dönem:2024/8",Sendikasyon Kredileri (Dış Ticaret Finansmanı Amaçlı Olanlar),,TL,BDDK Aylık Bülten - Excel
2024-08-01,2024,8,7,Sendikasyon Seküritizasyon Kredileri,2,,Sendikasyon Kredileri (Dış Ticaret Finansmanı Amaçlı Olanlar),,TP,0,0.0,TL,BDDK Aylık Bülten - Excel
2024-08-01,2024,8,7,Sendikasyon Seküritizasyon Kredileri,2,,Sendikasyon Kredileri (Dış Ticaret Finansmanı Amaçlı Olanlar),,YP,586521.967,586521.967,TL,BDDK Aylık Bülten - Excel
2024-08-01,2024,8,7,Sendikasyon Seküritizasyon Kredileri,2,,Sendikasyon Kredileri (Dış Ticaret Finansmanı Amaçlı Olanlar),,Toplam,586521.967,586521.967,TL,BDDK Aylık Bülten - Excel
2024-08-01,2024,8,7,Sendikasyon Seküritizasyon Kredileri,3,,Seküritizasyon Kredileri,,Unnamed: 0,Sektör,,TL,BDDK Aylık Bülten - Excel
2024-08-01,2024,8,7,Sendikasyon Seküritizasyon Kredileri,3,,Seküritizasyon Kredileri,,Unnamed: 1,3,3.0,TL,BDDK Aylık Bülten - Excel
2024-08-01,2024,8,7,Sendikasyon Seküritizasyon Kredileri,3,,Seküritizasyon Kredileri,,"Sendikasyon Seküritizasyon Kredileri (milyon TL), Dönem:2024/8",Seküritizasyon Kredileri,,TL,BDDK Aylık Bülten - Excel
2024-08-01,2024,8,7,Sendikasyon Seküritizasyon Kredileri,3,,Seküritizasyon Kredileri,,TP,0,0.0,TL,BDDK Aylık Bülten - Excel
2024-08-01,2024,8,7,Sendikasyon Seküritizasyon Kredileri,3,,Seküritizasyon Kredileri,,YP,358043.652,358043.652,TL,BDDK Aylık Bülten - Excel
2024-08-01,2024,8,7,Sendikasyon Seküritizasyon Kredileri,3,,Seküritizasyon Kredileri,,Toplam,358043.652,358043.652,TL,BDDK Aylık Bülten - Excel
2024-09-01,2024,9,7,Sendikasyon Seküritizasyon Kredileri,1,,Sendikasyon Kredileri (Dış Ticaret Finansmanı Amaçlı Olmayanlar),,Unnamed: 0,Sektör,,TL,BDDK Aylık Bülten - Excel
2024-09-01,2024,9,7,Sendikasyon Seküritizasyon Kredileri,1,,Sendikasyon Kredileri (Dış Ticaret Finansmanı Amaçlı Olmayanlar),,Unnamed: 1,1,1.0,TL,BDDK Aylık Bülten - Excel
2024-09-01,2024,9,7,Sendikasyon Seküritizasyon Kredileri,1,,Sendikasyon Kredileri (Dış Ticaret Finansmanı Amaçlı Olmayanlar),,"Sendikasyon Seküritizasyon Kredileri (milyon TL), Dönem:2024/9",Sendikasyon Kredileri (Dış Ticaret Finansmanı Amaçlı Olmayanlar),,TL,BDDK Aylık Bülten - Excel
2024-09-01,2024,9,7,Sendikasyon Seküritizasyon Kredileri,1,,Sendikasyon Kredileri (Dış Ticaret Finansmanı Amaçlı Olmayanlar),,TP,0,0.0,TL,BDDK Aylık Bülten - Excel
2024-09-01,2024,9,7,Sendikasyon Seküritizasyon Kredileri,1,,Sendikasyon Kredileri (Dış Ticaret Finansmanı Amaçlı Olmayanlar),,YP,6890.588,6890.588,TL,BDDK Aylık Bülten - Excel
2024-09-01,2024,9,7,Sendikasyon Seküritizasyon Kredileri,1,,Sendikasyon Kredileri (Dış Ticaret Finansmanı Amaçlı Olmayanlar),,Toplam,6890.588,6890.588,TL,BDDK Aylık Bülten - Excel
2024-09-01,2024,9,7,Sendikasyon Seküritizasyon Kredileri,2,,Sendikasyon Kredileri (Dış Ticaret Finansmanı Amaçlı Olanlar),,Unnamed: 0,Sektör,,TL,BDDK Aylık Bülten - Excel
2024-09-01,2024,9,7,Sendikasyon Seküritizasyon Kredileri,2,,Sendikasyon Kredileri (Dış Ticaret Finansmanı Amaçlı Olanlar),,Unnamed: 1,2,2.0,TL,BDDK Aylık Bülten - Excel
2024-09-01,2024,9,7,Sendikasyon Seküritizasyon Kredileri,2,,Sendikasyon Kredileri (Dış Ticaret Finansmanı Amaçlı Olanlar),,"Sendikasyon Seküritizasyon Kredileri (milyon TL), Dönem:2024/9",Sendikasyon Kredileri (Dış Ticaret Finansmanı Amaçlı Olanlar),,TL,BDDK Aylık Bülten - Excel
2024-09-01,2024,9,7,Sendikasyon Seküritizasyon Kredileri,2,,Sendikasyon Kredileri (Dış Ticaret Finansmanı Amaçlı Olanlar),,TP,0,0.0,TL,BDDK Aylık Bülten - Excel
2024-09-01,2024,9,7,Sendikasyon Seküritizasyon Kredileri,2,,Sendikasyon Kredileri (Dış Ticaret Finansmanı Amaçlı Olanlar),,YP,572189.41,572189.41,TL,BDDK Aylık Bülten - Excel
2024-09-01,2024,9,7,Sendikasyon Seküritizasyon Kredileri,2,,Sendikasyon Kredileri (Dış Ticaret Finansmanı Amaçlı Olanlar),,Toplam,572189.41,572189.41,TL,BDDK Aylık Bülten - Excel
2024-09-01,2024,9,7,Sendikasyon Seküritizasyon Kredileri,3,,Seküritizasyon Kredileri,,Unnamed: 0,Sektör,,TL,BDDK Aylık Bülten - Excel
2024-09-01,2024,9,7,Sendikasyon Seküritizasyon Kredileri,3,,Seküritizasyon Kredileri,,Unnamed: 1,3,3.0,TL,BDDK Aylık Bülten - Excel
2024-09-01,2024,9,7,Sendikasyon Seküritizasyon Kredileri,3,,Seküritizasyon Kredileri,,"Sendikasyon Seküritizasyon Kredileri (milyon TL), Dönem:2024/9",Seküritizasyon Kredileri,,TL,BDDK Aylık Bülten - Excel
2024-09-01,2024,9,7,Sendikasyon Seküritizasyon Kredileri,3,,Seküritizasyon Kredileri,,TP,0,0.0,TL,BDDK Aylık Bülten - Excel
2024-09-01,2024,9,7,Sendikasyon Seküritizasyon Kredileri,3,,Seküritizasyon Kredileri,,YP,370851.639,370851.639,TL,BDDK Aylık Bülten - Excel
2024-09-01,2024,9,7,Sendikasyon Seküritizasyon Kredileri,3,,Seküritizasyon Kredileri,,Toplam,370851.639,370851.639,TL,BDDK Aylık Bülten - Excel
2024-10-01,2024,10,7,Sendikasyon Seküritizasyon Kredileri,1,,Sendikasyon Kredileri (Dış Ticaret Finansmanı Amaçlı Olmayanlar),,Unnamed: 0,Sektör,,TL,BDDK Aylık Bülten - Excel
2024-10-01,2024,10,7,Sendikasyon Seküritizasyon Kredileri,1,,Sendikasyon Kredileri (Dış Ticaret Finansmanı Amaçlı Olmayanlar),,Unnamed: 1,1,1.0,TL,BDDK Aylık Bülten - Excel
2024-10-01,2024,10,7,Sendikasyon Seküritizasyon Kredileri,1,,Sendikasyon Kredileri (Dış Ticaret Finansmanı Amaçlı Olmayanlar),,"Sendikasyon Seküritizasyon Kredileri (milyon TL), Dönem:2024/10",Sendikasyon Kredileri (Dış Ticaret Finansmanı Amaçlı Olmayanlar),,TL,BDDK Aylık Bülten - Excel
2024-10-01,2024,10,7,Sendikasyon Seküritizasyon Kredileri,1,,Sendikasyon Kredileri (Dış Ticaret Finansmanı Amaçlı Olmayanlar),,TP,0,0.0,TL,BDDK Aylık Bülten - Excel
2024-10-01,2024,10,7,Sendikasyon Seküritizasyon Kredileri,1,,Sendikasyon Kredileri (Dış Ticaret Finansmanı Amaçlı Olmayanlar),,YP,6448.348,6448.348,TL,BDDK Aylık Bülten - Excel
2024-10-01,2024,10,7,Sendikasyon Seküritizasyon Kredileri,1,,Sendikasyon Kredileri (Dış Ticaret Finansmanı Amaçlı Olmayanlar),,Toplam,6448.348,6448.348,TL,BDDK Aylık Bülten - Excel
2024-10-01,2024,10,7,Sendikasyon Seküritizasyon Kredileri,2,,Sendikasyon Kredileri (Dış Ticaret Finansmanı Amaçlı Olanlar),,Unnamed: 0,Sektör,,TL,BDDK Aylık Bülten - Excel
2024-10-01,2024,10,7,Sendikasyon Seküritizasyon Kredileri,2,,Sendikasyon Kredileri (Dış Ticaret Finansmanı Amaçlı Olanlar),,Unnamed: 1,2,2.0,TL,BDDK Aylık Bülten - Excel
2024-10-01,2024,10,7,Sendikasyon Seküritizasyon Kredileri,2,,Sendikasyon Kredileri (Dış Ticaret Finansmanı Amaçlı Olanlar),,"Sendikasyon Seküritizasyon Kredileri (milyon TL), Dönem:2024/10",Sendikasyon Kredileri (Dış Ticaret Finansmanı Amaçlı Olanlar),,TL,BDDK Aylık Bülten - Excel
2024-10-01,2024,10,7,Sendikasyon Seküritizasyon Kredileri,2,,Sendikasyon Kredileri (Dış Ticaret Finansmanı Amaçlı Olanlar),,TP,0,0.0,TL,BDDK Aylık Bülten - Excel
2024-10-01,2024,10,7,Sendikasyon Seküritizasyon Kredileri,2,,Sendikasyon Kredileri (Dış Ticaret Finansmanı Amaçlı Olanlar),,YP,563642.262,563642.262,TL,BDDK Aylık Bülten - Excel
2024-10-01,2024,10,7,Sendikasyon Seküritizasyon Kredileri,2,,Sendikasyon Kredileri (Dış Ticaret Finansmanı Amaçlı Olanlar),,Toplam,563642.262,563642.262,TL,BDDK Aylık Bülten - Excel
2024-10-01,2024,10,7,Sendikasyon Seküritizasyon Kredileri,3,,Seküritizasyon Kredileri,,Unnamed: 0,Sektör,,TL,BDDK Aylık Bülten - Excel
2024-10-01,2024,10,7,Sendikasyon Seküritizasyon Kredileri,3,,Seküritizasyon Kredileri,,Unnamed: 1,3,3.0,TL,BDDK Aylık Bülten - Excel
2024-10-01,2024,10,7,Sendikasyon Seküritizasyon Kredileri,3,,Seküritizasyon Kredileri,,"Sendikasyon Seküritizasyon Kredileri (milyon TL), Dönem:2024/10",Seküritizasyon Kredileri,,TL,BDDK Aylık Bülten - Excel
2024-10-01,2024,10,7,Sendikasyon Seküritizasyon Kredileri,3,,Seküritizasyon Kredileri,,TP,0,0.0,TL,BDDK Aylık Bülten - Excel
2024-10-01,2024,10,7,Sendikasyon Seküritizasyon Kredileri,3,,Seküritizasyon Kredileri,,YP,374095.224,374095.224,TL,BDDK Aylık Bülten - Excel
2024-10-01,2024,10,7,Sendikasyon Seküritizasyon Kredileri,3,,Seküritizasyon Kredileri,,Toplam,374095.224,374095.224,TL,BDDK Aylık Bülten - Excel
2024-11-01,2024,11,7,Sendikasyon Seküritizasyon Kredileri,1,,Sendikasyon Kredileri (Dış Ticaret Finansmanı Amaçlı Olmayanlar),,Unnamed: 0,Sektör,,TL,BDDK Aylık Bülten - Excel
2024-11-01,2024,11,7,Sendikasyon Seküritizasyon Kredileri,1,,Sendikasyon Kredileri (Dış Ticaret Finansmanı Amaçlı Olmayanlar),,Unnamed: 1,1,1.0,TL,BDDK Aylık Bülten - Excel
2024-11-01,2024,11,7,Sendikasyon Seküritizasyon Kredileri,1,,Sendikasyon Kredileri (Dış Ticaret Finansmanı Amaçlı Olmayanlar),,"Sendikasyon Seküritizasyon Kredileri (milyon TL), Dönem:2024/11",Sendikasyon Kredileri (Dış Ticaret Finansmanı Amaçlı Olmayanlar),,TL,BDDK Aylık Bülten - Excel
2024-11-01,2024,11,7,Sendikasyon Seküritizasyon Kredileri,1,,Sendikasyon Kredileri (Dış Ticaret Finansmanı Amaçlı Olmayanlar),,TP,0,0.0,TL,BDDK Aylık Bülten - Excel
2024-11-01,2024,11,7,Sendikasyon Seküritizasyon Kredileri,1,,Sendikasyon Kredileri (Dış Ticaret Finansmanı Amaçlı Olmayanlar),,YP,6390.561,6390.561,TL,BDDK Aylık Bülten - Excel
2024-11-01,2024,11,7,Sendikasyon Seküritizasyon Kredileri,1,,Sendikasyon Kredileri (Dış Ticaret Finansmanı Amaçlı Olmayanlar),,Toplam,6390.561,6390.561,TL,BDDK Aylık Bülten - Excel
2024-11-01,2024,11,7,Sendikasyon Seküritizasyon Kredileri,2,,Sendikasyon Kredileri (Dış Ticaret Finansmanı Amaçlı Olanlar),,Unnamed: 0,Sektör,,TL,BDDK Aylık Bülten - Excel
2024-11-01,2024,11,7,Sendikasyon Seküritizasyon Kredileri,2,,Sendikasyon Kredileri (Dış Ticaret Finansmanı Amaçlı Olanlar),,Unnamed: 1,2,2.0,TL,BDDK Aylık Bülten - Excel
2024-11-01,2024,11,7,Sendikasyon Seküritizasyon Kredileri,2,,Sendikasyon Kredileri (Dış Ticaret Finansmanı Amaçlı Olanlar),,"Sendikasyon Seküritizasyon Kredileri (milyon TL), Dönem:2024/11",Sendikasyon Kredileri (Dış Ticaret Finansmanı Amaçlı Olanlar),,TL,BDDK Aylık Bülten - Excel
2024-11-01,2024,11,7,Sendikasyon Seküritizasyon Kredileri,2,,Sendikasyon Kredileri (Dış Ticaret Finansmanı Amaçlı Olanlar),,TP,0,0.0,TL,BDDK Aylık Bülten - Excel
2024-11-01,2024,11,7,Sendikasyon Seküritizasyon Kredileri,2,,Sendikasyon Kredileri (Dış Ticaret Finansmanı Amaçlı Olanlar),,YP,561747.991,561747.991,TL,BDDK Aylık Bülten - Excel
2024-11-01,2024,11,7,Sendikasyon Seküritizasyon Kredileri,2,,Sendikasyon Kredileri (Dış Ticaret Finansmanı Amaçlı Olanlar),,Toplam,561747.991,561747.991,TL,BDDK Aylık Bülten - Excel
2024-11-01,2024,11,7,Sendikasyon Seküritizasyon Kredileri,3,,Seküritizasyon Kredileri,,Unnamed: 0,Sektör,,TL,BDDK Aylık Bülten - Excel
2024-11-01,2024,11,7,Sendikasyon Seküritizasyon Kredileri,3,,Seküritizasyon Kredileri,,Unnamed: 1,3,3.0,TL,BDDK Aylık Bülten - Excel
2024-11-01,2024,11,7,Sendikasyon Seküritizasyon Kredileri,3,,Seküritizasyon Kredileri,,"Sendikasyon Seküritizasyon Kredileri (milyon TL), Dönem:2024/11",Seküritizasyon Kredileri,,TL,BDDK Aylık Bülten - Excel
2024-11-01,2024,11,7,Sendikasyon Seküritizasyon Kredileri,3,,Seküritizasyon Kredileri,,TP,0,0.0,TL,BDDK Aylık Bülten - Excel
2024-11-01,2024,11,7,Sendikasyon Seküritizasyon Kredileri,3,,Seküritizasyon Kredileri,,YP,372222.578,372222.578,TL,BDDK Aylık Bülten - Excel
2024-11-01,2024,11,7,Sendikasyon Seküritizasyon Kredileri,3,,Seküritizasyon Kredileri,,Toplam,372222.578,372222.578,TL,BDDK Aylık Bülten - Excel
2024-12-01,2024,12,7,Sendikasyon Seküritizasyon Kredileri,1,,Sendikasyon Kredileri (Dış Ticaret Finansmanı Amaçlı Olmayanlar),,Unnamed: 0,Sektör,,TL,BDDK Aylık Bülten - Excel
2024-12-01,2024,12,7,Sendikasyon Seküritizasyon Kredileri,1,,Sendikasyon Kredileri (Dış Ticaret Finansmanı Amaçlı Olmayanlar),,Unnamed: 1,1,1.0,TL,BDDK Aylık Bülten - Excel
2024-12-01,2024,12,7,Sendikasyon Seküritizasyon Kredileri,1,,Sendikasyon Kredileri (Dış Ticaret Finansmanı Amaçlı Olmayanlar),,"Sendikasyon Seküritizasyon Kredileri (milyon TL), Dönem:2024/12",Sendikasyon Kredileri (Dış Ticaret Finansmanı Amaçlı Olmayanlar),,TL,BDDK Aylık Bülten - Excel
2024-12-01,2024,12,7,Sendikasyon Seküritizasyon Kredileri,1,,Sendikasyon Kredileri (Dış Ticaret Finansmanı Amaçlı Olmayanlar),,TP,166.745,166.745,TL,BDDK Aylık Bülten - Excel
2024-12-01,2024,12,7,Sendikasyon Seküritizasyon Kredileri,1,,Sendikasyon Kredileri (Dış Ticaret Finansmanı Amaçlı Olmayanlar),,YP,6436.104,6436.104,TL,BDDK Aylık Bülten - Excel
2024-12-01,2024,12,7,Sendikasyon Seküritizasyon Kredileri,1,,Sendikasyon Kredileri (Dış Ticaret Finansmanı Amaçlı Olmayanlar),,Toplam,6602.849,6602.849,TL,BDDK Aylık Bülten - Excel
2024-12-01,2024,12,7,Sendikasyon Seküritizasyon Kredileri,2,,Sendikasyon Kredileri (Dış Ticaret Finansmanı Amaçlı Olanlar),,Unnamed: 0,Sektör,,TL,BDDK Aylık Bülten - Excel
2024-12-01,2024,12,7,Sendikasyon Seküritizasyon Kredileri,2,,Sendikasyon Kredileri (Dış Ticaret Finansmanı Amaçlı Olanlar),,Unnamed: 1,2,2.0,TL,BDDK Aylık Bülten - Excel
2024-12-01,2024,12,7,Sendikasyon Seküritizasyon Kredileri,2,,Sendikasyon Kredileri (Dış Ticaret Finansmanı Amaçlı Olanlar),,"Sendikasyon Seküritizasyon Kredileri (milyon TL), Dönem:2024/12",Sendikasyon Kredileri (Dış Ticaret Finansmanı Amaçlı Olanlar),,TL,BDDK Aylık Bülten - Excel
2024-12-01,2024,12,7,Sendikasyon Seküritizasyon Kredileri,2,,Sendikasyon Kredileri (Dış Ticaret Finansmanı Amaçlı Olanlar),,TP,0.0,0.0,TL,BDDK Aylık Bülten - Excel
2024-12-01,2024,12,7,Sendikasyon Seküritizasyon Kredileri,2,,Sendikasyon Kredileri (Dış Ticaret Finansmanı Amaçlı Olanlar),,YP,617837.876,617837.876,TL,BDDK Aylık Bülten - Excel
2024-12-01,2024,12,7,Sendikasyon Seküritizasyon Kredileri,2,,Sendikasyon Kredileri (Dış Ticaret Finansmanı Amaçlı Olanlar),,Toplam,617837.876,617837.876,TL,BDDK Aylık Bülten - Excel
2024-12-01,2024,12,7,Sendikasyon Seküritizasyon Kredileri,3,,Seküritizasyon Kredileri,,Unnamed: 0,Sektör,,TL,BDDK Aylık Bülten - Excel
2024-12-01,2024,12,7,Sendikasyon Seküritizasyon Kredileri,3,,Seküritizasyon Kredileri,,Unnamed: 1,3,3.0,TL,BDDK Aylık Bülten - Excel
2024-12-01,2024,12,7,Sendikasyon Seküritizasyon Kredileri,3,,Seküritizasyon Kredileri,,"Sendikasyon Seküritizasyon Kredileri (milyon TL), Dönem:2024/12",Seküritizasyon Kredileri,,TL,BDDK Aylık Bülten - Excel
2024-12-01,2024,12,7,Sendikasyon Seküritizasyon Kredileri,3,,Seküritizasyon Kredileri,,TP,0.0,0.0,TL,BDDK Aylık Bülten - Excel
2024-12-01,2024,12,7,Sendikasyon Seküritizasyon Kredileri,3,,Seküritizasyon Kredileri,,YP,370308.568,370308.568,TL,BDDK Aylık Bülten - Excel
2024-12-01,2024,12,7,Sendikasyon Seküritizasyon Kredileri,3,,Seküritizasyon Kredileri,,Toplam,370308.568,370308.568,TL,BDDK Aylık Bülten - Excel
2025-01-01,2025,1,7,Sendikasyon Seküritizasyon Kredileri,1,,Sendikasyon Kredileri (Dış Ticaret Finansmanı Amaçlı Olmayanlar),,Unnamed: 0,Sektör,,TL,BDDK Aylık Bülten - Excel
2025-01-01,2025,1,7,Sendikasyon Seküritizasyon Kredileri,1,,Sendikasyon Kredileri (Dış Ticaret Finansmanı Amaçlı Olmayanlar),,Unnamed: 1,1,1.0,TL,BDDK Aylık Bülten - Excel
2025-01-01,2025,1,7,Sendikasyon Seküritizasyon Kredileri,1,,Sendikasyon Kredileri (Dış Ticaret Finansmanı Amaçlı Olmayanlar),,"Sendikasyon Seküritizasyon Kredileri (milyon TL), Dönem:2025/1",Sendikasyon Kredileri (Dış Ticaret Finansmanı Amaçlı Olmayanlar),,TL,BDDK Aylık Bülten - Excel
2025-01-01,2025,1,7,Sendikasyon Seküritizasyon Kredileri,1,,Sendikasyon Kredileri (Dış Ticaret Finansmanı Amaçlı Olmayanlar),,TP,0,0.0,TL,BDDK Aylık Bülten - Excel
2025-01-01,2025,1,7,Sendikasyon Seküritizasyon Kredileri,1,,Sendikasyon Kredileri (Dış Ticaret Finansmanı Amaçlı Olmayanlar),,YP,6520.705,6520.705,TL,BDDK Aylık Bülten - Excel
2025-01-01,2025,1,7,Sendikasyon Seküritizasyon Kredileri,1,,Sendikasyon Kredileri (Dış Ticaret Finansmanı Amaçlı Olmayanlar),,Toplam,6520.705,6520.705,TL,BDDK Aylık Bülten - Excel
2025-01-01,2025,1,7,Sendikasyon Seküritizasyon Kredileri,2,,Sendikasyon Kredileri (Dış Ticaret Finansmanı Amaçlı Olanlar),,Unnamed: 0,Sektör,,TL,BDDK Aylık Bülten - Excel
2025-01-01,2025,1,7,Sendikasyon Seküritizasyon Kredileri,2,,Sendikasyon Kredileri (Dış Ticaret Finansmanı Amaçlı Olanlar),,Unnamed: 1,2,2.0,TL,BDDK Aylık Bülten - Excel
2025-01-01,2025,1,7,Sendikasyon Seküritizasyon Kredileri,2,,Sendikasyon Kredileri (Dış Ticaret Finansmanı Amaçlı Olanlar),,"Sendikasyon Seküritizasyon Kredileri (milyon TL), Dönem:2025/1",Sendikasyon Kredileri (Dış Ticaret Finansmanı Amaçlı Olanlar),,TL,BDDK Aylık Bülten - Excel
2025-01-01,2025,1,7,Sendikasyon Seküritizasyon Kredileri,2,,Sendikasyon Kredileri (Dış Ticaret Finansmanı Amaçlı Olanlar),,TP,0,0.0,TL,BDDK Aylık Bülten - Excel
2025-01-01,2025,1,7,Sendikasyon Seküritizasyon Kredileri,2,,Sendikasyon Kredileri (Dış Ticaret Finansmanı Amaçlı Olanlar),,YP,628427.547,628427.547,TL,BDDK Aylık Bülten - Excel
2025-01-01,2025,1,7,Sendikasyon Seküritizasyon Kredileri,2,,Sendikasyon Kredileri (Dış Ticaret Finansmanı Amaçlı Olanlar),,Toplam,628427.547,628427.547,TL,BDDK Aylık Bülten - Excel
2025-01-01,2025,1,7,Sendikasyon Seküritizasyon Kredileri,3,,Seküritizasyon Kredileri,,Unnamed: 0,Sektör,,TL,BDDK Aylık Bülten - Excel
2025-01-01,2025,1,7,Sendikasyon Seküritizasyon Kredileri,3,,Seküritizasyon Kredileri,,Unnamed: 1,3,3.0,TL,BDDK Aylık Bülten - Excel
2025-01-01,2025,1,7,Sendikasyon Seküritizasyon Kredileri,3,,Seküritizasyon Kredileri,,"Sendikasyon Seküritizasyon Kredileri (milyon TL), Dönem:2025/1",Seküritizasyon Kredileri,,TL,BDDK Aylık Bülten - Excel
2025-01-01,2025,1,7,Sendikasyon Seküritizasyon Kredileri,3,,Seküritizasyon Kredileri,,TP,0,0.0,TL,BDDK Aylık Bülten - Excel
2025-01-01,2025,1,7,Sendikasyon Seküritizasyon Kredileri,3,,Seküritizasyon Kredileri,,YP,374023.063,374023.063,TL,BDDK Aylık Bülten - Excel
2025-01-01,2025,1,7,Sendikasyon Seküritizasyon Kredileri,3,,Seküritizasyon Kredileri,,Toplam,374023.063,374023.063,TL,BDDK Aylık Bülten - Excel
2025-02-01,2025,2,7,Sendikasyon Seküritizasyon Kredileri,1,,Sendikasyon Kredileri (Dış Ticaret Finansmanı Amaçlı Olmayanlar),,Unnamed: 0,Sektör,,TL,BDDK Aylık Bülten - Excel
2025-02-01,2025,2,7,Sendikasyon Seküritizasyon Kredileri,1,,Sendikasyon Kredileri (Dış Ticaret Finansmanı Amaçlı Olmayanlar),,Unnamed: 1,1,1.0,TL,BDDK Aylık Bülten - Excel
2025-02-01,2025,2,7,Sendikasyon Seküritizasyon Kredileri,1,,Sendikasyon Kredileri (Dış Ticaret Finansmanı Amaçlı Olmayanlar),,"Sendikasyon Seküritizasyon Kredileri (milyon TL), Dönem:2025/2",Sendikasyon Kredileri (Dış Ticaret Finansmanı Amaçlı Olmayanlar),,TL,BDDK Aylık Bülten - Excel
2025-02-01,2025,2,7,Sendikasyon Seküritizasyon Kredileri,1,,Sendikasyon Kredileri (Dış Ticaret Finansmanı Amaçlı Olmayanlar),,TP,0,0.0,TL,BDDK Aylık Bülten - Excel
2025-02-01,2025,2,7,Sendikasyon Seküritizasyon Kredileri,1,,Sendikasyon Kredileri (Dış Ticaret Finansmanı Amaçlı Olmayanlar),,YP,6639.015,6639.015,TL,BDDK Aylık Bülten - Excel
2025-02-01,2025,2,7,Sendikasyon Seküritizasyon Kredileri,1,,Sendikasyon Kredileri (Dış Ticaret Finansmanı Amaçlı Olmayanlar),,Toplam,6639.015,6639.015,TL,BDDK Aylık Bülten - Excel
2025-02-01,2025,2,7,Sendikasyon Seküritizasyon Kredileri,2,,Sendikasyon Kredileri (Dış Ticaret Finansmanı Amaçlı Olanlar),,Unnamed: 0,Sektör,,TL,BDDK Aylık Bülten - Excel
2025-02-01,2025,2,7,Sendikasyon Seküritizasyon Kredileri,2,,Sendikasyon Kredileri (Dış Ticaret Finansmanı Amaçlı Olanlar),,Unnamed: 1,2,2.0,TL,BDDK Aylık Bülten - Excel
2025-02-01,2025,2,7,Sendikasyon Seküritizasyon Kredileri,2,,Sendikasyon Kredileri (Dış Ticaret Finansmanı Amaçlı Olanlar),,"Sendikasyon Seküritizasyon Kredileri (milyon TL), Dönem:2025/2",Sendikasyon Kredileri (Dış Ticaret Finansmanı Amaçlı Olanlar),,TL,BDDK Aylık Bülten - Excel
2025-02-01,2025,2,7,Sendikasyon Seküritizasyon Kredileri,2,,Sendikasyon Kredileri (Dış Ticaret Finansmanı Amaçlı Olanlar),,TP,0,0.0,TL,BDDK Aylık Bülten - Excel
2025-02-01,2025,2,7,Sendikasyon Seküritizasyon Kredileri,2,,Sendikasyon Kredileri (Dış Ticaret Finansmanı Amaçlı Olanlar),,YP,639236.158,639236.158,TL,BDDK Aylık Bülten - Excel
2025-02-01,2025,2,7,Sendikasyon Seküritizasyon Kredileri,2,,Sendikasyon Kredileri (Dış Ticaret Finansmanı Amaçlı Olanlar),,Toplam,639236.158,639236.158,TL,BDDK Aylık Bülten - Excel
2025-02-01,2025,2,7,Sendikasyon Seküritizasyon Kredileri,3,,Seküritizasyon Kredileri,,Unnamed: 0,Sektör,,TL,BDDK Aylık Bülten - Excel
2025-02-01,2025,2,7,Sendikasyon Seküritizasyon Kredileri,3,,Seküritizasyon Kredileri,,Unnamed: 1,3,3.0,TL,BDDK Aylık Bülten - Excel
2025-02-01,2025,2,7,Sendikasyon Seküritizasyon Kredileri,3,,Seküritizasyon Kredileri,,"Sendikasyon Seküritizasyon Kredileri (milyon TL), Dönem:2025/2",Seküritizasyon Kredileri,,TL,BDDK Aylık Bülten - Excel
2025-02-01,2025,2,7,Sendikasyon Seküritizasyon Kredileri,3,,Seküritizasyon Kredileri,,TP,0,0.0,TL,BDDK Aylık Bülten - Excel
2025-02-01,2025,2,7,Sendikasyon Seküritizasyon Kredileri,3,,Seküritizasyon Kredileri,,YP,402691.065,402691.065,TL,BDDK Aylık Bülten - Excel
2025-02-01,2025,2,7,Sendikasyon Seküritizasyon Kredileri,3,,Seküritizasyon Kredileri,,Toplam,402691.065,402691.065,TL,BDDK Aylık Bülten - Excel
2025-03-01,2025,3,7,Sendikasyon Seküritizasyon Kredileri,1,,Sendikasyon Kredileri (Dış Ticaret Finansmanı Amaçlı Olmayanlar),,Unnamed: 0,Sektör,,TL,BDDK Aylık Bülten - Excel
2025-03-01,2025,3,7,Sendikasyon Seküritizasyon Kredileri,1,,Sendikasyon Kredileri (Dış Ticaret Finansmanı Amaçlı Olmayanlar),,Unnamed: 1,1,1.0,TL,BDDK Aylık Bülten - Excel
2025-03-01,2025,3,7,Sendikasyon Seküritizasyon Kredileri,1,,Sendikasyon Kredileri (Dış Ticaret Finansmanı Amaçlı Olmayanlar),,"Sendikasyon Seküritizasyon Kredileri (milyon TL), Dönem:2025/3",Sendikasyon Kredileri (Dış Ticaret Finansmanı Amaçlı Olmayanlar),,TL,BDDK Aylık Bülten - Excel
2025-03-01,2025,3,7,Sendikasyon Seküritizasyon Kredileri,1,,Sendikasyon Kredileri (Dış Ticaret Finansmanı Amaçlı Olmayanlar),,TP,108,108.0,TL,BDDK Aylık Bülten - Excel
2025-03-01,2025,3,7,Sendikasyon Seküritizasyon Kredileri,1,,Sendikasyon Kredileri (Dış Ticaret Finansmanı Amaçlı Olmayanlar),,YP,7091.178,7091.178,TL,BDDK Aylık Bülten - Excel
2025-03-01,2025,3,7,Sendikasyon Seküritizasyon Kredileri,1,,Sendikasyon Kredileri (Dış Ticaret Finansmanı Amaçlı Olmayanlar),,Toplam,7199.178,7199.178,TL,BDDK Aylık Bülten - Excel
2025-03-01,2025,3,7,Sendikasyon Seküritizasyon Kredileri,2,,Sendikasyon Kredileri (Dış Ticaret Finansmanı Amaçlı Olanlar),,Unnamed: 0,Sektör,,TL,BDDK Aylık Bülten - Excel
2025-03-01,2025,3,7,Sendikasyon Seküritizasyon Kredileri,2,,Sendikasyon Kredileri (Dış Ticaret Finansmanı Amaçlı Olanlar),,Unnamed: 1,2,2.0,TL,BDDK Aylık Bülten - Excel
2025-03-01,2025,3,7,Sendikasyon Seküritizasyon Kredileri,2,,Sendikasyon Kredileri (Dış Ticaret Finansmanı Amaçlı Olanlar),,"Sendikasyon Seküritizasyon Kredileri (milyon TL), Dönem:2025/3",Sendikasyon Kredileri (Dış Ticaret Finansmanı Amaçlı Olanlar),,TL,BDDK Aylık Bülten - Excel
2025-03-01,2025,3,7,Sendikasyon Seküritizasyon Kredileri,2,,Sendikasyon Kredileri (Dış Ticaret Finansmanı Amaçlı Olanlar),,TP,0,0.0,TL,BDDK Aylık Bülten - Excel
2025-03-01,2025,3,7,Sendikasyon Seküritizasyon Kredileri,2,,Sendikasyon Kredileri (Dış Ticaret Finansmanı Amaçlı Olanlar),,YP,678411.049,678411.049,TL,BDDK Aylık Bülten - Excel
2025-03-01,2025,3,7,Sendikasyon Seküritizasyon Kredileri,2,,Sendikasyon Kredileri (Dış Ticaret Finansmanı Amaçlı Olanlar),,Toplam,678411.049,678411.049,TL,BDDK Aylık Bülten - Excel
2025-03-01,2025,3,7,Sendikasyon Seküritizasyon Kredileri,3,,Seküritizasyon Kredileri,,Unnamed: 0,Sektör,,TL,BDDK Aylık Bülten - Excel
2025-03-01,2025,3,7,Sendikasyon Seküritizasyon Kredileri,3,,Seküritizasyon Kredileri,,Unnamed: 1,3,3.0,TL,BDDK Aylık Bülten - Excel
2025-03-01,2025,3,7,Sendikasyon Seküritizasyon Kredileri,3,,Seküritizasyon Kredileri,,"Sendikasyon Seküritizasyon Kredileri (milyon TL), Dönem:2025/3",Seküritizasyon Kredileri,,TL,BDDK Aylık Bülten - Excel
2025-03-01,2025,3,7,Sendikasyon Seküritizasyon Kredileri,3,,Seküritizasyon Kredileri,,TP,0,0.0,TL,BDDK Aylık Bülten - Excel
2025-03-01,2025,3,7,Sendikasyon Seküritizasyon Kredileri,3,,Seküritizasyon Kredileri,,YP,444031.092,444031.092,TL,BDDK Aylık Bülten - Excel
2025-03-01,2025,3,7,Sendikasyon Seküritizasyon Kredileri,3,,Seküritizasyon Kredileri,,Toplam,444031.092,444031.092,TL,BDDK Aylık Bülten - Excel
2025-04-01,2025,4,7,Sendikasyon Seküritizasyon Kredileri,1,,Sendikasyon Kredileri (Dış Ticaret Finansmanı Amaçlı Olmayanlar),,Unnamed: 0,Sektör,,TL,BDDK Aylık Bülten - Excel
2025-04-01,2025,4,7,Sendikasyon Seküritizasyon Kredileri,1,,Sendikasyon Kredileri (Dış Ticaret Finansmanı Amaçlı Olmayanlar),,Unnamed: 1,1,1.0,TL,BDDK Aylık Bülten - Excel
2025-04-01,2025,4,7,Sendikasyon Seküritizasyon Kredileri,1,,Sendikasyon Kredileri (Dış Ticaret Finansmanı Amaçlı Olmayanlar),,"Sendikasyon Seküritizasyon Kredileri (milyon TL), Dönem:2025/4",Sendikasyon Kredileri (Dış Ticaret Finansmanı Amaçlı Olmayanlar),,TL,BDDK Aylık Bülten - Excel
2025-04-01,2025,4,7,Sendikasyon Seküritizasyon Kredileri,1,,Sendikasyon Kredileri (Dış Ticaret Finansmanı Amaçlı Olmayanlar),,TP,0,0.0,TL,BDDK Aylık Bülten - Excel
2025-04-01,2025,4,7,Sendikasyon Seküritizasyon Kredileri,1,,Sendikasyon Kredileri (Dış Ticaret Finansmanı Amaçlı Olmayanlar),,YP,7499.631,7499.631,TL,BDDK Aylık Bülten - Excel
2025-04-01,2025,4,7,Sendikasyon Seküritizasyon Kredileri,1,,Sendikasyon Kredileri (Dış Ticaret Finansmanı Amaçlı Olmayanlar),,Toplam,7499.631,7499.631,TL,BDDK Aylık Bülten - Excel
2025-04-01,2025,4,7,Sendikasyon Seküritizasyon Kredileri,2,,Sendikasyon Kredileri (Dış Ticaret Finansmanı Amaçlı Olanlar),,Unnamed: 0,Sektör,,TL,BDDK Aylık Bülten - Excel
2025-04-01,2025,4,7,Sendikasyon Seküritizasyon Kredileri,2,,Sendikasyon Kredileri (Dış Ticaret Finansmanı Amaçlı Olanlar),,Unnamed: 1,2,2.0,TL,BDDK Aylık Bülten - Excel
2025-04-01,2025,4,7,Sendikasyon Seküritizasyon Kredileri,2,,Sendikasyon Kredileri (Dış Ticaret Finansmanı Amaçlı Olanlar),,"Sendikasyon Seküritizasyon Kredileri (milyon TL), Dönem:2025/4",Sendikasyon Kredileri (Dış Ticaret Finansmanı Amaçlı Olanlar),,TL,BDDK Aylık Bülten - Excel
2025-04-01,2025,4,7,Sendikasyon Seküritizasyon Kredileri,2,,Sendikasyon Kredileri (Dış Ticaret Finansmanı Amaçlı Olanlar),,TP,0,0.0,TL,BDDK Aylık Bülten - Excel
2025-04-01,2025,4,7,Sendikasyon Seküritizasyon Kredileri,2,,Sendikasyon Kredileri (Dış Ticaret Finansmanı Amaçlı Olanlar),,YP,708209.716,708209.716,TL,BDDK Aylık Bülten - Excel
2025-04-01,2025,4,7,Sendikasyon Seküritizasyon Kredileri,2,,Sendikasyon Kredileri (Dış Ticaret Finansmanı Amaçlı Olanlar),,Toplam,708209.716,708209.716,TL,BDDK Aylık Bülten - Excel
2025-04-01,2025,4,7,Sendikasyon Seküritizasyon Kredileri,3,,Seküritizasyon Kredileri,,Unnamed: 0,Sektör,,TL,BDDK Aylık Bülten - Excel
2025-04-01,2025,4,7,Sendikasyon Seküritizasyon Kredileri,3,,Seküritizasyon Kredileri,,Unnamed: 1,3,3.0,TL,BDDK Aylık Bülten - Excel
2025-04-01,2025,4,7,Sendikasyon Seküritizasyon Kredileri,3,,Seküritizasyon Kredileri,,"Sendikasyon Seküritizasyon Kredileri (milyon TL), Dönem:2025/4",Seküritizasyon Kredileri,,TL,BDDK Aylık Bülten - Excel
2025-04-01,2025,4,7,Sendikasyon Seküritizasyon Kredileri,3,,Seküritizasyon Kredileri,,TP,0,0.0,TL,BDDK Aylık Bülten - Excel
2025-04-01,2025,4,7,Sendikasyon Seküritizasyon Kredileri,3,,Seküritizasyon Kredileri,,YP,447770.647,447770.647,TL,BDDK Aylık Bülten - Excel
2025-04-01,2025,4,7,Sendikasyon Seküritizasyon Kredileri,3,,Seküritizasyon Kredileri,,Toplam,447770.647,447770.647,TL,BDDK Aylık Bülten - Excel
2025-05-01,2025,5,7,Sendikasyon Seküritizasyon Kredileri,1,,Sendikasyon Kredileri (Dış Ticaret Finansmanı Amaçlı Olmayanlar),,Unnamed: 0,Sektör,,TL,BDDK Aylık Bülten - Excel
2025-05-01,2025,5,7,Sendikasyon Seküritizasyon Kredileri,1,,Sendikasyon Kredileri (Dış Ticaret Finansmanı Amaçlı Olmayanlar),,Unnamed: 1,1,1.0,TL,BDDK Aylık Bülten - Excel
2025-05-01,2025,5,7,Sendikasyon Seküritizasyon Kredileri,1,,Sendikasyon Kredileri (Dış Ticaret Finansmanı Amaçlı Olmayanlar),,"Sendikasyon Seküritizasyon Kredileri (milyon TL), Dönem:2025/5",Sendikasyon Kredileri (Dış Ticaret Finansmanı Amaçlı Olmayanlar),,TL,BDDK Aylık Bülten - Excel
2025-05-01,2025,5,7,Sendikasyon Seküritizasyon Kredileri,1,,Sendikasyon Kredileri (Dış Ticaret Finansmanı Amaçlı Olmayanlar),,TP,0,0.0,TL,BDDK Aylık Bülten - Excel
2025-05-01,2025,5,7,Sendikasyon Seküritizasyon Kredileri,1,,Sendikasyon Kredileri (Dış Ticaret Finansmanı Amaçlı Olmayanlar),,YP,7613.169,7613.169,TL,BDDK Aylık Bülten - Excel
2025-05-01,2025,5,7,Sendikasyon Seküritizasyon Kredileri,1,,Sendikasyon Kredileri (Dış Ticaret Finansmanı Amaçlı Olmayanlar),,Toplam,7613.169,7613.169,TL,BDDK Aylık Bülten - Excel
2025-05-01,2025,5,7,Sendikasyon Seküritizasyon Kredileri,2,,Sendikasyon Kredileri (Dış Ticaret Finansmanı Amaçlı Olanlar),,Unnamed: 0,Sektör,,TL,BDDK Aylık Bülten - Excel
2025-05-01,2025,5,7,Sendikasyon Seküritizasyon Kredileri,2,,Sendikasyon Kredileri (Dış Ticaret Finansmanı Amaçlı Olanlar),,Unnamed: 1,2,2.0,TL,BDDK Aylık Bülten - Excel
2025-05-01,2025,5,7,Sendikasyon Seküritizasyon Kredileri,2,,Sendikasyon Kredileri (Dış Ticaret Finansmanı Amaçlı Olanlar),,"Sendikasyon Seküritizasyon Kredileri (milyon TL), Dönem:2025/5",Sendikasyon Kredileri (Dış Ticaret Finansmanı Amaçlı Olanlar),,TL,BDDK Aylık Bülten - Excel
2025-05-01,2025,5,7,Sendikasyon Seküritizasyon Kredileri,2,,Sendikasyon Kredileri (Dış Ticaret Finansmanı Amaçlı Olanlar),,TP,0,0.0,TL,BDDK Aylık Bülten - Excel
2025-05-01,2025,5,7,Sendikasyon Seküritizasyon Kredileri,2,,Sendikasyon Kredileri (Dış Ticaret Finansmanı Amaçlı Olanlar),,YP,737706.391,737706.391,TL,BDDK Aylık Bülten - Excel
2025-05-01,2025,5,7,Sendikasyon Seküritizasyon Kredileri,2,,Sendikasyon Kredileri (Dış Ticaret Finansmanı Amaçlı Olanlar),,Toplam,737706.391,737706.391,TL,BDDK Aylık Bülten - Excel
2025-05-01,2025,5,7,Sendikasyon Seküritizasyon Kredileri,3,,Seküritizasyon Kredileri,,Unnamed: 0,Sektör,,TL,BDDK Aylık Bülten - Excel
2025-05-01,2025,5,7,Sendikasyon Seküritizasyon Kredileri,3,,Seküritizasyon Kredileri,,Unnamed: 1,3,3.0,TL,BDDK Aylık Bülten - Excel
2025-05-01,2025,5,7,Sendikasyon Seküritizasyon Kredileri,3,,Seküritizasyon Kredileri,,"Sendikasyon Seküritizasyon Kredileri (milyon TL), Dönem:2025/5",Seküritizasyon Kredileri,,TL,BDDK Aylık Bülten - Excel
2025-05-01,2025,5,7,Sendikasyon Seküritizasyon Kredileri,3,,Seküritizasyon Kredileri,,TP,0,0.0,TL,BDDK Aylık Bülten - Excel
2025-05-01,2025,5,7,Sendikasyon Seküritizasyon Kredileri,3,,Seküritizasyon Kredileri,,YP,450726.149,450726.149,TL,BDDK Aylık Bülten - Excel
2025-05-01,2025,5,7,Sendikasyon Seküritizasyon Kredileri,3,,Seküritizasyon Kredileri,,Toplam,450726.149,450726.149,TL,BDDK Aylık Bülten - Excel
2025-06-01,2025,6,7,Sendikasyon Seküritizasyon Kredileri,1,,Sendikasyon Kredileri (Dış Ticaret Finansmanı Amaçlı Olmayanlar),,Unnamed: 0,Sektör,,TL,BDDK Aylık Bülten - Excel
2025-06-01,2025,6,7,Sendikasyon Seküritizasyon Kredileri,1,,Sendikasyon Kredileri (Dış Ticaret Finansmanı Amaçlı Olmayanlar),,Unnamed: 1,1,1.0,TL,BDDK Aylık Bülten - Excel
2025-06-01,2025,6,7,Sendikasyon Seküritizasyon Kredileri,1,,Sendikasyon Kredileri (Dış Ticaret Finansmanı Amaçlı Olmayanlar),,"Sendikasyon Seküritizasyon Kredileri (milyon TL), Dönem:2025/6",Sendikasyon Kredileri (Dış Ticaret Finansmanı Amaçlı Olmayanlar),,TL,BDDK Aylık Bülten - Excel
2025-06-01,2025,6,7,Sendikasyon Seküritizasyon Kredileri,1,,Sendikasyon Kredileri (Dış Ticaret Finansmanı Amaçlı Olmayanlar),,TP,0,0.0,TL,BDDK Aylık Bülten - Excel
2025-06-01,2025,6,7,Sendikasyon Seküritizasyon Kredileri,1,,Sendikasyon Kredileri (Dış Ticaret Finansmanı Amaçlı Olmayanlar),,YP,7958.419,7958.419,TL,BDDK Aylık Bülten - Excel
2025-06-01,2025,6,7,Sendikasyon Seküritizasyon Kredileri,1,,Sendikasyon Kredileri (Dış Ticaret Finansmanı Amaçlı Olmayanlar),,Toplam,7958.419,7958.419,TL,BDDK Aylık Bülten - Excel
2025-06-01,2025,6,7,Sendikasyon Seküritizasyon Kredileri,2,,Sendikasyon Kredileri (Dış Ticaret Finansmanı Amaçlı Olanlar),,Unnamed: 0,Sektör,,TL,BDDK Aylık Bülten - Excel
2025-06-01,2025,6,7,Sendikasyon Seküritizasyon Kredileri,2,,Sendikasyon Kredileri (Dış Ticaret Finansmanı Amaçlı Olanlar),,Unnamed: 1,2,2.0,TL,BDDK Aylık Bülten - Excel
2025-06-01,2025,6,7,Sendikasyon Seküritizasyon Kredileri,2,,Sendikasyon Kredileri (Dış Ticaret Finansmanı Amaçlı Olanlar),,"Sendikasyon Seküritizasyon Kredileri (milyon TL), Dönem:2025/6",Sendikasyon Kredileri (Dış Ticaret Finansmanı Amaçlı Olanlar),,TL,BDDK Aylık Bülten - Excel
2025-06-01,2025,6,7,Sendikasyon Seküritizasyon Kredileri,2,,Sendikasyon Kredileri (Dış Ticaret Finansmanı Amaçlı Olanlar),,TP,0,0.0,TL,BDDK Aylık Bülten - Excel
2025-06-01,2025,6,7,Sendikasyon Seküritizasyon Kredileri,2,,Sendikasyon Kredileri (Dış Ticaret Finansmanı Amaçlı Olanlar),,YP,799386.675,799386.675,TL,BDDK Aylık Bülten - Excel
2025-06-01,2025,6,7,Sendikasyon Seküritizasyon Kredileri,2,,Sendikasyon Kredileri (Dış Ticaret Finansmanı Amaçlı Olanlar),,Toplam,799386.675,799386.675,TL,BDDK Aylık Bülten - Excel
2025-06-01,2025,6,7,Sendikasyon Seküritizasyon Kredileri,3,,Seküritizasyon Kredileri,,Unnamed: 0,Sektör,,TL,BDDK Aylık Bülten - Excel
2025-06-01,2025,6,7,Sendikasyon Seküritizasyon Kredileri,3,,Seküritizasyon Kredileri,,Unnamed: 1,3,3.0,TL,BDDK Aylık Bülten - Excel
2025-06-01,2025,6,7,Sendikasyon Seküritizasyon Kredileri,3,,Seküritizasyon Kredileri,,"Sendikasyon Seküritizasyon Kredileri (milyon TL), Dönem:2025/6",Seküritizasyon Kredileri,,TL,BDDK Aylık Bülten - Excel
2025-06-01,2025,6,7,Sendikasyon Seküritizasyon Kredileri,3,,Seküritizasyon Kredileri,,TP,0,0.0,TL,BDDK Aylık Bülten - Excel
2025-06-01,2025,6,7,Sendikasyon Seküritizasyon Kredileri,3,,Seküritizasyon Kredileri,,YP,462575.952,462575.952,TL,BDDK Aylık Bülten - Excel
2025-06-01,2025,6,7,Sendikasyon Seküritizasyon Kredileri,3,,Seküritizasyon Kredileri,,Toplam,462575.952,462575.952,TL,BDDK Aylık Bülten - Excel
2025-07-01,2025,7,7,Sendikasyon Seküritizasyon Kredileri,1,,Sendikasyon Kredileri (Dış Ticaret Finansmanı Amaçlı Olmayanlar),,Unnamed: 0,Sektör,,TL,BDDK Aylık Bülten - Excel
2025-07-01,2025,7,7,Sendikasyon Seküritizasyon Kredileri,1,,Sendikasyon Kredileri (Dış Ticaret Finansmanı Amaçlı Olmayanlar),,Unnamed: 1,1,1.0,TL,BDDK Aylık Bülten - Excel
2025-07-01,2025,7,7,Sendikasyon Seküritizasyon Kredileri,1,,Sendikasyon Kredileri (Dış Ticaret Finansmanı Amaçlı Olmayanlar),,"Sendikasyon Seküritizasyon Kredileri (milyon TL), Dönem:2025/7",Sendikasyon Kredileri (Dış Ticaret Finansmanı Amaçlı Olmayanlar),,TL,BDDK Aylık Bülten - Excel
2025-07-01,2025,7,7,Sendikasyon Seküritizasyon Kredileri,1,,Sendikasyon Kredileri (Dış Ticaret Finansmanı Amaçlı Olmayanlar),,TP,0,0.0,TL,BDDK Aylık Bülten - Excel
2025-07-01,2025,7,7,Sendikasyon Seküritizasyon Kredileri,1,,Sendikasyon Kredileri (Dış Ticaret Finansmanı Amaçlı Olmayanlar),,YP,7945.397,7945.397,TL,BDDK Aylık Bülten - Excel
2025-07-01,2025,7,7,Sendikasyon Seküritizasyon Kredileri,1,,Sendikasyon Kredileri (Dış Ticaret Finansmanı Amaçlı Olmayanlar),,Toplam,7945.397,7945.397,TL,BDDK Aylık Bülten - Excel
2025-07-01,2025,7,7,Sendikasyon Seküritizasyon Kredileri,2,,Sendikasyon Kredileri (Dış Ticaret Finansmanı Amaçlı Olanlar),,Unnamed: 0,Sektör,,TL,BDDK Aylık Bülten - Excel
2025-07-01,2025,7,7,Sendikasyon Seküritizasyon Kredileri,2,,Sendikasyon Kredileri (Dış Ticaret Finansmanı Amaçlı Olanlar),,Unnamed: 1,2,2.0,TL,BDDK Aylık Bülten - Excel
2025-07-01,2025,7,7,Sendikasyon Seküritizasyon Kredileri,2,,Sendikasyon Kredileri (Dış Ticaret Finansmanı Amaçlı Olanlar),,"Sendikasyon Seküritizasyon Kredileri (milyon TL), Dönem:2025/7",Sendikasyon Kredileri (Dış Ticaret Finansmanı Amaçlı Olanlar),,TL,BDDK Aylık Bülten - Excel
2025-07-01,2025,7,7,Sendikasyon Seküritizasyon Kredileri,2,,Sendikasyon Kredileri (Dış Ticaret Finansmanı Amaçlı Olanlar),,TP,0,0.0,TL,BDDK Aylık Bülten - Excel
2025-07-01,2025,7,7,Sendikasyon Seküritizasyon Kredileri,2,,Sendikasyon Kredileri (Dış Ticaret Finansmanı Amaçlı Olanlar),,YP,809077.537,809077.537,TL,BDDK Aylık Bülten - Excel
2025-07-01,2025,7,7,Sendikasyon Seküritizasyon Kredileri,2,,Sendikasyon Kredileri (Dış Ticaret Finansmanı Amaçlı Olanlar),,Toplam,809077.537,809077.537,TL,BDDK Aylık Bülten - Excel
2025-07-01,2025,7,7,Sendikasyon Seküritizasyon Kredileri,3,,Seküritizasyon Kredileri,,Unnamed: 0,Sektör,,TL,BDDK Aylık Bülten - Excel
2025-07-01,2025,7,7,Sendikasyon Seküritizasyon Kredileri,3,,Seküritizasyon Kredileri,,Unnamed: 1,3,3.0,TL,BDDK Aylık Bülten - Excel
2025-07-01,2025,7,7,Sendikasyon Seküritizasyon Kredileri,3,,Seküritizasyon Kredileri,,"Sendikasyon Seküritizasyon Kredileri (milyon TL), Dönem:2025/7",Seküritizasyon Kredileri,,TL,BDDK Aylık Bülten - Excel
2025-07-01,2025,7,7,Sendikasyon Seküritizasyon Kredileri,3,,Seküritizasyon Kredileri,,TP,0,0.0,TL,BDDK Aylık Bülten - Excel
2025-07-01,2025,7,7,Sendikasyon Seküritizasyon Kredileri,3,,Seküritizasyon Kredileri,,YP,468561.906,468561.906,TL,BDDK Aylık Bülten - Excel
2025-07-01,2025,7,7,Sendikasyon Seküritizasyon Kredileri,3,,Seküritizasyon Kredileri,,Toplam,468561.906,468561.906,TL,BDDK Aylık Bülten - Excel
2025-08-01,2025,8,7,Sendikasyon Seküritizasyon Kredileri,1,,Sendikasyon Kredileri (Dış Ticaret Finansmanı Amaçlı Olmayanlar),,Unnamed: 0,Sektör,,TL,BDDK Aylık Bülten - Excel
2025-08-01,2025,8,7,Sendikasyon Seküritizasyon Kredileri,1,,Sendikasyon Kredileri (Dış Ticaret Finansmanı Amaçlı Olmayanlar),,Unnamed: 1,1,1.0,TL,BDDK Aylık Bülten - Excel
2025-08-01,2025,8,7,Sendikasyon Seküritizasyon Kredileri,1,,Sendikasyon Kredileri (Dış Ticaret Finansmanı Amaçlı Olmayanlar),,"Sendikasyon Seküritizasyon Kredileri (milyon TL), Dönem:2025/8",Sendikasyon Kredileri (Dış Ticaret Finansmanı Amaçlı Olmayanlar),,TL,BDDK Aylık Bülten - Excel
2025-08-01,2025,8,7,Sendikasyon Seküritizasyon Kredileri,1,,Sendikasyon Kredileri (Dış Ticaret Finansmanı Amaçlı Olmayanlar),,TP,0,0.0,TL,BDDK Aylık Bülten - Excel
2025-08-01,2025,8,7,Sendikasyon Seküritizasyon Kredileri,1,,Sendikasyon Kredileri (Dış Ticaret Finansmanı Amaçlı Olmayanlar),,YP,9721.838,9721.838,TL,BDDK Aylık Bülten - Excel
2025-08-01,2025,8,7,Sendikasyon Seküritizasyon Kredileri,1,,Sendikasyon Kredileri (Dış Ticaret Finansmanı Amaçlı Olmayanlar),,Toplam,9721.838,9721.838,TL,BDDK Aylık Bülten - Excel
2025-08-01,2025,8,7,Sendikasyon Seküritizasyon Kredileri,2,,Sendikasyon Kredileri (Dış Ticaret Finansmanı Amaçlı Olanlar),,Unnamed: 0,Sektör,,TL,BDDK Aylık Bülten - Excel
2025-08-01,2025,8,7,Sendikasyon Seküritizasyon Kredileri,2,,Sendikasyon Kredileri (Dış Ticaret Finansmanı Amaçlı Olanlar),,Unnamed: 1,2,2.0,TL,BDDK Aylık Bülten - Excel
2025-08-01,2025,8,7,Sendikasyon Seküritizasyon Kredileri,2,,Sendikasyon Kredileri (Dış Ticaret Finansmanı Amaçlı Olanlar),,"Sendikasyon Seküritizasyon Kredileri (milyon TL), Dönem:2025/8",Sendikasyon Kredileri (Dış Ticaret Finansmanı Amaçlı Olanlar),,TL,BDDK Aylık Bülten - Excel
2025-08-01,2025,8,7,Sendikasyon Seküritizasyon Kredileri,2,,Sendikasyon Kredileri (Dış Ticaret Finansmanı Amaçlı Olanlar),,TP,0,0.0,TL,BDDK Aylık Bülten - Excel
2025-08-01,2025,8,7,Sendikasyon Seküritizasyon Kredileri,2,,Sendikasyon Kredileri (Dış Ticaret Finansmanı Amaçlı Olanlar),,YP,832841.322,832841.322,TL,BDDK Aylık Bülten - Excel
2025-08-01,2025,8,7,Sendikasyon Seküritizasyon Kredileri,2,,Sendikasyon Kredileri (Dış Ticaret Finansmanı Amaçlı Olanlar),,Toplam,832841.322,832841.322,TL,BDDK Aylık Bülten - Excel
2025-08-01,2025,8,7,Sendikasyon Seküritizasyon Kredileri,3,,Seküritizasyon Kredileri,,Unnamed: 0,Sektör,,TL,BDDK Aylık Bülten - Excel
2025-08-01,2025,8,7,Sendikasyon Seküritizasyon Kredileri,3,,Seküritizasyon Kredileri,,Unnamed: 1,3,3.0,TL,BDDK Aylık Bülten - Excel
2025-08-01,2025,8,7,Sendikasyon Seküritizasyon Kredileri,3,,Seküritizasyon Kredileri,,"Sendikasyon Seküritizasyon Kredileri (milyon TL), Dönem:2025/8",Seküritizasyon Kredileri,,TL,BDDK Aylık Bülten - Excel
2025-08-01,2025,8,7,Sendikasyon Seküritizasyon Kredileri,3,,Seküritizasyon Kredileri,,TP,0,0.0,TL,BDDK Aylık Bülten - Excel
2025-08-01,2025,8,7,Sendikasyon Seküritizasyon Kredileri,3,,Seküritizasyon Kredileri,,YP,470160.747,470160.747,TL,BDDK Aylık Bülten - Excel
2025-08-01,2025,8,7,Sendikasyon Seküritizasyon Kredileri,3,,Seküritizasyon Kredileri,,Toplam,470160.747,470160.747,TL,BDDK Aylık Bülten - Excel
2025-09-01,2025,9,7,Sendikasyon Seküritizasyon Kredileri,1,,Sendikasyon Kredileri (Dış Ticaret Finansmanı Amaçlı Olmayanlar),,Unnamed: 0,Sektör,,TL,BDDK Aylık Bülten - Excel
2025-09-01,2025,9,7,Sendikasyon Seküritizasyon Kredileri,1,,Sendikasyon Kredileri (Dış Ticaret Finansmanı Amaçlı Olmayanlar),,Unnamed: 1,1,1.0,TL,BDDK Aylık Bülten - Excel
2025-09-01,2025,9,7,Sendikasyon Seküritizasyon Kredileri,1,,Sendikasyon Kredileri (Dış Ticaret Finansmanı Amaçlı Olmayanlar),,"Sendikasyon Seküritizasyon Kredileri (milyon TL), Dönem:2025/9",Sendikasyon Kredileri (Dış Ticaret Finansmanı Amaçlı Olmayanlar),,TL,BDDK Aylık Bülten - Excel
2025-09-01,2025,9,7,Sendikasyon Seküritizasyon Kredileri,1,,Sendikasyon Kredileri (Dış Ticaret Finansmanı Amaçlı Olmayanlar),,TP,0,0.0,TL,BDDK Aylık Bülten - Excel
2025-09-01,2025,9,7,Sendikasyon Seküritizasyon Kredileri,1,,Sendikasyon Kredileri (Dış Ticaret Finansmanı Amaçlı Olmayanlar),,YP,9885.691,9885.691,TL,BDDK Aylık Bülten - Excel
2025-09-01,2025,9,7,Sendikasyon Seküritizasyon Kredileri,1,,Sendikasyon Kredileri (Dış Ticaret Finansmanı Amaçlı Olmayanlar),,Toplam,9885.691,9885.691,TL,BDDK Aylık Bülten - Excel
2025-09-01,2025,9,7,Sendikasyon Seküritizasyon Kredileri,2,,Sendikasyon Kredileri (Dış Ticaret Finansmanı Amaçlı Olanlar),,Unnamed: 0,Sektör,,TL,BDDK Aylık Bülten - Excel
2025-09-01,2025,9,7,Sendikasyon Seküritizasyon Kredileri,2,,Sendikasyon Kredileri (Dış Ticaret Finansmanı Amaçlı Olanlar),,Unnamed: 1,2,2.0,TL,BDDK Aylık Bülten - Excel
2025-09-01,2025,9,7,Sendikasyon Seküritizasyon Kredileri,2,,Sendikasyon Kredileri (Dış Ticaret Finansmanı Amaçlı Olanlar),,"Sendikasyon Seküritizasyon Kredileri (milyon TL), Dönem:2025/9",Sendikasyon Kredileri (Dış Ticaret Finansmanı Amaçlı Olanlar),,TL,BDDK Aylık Bülten - Excel
2025-09-01,2025,9,7,Sendikasyon Seküritizasyon Kredileri,2,,Sendikasyon Kredileri (Dış Ticaret Finansmanı Amaçlı Olanlar),,TP,0,0.0,TL,BDDK Aylık Bülten - Excel
2025-09-01,2025,9,7,Sendikasyon Seküritizasyon Kredileri,2,,Sendikasyon Kredileri (Dış Ticaret Finansmanı Amaçlı Olanlar),,YP,845121.321,845121.321,TL,BDDK Aylık Bülten - Excel
2025-09-01,2025,9,7,Sendikasyon Seküritizasyon Kredileri,2,,Sendikasyon Kredileri (Dış Ticaret Finansmanı Amaçlı Olanlar),,Toplam,845121.321,845121.321,TL,BDDK Aylık Bülten - Excel
2025-09-01,2025,9,7,Sendikasyon Seküritizasyon Kredileri,3,,Seküritizasyon Kredileri,,Unnamed: 0,Sektör,,TL,BDDK Aylık Bülten - Excel
2025-09-01,2025,9,7,Sendikasyon Seküritizasyon Kredileri,3,,Seküritizasyon Kredileri,,Unnamed: 1,3,3.0,TL,BDDK Aylık Bülten - Excel
2025-09-01,2025,9,7,Sendikasyon Seküritizasyon Kredileri,3,,Seküritizasyon Kredileri,,"Sendikasyon Seküritizasyon Kredileri (milyon TL), Dönem:2025/9",Seküritizasyon Kredileri,,TL,BDDK Aylık Bülten - Excel
2025-09-01,2025,9,7,Sendikasyon Seküritizasyon Kredileri,3,,Seküritizasyon Kredileri,,TP,0,0.0,TL,BDDK Aylık Bülten - Excel
2025-09-01,2025,9,7,Sendikasyon Seküritizasyon Kredileri,3,,Seküritizasyon Kredileri,,YP,461145.43,461145.43,TL,BDDK Aylık Bülten - Excel
2025-09-01,2025,9,7,Sendikasyon Seküritizasyon Kredileri,3,,Seküritizasyon Kredileri,,Toplam,461145.43,461145.43,TL,BDDK Aylık Bülten - Excel
2025-10-01,2025,10,7,Sendikasyon Seküritizasyon Kredileri,1,,Sendikasyon Kredileri (Dış Ticaret Finansmanı Amaçlı Olmayanlar),,Unnamed: 0,Sektör,,TL,BDDK Aylık Bülten - Excel
2025-10-01,2025,10,7,Sendikasyon Seküritizasyon Kredileri,1,,Sendikasyon Kredileri (Dış Ticaret Finansmanı Amaçlı Olmayanlar),,Unnamed: 1,1,1.0,TL,BDDK Aylık Bülten - Excel
2025-10-01,2025,10,7,Sendikasyon Seküritizasyon Kredileri,1,,Sendikasyon Kredileri (Dış Ticaret Finansmanı Amaçlı Olmayanlar),,"Sendikasyon Seküritizasyon Kredileri (milyon TL), Dönem:2025/10",Sendikasyon Kredileri (Dış Ticaret Finansmanı Amaçlı Olmayanlar),,TL,BDDK Aylık Bülten - Excel
2025-10-01,2025,10,7,Sendikasyon Seküritizasyon Kredileri,1,,Sendikasyon Kredileri (Dış Ticaret Finansmanı Amaçlı Olmayanlar),,TP,0,0.0,TL,BDDK Aylık Bülten - Excel
2025-10-01,2025,10,7,Sendikasyon Seküritizasyon Kredileri,1,,Sendikasyon Kredileri (Dış Ticaret Finansmanı Amaçlı Olmayanlar),,YP,24355.501,24355.501,TL,BDDK Aylık Bülten - Excel
2025-10-01,2025,10,7,Sendikasyon Seküritizasyon Kredileri,1,,Sendikasyon Kredileri (Dış Ticaret Finansmanı Amaçlı Olmayanlar),,Toplam,24355.501,24355.501,TL,BDDK Aylık Bülten - Excel
2025-10-01,2025,10,7,Sendikasyon Seküritizasyon Kredileri,2,,Sendikasyon Kredileri (Dış Ticaret Finansmanı Amaçlı Olanlar),,Unnamed: 0,Sektör,,TL,BDDK Aylık Bülten - Excel
2025-10-01,2025,10,7,Sendikasyon Seküritizasyon Kredileri,2,,Sendikasyon Kredileri (Dış Ticaret Finansmanı Amaçlı Olanlar),,Unnamed: 1,2,2.0,TL,BDDK Aylık Bülten - Excel
2025-10-01,2025,10,7,Sendikasyon Seküritizasyon Kredileri,2,,Sendikasyon Kredileri (Dış Ticaret Finansmanı Amaçlı Olanlar),,"Sendikasyon Seküritizasyon Kredileri (milyon TL), Dönem:2025/10",Sendikasyon Kredileri (Dış Ticaret Finansmanı Amaçlı Olanlar),,TL,BDDK Aylık Bülten - Excel
2025-10-01,2025,10,7,Sendikasyon Seküritizasyon Kredileri,2,,Sendikasyon Kredileri (Dış Ticaret Finansmanı Amaçlı Olanlar),,TP,0,0.0,TL,BDDK Aylık Bülten - Excel
2025-10-01,2025,10,7,Sendikasyon Seküritizasyon Kredileri,2,,Sendikasyon Kredileri (Dış Ticaret Finansmanı Amaçlı Olanlar),,YP,846804.845,846804.845,TL,BDDK Aylık Bülten - Excel
2025-10-01,2025,10,7,Sendikasyon Seküritizasyon Kredileri,2,,Sendikasyon Kredileri (Dış Ticaret Finansmanı Amaçlı Olanlar),,Toplam,846804.845,846804.845,TL,BDDK Aylık Bülten - Excel
2025-10-01,2025,10,7,Sendikasyon Seküritizasyon Kredileri,3,,Seküritizasyon Kredileri,,Unnamed: 0,Sektör,,TL,BDDK Aylık Bülten - Excel
2025-10-01,2025,10,7,Sendikasyon Seküritizasyon Kredileri,3,,Seküritizasyon Kredileri,,Unnamed: 1,3,3.0,TL,BDDK Aylık Bülten - Excel
2025-10-01,2025,10,7,Sendikasyon Seküritizasyon Kredileri,3,,Seküritizasyon Kredileri,,"Sendikasyon Seküritizasyon Kredileri (milyon TL), Dönem:2025/10",Seküritizasyon Kredileri,,TL,BDDK Aylık Bülten - Excel
2025-10-01,2025,10,7,Sendikasyon Seküritizasyon Kredileri,3,,Seküritizasyon Kredileri,,TP,0,0.0,TL,BDDK Aylık Bülten - Excel
2025-10-01,2025,10,7,Sendikasyon Seküritizasyon Kredileri,3,,Seküritizasyon Kredileri,,YP,505956.267,505956.267,TL,BDDK Aylık Bülten - Excel
2025-10-01,2025,10,7,Sendikasyon Seküritizasyon Kredileri,3,,Seküritizasyon Kredileri,,Toplam,505956.267,505956.267,TL,BDDK Aylık Bülten - Excel
2025-11-01,2025,11,7,Sendikasyon Seküritizasyon Kredileri,1,,Sendikasyon Kredileri (Dış Ticaret Finansmanı Amaçlı Olmayanlar),,Unnamed: 0,Sektör,,TL,BDDK Aylık Bülten - Excel
2025-11-01,2025,11,7,Sendikasyon Seküritizasyon Kredileri,1,,Sendikasyon Kredileri (Dış Ticaret Finansmanı Amaçlı Olmayanlar),,Unnamed: 1,1,1.0,TL,BDDK Aylık Bülten - Excel
2025-11-01,2025,11,7,Sendikasyon Seküritizasyon Kredileri,1,,Sendikasyon Kredileri (Dış Ticaret Finansmanı Amaçlı Olmayanlar),,"Sendikasyon Seküritizasyon Kredileri (milyon TL), Dönem:2025/11",Sendikasyon Kredileri (Dış Ticaret Finansmanı Amaçlı Olmayanlar),,TL,BDDK Aylık Bülten - Excel
2025-11-01,2025,11,7,Sendikasyon Seküritizasyon Kredileri,1,,Sendikasyon Kredileri (Dış Ticaret Finansmanı Amaçlı Olmayanlar),,TP,0,0.0,TL,BDDK Aylık Bülten - Excel
2025-11-01,2025,11,7,Sendikasyon Seküritizasyon Kredileri,1,,Sendikasyon Kredileri (Dış Ticaret Finansmanı Amaçlı Olmayanlar),,YP,24653.144,24653.144,TL,BDDK Aylık Bülten - Excel
2025-11-01,2025,11,7,Sendikasyon Seküritizasyon Kredileri,1,,Sendikasyon Kredileri (Dış Ticaret Finansmanı Amaçlı Olmayanlar),,Toplam,24653.144,24653.144,TL,BDDK Aylık Bülten - Excel
2025-11-01,2025,11,7,Sendikasyon Seküritizasyon Kredileri,2,,Sendikasyon Kredileri (Dış Ticaret Finansmanı Amaçlı Olanlar),,Unnamed: 0,Sektör,,TL,BDDK Aylık Bülten - Excel
2025-11-01,2025,11,7,Sendikasyon Seküritizasyon Kredileri,2,,Sendikasyon Kredileri (Dış Ticaret Finansmanı Amaçlı Olanlar),,Unnamed: 1,2,2.0,TL,BDDK Aylık Bülten - Excel
2025-11-01,2025,11,7,Sendikasyon Seküritizasyon Kredileri,2,,Sendikasyon Kredileri (Dış Ticaret Finansmanı Amaçlı Olanlar),,"Sendikasyon Seküritizasyon Kredileri (milyon TL), Dönem:2025/11",Sendikasyon Kredileri (Dış Ticaret Finansmanı Amaçlı Olanlar),,TL,BDDK Aylık Bülten - Excel
2025-11-01,2025,11,7,Sendikasyon Seküritizasyon Kredileri,2,,Sendikasyon Kredileri (Dış Ticaret Finansmanı Amaçlı Olanlar),,TP,0,0.0,TL,BDDK Aylık Bülten - Excel
2025-11-01,2025,11,7,Sendikasyon Seküritizasyon Kredileri,2,,Sendikasyon Kredileri (Dış Ticaret Finansmanı Amaçlı Olanlar),,YP,920017.814,920017.814,TL,BDDK Aylık Bülten - Excel
2025-11-01,2025,11,7,Sendikasyon Seküritizasyon Kredileri,2,,Sendikasyon Kredileri (Dış Ticaret Finansmanı Amaçlı Olanlar),,Toplam,920017.814,920017.814,TL,BDDK Aylık Bülten - Excel
2025-11-01,2025,11,7,Sendikasyon Seküritizasyon Kredileri,3,,Seküritizasyon Kredileri,,Unnamed: 0,Sektör,,TL,BDDK Aylık Bülten - Excel
2025-11-01,2025,11,7,Sendikasyon Seküritizasyon Kredileri,3,,Seküritizasyon Kredileri,,Unnamed: 1,3,3.0,TL,BDDK Aylık Bülten - Excel
2025-11-01,2025,11,7,Sendikasyon Seküritizasyon Kredileri,3,,Seküritizasyon Kredileri,,"Sendikasyon Seküritizasyon Kredileri (milyon TL), Dönem:2025/11",Seküritizasyon Kredileri,,TL,BDDK Aylık Bülten - Excel
2025-11-01,2025,11,7,Sendikasyon Seküritizasyon Kredileri,3,,Seküritizasyon Kredileri,,TP,0,0.0,TL,BDDK Aylık Bülten - Excel
2025-11-01,2025,11,7,Sendikasyon Seküritizasyon Kredileri,3,,Seküritizasyon Kredileri,,YP,505165.015,505165.015,TL,BDDK Aylık Bülten - Excel
2025-11-01,2025,11,7,Sendikasyon Seküritizasyon Kredileri,3,,Seküritizasyon Kredileri,,Toplam,505165.015,505165.015,TL,BDDK Aylık Bülten - Excel
2025-12-01,2025,12,7,Sendikasyon Seküritizasyon Kredileri,1,,Sendikasyon Kredileri (Dış Ticaret Finansmanı Amaçlı Olmayanlar),,Unnamed: 0,Sektör,,TL,BDDK Aylık Bülten - Excel
2025-12-01,2025,12,7,Sendikasyon Seküritizasyon Kredileri,1,,Sendikasyon Kredileri (Dış Ticaret Finansmanı Amaçlı Olmayanlar),,Unnamed: 1,1,1.0,TL,BDDK Aylık Bülten - Excel
2025-12-01,2025,12,7,Sendikasyon Seküritizasyon Kredileri,1,,Sendikasyon Kredileri (Dış Ticaret Finansmanı Amaçlı Olmayanlar),,"Sendikasyon Seküritizasyon Kredileri (milyon TL), Dönem:2025/12",Sendikasyon Kredileri (Dış Ticaret Finansmanı Amaçlı Olmayanlar),,TL,BDDK Aylık Bülten - Excel
2025-12-01,2025,12,7,Sendikasyon Seküritizasyon Kredileri,1,,Sendikasyon Kredileri (Dış Ticaret Finansmanı Amaçlı Olmayanlar),,TP,0,0.0,TL,BDDK Aylık Bülten - Excel
2025-12-01,2025,12,7,Sendikasyon Seküritizasyon Kredileri,1,,Sendikasyon Kredileri (Dış Ticaret Finansmanı Amaçlı Olmayanlar),,YP,25231.583,25231.583,TL,BDDK Aylık Bülten - Excel
2025-12-01,2025,12,7,Sendikasyon Seküritizasyon Kredileri,1,,Sendikasyon Kredileri (Dış Ticaret Finansmanı Amaçlı Olmayanlar),,Toplam,25231.583,25231.583,TL,BDDK Aylık Bülten - Excel
2025-12-01,2025,12,7,Sendikasyon Seküritizasyon Kredileri,2,,Sendikasyon Kredileri (Dış Ticaret Finansmanı Amaçlı Olanlar),,Unnamed: 0,Sektör,,TL,BDDK Aylık Bülten - Excel
2025-12-01,2025,12,7,Sendikasyon Seküritizasyon Kredileri,2,,Sendikasyon Kredileri (Dış Ticaret Finansmanı Amaçlı Olanlar),,Unnamed: 1,2,2.0,TL,BDDK Aylık Bülten - Excel
2025-12-01,2025,12,7,Sendikasyon Seküritizasyon Kredileri,2,,Sendikasyon Kredileri (Dış Ticaret Finansmanı Amaçlı Olanlar),,"Sendikasyon Seküritizasyon Kredileri (milyon TL), Dönem:2025/12",Sendikasyon Kredileri (Dış Ticaret Finansmanı Amaçlı Olanlar),,TL,BDDK Aylık Bülten - Excel
2025-12-01,2025,12,7,Sendikasyon Seküritizasyon Kredileri,2,,Sendikasyon Kredileri (Dış Ticaret Finansmanı Amaçlı Olanlar),,TP,0,0.0,TL,BDDK Aylık Bülten - Excel
2025-12-01,2025,12,7,Sendikasyon Seküritizasyon Kredileri,2,,Sendikasyon Kredileri (Dış Ticaret Finansmanı Amaçlı Olanlar),,YP,938260.931,938260.931,TL,BDDK Aylık Bülten - Excel
2025-12-01,2025,12,7,Sendikasyon Seküritizasyon Kredileri,2,,Sendikasyon Kredileri (Dış Ticaret Finansmanı Amaçlı Olanlar),,Toplam,938260.931,938260.931,TL,BDDK Aylık Bülten - Excel
2025-12-01,2025,12,7,Sendikasyon Seküritizasyon Kredileri,3,,Seküritizasyon Kredileri,,Unnamed: 0,Sektör,,TL,BDDK Aylık Bülten - Excel
2025-12-01,2025,12,7,Sendikasyon Seküritizasyon Kredileri,3,,Seküritizasyon Kredileri,,Unnamed: 1,3,3.0,TL,BDDK Aylık Bülten - Excel
2025-12-01,2025,12,7,Sendikasyon Seküritizasyon Kredileri,3,,Seküritizasyon Kredileri,,"Sendikasyon Seküritizasyon Kredileri (milyon TL), Dönem:2025/12",Seküritizasyon Kredileri,,TL,BDDK Aylık Bülten - Excel
2025-12-01,2025,12,7,Sendikasyon Seküritizasyon Kredileri,3,,Seküritizasyon Kredileri,,TP,0,0.0,TL,BDDK Aylık Bülten - Excel
2025-12-01,2025,12,7,Sendikasyon Seküritizasyon Kredileri,3,,Seküritizasyon Kredileri,,YP,511268.368,511268.368,TL,BDDK Aylık Bülten - Excel
2025-12-01,2025,12,7,Sendikasyon Seküritizasyon Kredileri,3,,Seküritizasyon Kredileri,,Toplam,511268.368,511268.368,TL,BDDK Aylık Bülten - Excel
2026-01-01,2026,1,7,Sendikasyon Seküritizasyon Kredileri,1,,Sendikasyon Kredileri (Dış Ticaret Finansmanı Amaçlı Olmayanlar),,Unnamed: 0,Sektör,,TL,BDDK Aylık Bülten - Excel
2026-01-01,2026,1,7,Sendikasyon Seküritizasyon Kredileri,1,,Sendikasyon Kredileri (Dış Ticaret Finansmanı Amaçlı Olmayanlar),,Unnamed: 1,1,1.0,TL,BDDK Aylık Bülten - Excel
2026-01-01,2026,1,7,Sendikasyon Seküritizasyon Kredileri,1,,Sendikasyon Kredileri (Dış Ticaret Finansmanı Amaçlı Olmayanlar),,"Sendikasyon Seküritizasyon Kredileri (milyon TL), Dönem:2026/1",Sendikasyon Kredileri (Dış Ticaret Finansmanı Amaçlı Olmayanlar),,TL,BDDK Aylık Bülten - Excel
2026-01-01,2026,1,7,Sendikasyon Seküritizasyon Kredileri,1,,Sendikasyon Kredileri (Dış Ticaret Finansmanı Amaçlı Olmayanlar),,TP,0,0.0,TL,BDDK Aylık Bülten - Excel
2026-01-01,2026,1,7,Sendikasyon Seküritizasyon Kredileri,1,,Sendikasyon Kredileri (Dış Ticaret Finansmanı Amaçlı Olmayanlar),,YP,25852.338,25852.338,TL,BDDK Aylık Bülten - Excel
2026-01-01,2026,1,7,Sendikasyon Seküritizasyon Kredileri,1,,Sendikasyon Kredileri (Dış Ticaret Finansmanı Amaçlı Olmayanlar),,Toplam,25852.338,25852.338,TL,BDDK Aylık Bülten - Excel
2026-01-01,2026,1,7,Sendikasyon Seküritizasyon Kredileri,2,,Sendikasyon Kredileri (Dış Ticaret Finansmanı Amaçlı Olanlar),,Unnamed: 0,Sektör,,TL,BDDK Aylık Bülten - Excel
2026-01-01,2026,1,7,Sendikasyon Seküritizasyon Kredileri,2,,Sendikasyon Kredileri (Dış Ticaret Finansmanı Amaçlı Olanlar),,Unnamed: 1,2,2.0,TL,BDDK Aylık Bülten - Excel
2026-01-01,2026,1,7,Sendikasyon Seküritizasyon Kredileri,2,,Sendikasyon Kredileri (Dış Ticaret Finansmanı Amaçlı Olanlar),,"Sendikasyon Seküritizasyon Kredileri (milyon TL), Dönem:2026/1",Sendikasyon Kredileri (Dış Ticaret Finansmanı Amaçlı Olanlar),,TL,BDDK Aylık Bülten - Excel
2026-01-01,2026,1,7,Sendikasyon Seküritizasyon Kredileri,2,,Sendikasyon Kredileri (Dış Ticaret Finansmanı Amaçlı Olanlar),,TP,2,2.0,TL,BDDK Aylık Bülten - Excel
2026-01-01,2026,1,7,Sendikasyon Seküritizasyon Kredileri,2,,Sendikasyon Kredileri (Dış Ticaret Finansmanı Amaçlı Olanlar),,YP,956660.868,956660.868,TL,BDDK Aylık Bülten - Excel
2026-01-01,2026,1,7,Sendikasyon Seküritizasyon Kredileri,2,,Sendikasyon Kredileri (Dış Ticaret Finansmanı Amaçlı Olanlar),,Toplam,956662.868,956662.868,TL,BDDK Aylık Bülten - Excel
2026-01-01,2026,1,7,Sendikasyon Seküritizasyon Kredileri,3,,Seküritizasyon Kredileri,,Unnamed: 0,Sektör,,TL,BDDK Aylık Bülten - Excel
2026-01-01,2026,1,7,Sendikasyon Seküritizasyon Kredileri,3,,Seküritizasyon Kredileri,,Unnamed: 1,3,3.0,TL,BDDK Aylık Bülten - Excel
2026-01-01,2026,1,7,Sendikasyon Seküritizasyon Kredileri,3,,Seküritizasyon Kredileri,,"Sendikasyon Seküritizasyon Kredileri (milyon TL), Dönem:2026/1",Seküritizasyon Kredileri,,TL,BDDK Aylık Bülten - Excel
2026-01-01,2026,1,7,Sendikasyon Seküritizasyon Kredileri,3,,Seküritizasyon Kredileri,,TP,0,0.0,TL,BDDK Aylık Bülten - Excel
2026-01-01,2026,1,7,Sendikasyon Seküritizasyon Kredileri,3,,Seküritizasyon Kredileri,,YP,562229.107,562229.107,TL,BDDK Aylık Bülten - Excel
2026-01-01,2026,1,7,Sendikasyon Seküritizasyon Kredileri,3,,Seküritizasyon Kredileri,,Toplam,562229.107,562229.107,TL,BDDK Aylık Bülten - Excel
2026-02-01,2026,2,7,Sendikasyon Seküritizasyon Kredileri,1,,Sendikasyon Kredileri (Dış Ticaret Finansmanı Amaçlı Olmayanlar),,Unnamed: 0,Sektör,,TL,BDDK Aylık Bülten - Excel
2026-02-01,2026,2,7,Sendikasyon Seküritizasyon Kredileri,1,,Sendikasyon Kredileri (Dış Ticaret Finansmanı Amaçlı Olmayanlar),,Unnamed: 1,1,1.0,TL,BDDK Aylık Bülten - Excel
2026-02-01,2026,2,7,Sendikasyon Seküritizasyon Kredileri,1,,Sendikasyon Kredileri (Dış Ticaret Finansmanı Amaçlı Olmayanlar),,"Sendikasyon Seküritizasyon Kredileri (milyon TL), Dönem:2026/2",Sendikasyon Kredileri (Dış Ticaret Finansmanı Amaçlı Olmayanlar),,TL,BDDK Aylık Bülten - Excel
2026-02-01,2026,2,7,Sendikasyon Seküritizasyon Kredileri,1,,Sendikasyon Kredileri (Dış Ticaret Finansmanı Amaçlı Olmayanlar),,TP,0,0.0,TL,BDDK Aylık Bülten - Excel
2026-02-01,2026,2,7,Sendikasyon Seküritizasyon Kredileri,1,,Sendikasyon Kredileri (Dış Ticaret Finansmanı Amaçlı Olmayanlar),,YP,25923.576,25923.576,TL,BDDK Aylık Bülten - Excel
2026-02-01,2026,2,7,Sendikasyon Seküritizasyon Kredileri,1,,Sendikasyon Kredileri (Dış Ticaret Finansmanı Amaçlı Olmayanlar),,Toplam,25923.576,25923.576,TL,BDDK Aylık Bülten - Excel
2026-02-01,2026,2,7,Sendikasyon Seküritizasyon Kredileri,2,,Sendikasyon Kredileri (Dış Ticaret Finansmanı Amaçlı Olanlar),,Unnamed: 0,Sektör,,TL,BDDK Aylık Bülten - Excel
2026-02-01,2026,2,7,Sendikasyon Seküritizasyon Kredileri,2,,Sendikasyon Kredileri (Dış Ticaret Finansmanı Amaçlı Olanlar),,Unnamed: 1,2,2.0,TL,BDDK Aylık Bülten - Excel
2026-02-01,2026,2,7,Sendikasyon Seküritizasyon Kredileri,2,,Sendikasyon Kredileri (Dış Ticaret Finansmanı Amaçlı Olanlar),,"Sendikasyon Seküritizasyon Kredileri (milyon TL), Dönem:2026/2",Sendikasyon Kredileri (Dış Ticaret Finansmanı Amaçlı Olanlar),,TL,BDDK Aylık Bülten - Excel
2026-02-01,2026,2,7,Sendikasyon Seküritizasyon Kredileri,2,,Sendikasyon Kredileri (Dış Ticaret Finansmanı Amaçlı Olanlar),,TP,0,0.0,TL,BDDK Aylık Bülten - Excel
2026-02-01,2026,2,7,Sendikasyon Seküritizasyon Kredileri,2,,Sendikasyon Kredileri (Dış Ticaret Finansmanı Amaçlı Olanlar),,YP,973198.123,973198.123,TL,BDDK Aylık Bülten - Excel
2026-02-01,2026,2,7,Sendikasyon Seküritizasyon Kredileri,2,,Sendikasyon Kredileri (Dış Ticaret Finansmanı Amaçlı Olanlar),,Toplam,973198.123,973198.123,TL,BDDK Aylık Bülten - Excel
2026-02-01,2026,2,7,Sendikasyon Seküritizasyon Kredileri,3,,Seküritizasyon Kredileri,,Unnamed: 0,Sektör,,TL,BDDK Aylık Bülten - Excel
2026-02-01,2026,2,7,Sendikasyon Seküritizasyon Kredileri,3,,Seküritizasyon Kredileri,,Unnamed: 1,3,3.0,TL,BDDK Aylık Bülten - Excel
2026-02-01,2026,2,7,Sendikasyon Seküritizasyon Kredileri,3,,Seküritizasyon Kredileri,,"Sendikasyon Seküritizasyon Kredileri (milyon TL), Dönem:2026/2",Seküritizasyon Kredileri,,TL,BDDK Aylık Bülten - Excel
2026-02-01,2026,2,7,Sendikasyon Seküritizasyon Kredileri,3,,Seküritizasyon Kredileri,,TP,0,0.0,TL,BDDK Aylık Bülten - Excel
2026-02-01,2026,2,7,Sendikasyon Seküritizasyon Kredileri,3,,Seküritizasyon Kredileri,,YP,577312.931,577312.931,TL,BDDK Aylık Bülten - Excel
2026-02-01,2026,2,7,Sendikasyon Seküritizasyon Kredileri,3,,Seküritizasyon Kredileri,,Toplam,577312.931,577312.931,TL,BDDK Aylık Bülten - Excel
2026-03-01,2026,3,7,Sendikasyon Seküritizasyon Kredileri,1,,Sendikasyon Kredileri (Dış Ticaret Finansmanı Amaçlı Olmayanlar),,Unnamed: 0,Sektör,,TL,BDDK Aylık Bülten - Excel
2026-03-01,2026,3,7,Sendikasyon Seküritizasyon Kredileri,1,,Sendikasyon Kredileri (Dış Ticaret Finansmanı Amaçlı Olmayanlar),,Unnamed: 1,1,1.0,TL,BDDK Aylık Bülten - Excel
2026-03-01,2026,3,7,Sendikasyon Seküritizasyon Kredileri,1,,Sendikasyon Kredileri (Dış Ticaret Finansmanı Amaçlı Olmayanlar),,"Sendikasyon Seküritizasyon Kredileri (milyon TL), Dönem:2026/3",Sendikasyon Kredileri (Dış Ticaret Finansmanı Amaçlı Olmayanlar),,TL,BDDK Aylık Bülten - Excel
2026-03-01,2026,3,7,Sendikasyon Seküritizasyon Kredileri,1,,Sendikasyon Kredileri (Dış Ticaret Finansmanı Amaçlı Olmayanlar),,TP,0,0.0,TL,BDDK Aylık Bülten - Excel
2026-03-01,2026,3,7,Sendikasyon Seküritizasyon Kredileri,1,,Sendikasyon Kredileri (Dış Ticaret Finansmanı Amaçlı Olmayanlar),,YP,27866.097,27866.097,TL,BDDK Aylık Bülten - Excel
2026-03-01,2026,3,7,Sendikasyon Seküritizasyon Kredileri,1,,Sendikasyon Kredileri (Dış Ticaret Finansmanı Amaçlı Olmayanlar),,Toplam,27866.097,27866.097,TL,BDDK Aylık Bülten - Excel
2026-03-01,2026,3,7,Sendikasyon Seküritizasyon Kredileri,2,,Sendikasyon Kredileri (Dış Ticaret Finansmanı Amaçlı Olanlar),,Unnamed: 0,Sektör,,TL,BDDK Aylık Bülten - Excel
2026-03-01,2026,3,7,Sendikasyon Seküritizasyon Kredileri,2,,Sendikasyon Kredileri (Dış Ticaret Finansmanı Amaçlı Olanlar),,Unnamed: 1,2,2.0,TL,BDDK Aylık Bülten - Excel
2026-03-01,2026,3,7,Sendikasyon Seküritizasyon Kredileri,2,,Sendikasyon Kredileri (Dış Ticaret Finansmanı Amaçlı Olanlar),,"Sendikasyon Seküritizasyon Kredileri (milyon TL), Dönem:2026/3",Sendikasyon Kredileri (Dış Ticaret Finansmanı Amaçlı Olanlar),,TL,BDDK Aylık Bülten - Excel
2026-03-01,2026,3,7,Sendikasyon Seküritizasyon Kredileri,2,,Sendikasyon Kredileri (Dış Ticaret Finansmanı Amaçlı Olanlar),,TP,0,0.0,TL,BDDK Aylık Bülten - Excel
2026-03-01,2026,3,7,Sendikasyon Seküritizasyon Kredileri,2,,Sendikasyon Kredileri (Dış Ticaret Finansmanı Amaçlı Olanlar),,YP,984075.007,984075.007,TL,BDDK Aylık Bülten - Excel
2026-03-01,2026,3,7,Sendikasyon Seküritizasyon Kredileri,2,,Sendikasyon Kredileri (Dış Ticaret Finansmanı Amaçlı Olanlar),,Toplam,984075.007,984075.007,TL,BDDK Aylık Bülten - Excel
2026-03-01,2026,3,7,Sendikasyon Seküritizasyon Kredileri,3,,Seküritizasyon Kredileri,,Unnamed: 0,Sektör,,TL,BDDK Aylık Bülten - Excel
2026-03-01,2026,3,7,Sendikasyon Seküritizasyon Kredileri,3,,Seküritizasyon Kredileri,,Unnamed: 1,3,3.0,TL,BDDK Aylık Bülten - Excel
2026-03-01,2026,3,7,Sendikasyon Seküritizasyon Kredileri,3,,Seküritizasyon Kredileri,,"Sendikasyon Seküritizasyon Kredileri (milyon TL), Dönem:2026/3",Seküritizasyon Kredileri,,TL,BDDK Aylık Bülten - Excel
2026-03-01,2026,3,7,Sendikasyon Seküritizasyon Kredileri,3,,Seküritizasyon Kredileri,,TP,0,0.0,TL,BDDK Aylık Bülten - Excel
2026-03-01,2026,3,7,Sendikasyon Seküritizasyon Kredileri,3,,Seküritizasyon Kredileri,,YP,570801.989,570801.989,TL,BDDK Aylık Bülten - Excel
2026-03-01,2026,3,7,Sendikasyon Seküritizasyon Kredileri,3,,Seküritizasyon Kredileri,,Toplam,570801.989,570801.989,TL,BDDK Aylık Bülten - Excel
2026-04-01,2026,4,7,Sendikasyon Seküritizasyon Kredileri,1,,Sendikasyon Kredileri (Dış Ticaret Finansmanı Amaçlı Olmayanlar),,Unnamed: 0,Sektör,,TL,BDDK Aylık Bülten - Excel
2026-04-01,2026,4,7,Sendikasyon Seküritizasyon Kredileri,1,,Sendikasyon Kredileri (Dış Ticaret Finansmanı Amaçlı Olmayanlar),,Unnamed: 1,1,1.0,TL,BDDK Aylık Bülten - Excel
2026-04-01,2026,4,7,Sendikasyon Seküritizasyon Kredileri,1,,Sendikasyon Kredileri (Dış Ticaret Finansmanı Amaçlı Olmayanlar),,"Sendikasyon Seküritizasyon Kredileri (milyon TL), Dönem:2026/4",Sendikasyon Kredileri (Dış Ticaret Finansmanı Amaçlı Olmayanlar),,TL,BDDK Aylık Bülten - Excel
2026-04-01,2026,4,7,Sendikasyon Seküritizasyon Kredileri,1,,Sendikasyon Kredileri (Dış Ticaret Finansmanı Amaçlı Olmayanlar),,TP,0,0.0,TL,BDDK Aylık Bülten - Excel
2026-04-01,2026,4,7,Sendikasyon Seküritizasyon Kredileri,1,,Sendikasyon Kredileri (Dış Ticaret Finansmanı Amaçlı Olmayanlar),,YP,28617.227,28617.227,TL,BDDK Aylık Bülten - Excel
2026-04-01,2026,4,7,Sendikasyon Seküritizasyon Kredileri,1,,Sendikasyon Kredileri (Dış Ticaret Finansmanı Amaçlı Olmayanlar),,Toplam,28617.227,28617.227,TL,BDDK Aylık Bülten - Excel
2026-04-01,2026,4,7,Sendikasyon Seküritizasyon Kredileri,2,,Sendikasyon Kredileri (Dış Ticaret Finansmanı Amaçlı Olanlar),,Unnamed: 0,Sektör,,TL,BDDK Aylık Bülten - Excel
2026-04-01,2026,4,7,Sendikasyon Seküritizasyon Kredileri,2,,Sendikasyon Kredileri (Dış Ticaret Finansmanı Amaçlı Olanlar),,Unnamed: 1,2,2.0,TL,BDDK Aylık Bülten - Excel
2026-04-01,2026,4,7,Sendikasyon Seküritizasyon Kredileri,2,,Sendikasyon Kredileri (Dış Ticaret Finansmanı Amaçlı Olanlar),,"Sendikasyon Seküritizasyon Kredileri (milyon TL), Dönem:2026/4",Sendikasyon Kredileri (Dış Ticaret Finansmanı Amaçlı Olanlar),,TL,BDDK Aylık Bülten - Excel
2026-04-01,2026,4,7,Sendikasyon Seküritizasyon Kredileri,2,,Sendikasyon Kredileri (Dış Ticaret Finansmanı Amaçlı Olanlar),,TP,0,0.0,TL,BDDK Aylık Bülten - Excel
2026-04-01,2026,4,7,Sendikasyon Seküritizasyon Kredileri,2,,Sendikasyon Kredileri (Dış Ticaret Finansmanı Amaçlı Olanlar),,YP,1018752.118,1018752.118,TL,BDDK Aylık Bülten - Excel
2026-04-01,2026,4,7,Sendikasyon Seküritizasyon Kredileri,2,,Sendikasyon Kredileri (Dış Ticaret Finansmanı Amaçlı Olanlar),,Toplam,1018752.118,1018752.118,TL,BDDK Aylık Bülten - Excel
2026-04-01,2026,4,7,Sendikasyon Seküritizasyon Kredileri,3,,Seküritizasyon Kredileri,,Unnamed: 0,Sektör,,TL,BDDK Aylık Bülten - Excel
2026-04-01,2026,4,7,Sendikasyon Seküritizasyon Kredileri,3,,Seküritizasyon Kredileri,,Unnamed: 1,3,3.0,TL,BDDK Aylık Bülten - Excel
2026-04-01,2026,4,7,Sendikasyon Seküritizasyon Kredileri,3,,Seküritizasyon Kredileri,,"Sendikasyon Seküritizasyon Kredileri (milyon TL), Dönem:2026/4",Seküritizasyon Kredileri,,TL,BDDK Aylık Bülten - Excel
2026-04-01,2026,4,7,Sendikasyon Seküritizasyon Kredileri,3,,Seküritizasyon Kredileri,,TP,0,0.0,TL,BDDK Aylık Bülten - Excel
2026-04-01,2026,4,7,Sendikasyon Seküritizasyon Kredileri,3,,Seküritizasyon Kredileri,,YP,562242.122,562242.122,TL,BDDK Aylık Bülten - Excel
2026-04-01,2026,4,7,Sendikasyon Seküritizasyon Kredileri,3,,Seküritizasyon Kredileri,,Toplam,562242.122,562242.122,TL,BDDK Aylık Bülten - Excel
2026-05-01,2026,5,7,Sendikasyon Seküritizasyon Kredileri,1,,Sendikasyon Kredileri (Dış Ticaret Finansmanı Amaçlı Olmayanlar),,Unnamed: 0,Sektör,,TL,BDDK Aylık Bülten - Excel
2026-05-01,2026,5,7,Sendikasyon Seküritizasyon Kredileri,1,,Sendikasyon Kredileri (Dış Ticaret Finansmanı Amaçlı Olmayanlar),,Unnamed: 1,1,1.0,TL,BDDK Aylık Bülten - Excel
2026-05-01,2026,5,7,Sendikasyon Seküritizasyon Kredileri,1,,Sendikasyon Kredileri (Dış Ticaret Finansmanı Amaçlı Olmayanlar),,"Sendikasyon Seküritizasyon Kredileri (milyon TL), Dönem:2026/5",Sendikasyon Kredileri (Dış Ticaret Finansmanı Amaçlı Olmayanlar),,TL,BDDK Aylık Bülten - Excel
2026-05-01,2026,5,7,Sendikasyon Seküritizasyon Kredileri,1,,Sendikasyon Kredileri (Dış Ticaret Finansmanı Amaçlı Olmayanlar),,TP,0,0.0,TL,BDDK Aylık Bülten - Excel
2026-05-01,2026,5,7,Sendikasyon Seküritizasyon Kredileri,1,,Sendikasyon Kredileri (Dış Ticaret Finansmanı Amaçlı Olmayanlar),,YP,45068.327,45068.327,TL,BDDK Aylık Bülten - Excel
2026-05-01,2026,5,7,Sendikasyon Seküritizasyon Kredileri,1,,Sendikasyon Kredileri (Dış Ticaret Finansmanı Amaçlı Olmayanlar),,Toplam,45068.327,45068.327,TL,BDDK Aylık Bülten - Excel
2026-05-01,2026,5,7,Sendikasyon Seküritizasyon Kredileri,2,,Sendikasyon Kredileri (Dış Ticaret Finansmanı Amaçlı Olanlar),,Unnamed: 0,Sektör,,TL,BDDK Aylık Bülten - Excel
2026-05-01,2026,5,7,Sendikasyon Seküritizasyon Kredileri,2,,Sendikasyon Kredileri (Dış Ticaret Finansmanı Amaçlı Olanlar),,Unnamed: 1,2,2.0,TL,BDDK Aylık Bülten - Excel
2026-05-01,2026,5,7,Sendikasyon Seküritizasyon Kredileri,2,,Sendikasyon Kredileri (Dış Ticaret Finansmanı Amaçlı Olanlar),,"Sendikasyon Seküritizasyon Kredileri (milyon TL), Dönem:2026/5",Sendikasyon Kredileri (Dış Ticaret Finansmanı Amaçlı Olanlar),,TL,BDDK Aylık Bülten - Excel
2026-05-01,2026,5,7,Sendikasyon Seküritizasyon Kredileri,2,,Sendikasyon Kredileri (Dış Ticaret Finansmanı Amaçlı Olanlar),,TP,0,0.0,TL,BDDK Aylık Bülten - Excel
2026-05-01,2026,5,7,Sendikasyon Seküritizasyon Kredileri,2,,Sendikasyon Kredileri (Dış Ticaret Finansmanı Amaçlı Olanlar),,YP,1046506.66,1046506.66,TL,BDDK Aylık Bülten - Excel
2026-05-01,2026,5,7,Sendikasyon Seküritizasyon Kredileri,2,,Sendikasyon Kredileri (Dış Ticaret Finansmanı Amaçlı Olanlar),,Toplam,1046506.66,1046506.66,TL,BDDK Aylık Bülten - Excel
2026-05-01,2026,5,7,Sendikasyon Seküritizasyon Kredileri,3,,Seküritizasyon Kredileri,,Unnamed: 0,Sektör,,TL,BDDK Aylık Bülten - Excel
2026-05-01,2026,5,7,Sendikasyon Seküritizasyon Kredileri,3,,Seküritizasyon Kredileri,,Unnamed: 1,3,3.0,TL,BDDK Aylık Bülten - Excel
2026-05-01,2026,5,7,Sendikasyon Seküritizasyon Kredileri,3,,Seküritizasyon Kredileri,,"Sendikasyon Seküritizasyon Kredileri (milyon TL), Dönem:2026/5",Seküritizasyon Kredileri,,TL,BDDK Aylık Bülten - Excel
2026-05-01,2026,5,7,Sendikasyon Seküritizasyon Kredileri,3,,Seküritizasyon Kredileri,,TP,0,0.0,TL,BDDK Aylık Bülten - Excel
2026-05-01,2026,5,7,Sendikasyon Seküritizasyon Kredileri,3,,Seküritizasyon Kredileri,,YP,617285.184,617285.184,TL,BDDK Aylık Bülten - Excel
2026-05-01,2026,5,7,Sendikasyon Seküritizasyon Kredileri,3,,Seküritizasyon Kredileri,,Toplam,617285.184,617285.184,TL,BDDK Aylık Bülten - Excel
2026-06-01,2026,6,7,Sendikasyon Seküritizasyon Kredileri,1,,Sendikasyon Kredileri (Dış Ticaret Finansmanı Amaçlı Olmayanlar),,Unnamed: 0,Sektör,,TL,BDDK Aylık Bülten - Excel
2026-06-01,2026,6,7,Sendikasyon Seküritizasyon Kredileri,1,,Sendikasyon Kredileri (Dış Ticaret Finansmanı Amaçlı Olmayanlar),,Unnamed: 1,1,1.0,TL,BDDK Aylık Bülten - Excel
2026-06-01,2026,6,7,Sendikasyon Seküritizasyon Kredileri,1,,Sendikasyon Kredileri (Dış Ticaret Finansmanı Amaçlı Olmayanlar),,"Sendikasyon Seküritizasyon Kredileri (milyon TL), Dönem:2026/6",Sendikasyon Kredileri (Dış Ticaret Finansmanı Amaçlı Olmayanlar),,TL,BDDK Aylık Bülten - Excel
2026-06-01,2026,6,7,Sendikasyon Seküritizasyon Kredileri,1,,Sendikasyon Kredileri (Dış Ticaret Finansmanı Amaçlı Olmayanlar),,TP,0,0.0,TL,BDDK Aylık Bülten - Excel
2026-06-01,2026,6,7,Sendikasyon Seküritizasyon Kredileri,1,,Sendikasyon Kredileri (Dış Ticaret Finansmanı Amaçlı Olmayanlar),,YP,45200.12,45200.12,TL,BDDK Aylık Bülten - Excel
2026-06-01,2026,6,7,Sendikasyon Seküritizasyon Kredileri,1,,Sendikasyon Kredileri (Dış Ticaret Finansmanı Amaçlı Olmayanlar),,Toplam,45200.12,45200.12,TL,BDDK Aylık Bülten - Excel
2026-06-01,2026,6,7,Sendikasyon Seküritizasyon Kredileri,2,,Sendikasyon Kredileri (Dış Ticaret Finansmanı Amaçlı Olanlar),,Unnamed: 0,Sektör,,TL,BDDK Aylık Bülten - Excel
2026-06-01,2026,6,7,Sendikasyon Seküritizasyon Kredileri,2,,Sendikasyon Kredileri (Dış Ticaret Finansmanı Amaçlı Olanlar),,Unnamed: 1,2,2.0,TL,BDDK Aylık Bülten - Excel
2026-06-01,2026,6,7,Sendikasyon Seküritizasyon Kredileri,2,,Sendikasyon Kredileri (Dış Ticaret Finansmanı Amaçlı Olanlar),,"Sendikasyon Seküritizasyon Kredileri (milyon TL), Dönem:2026/6",Sendikasyon Kredileri (Dış Ticaret Finansmanı Amaçlı Olanlar),,TL,BDDK Aylık Bülten - Excel
2026-06-01,2026,6,7,Sendikasyon Seküritizasyon Kredileri,2,,Sendikasyon Kredileri (Dış Ticaret Finansmanı Amaçlı Olanlar),,TP,0,0.0,TL,BDDK Aylık Bülten - Excel
2026-06-01,2026,6,7,Sendikasyon Seküritizasyon Kredileri,2,,Sendikasyon Kredileri (Dış Ticaret Finansmanı Amaçlı Olanlar),,YP,1082329.398,1082329.398,TL,BDDK Aylık Bülten - Excel
2026-06-01,2026,6,7,Sendikasyon Seküritizasyon Kredileri,2,,Sendikasyon Kredileri (Dış Ticaret Finansmanı Amaçlı Olanlar),,Toplam,1082329.398,1082329.398,TL,BDDK Aylık Bülten - Excel
2026-06-01,2026,6,7,Sendikasyon Seküritizasyon Kredileri,3,,Seküritizasyon Kredileri,,Unnamed: 0,Sektör,,TL,BDDK Aylık Bülten - Excel
2026-06-01,2026,6,7,Sendikasyon Seküritizasyon Kredileri,3,,Seküritizasyon Kredileri,,Unnamed: 1,3,3.0,TL,BDDK Aylık Bülten - Excel
2026-06-01,2026,6,7,Sendikasyon Seküritizasyon Kredileri,3,,Seküritizasyon Kredileri,,"Sendikasyon Seküritizasyon Kredileri (milyon TL), Dönem:2026/6",Seküritizasyon Kredileri,,TL,BDDK Aylık Bülten - Excel
2026-06-01,2026,6,7,Sendikasyon Seküritizasyon Kredileri,3,,Seküritizasyon Kredileri,,TP,0,0.0,TL,BDDK Aylık Bülten - Excel
2026-06-01,2026,6,7,Sendikasyon Seküritizasyon Kredileri,3,,Seküritizasyon Kredileri,,YP,647818.954,647818.954,TL,BDDK Aylık Bülten - Excel
2026-06-01,2026,6,7,Sendikasyon Seküritizasyon Kredileri,3,,Seküritizasyon Kredileri,,Toplam,647818.954,647818.954,TL,BDDK Aylık Bülten - Excel
