date,year,month,tablo_no,category,row_index,row_no,item,taraf,variable,value_raw,value,currency,source
2021-01-01,2021,1,13,Yabancı Para Pozisyonu,1,,Döviz Varlıkları Toplamı,,Unnamed: 0,Sektör,,TL,BDDK Aylık Bülten - Excel
2021-01-01,2021,1,13,Yabancı Para Pozisyonu,1,,Döviz Varlıkları Toplamı,,Unnamed: 1,1,1.0,TL,BDDK Aylık Bülten - Excel
2021-01-01,2021,1,13,Yabancı Para Pozisyonu,1,,Döviz Varlıkları Toplamı,,"Yabancı Para Pozisyonu (milyon TL), Dönem:2021/1",Döviz Varlıkları Toplamı,,TL,BDDK Aylık Bülten - Excel
2021-01-01,2021,1,13,Yabancı Para Pozisyonu,1,,Döviz Varlıkları Toplamı,,Toplam,3850245.36861,3850245.36861,TL,BDDK Aylık Bülten - Excel
2021-01-01,2021,1,13,Yabancı Para Pozisyonu,2,,Bilanço İçi Varlıklar,,Unnamed: 0,Sektör,,TL,BDDK Aylık Bülten - Excel
2021-01-01,2021,1,13,Yabancı Para Pozisyonu,2,,Bilanço İçi Varlıklar,,Unnamed: 1,2,2.0,TL,BDDK Aylık Bülten - Excel
2021-01-01,2021,1,13,Yabancı Para Pozisyonu,2,,Bilanço İçi Varlıklar,,"Yabancı Para Pozisyonu (milyon TL), Dönem:2021/1",Bilanço İçi Varlıklar,,TL,BDDK Aylık Bülten - Excel
2021-01-01,2021,1,13,Yabancı Para Pozisyonu,2,,Bilanço İçi Varlıklar,,Toplam,2621561.72205,2621561.72205,TL,BDDK Aylık Bülten - Excel
2021-01-01,2021,1,13,Yabancı Para Pozisyonu,3,,Dövize Endeksli Varlıklar,,Unnamed: 0,Sektör,,TL,BDDK Aylık Bülten - Excel
2021-01-01,2021,1,13,Yabancı Para Pozisyonu,3,,Dövize Endeksli Varlıklar,,Unnamed: 1,3,3.0,TL,BDDK Aylık Bülten - Excel
2021-01-01,2021,1,13,Yabancı Para Pozisyonu,3,,Dövize Endeksli Varlıklar,,"Yabancı Para Pozisyonu (milyon TL), Dönem:2021/1",Dövize Endeksli Varlıklar,,TL,BDDK Aylık Bülten - Excel
2021-01-01,2021,1,13,Yabancı Para Pozisyonu,3,,Dövize Endeksli Varlıklar,,Toplam,27038.84826,27038.84826,TL,BDDK Aylık Bülten - Excel
2021-01-01,2021,1,13,Yabancı Para Pozisyonu,4,,Bilanço Dışı Varlıklar,,Unnamed: 0,Sektör,,TL,BDDK Aylık Bülten - Excel
2021-01-01,2021,1,13,Yabancı Para Pozisyonu,4,,Bilanço Dışı Varlıklar,,Unnamed: 1,4,4.0,TL,BDDK Aylık Bülten - Excel
2021-01-01,2021,1,13,Yabancı Para Pozisyonu,4,,Bilanço Dışı Varlıklar,,"Yabancı Para Pozisyonu (milyon TL), Dönem:2021/1",Bilanço Dışı Varlıklar,,TL,BDDK Aylık Bülten - Excel
2021-01-01,2021,1,13,Yabancı Para Pozisyonu,4,,Bilanço Dışı Varlıklar,,Toplam,1228683.64656,1228683.64656,TL,BDDK Aylık Bülten - Excel
2021-01-01,2021,1,13,Yabancı Para Pozisyonu,5,,Döviz Yükümlülükleri Toplamı,,Unnamed: 0,Sektör,,TL,BDDK Aylık Bülten - Excel
2021-01-01,2021,1,13,Yabancı Para Pozisyonu,5,,Döviz Yükümlülükleri Toplamı,,Unnamed: 1,5,5.0,TL,BDDK Aylık Bülten - Excel
2021-01-01,2021,1,13,Yabancı Para Pozisyonu,5,,Döviz Yükümlülükleri Toplamı,,"Yabancı Para Pozisyonu (milyon TL), Dönem:2021/1",Döviz Yükümlülükleri Toplamı,,TL,BDDK Aylık Bülten - Excel
2021-01-01,2021,1,13,Yabancı Para Pozisyonu,5,,Döviz Yükümlülükleri Toplamı,,Toplam,3809827.74432,3809827.74432,TL,BDDK Aylık Bülten - Excel
2021-01-01,2021,1,13,Yabancı Para Pozisyonu,6,,Bilanço İçi Yükümlülükler,,Unnamed: 0,Sektör,,TL,BDDK Aylık Bülten - Excel
2021-01-01,2021,1,13,Yabancı Para Pozisyonu,6,,Bilanço İçi Yükümlülükler,,Unnamed: 1,6,6.0,TL,BDDK Aylık Bülten - Excel
2021-01-01,2021,1,13,Yabancı Para Pozisyonu,6,,Bilanço İçi Yükümlülükler,,"Yabancı Para Pozisyonu (milyon TL), Dönem:2021/1",Bilanço İçi Yükümlülükler,,TL,BDDK Aylık Bülten - Excel
2021-01-01,2021,1,13,Yabancı Para Pozisyonu,6,,Bilanço İçi Yükümlülükler,,Toplam,3053625.57649,3053625.57649,TL,BDDK Aylık Bülten - Excel
2021-01-01,2021,1,13,Yabancı Para Pozisyonu,7,,Dövize Endeksli Yükümlülükler,,Unnamed: 0,Sektör,,TL,BDDK Aylık Bülten - Excel
2021-01-01,2021,1,13,Yabancı Para Pozisyonu,7,,Dövize Endeksli Yükümlülükler,,Unnamed: 1,7,7.0,TL,BDDK Aylık Bülten - Excel
2021-01-01,2021,1,13,Yabancı Para Pozisyonu,7,,Dövize Endeksli Yükümlülükler,,"Yabancı Para Pozisyonu (milyon TL), Dönem:2021/1",Dövize Endeksli Yükümlülükler,,TL,BDDK Aylık Bülten - Excel
2021-01-01,2021,1,13,Yabancı Para Pozisyonu,7,,Dövize Endeksli Yükümlülükler,,Toplam,0.0,0.0,TL,BDDK Aylık Bülten - Excel
2021-01-01,2021,1,13,Yabancı Para Pozisyonu,8,,Bilanço Dışı Yükümlülükler,,Unnamed: 0,Sektör,,TL,BDDK Aylık Bülten - Excel
2021-01-01,2021,1,13,Yabancı Para Pozisyonu,8,,Bilanço Dışı Yükümlülükler,,Unnamed: 1,8,8.0,TL,BDDK Aylık Bülten - Excel
2021-01-01,2021,1,13,Yabancı Para Pozisyonu,8,,Bilanço Dışı Yükümlülükler,,"Yabancı Para Pozisyonu (milyon TL), Dönem:2021/1",Bilanço Dışı Yükümlülükler,,TL,BDDK Aylık Bülten - Excel
2021-01-01,2021,1,13,Yabancı Para Pozisyonu,8,,Bilanço Dışı Yükümlülükler,,Toplam,756202.16783,756202.16783,TL,BDDK Aylık Bülten - Excel
2021-01-01,2021,1,13,Yabancı Para Pozisyonu,9,,Yabancı Para Net Genel Pozisyonu,,Unnamed: 0,Sektör,,TL,BDDK Aylık Bülten - Excel
2021-01-01,2021,1,13,Yabancı Para Pozisyonu,9,,Yabancı Para Net Genel Pozisyonu,,Unnamed: 1,9,9.0,TL,BDDK Aylık Bülten - Excel
2021-01-01,2021,1,13,Yabancı Para Pozisyonu,9,,Yabancı Para Net Genel Pozisyonu,,"Yabancı Para Pozisyonu (milyon TL), Dönem:2021/1",Yabancı Para Net Genel Pozisyonu,,TL,BDDK Aylık Bülten - Excel
2021-01-01,2021,1,13,Yabancı Para Pozisyonu,9,,Yabancı Para Net Genel Pozisyonu,,Toplam,40417.62429,40417.62429,TL,BDDK Aylık Bülten - Excel
2021-01-01,2021,1,13,Yabancı Para Pozisyonu,10,,Yasal Özkaynak,,Unnamed: 0,Sektör,,TL,BDDK Aylık Bülten - Excel
2021-01-01,2021,1,13,Yabancı Para Pozisyonu,10,,Yasal Özkaynak,,Unnamed: 1,10,10.0,TL,BDDK Aylık Bülten - Excel
2021-01-01,2021,1,13,Yabancı Para Pozisyonu,10,,Yasal Özkaynak,,"Yabancı Para Pozisyonu (milyon TL), Dönem:2021/1",Yasal Özkaynak,,TL,BDDK Aylık Bülten - Excel
2021-01-01,2021,1,13,Yabancı Para Pozisyonu,10,,Yasal Özkaynak,,Toplam,773356.81314,773356.81314,TL,BDDK Aylık Bülten - Excel
2021-01-01,2021,1,13,Yabancı Para Pozisyonu,11,,Yabancı Para Net Genel Pozisyon / Yasal Özkaynak Standart Oranı (Yüzde),,Unnamed: 0,Sektör,,TL,BDDK Aylık Bülten - Excel
2021-01-01,2021,1,13,Yabancı Para Pozisyonu,11,,Yabancı Para Net Genel Pozisyon / Yasal Özkaynak Standart Oranı (Yüzde),,Unnamed: 1,11,11.0,TL,BDDK Aylık Bülten - Excel
2021-01-01,2021,1,13,Yabancı Para Pozisyonu,11,,Yabancı Para Net Genel Pozisyon / Yasal Özkaynak Standart Oranı (Yüzde),,"Yabancı Para Pozisyonu (milyon TL), Dönem:2021/1",Yabancı Para Net Genel Pozisyon / Yasal Özkaynak Standart Oranı (Yüzde),,TL,BDDK Aylık Bülten - Excel
2021-01-01,2021,1,13,Yabancı Para Pozisyonu,11,,Yabancı Para Net Genel Pozisyon / Yasal Özkaynak Standart Oranı (Yüzde),,Toplam,5.226258,5.226258,TL,BDDK Aylık Bülten - Excel
2021-02-01,2021,2,13,Yabancı Para Pozisyonu,1,,Döviz Varlıkları Toplamı,,Unnamed: 0,Sektör,,TL,BDDK Aylık Bülten - Excel
2021-02-01,2021,2,13,Yabancı Para Pozisyonu,1,,Döviz Varlıkları Toplamı,,Unnamed: 1,1,1.0,TL,BDDK Aylık Bülten - Excel
2021-02-01,2021,2,13,Yabancı Para Pozisyonu,1,,Döviz Varlıkları Toplamı,,"Yabancı Para Pozisyonu (milyon TL), Dönem:2021/2",Döviz Varlıkları Toplamı,,TL,BDDK Aylık Bülten - Excel
2021-02-01,2021,2,13,Yabancı Para Pozisyonu,1,,Döviz Varlıkları Toplamı,,Toplam,3854445.09931,3854445.09931,TL,BDDK Aylık Bülten - Excel
2021-02-01,2021,2,13,Yabancı Para Pozisyonu,2,,Bilanço İçi Varlıklar,,Unnamed: 0,Sektör,,TL,BDDK Aylık Bülten - Excel
2021-02-01,2021,2,13,Yabancı Para Pozisyonu,2,,Bilanço İçi Varlıklar,,Unnamed: 1,2,2.0,TL,BDDK Aylık Bülten - Excel
2021-02-01,2021,2,13,Yabancı Para Pozisyonu,2,,Bilanço İçi Varlıklar,,"Yabancı Para Pozisyonu (milyon TL), Dönem:2021/2",Bilanço İçi Varlıklar,,TL,BDDK Aylık Bülten - Excel
2021-02-01,2021,2,13,Yabancı Para Pozisyonu,2,,Bilanço İçi Varlıklar,,Toplam,2615816.54479,2615816.54479,TL,BDDK Aylık Bülten - Excel
2021-02-01,2021,2,13,Yabancı Para Pozisyonu,3,,Dövize Endeksli Varlıklar,,Unnamed: 0,Sektör,,TL,BDDK Aylık Bülten - Excel
2021-02-01,2021,2,13,Yabancı Para Pozisyonu,3,,Dövize Endeksli Varlıklar,,Unnamed: 1,3,3.0,TL,BDDK Aylık Bülten - Excel
2021-02-01,2021,2,13,Yabancı Para Pozisyonu,3,,Dövize Endeksli Varlıklar,,"Yabancı Para Pozisyonu (milyon TL), Dönem:2021/2",Dövize Endeksli Varlıklar,,TL,BDDK Aylık Bülten - Excel
2021-02-01,2021,2,13,Yabancı Para Pozisyonu,3,,Dövize Endeksli Varlıklar,,Toplam,29592.01011,29592.01011,TL,BDDK Aylık Bülten - Excel
2021-02-01,2021,2,13,Yabancı Para Pozisyonu,4,,Bilanço Dışı Varlıklar,,Unnamed: 0,Sektör,,TL,BDDK Aylık Bülten - Excel
2021-02-01,2021,2,13,Yabancı Para Pozisyonu,4,,Bilanço Dışı Varlıklar,,Unnamed: 1,4,4.0,TL,BDDK Aylık Bülten - Excel
2021-02-01,2021,2,13,Yabancı Para Pozisyonu,4,,Bilanço Dışı Varlıklar,,"Yabancı Para Pozisyonu (milyon TL), Dönem:2021/2",Bilanço Dışı Varlıklar,,TL,BDDK Aylık Bülten - Excel
2021-02-01,2021,2,13,Yabancı Para Pozisyonu,4,,Bilanço Dışı Varlıklar,,Toplam,1238628.55452,1238628.55452,TL,BDDK Aylık Bülten - Excel
2021-02-01,2021,2,13,Yabancı Para Pozisyonu,5,,Döviz Yükümlülükleri Toplamı,,Unnamed: 0,Sektör,,TL,BDDK Aylık Bülten - Excel
2021-02-01,2021,2,13,Yabancı Para Pozisyonu,5,,Döviz Yükümlülükleri Toplamı,,Unnamed: 1,5,5.0,TL,BDDK Aylık Bülten - Excel
2021-02-01,2021,2,13,Yabancı Para Pozisyonu,5,,Döviz Yükümlülükleri Toplamı,,"Yabancı Para Pozisyonu (milyon TL), Dönem:2021/2",Döviz Yükümlülükleri Toplamı,,TL,BDDK Aylık Bülten - Excel
2021-02-01,2021,2,13,Yabancı Para Pozisyonu,5,,Döviz Yükümlülükleri Toplamı,,Toplam,3813688.27712,3813688.27712,TL,BDDK Aylık Bülten - Excel
2021-02-01,2021,2,13,Yabancı Para Pozisyonu,6,,Bilanço İçi Yükümlülükler,,Unnamed: 0,Sektör,,TL,BDDK Aylık Bülten - Excel
2021-02-01,2021,2,13,Yabancı Para Pozisyonu,6,,Bilanço İçi Yükümlülükler,,Unnamed: 1,6,6.0,TL,BDDK Aylık Bülten - Excel
2021-02-01,2021,2,13,Yabancı Para Pozisyonu,6,,Bilanço İçi Yükümlülükler,,"Yabancı Para Pozisyonu (milyon TL), Dönem:2021/2",Bilanço İçi Yükümlülükler,,TL,BDDK Aylık Bülten - Excel
2021-02-01,2021,2,13,Yabancı Para Pozisyonu,6,,Bilanço İçi Yükümlülükler,,Toplam,3038698.05329,3038698.05329,TL,BDDK Aylık Bülten - Excel
2021-02-01,2021,2,13,Yabancı Para Pozisyonu,7,,Dövize Endeksli Yükümlülükler,,Unnamed: 0,Sektör,,TL,BDDK Aylık Bülten - Excel
2021-02-01,2021,2,13,Yabancı Para Pozisyonu,7,,Dövize Endeksli Yükümlülükler,,Unnamed: 1,7,7.0,TL,BDDK Aylık Bülten - Excel
2021-02-01,2021,2,13,Yabancı Para Pozisyonu,7,,Dövize Endeksli Yükümlülükler,,"Yabancı Para Pozisyonu (milyon TL), Dönem:2021/2",Dövize Endeksli Yükümlülükler,,TL,BDDK Aylık Bülten - Excel
2021-02-01,2021,2,13,Yabancı Para Pozisyonu,7,,Dövize Endeksli Yükümlülükler,,Toplam,0.0,0.0,TL,BDDK Aylık Bülten - Excel
2021-02-01,2021,2,13,Yabancı Para Pozisyonu,8,,Bilanço Dışı Yükümlülükler,,Unnamed: 0,Sektör,,TL,BDDK Aylık Bülten - Excel
2021-02-01,2021,2,13,Yabancı Para Pozisyonu,8,,Bilanço Dışı Yükümlülükler,,Unnamed: 1,8,8.0,TL,BDDK Aylık Bülten - Excel
2021-02-01,2021,2,13,Yabancı Para Pozisyonu,8,,Bilanço Dışı Yükümlülükler,,"Yabancı Para Pozisyonu (milyon TL), Dönem:2021/2",Bilanço Dışı Yükümlülükler,,TL,BDDK Aylık Bülten - Excel
2021-02-01,2021,2,13,Yabancı Para Pozisyonu,8,,Bilanço Dışı Yükümlülükler,,Toplam,774990.22383,774990.22383,TL,BDDK Aylık Bülten - Excel
2021-02-01,2021,2,13,Yabancı Para Pozisyonu,9,,Yabancı Para Net Genel Pozisyonu,,Unnamed: 0,Sektör,,TL,BDDK Aylık Bülten - Excel
2021-02-01,2021,2,13,Yabancı Para Pozisyonu,9,,Yabancı Para Net Genel Pozisyonu,,Unnamed: 1,9,9.0,TL,BDDK Aylık Bülten - Excel
2021-02-01,2021,2,13,Yabancı Para Pozisyonu,9,,Yabancı Para Net Genel Pozisyonu,,"Yabancı Para Pozisyonu (milyon TL), Dönem:2021/2",Yabancı Para Net Genel Pozisyonu,,TL,BDDK Aylık Bülten - Excel
2021-02-01,2021,2,13,Yabancı Para Pozisyonu,9,,Yabancı Para Net Genel Pozisyonu,,Toplam,40756.82219,40756.82219,TL,BDDK Aylık Bülten - Excel
2021-02-01,2021,2,13,Yabancı Para Pozisyonu,10,,Yasal Özkaynak,,Unnamed: 0,Sektör,,TL,BDDK Aylık Bülten - Excel
2021-02-01,2021,2,13,Yabancı Para Pozisyonu,10,,Yasal Özkaynak,,Unnamed: 1,10,10.0,TL,BDDK Aylık Bülten - Excel
2021-02-01,2021,2,13,Yabancı Para Pozisyonu,10,,Yasal Özkaynak,,"Yabancı Para Pozisyonu (milyon TL), Dönem:2021/2",Yasal Özkaynak,,TL,BDDK Aylık Bülten - Excel
2021-02-01,2021,2,13,Yabancı Para Pozisyonu,10,,Yasal Özkaynak,,Toplam,777315.97357,777315.97357,TL,BDDK Aylık Bülten - Excel
2021-02-01,2021,2,13,Yabancı Para Pozisyonu,11,,Yabancı Para Net Genel Pozisyon / Yasal Özkaynak Standart Oranı (Yüzde),,Unnamed: 0,Sektör,,TL,BDDK Aylık Bülten - Excel
2021-02-01,2021,2,13,Yabancı Para Pozisyonu,11,,Yabancı Para Net Genel Pozisyon / Yasal Özkaynak Standart Oranı (Yüzde),,Unnamed: 1,11,11.0,TL,BDDK Aylık Bülten - Excel
2021-02-01,2021,2,13,Yabancı Para Pozisyonu,11,,Yabancı Para Net Genel Pozisyon / Yasal Özkaynak Standart Oranı (Yüzde),,"Yabancı Para Pozisyonu (milyon TL), Dönem:2021/2",Yabancı Para Net Genel Pozisyon / Yasal Özkaynak Standart Oranı (Yüzde),,TL,BDDK Aylık Bülten - Excel
2021-02-01,2021,2,13,Yabancı Para Pozisyonu,11,,Yabancı Para Net Genel Pozisyon / Yasal Özkaynak Standart Oranı (Yüzde),,Toplam,5.243276,5.243276,TL,BDDK Aylık Bülten - Excel
2021-03-01,2021,3,13,Yabancı Para Pozisyonu,1,,Döviz Varlıkları Toplamı,,Unnamed: 0,Sektör,,TL,BDDK Aylık Bülten - Excel
2021-03-01,2021,3,13,Yabancı Para Pozisyonu,1,,Döviz Varlıkları Toplamı,,Unnamed: 1,1,1.0,TL,BDDK Aylık Bülten - Excel
2021-03-01,2021,3,13,Yabancı Para Pozisyonu,1,,Döviz Varlıkları Toplamı,,"Yabancı Para Pozisyonu (milyon TL), Dönem:2021/3",Döviz Varlıkları Toplamı,,TL,BDDK Aylık Bülten - Excel
2021-03-01,2021,3,13,Yabancı Para Pozisyonu,1,,Döviz Varlıkları Toplamı,,Toplam,4224943.32053,4224943.32053,TL,BDDK Aylık Bülten - Excel
2021-03-01,2021,3,13,Yabancı Para Pozisyonu,2,,Bilanço İçi Varlıklar,,Unnamed: 0,Sektör,,TL,BDDK Aylık Bülten - Excel
2021-03-01,2021,3,13,Yabancı Para Pozisyonu,2,,Bilanço İçi Varlıklar,,Unnamed: 1,2,2.0,TL,BDDK Aylık Bülten - Excel
2021-03-01,2021,3,13,Yabancı Para Pozisyonu,2,,Bilanço İçi Varlıklar,,"Yabancı Para Pozisyonu (milyon TL), Dönem:2021/3",Bilanço İçi Varlıklar,,TL,BDDK Aylık Bülten - Excel
2021-03-01,2021,3,13,Yabancı Para Pozisyonu,2,,Bilanço İçi Varlıklar,,Toplam,2895912.81053,2895912.81053,TL,BDDK Aylık Bülten - Excel
2021-03-01,2021,3,13,Yabancı Para Pozisyonu,3,,Dövize Endeksli Varlıklar,,Unnamed: 0,Sektör,,TL,BDDK Aylık Bülten - Excel
2021-03-01,2021,3,13,Yabancı Para Pozisyonu,3,,Dövize Endeksli Varlıklar,,Unnamed: 1,3,3.0,TL,BDDK Aylık Bülten - Excel
2021-03-01,2021,3,13,Yabancı Para Pozisyonu,3,,Dövize Endeksli Varlıklar,,"Yabancı Para Pozisyonu (milyon TL), Dönem:2021/3",Dövize Endeksli Varlıklar,,TL,BDDK Aylık Bülten - Excel
2021-03-01,2021,3,13,Yabancı Para Pozisyonu,3,,Dövize Endeksli Varlıklar,,Toplam,18730.29926,18730.29926,TL,BDDK Aylık Bülten - Excel
2021-03-01,2021,3,13,Yabancı Para Pozisyonu,4,,Bilanço Dışı Varlıklar,,Unnamed: 0,Sektör,,TL,BDDK Aylık Bülten - Excel
2021-03-01,2021,3,13,Yabancı Para Pozisyonu,4,,Bilanço Dışı Varlıklar,,Unnamed: 1,4,4.0,TL,BDDK Aylık Bülten - Excel
2021-03-01,2021,3,13,Yabancı Para Pozisyonu,4,,Bilanço Dışı Varlıklar,,"Yabancı Para Pozisyonu (milyon TL), Dönem:2021/3",Bilanço Dışı Varlıklar,,TL,BDDK Aylık Bülten - Excel
2021-03-01,2021,3,13,Yabancı Para Pozisyonu,4,,Bilanço Dışı Varlıklar,,Toplam,1329030.51,1329030.51,TL,BDDK Aylık Bülten - Excel
2021-03-01,2021,3,13,Yabancı Para Pozisyonu,5,,Döviz Yükümlülükleri Toplamı,,Unnamed: 0,Sektör,,TL,BDDK Aylık Bülten - Excel
2021-03-01,2021,3,13,Yabancı Para Pozisyonu,5,,Döviz Yükümlülükleri Toplamı,,Unnamed: 1,5,5.0,TL,BDDK Aylık Bülten - Excel
2021-03-01,2021,3,13,Yabancı Para Pozisyonu,5,,Döviz Yükümlülükleri Toplamı,,"Yabancı Para Pozisyonu (milyon TL), Dönem:2021/3",Döviz Yükümlülükleri Toplamı,,TL,BDDK Aylık Bülten - Excel
2021-03-01,2021,3,13,Yabancı Para Pozisyonu,5,,Döviz Yükümlülükleri Toplamı,,Toplam,4178641.87371,4178641.87371,TL,BDDK Aylık Bülten - Excel
2021-03-01,2021,3,13,Yabancı Para Pozisyonu,6,,Bilanço İçi Yükümlülükler,,Unnamed: 0,Sektör,,TL,BDDK Aylık Bülten - Excel
2021-03-01,2021,3,13,Yabancı Para Pozisyonu,6,,Bilanço İçi Yükümlülükler,,Unnamed: 1,6,6.0,TL,BDDK Aylık Bülten - Excel
2021-03-01,2021,3,13,Yabancı Para Pozisyonu,6,,Bilanço İçi Yükümlülükler,,"Yabancı Para Pozisyonu (milyon TL), Dönem:2021/3",Bilanço İçi Yükümlülükler,,TL,BDDK Aylık Bülten - Excel
2021-03-01,2021,3,13,Yabancı Para Pozisyonu,6,,Bilanço İçi Yükümlülükler,,Toplam,3330918.40963,3330918.40963,TL,BDDK Aylık Bülten - Excel
2021-03-01,2021,3,13,Yabancı Para Pozisyonu,7,,Dövize Endeksli Yükümlülükler,,Unnamed: 0,Sektör,,TL,BDDK Aylık Bülten - Excel
2021-03-01,2021,3,13,Yabancı Para Pozisyonu,7,,Dövize Endeksli Yükümlülükler,,Unnamed: 1,7,7.0,TL,BDDK Aylık Bülten - Excel
2021-03-01,2021,3,13,Yabancı Para Pozisyonu,7,,Dövize Endeksli Yükümlülükler,,"Yabancı Para Pozisyonu (milyon TL), Dönem:2021/3",Dövize Endeksli Yükümlülükler,,TL,BDDK Aylık Bülten - Excel
2021-03-01,2021,3,13,Yabancı Para Pozisyonu,7,,Dövize Endeksli Yükümlülükler,,Toplam,0.0,0.0,TL,BDDK Aylık Bülten - Excel
2021-03-01,2021,3,13,Yabancı Para Pozisyonu,8,,Bilanço Dışı Yükümlülükler,,Unnamed: 0,Sektör,,TL,BDDK Aylık Bülten - Excel
2021-03-01,2021,3,13,Yabancı Para Pozisyonu,8,,Bilanço Dışı Yükümlülükler,,Unnamed: 1,8,8.0,TL,BDDK Aylık Bülten - Excel
2021-03-01,2021,3,13,Yabancı Para Pozisyonu,8,,Bilanço Dışı Yükümlülükler,,"Yabancı Para Pozisyonu (milyon TL), Dönem:2021/3",Bilanço Dışı Yükümlülükler,,TL,BDDK Aylık Bülten - Excel
2021-03-01,2021,3,13,Yabancı Para Pozisyonu,8,,Bilanço Dışı Yükümlülükler,,Toplam,847723.46408,847723.46408,TL,BDDK Aylık Bülten - Excel
2021-03-01,2021,3,13,Yabancı Para Pozisyonu,9,,Yabancı Para Net Genel Pozisyonu,,Unnamed: 0,Sektör,,TL,BDDK Aylık Bülten - Excel
2021-03-01,2021,3,13,Yabancı Para Pozisyonu,9,,Yabancı Para Net Genel Pozisyonu,,Unnamed: 1,9,9.0,TL,BDDK Aylık Bülten - Excel
2021-03-01,2021,3,13,Yabancı Para Pozisyonu,9,,Yabancı Para Net Genel Pozisyonu,,"Yabancı Para Pozisyonu (milyon TL), Dönem:2021/3",Yabancı Para Net Genel Pozisyonu,,TL,BDDK Aylık Bülten - Excel
2021-03-01,2021,3,13,Yabancı Para Pozisyonu,9,,Yabancı Para Net Genel Pozisyonu,,Toplam,46301.44682,46301.44682,TL,BDDK Aylık Bülten - Excel
2021-03-01,2021,3,13,Yabancı Para Pozisyonu,10,,Yasal Özkaynak,,Unnamed: 0,Sektör,,TL,BDDK Aylık Bülten - Excel
2021-03-01,2021,3,13,Yabancı Para Pozisyonu,10,,Yasal Özkaynak,,Unnamed: 1,10,10.0,TL,BDDK Aylık Bülten - Excel
2021-03-01,2021,3,13,Yabancı Para Pozisyonu,10,,Yasal Özkaynak,,"Yabancı Para Pozisyonu (milyon TL), Dönem:2021/3",Yasal Özkaynak,,TL,BDDK Aylık Bülten - Excel
2021-03-01,2021,3,13,Yabancı Para Pozisyonu,10,,Yasal Özkaynak,,Toplam,782537.59067,782537.59067,TL,BDDK Aylık Bülten - Excel
2021-03-01,2021,3,13,Yabancı Para Pozisyonu,11,,Yabancı Para Net Genel Pozisyon / Yasal Özkaynak Standart Oranı (Yüzde),,Unnamed: 0,Sektör,,TL,BDDK Aylık Bülten - Excel
2021-03-01,2021,3,13,Yabancı Para Pozisyonu,11,,Yabancı Para Net Genel Pozisyon / Yasal Özkaynak Standart Oranı (Yüzde),,Unnamed: 1,11,11.0,TL,BDDK Aylık Bülten - Excel
2021-03-01,2021,3,13,Yabancı Para Pozisyonu,11,,Yabancı Para Net Genel Pozisyon / Yasal Özkaynak Standart Oranı (Yüzde),,"Yabancı Para Pozisyonu (milyon TL), Dönem:2021/3",Yabancı Para Net Genel Pozisyon / Yasal Özkaynak Standart Oranı (Yüzde),,TL,BDDK Aylık Bülten - Excel
2021-03-01,2021,3,13,Yabancı Para Pozisyonu,11,,Yabancı Para Net Genel Pozisyon / Yasal Özkaynak Standart Oranı (Yüzde),,Toplam,5.916833,5.916833,TL,BDDK Aylık Bülten - Excel
2021-04-01,2021,4,13,Yabancı Para Pozisyonu,1,,Döviz Varlıkları Toplamı,,Unnamed: 0,Sektör,,TL,BDDK Aylık Bülten - Excel
2021-04-01,2021,4,13,Yabancı Para Pozisyonu,1,,Döviz Varlıkları Toplamı,,Unnamed: 1,1,1.0,TL,BDDK Aylık Bülten - Excel
2021-04-01,2021,4,13,Yabancı Para Pozisyonu,1,,Döviz Varlıkları Toplamı,,"Yabancı Para Pozisyonu (milyon TL), Dönem:2021/4",Döviz Varlıkları Toplamı,,TL,BDDK Aylık Bülten - Excel
2021-04-01,2021,4,13,Yabancı Para Pozisyonu,1,,Döviz Varlıkları Toplamı,,Toplam,4201220.95005,4201220.95005,TL,BDDK Aylık Bülten - Excel
2021-04-01,2021,4,13,Yabancı Para Pozisyonu,2,,Bilanço İçi Varlıklar,,Unnamed: 0,Sektör,,TL,BDDK Aylık Bülten - Excel
2021-04-01,2021,4,13,Yabancı Para Pozisyonu,2,,Bilanço İçi Varlıklar,,Unnamed: 1,2,2.0,TL,BDDK Aylık Bülten - Excel
2021-04-01,2021,4,13,Yabancı Para Pozisyonu,2,,Bilanço İçi Varlıklar,,"Yabancı Para Pozisyonu (milyon TL), Dönem:2021/4",Bilanço İçi Varlıklar,,TL,BDDK Aylık Bülten - Excel
2021-04-01,2021,4,13,Yabancı Para Pozisyonu,2,,Bilanço İçi Varlıklar,,Toplam,2910314.77248,2910314.77248,TL,BDDK Aylık Bülten - Excel
2021-04-01,2021,4,13,Yabancı Para Pozisyonu,3,,Dövize Endeksli Varlıklar,,Unnamed: 0,Sektör,,TL,BDDK Aylık Bülten - Excel
2021-04-01,2021,4,13,Yabancı Para Pozisyonu,3,,Dövize Endeksli Varlıklar,,Unnamed: 1,3,3.0,TL,BDDK Aylık Bülten - Excel
2021-04-01,2021,4,13,Yabancı Para Pozisyonu,3,,Dövize Endeksli Varlıklar,,"Yabancı Para Pozisyonu (milyon TL), Dönem:2021/4",Dövize Endeksli Varlıklar,,TL,BDDK Aylık Bülten - Excel
2021-04-01,2021,4,13,Yabancı Para Pozisyonu,3,,Dövize Endeksli Varlıklar,,Toplam,18846.04483,18846.04483,TL,BDDK Aylık Bülten - Excel
2021-04-01,2021,4,13,Yabancı Para Pozisyonu,4,,Bilanço Dışı Varlıklar,,Unnamed: 0,Sektör,,TL,BDDK Aylık Bülten - Excel
2021-04-01,2021,4,13,Yabancı Para Pozisyonu,4,,Bilanço Dışı Varlıklar,,Unnamed: 1,4,4.0,TL,BDDK Aylık Bülten - Excel
2021-04-01,2021,4,13,Yabancı Para Pozisyonu,4,,Bilanço Dışı Varlıklar,,"Yabancı Para Pozisyonu (milyon TL), Dönem:2021/4",Bilanço Dışı Varlıklar,,TL,BDDK Aylık Bülten - Excel
2021-04-01,2021,4,13,Yabancı Para Pozisyonu,4,,Bilanço Dışı Varlıklar,,Toplam,1290906.17757,1290906.17757,TL,BDDK Aylık Bülten - Excel
2021-04-01,2021,4,13,Yabancı Para Pozisyonu,5,,Döviz Yükümlülükleri Toplamı,,Unnamed: 0,Sektör,,TL,BDDK Aylık Bülten - Excel
2021-04-01,2021,4,13,Yabancı Para Pozisyonu,5,,Döviz Yükümlülükleri Toplamı,,Unnamed: 1,5,5.0,TL,BDDK Aylık Bülten - Excel
2021-04-01,2021,4,13,Yabancı Para Pozisyonu,5,,Döviz Yükümlülükleri Toplamı,,"Yabancı Para Pozisyonu (milyon TL), Dönem:2021/4",Döviz Yükümlülükleri Toplamı,,TL,BDDK Aylık Bülten - Excel
2021-04-01,2021,4,13,Yabancı Para Pozisyonu,5,,Döviz Yükümlülükleri Toplamı,,Toplam,4149827.20973,4149827.20973,TL,BDDK Aylık Bülten - Excel
2021-04-01,2021,4,13,Yabancı Para Pozisyonu,6,,Bilanço İçi Yükümlülükler,,Unnamed: 0,Sektör,,TL,BDDK Aylık Bülten - Excel
2021-04-01,2021,4,13,Yabancı Para Pozisyonu,6,,Bilanço İçi Yükümlülükler,,Unnamed: 1,6,6.0,TL,BDDK Aylık Bülten - Excel
2021-04-01,2021,4,13,Yabancı Para Pozisyonu,6,,Bilanço İçi Yükümlülükler,,"Yabancı Para Pozisyonu (milyon TL), Dönem:2021/4",Bilanço İçi Yükümlülükler,,TL,BDDK Aylık Bülten - Excel
2021-04-01,2021,4,13,Yabancı Para Pozisyonu,6,,Bilanço İçi Yükümlülükler,,Toplam,3335964.40541,3335964.40541,TL,BDDK Aylık Bülten - Excel
2021-04-01,2021,4,13,Yabancı Para Pozisyonu,7,,Dövize Endeksli Yükümlülükler,,Unnamed: 0,Sektör,,TL,BDDK Aylık Bülten - Excel
2021-04-01,2021,4,13,Yabancı Para Pozisyonu,7,,Dövize Endeksli Yükümlülükler,,Unnamed: 1,7,7.0,TL,BDDK Aylık Bülten - Excel
2021-04-01,2021,4,13,Yabancı Para Pozisyonu,7,,Dövize Endeksli Yükümlülükler,,"Yabancı Para Pozisyonu (milyon TL), Dönem:2021/4",Dövize Endeksli Yükümlülükler,,TL,BDDK Aylık Bülten - Excel
2021-04-01,2021,4,13,Yabancı Para Pozisyonu,7,,Dövize Endeksli Yükümlülükler,,Toplam,0.0,0.0,TL,BDDK Aylık Bülten - Excel
2021-04-01,2021,4,13,Yabancı Para Pozisyonu,8,,Bilanço Dışı Yükümlülükler,,Unnamed: 0,Sektör,,TL,BDDK Aylık Bülten - Excel
2021-04-01,2021,4,13,Yabancı Para Pozisyonu,8,,Bilanço Dışı Yükümlülükler,,Unnamed: 1,8,8.0,TL,BDDK Aylık Bülten - Excel
2021-04-01,2021,4,13,Yabancı Para Pozisyonu,8,,Bilanço Dışı Yükümlülükler,,"Yabancı Para Pozisyonu (milyon TL), Dönem:2021/4",Bilanço Dışı Yükümlülükler,,TL,BDDK Aylık Bülten - Excel
2021-04-01,2021,4,13,Yabancı Para Pozisyonu,8,,Bilanço Dışı Yükümlülükler,,Toplam,813862.80432,813862.80432,TL,BDDK Aylık Bülten - Excel
2021-04-01,2021,4,13,Yabancı Para Pozisyonu,9,,Yabancı Para Net Genel Pozisyonu,,Unnamed: 0,Sektör,,TL,BDDK Aylık Bülten - Excel
2021-04-01,2021,4,13,Yabancı Para Pozisyonu,9,,Yabancı Para Net Genel Pozisyonu,,Unnamed: 1,9,9.0,TL,BDDK Aylık Bülten - Excel
2021-04-01,2021,4,13,Yabancı Para Pozisyonu,9,,Yabancı Para Net Genel Pozisyonu,,"Yabancı Para Pozisyonu (milyon TL), Dönem:2021/4",Yabancı Para Net Genel Pozisyonu,,TL,BDDK Aylık Bülten - Excel
2021-04-01,2021,4,13,Yabancı Para Pozisyonu,9,,Yabancı Para Net Genel Pozisyonu,,Toplam,51393.74032,51393.74032,TL,BDDK Aylık Bülten - Excel
2021-04-01,2021,4,13,Yabancı Para Pozisyonu,10,,Yasal Özkaynak,,Unnamed: 0,Sektör,,TL,BDDK Aylık Bülten - Excel
2021-04-01,2021,4,13,Yabancı Para Pozisyonu,10,,Yasal Özkaynak,,Unnamed: 1,10,10.0,TL,BDDK Aylık Bülten - Excel
2021-04-01,2021,4,13,Yabancı Para Pozisyonu,10,,Yasal Özkaynak,,"Yabancı Para Pozisyonu (milyon TL), Dönem:2021/4",Yasal Özkaynak,,TL,BDDK Aylık Bülten - Excel
2021-04-01,2021,4,13,Yabancı Para Pozisyonu,10,,Yasal Özkaynak,,Toplam,792532.64426,792532.64426,TL,BDDK Aylık Bülten - Excel
2021-04-01,2021,4,13,Yabancı Para Pozisyonu,11,,Yabancı Para Net Genel Pozisyon / Yasal Özkaynak Standart Oranı (Yüzde),,Unnamed: 0,Sektör,,TL,BDDK Aylık Bülten - Excel
2021-04-01,2021,4,13,Yabancı Para Pozisyonu,11,,Yabancı Para Net Genel Pozisyon / Yasal Özkaynak Standart Oranı (Yüzde),,Unnamed: 1,11,11.0,TL,BDDK Aylık Bülten - Excel
2021-04-01,2021,4,13,Yabancı Para Pozisyonu,11,,Yabancı Para Net Genel Pozisyon / Yasal Özkaynak Standart Oranı (Yüzde),,"Yabancı Para Pozisyonu (milyon TL), Dönem:2021/4",Yabancı Para Net Genel Pozisyon / Yasal Özkaynak Standart Oranı (Yüzde),,TL,BDDK Aylık Bülten - Excel
2021-04-01,2021,4,13,Yabancı Para Pozisyonu,11,,Yabancı Para Net Genel Pozisyon / Yasal Özkaynak Standart Oranı (Yüzde),,Toplam,6.484747,6.484747,TL,BDDK Aylık Bülten - Excel
2021-05-01,2021,5,13,Yabancı Para Pozisyonu,1,,Döviz Varlıkları Toplamı,,Unnamed: 0,Sektör,,TL,BDDK Aylık Bülten - Excel
2021-05-01,2021,5,13,Yabancı Para Pozisyonu,1,,Döviz Varlıkları Toplamı,,Unnamed: 1,1,1.0,TL,BDDK Aylık Bülten - Excel
2021-05-01,2021,5,13,Yabancı Para Pozisyonu,1,,Döviz Varlıkları Toplamı,,"Yabancı Para Pozisyonu (milyon TL), Dönem:2021/5",Döviz Varlıkları Toplamı,,TL,BDDK Aylık Bülten - Excel
2021-05-01,2021,5,13,Yabancı Para Pozisyonu,1,,Döviz Varlıkları Toplamı,,Toplam,4402203.83118,4402203.83118,TL,BDDK Aylık Bülten - Excel
2021-05-01,2021,5,13,Yabancı Para Pozisyonu,2,,Bilanço İçi Varlıklar,,Unnamed: 0,Sektör,,TL,BDDK Aylık Bülten - Excel
2021-05-01,2021,5,13,Yabancı Para Pozisyonu,2,,Bilanço İçi Varlıklar,,Unnamed: 1,2,2.0,TL,BDDK Aylık Bülten - Excel
2021-05-01,2021,5,13,Yabancı Para Pozisyonu,2,,Bilanço İçi Varlıklar,,"Yabancı Para Pozisyonu (milyon TL), Dönem:2021/5",Bilanço İçi Varlıklar,,TL,BDDK Aylık Bülten - Excel
2021-05-01,2021,5,13,Yabancı Para Pozisyonu,2,,Bilanço İçi Varlıklar,,Toplam,3040859.85412,3040859.85412,TL,BDDK Aylık Bülten - Excel
2021-05-01,2021,5,13,Yabancı Para Pozisyonu,3,,Dövize Endeksli Varlıklar,,Unnamed: 0,Sektör,,TL,BDDK Aylık Bülten - Excel
2021-05-01,2021,5,13,Yabancı Para Pozisyonu,3,,Dövize Endeksli Varlıklar,,Unnamed: 1,3,3.0,TL,BDDK Aylık Bülten - Excel
2021-05-01,2021,5,13,Yabancı Para Pozisyonu,3,,Dövize Endeksli Varlıklar,,"Yabancı Para Pozisyonu (milyon TL), Dönem:2021/5",Dövize Endeksli Varlıklar,,TL,BDDK Aylık Bülten - Excel
2021-05-01,2021,5,13,Yabancı Para Pozisyonu,3,,Dövize Endeksli Varlıklar,,Toplam,19045.89292,19045.89292,TL,BDDK Aylık Bülten - Excel
2021-05-01,2021,5,13,Yabancı Para Pozisyonu,4,,Bilanço Dışı Varlıklar,,Unnamed: 0,Sektör,,TL,BDDK Aylık Bülten - Excel
2021-05-01,2021,5,13,Yabancı Para Pozisyonu,4,,Bilanço Dışı Varlıklar,,Unnamed: 1,4,4.0,TL,BDDK Aylık Bülten - Excel
2021-05-01,2021,5,13,Yabancı Para Pozisyonu,4,,Bilanço Dışı Varlıklar,,"Yabancı Para Pozisyonu (milyon TL), Dönem:2021/5",Bilanço Dışı Varlıklar,,TL,BDDK Aylık Bülten - Excel
2021-05-01,2021,5,13,Yabancı Para Pozisyonu,4,,Bilanço Dışı Varlıklar,,Toplam,1361343.97706,1361343.97706,TL,BDDK Aylık Bülten - Excel
2021-05-01,2021,5,13,Yabancı Para Pozisyonu,5,,Döviz Yükümlülükleri Toplamı,,Unnamed: 0,Sektör,,TL,BDDK Aylık Bülten - Excel
2021-05-01,2021,5,13,Yabancı Para Pozisyonu,5,,Döviz Yükümlülükleri Toplamı,,Unnamed: 1,5,5.0,TL,BDDK Aylık Bülten - Excel
2021-05-01,2021,5,13,Yabancı Para Pozisyonu,5,,Döviz Yükümlülükleri Toplamı,,"Yabancı Para Pozisyonu (milyon TL), Dönem:2021/5",Döviz Yükümlülükleri Toplamı,,TL,BDDK Aylık Bülten - Excel
2021-05-01,2021,5,13,Yabancı Para Pozisyonu,5,,Döviz Yükümlülükleri Toplamı,,Toplam,4349088.39992,4349088.39992,TL,BDDK Aylık Bülten - Excel
2021-05-01,2021,5,13,Yabancı Para Pozisyonu,6,,Bilanço İçi Yükümlülükler,,Unnamed: 0,Sektör,,TL,BDDK Aylık Bülten - Excel
2021-05-01,2021,5,13,Yabancı Para Pozisyonu,6,,Bilanço İçi Yükümlülükler,,Unnamed: 1,6,6.0,TL,BDDK Aylık Bülten - Excel
2021-05-01,2021,5,13,Yabancı Para Pozisyonu,6,,Bilanço İçi Yükümlülükler,,"Yabancı Para Pozisyonu (milyon TL), Dönem:2021/5",Bilanço İçi Yükümlülükler,,TL,BDDK Aylık Bülten - Excel
2021-05-01,2021,5,13,Yabancı Para Pozisyonu,6,,Bilanço İçi Yükümlülükler,,Toplam,3457304.2854,3457304.2854,TL,BDDK Aylık Bülten - Excel
2021-05-01,2021,5,13,Yabancı Para Pozisyonu,7,,Dövize Endeksli Yükümlülükler,,Unnamed: 0,Sektör,,TL,BDDK Aylık Bülten - Excel
2021-05-01,2021,5,13,Yabancı Para Pozisyonu,7,,Dövize Endeksli Yükümlülükler,,Unnamed: 1,7,7.0,TL,BDDK Aylık Bülten - Excel
2021-05-01,2021,5,13,Yabancı Para Pozisyonu,7,,Dövize Endeksli Yükümlülükler,,"Yabancı Para Pozisyonu (milyon TL), Dönem:2021/5",Dövize Endeksli Yükümlülükler,,TL,BDDK Aylık Bülten - Excel
2021-05-01,2021,5,13,Yabancı Para Pozisyonu,7,,Dövize Endeksli Yükümlülükler,,Toplam,0.0,0.0,TL,BDDK Aylık Bülten - Excel
2021-05-01,2021,5,13,Yabancı Para Pozisyonu,8,,Bilanço Dışı Yükümlülükler,,Unnamed: 0,Sektör,,TL,BDDK Aylık Bülten - Excel
2021-05-01,2021,5,13,Yabancı Para Pozisyonu,8,,Bilanço Dışı Yükümlülükler,,Unnamed: 1,8,8.0,TL,BDDK Aylık Bülten - Excel
2021-05-01,2021,5,13,Yabancı Para Pozisyonu,8,,Bilanço Dışı Yükümlülükler,,"Yabancı Para Pozisyonu (milyon TL), Dönem:2021/5",Bilanço Dışı Yükümlülükler,,TL,BDDK Aylık Bülten - Excel
2021-05-01,2021,5,13,Yabancı Para Pozisyonu,8,,Bilanço Dışı Yükümlülükler,,Toplam,891784.11452,891784.11452,TL,BDDK Aylık Bülten - Excel
2021-05-01,2021,5,13,Yabancı Para Pozisyonu,9,,Yabancı Para Net Genel Pozisyonu,,Unnamed: 0,Sektör,,TL,BDDK Aylık Bülten - Excel
2021-05-01,2021,5,13,Yabancı Para Pozisyonu,9,,Yabancı Para Net Genel Pozisyonu,,Unnamed: 1,9,9.0,TL,BDDK Aylık Bülten - Excel
2021-05-01,2021,5,13,Yabancı Para Pozisyonu,9,,Yabancı Para Net Genel Pozisyonu,,"Yabancı Para Pozisyonu (milyon TL), Dönem:2021/5",Yabancı Para Net Genel Pozisyonu,,TL,BDDK Aylık Bülten - Excel
2021-05-01,2021,5,13,Yabancı Para Pozisyonu,9,,Yabancı Para Net Genel Pozisyonu,,Toplam,53115.43126,53115.43126,TL,BDDK Aylık Bülten - Excel
2021-05-01,2021,5,13,Yabancı Para Pozisyonu,10,,Yasal Özkaynak,,Unnamed: 0,Sektör,,TL,BDDK Aylık Bülten - Excel
2021-05-01,2021,5,13,Yabancı Para Pozisyonu,10,,Yasal Özkaynak,,Unnamed: 1,10,10.0,TL,BDDK Aylık Bülten - Excel
2021-05-01,2021,5,13,Yabancı Para Pozisyonu,10,,Yasal Özkaynak,,"Yabancı Para Pozisyonu (milyon TL), Dönem:2021/5",Yasal Özkaynak,,TL,BDDK Aylık Bülten - Excel
2021-05-01,2021,5,13,Yabancı Para Pozisyonu,10,,Yasal Özkaynak,,Toplam,801112.56793,801112.56793,TL,BDDK Aylık Bülten - Excel
2021-05-01,2021,5,13,Yabancı Para Pozisyonu,11,,Yabancı Para Net Genel Pozisyon / Yasal Özkaynak Standart Oranı (Yüzde),,Unnamed: 0,Sektör,,TL,BDDK Aylık Bülten - Excel
2021-05-01,2021,5,13,Yabancı Para Pozisyonu,11,,Yabancı Para Net Genel Pozisyon / Yasal Özkaynak Standart Oranı (Yüzde),,Unnamed: 1,11,11.0,TL,BDDK Aylık Bülten - Excel
2021-05-01,2021,5,13,Yabancı Para Pozisyonu,11,,Yabancı Para Net Genel Pozisyon / Yasal Özkaynak Standart Oranı (Yüzde),,"Yabancı Para Pozisyonu (milyon TL), Dönem:2021/5",Yabancı Para Net Genel Pozisyon / Yasal Özkaynak Standart Oranı (Yüzde),,TL,BDDK Aylık Bülten - Excel
2021-05-01,2021,5,13,Yabancı Para Pozisyonu,11,,Yabancı Para Net Genel Pozisyon / Yasal Özkaynak Standart Oranı (Yüzde),,Toplam,6.630208,6.630208,TL,BDDK Aylık Bülten - Excel
2021-06-01,2021,6,13,Yabancı Para Pozisyonu,1,,Döviz Varlıkları Toplamı,,Unnamed: 0,Sektör,,TL,BDDK Aylık Bülten - Excel
2021-06-01,2021,6,13,Yabancı Para Pozisyonu,1,,Döviz Varlıkları Toplamı,,Unnamed: 1,1,1.0,TL,BDDK Aylık Bülten - Excel
2021-06-01,2021,6,13,Yabancı Para Pozisyonu,1,,Döviz Varlıkları Toplamı,,"Yabancı Para Pozisyonu (milyon TL), Dönem:2021/6",Döviz Varlıkları Toplamı,,TL,BDDK Aylık Bülten - Excel
2021-06-01,2021,6,13,Yabancı Para Pozisyonu,1,,Döviz Varlıkları Toplamı,,Toplam,4385612.8609,4385612.8609,TL,BDDK Aylık Bülten - Excel
2021-06-01,2021,6,13,Yabancı Para Pozisyonu,2,,Bilanço İçi Varlıklar,,Unnamed: 0,Sektör,,TL,BDDK Aylık Bülten - Excel
2021-06-01,2021,6,13,Yabancı Para Pozisyonu,2,,Bilanço İçi Varlıklar,,Unnamed: 1,2,2.0,TL,BDDK Aylık Bülten - Excel
2021-06-01,2021,6,13,Yabancı Para Pozisyonu,2,,Bilanço İçi Varlıklar,,"Yabancı Para Pozisyonu (milyon TL), Dönem:2021/6",Bilanço İçi Varlıklar,,TL,BDDK Aylık Bülten - Excel
2021-06-01,2021,6,13,Yabancı Para Pozisyonu,2,,Bilanço İçi Varlıklar,,Toplam,3047316.10625,3047316.10625,TL,BDDK Aylık Bülten - Excel
2021-06-01,2021,6,13,Yabancı Para Pozisyonu,3,,Dövize Endeksli Varlıklar,,Unnamed: 0,Sektör,,TL,BDDK Aylık Bülten - Excel
2021-06-01,2021,6,13,Yabancı Para Pozisyonu,3,,Dövize Endeksli Varlıklar,,Unnamed: 1,3,3.0,TL,BDDK Aylık Bülten - Excel
2021-06-01,2021,6,13,Yabancı Para Pozisyonu,3,,Dövize Endeksli Varlıklar,,"Yabancı Para Pozisyonu (milyon TL), Dönem:2021/6",Dövize Endeksli Varlıklar,,TL,BDDK Aylık Bülten - Excel
2021-06-01,2021,6,13,Yabancı Para Pozisyonu,3,,Dövize Endeksli Varlıklar,,Toplam,18247.61294,18247.61294,TL,BDDK Aylık Bülten - Excel
2021-06-01,2021,6,13,Yabancı Para Pozisyonu,4,,Bilanço Dışı Varlıklar,,Unnamed: 0,Sektör,,TL,BDDK Aylık Bülten - Excel
2021-06-01,2021,6,13,Yabancı Para Pozisyonu,4,,Bilanço Dışı Varlıklar,,Unnamed: 1,4,4.0,TL,BDDK Aylık Bülten - Excel
2021-06-01,2021,6,13,Yabancı Para Pozisyonu,4,,Bilanço Dışı Varlıklar,,"Yabancı Para Pozisyonu (milyon TL), Dönem:2021/6",Bilanço Dışı Varlıklar,,TL,BDDK Aylık Bülten - Excel
2021-06-01,2021,6,13,Yabancı Para Pozisyonu,4,,Bilanço Dışı Varlıklar,,Toplam,1338296.75465,1338296.75465,TL,BDDK Aylık Bülten - Excel
2021-06-01,2021,6,13,Yabancı Para Pozisyonu,5,,Döviz Yükümlülükleri Toplamı,,Unnamed: 0,Sektör,,TL,BDDK Aylık Bülten - Excel
2021-06-01,2021,6,13,Yabancı Para Pozisyonu,5,,Döviz Yükümlülükleri Toplamı,,Unnamed: 1,5,5.0,TL,BDDK Aylık Bülten - Excel
2021-06-01,2021,6,13,Yabancı Para Pozisyonu,5,,Döviz Yükümlülükleri Toplamı,,"Yabancı Para Pozisyonu (milyon TL), Dönem:2021/6",Döviz Yükümlülükleri Toplamı,,TL,BDDK Aylık Bülten - Excel
2021-06-01,2021,6,13,Yabancı Para Pozisyonu,5,,Döviz Yükümlülükleri Toplamı,,Toplam,4334983.37645,4334983.37645,TL,BDDK Aylık Bülten - Excel
2021-06-01,2021,6,13,Yabancı Para Pozisyonu,6,,Bilanço İçi Yükümlülükler,,Unnamed: 0,Sektör,,TL,BDDK Aylık Bülten - Excel
2021-06-01,2021,6,13,Yabancı Para Pozisyonu,6,,Bilanço İçi Yükümlülükler,,Unnamed: 1,6,6.0,TL,BDDK Aylık Bülten - Excel
2021-06-01,2021,6,13,Yabancı Para Pozisyonu,6,,Bilanço İçi Yükümlülükler,,"Yabancı Para Pozisyonu (milyon TL), Dönem:2021/6",Bilanço İçi Yükümlülükler,,TL,BDDK Aylık Bülten - Excel
2021-06-01,2021,6,13,Yabancı Para Pozisyonu,6,,Bilanço İçi Yükümlülükler,,Toplam,3481919.62386,3481919.62386,TL,BDDK Aylık Bülten - Excel
2021-06-01,2021,6,13,Yabancı Para Pozisyonu,7,,Dövize Endeksli Yükümlülükler,,Unnamed: 0,Sektör,,TL,BDDK Aylık Bülten - Excel
2021-06-01,2021,6,13,Yabancı Para Pozisyonu,7,,Dövize Endeksli Yükümlülükler,,Unnamed: 1,7,7.0,TL,BDDK Aylık Bülten - Excel
2021-06-01,2021,6,13,Yabancı Para Pozisyonu,7,,Dövize Endeksli Yükümlülükler,,"Yabancı Para Pozisyonu (milyon TL), Dönem:2021/6",Dövize Endeksli Yükümlülükler,,TL,BDDK Aylık Bülten - Excel
2021-06-01,2021,6,13,Yabancı Para Pozisyonu,7,,Dövize Endeksli Yükümlülükler,,Toplam,0.0,0.0,TL,BDDK Aylık Bülten - Excel
2021-06-01,2021,6,13,Yabancı Para Pozisyonu,8,,Bilanço Dışı Yükümlülükler,,Unnamed: 0,Sektör,,TL,BDDK Aylık Bülten - Excel
2021-06-01,2021,6,13,Yabancı Para Pozisyonu,8,,Bilanço Dışı Yükümlülükler,,Unnamed: 1,8,8.0,TL,BDDK Aylık Bülten - Excel
2021-06-01,2021,6,13,Yabancı Para Pozisyonu,8,,Bilanço Dışı Yükümlülükler,,"Yabancı Para Pozisyonu (milyon TL), Dönem:2021/6",Bilanço Dışı Yükümlülükler,,TL,BDDK Aylık Bülten - Excel
2021-06-01,2021,6,13,Yabancı Para Pozisyonu,8,,Bilanço Dışı Yükümlülükler,,Toplam,853063.75259,853063.75259,TL,BDDK Aylık Bülten - Excel
2021-06-01,2021,6,13,Yabancı Para Pozisyonu,9,,Yabancı Para Net Genel Pozisyonu,,Unnamed: 0,Sektör,,TL,BDDK Aylık Bülten - Excel
2021-06-01,2021,6,13,Yabancı Para Pozisyonu,9,,Yabancı Para Net Genel Pozisyonu,,Unnamed: 1,9,9.0,TL,BDDK Aylık Bülten - Excel
2021-06-01,2021,6,13,Yabancı Para Pozisyonu,9,,Yabancı Para Net Genel Pozisyonu,,"Yabancı Para Pozisyonu (milyon TL), Dönem:2021/6",Yabancı Para Net Genel Pozisyonu,,TL,BDDK Aylık Bülten - Excel
2021-06-01,2021,6,13,Yabancı Para Pozisyonu,9,,Yabancı Para Net Genel Pozisyonu,,Toplam,50629.48445,50629.48445,TL,BDDK Aylık Bülten - Excel
2021-06-01,2021,6,13,Yabancı Para Pozisyonu,10,,Yasal Özkaynak,,Unnamed: 0,Sektör,,TL,BDDK Aylık Bülten - Excel
2021-06-01,2021,6,13,Yabancı Para Pozisyonu,10,,Yasal Özkaynak,,Unnamed: 1,10,10.0,TL,BDDK Aylık Bülten - Excel
2021-06-01,2021,6,13,Yabancı Para Pozisyonu,10,,Yasal Özkaynak,,"Yabancı Para Pozisyonu (milyon TL), Dönem:2021/6",Yasal Özkaynak,,TL,BDDK Aylık Bülten - Excel
2021-06-01,2021,6,13,Yabancı Para Pozisyonu,10,,Yasal Özkaynak,,Toplam,806978.99267,806978.99267,TL,BDDK Aylık Bülten - Excel
2021-06-01,2021,6,13,Yabancı Para Pozisyonu,11,,Yabancı Para Net Genel Pozisyon / Yasal Özkaynak Standart Oranı (Yüzde),,Unnamed: 0,Sektör,,TL,BDDK Aylık Bülten - Excel
2021-06-01,2021,6,13,Yabancı Para Pozisyonu,11,,Yabancı Para Net Genel Pozisyon / Yasal Özkaynak Standart Oranı (Yüzde),,Unnamed: 1,11,11.0,TL,BDDK Aylık Bülten - Excel
2021-06-01,2021,6,13,Yabancı Para Pozisyonu,11,,Yabancı Para Net Genel Pozisyon / Yasal Özkaynak Standart Oranı (Yüzde),,"Yabancı Para Pozisyonu (milyon TL), Dönem:2021/6",Yabancı Para Net Genel Pozisyon / Yasal Özkaynak Standart Oranı (Yüzde),,TL,BDDK Aylık Bülten - Excel
2021-06-01,2021,6,13,Yabancı Para Pozisyonu,11,,Yabancı Para Net Genel Pozisyon / Yasal Özkaynak Standart Oranı (Yüzde),,Toplam,6.273953,6.273953,TL,BDDK Aylık Bülten - Excel
2021-07-01,2021,7,13,Yabancı Para Pozisyonu,1,,Döviz Varlıkları Toplamı,,Unnamed: 0,Sektör,,TL,BDDK Aylık Bülten - Excel
2021-07-01,2021,7,13,Yabancı Para Pozisyonu,1,,Döviz Varlıkları Toplamı,,Unnamed: 1,1,1.0,TL,BDDK Aylık Bülten - Excel
2021-07-01,2021,7,13,Yabancı Para Pozisyonu,1,,Döviz Varlıkları Toplamı,,"Yabancı Para Pozisyonu (milyon TL), Dönem:2021/7",Döviz Varlıkları Toplamı,,TL,BDDK Aylık Bülten - Excel
2021-07-01,2021,7,13,Yabancı Para Pozisyonu,1,,Döviz Varlıkları Toplamı,,Toplam,4326150.71093,4326150.71093,TL,BDDK Aylık Bülten - Excel
2021-07-01,2021,7,13,Yabancı Para Pozisyonu,2,,Bilanço İçi Varlıklar,,Unnamed: 0,Sektör,,TL,BDDK Aylık Bülten - Excel
2021-07-01,2021,7,13,Yabancı Para Pozisyonu,2,,Bilanço İçi Varlıklar,,Unnamed: 1,2,2.0,TL,BDDK Aylık Bülten - Excel
2021-07-01,2021,7,13,Yabancı Para Pozisyonu,2,,Bilanço İçi Varlıklar,,"Yabancı Para Pozisyonu (milyon TL), Dönem:2021/7",Bilanço İçi Varlıklar,,TL,BDDK Aylık Bülten - Excel
2021-07-01,2021,7,13,Yabancı Para Pozisyonu,2,,Bilanço İçi Varlıklar,,Toplam,2998028.31336,2998028.31336,TL,BDDK Aylık Bülten - Excel
2021-07-01,2021,7,13,Yabancı Para Pozisyonu,3,,Dövize Endeksli Varlıklar,,Unnamed: 0,Sektör,,TL,BDDK Aylık Bülten - Excel
2021-07-01,2021,7,13,Yabancı Para Pozisyonu,3,,Dövize Endeksli Varlıklar,,Unnamed: 1,3,3.0,TL,BDDK Aylık Bülten - Excel
2021-07-01,2021,7,13,Yabancı Para Pozisyonu,3,,Dövize Endeksli Varlıklar,,"Yabancı Para Pozisyonu (milyon TL), Dönem:2021/7",Dövize Endeksli Varlıklar,,TL,BDDK Aylık Bülten - Excel
2021-07-01,2021,7,13,Yabancı Para Pozisyonu,3,,Dövize Endeksli Varlıklar,,Toplam,17530.20025,17530.20025,TL,BDDK Aylık Bülten - Excel
2021-07-01,2021,7,13,Yabancı Para Pozisyonu,4,,Bilanço Dışı Varlıklar,,Unnamed: 0,Sektör,,TL,BDDK Aylık Bülten - Excel
2021-07-01,2021,7,13,Yabancı Para Pozisyonu,4,,Bilanço Dışı Varlıklar,,Unnamed: 1,4,4.0,TL,BDDK Aylık Bülten - Excel
2021-07-01,2021,7,13,Yabancı Para Pozisyonu,4,,Bilanço Dışı Varlıklar,,"Yabancı Para Pozisyonu (milyon TL), Dönem:2021/7",Bilanço Dışı Varlıklar,,TL,BDDK Aylık Bülten - Excel
2021-07-01,2021,7,13,Yabancı Para Pozisyonu,4,,Bilanço Dışı Varlıklar,,Toplam,1328122.39757,1328122.39757,TL,BDDK Aylık Bülten - Excel
2021-07-01,2021,7,13,Yabancı Para Pozisyonu,5,,Döviz Yükümlülükleri Toplamı,,Unnamed: 0,Sektör,,TL,BDDK Aylık Bülten - Excel
2021-07-01,2021,7,13,Yabancı Para Pozisyonu,5,,Döviz Yükümlülükleri Toplamı,,Unnamed: 1,5,5.0,TL,BDDK Aylık Bülten - Excel
2021-07-01,2021,7,13,Yabancı Para Pozisyonu,5,,Döviz Yükümlülükleri Toplamı,,"Yabancı Para Pozisyonu (milyon TL), Dönem:2021/7",Döviz Yükümlülükleri Toplamı,,TL,BDDK Aylık Bülten - Excel
2021-07-01,2021,7,13,Yabancı Para Pozisyonu,5,,Döviz Yükümlülükleri Toplamı,,Toplam,4273421.94834,4273421.94834,TL,BDDK Aylık Bülten - Excel
2021-07-01,2021,7,13,Yabancı Para Pozisyonu,6,,Bilanço İçi Yükümlülükler,,Unnamed: 0,Sektör,,TL,BDDK Aylık Bülten - Excel
2021-07-01,2021,7,13,Yabancı Para Pozisyonu,6,,Bilanço İçi Yükümlülükler,,Unnamed: 1,6,6.0,TL,BDDK Aylık Bülten - Excel
2021-07-01,2021,7,13,Yabancı Para Pozisyonu,6,,Bilanço İçi Yükümlülükler,,"Yabancı Para Pozisyonu (milyon TL), Dönem:2021/7",Bilanço İçi Yükümlülükler,,TL,BDDK Aylık Bülten - Excel
2021-07-01,2021,7,13,Yabancı Para Pozisyonu,6,,Bilanço İçi Yükümlülükler,,Toplam,3435608.02734,3435608.02734,TL,BDDK Aylık Bülten - Excel
2021-07-01,2021,7,13,Yabancı Para Pozisyonu,7,,Dövize Endeksli Yükümlülükler,,Unnamed: 0,Sektör,,TL,BDDK Aylık Bülten - Excel
2021-07-01,2021,7,13,Yabancı Para Pozisyonu,7,,Dövize Endeksli Yükümlülükler,,Unnamed: 1,7,7.0,TL,BDDK Aylık Bülten - Excel
2021-07-01,2021,7,13,Yabancı Para Pozisyonu,7,,Dövize Endeksli Yükümlülükler,,"Yabancı Para Pozisyonu (milyon TL), Dönem:2021/7",Dövize Endeksli Yükümlülükler,,TL,BDDK Aylık Bülten - Excel
2021-07-01,2021,7,13,Yabancı Para Pozisyonu,7,,Dövize Endeksli Yükümlülükler,,Toplam,0.0,0.0,TL,BDDK Aylık Bülten - Excel
2021-07-01,2021,7,13,Yabancı Para Pozisyonu,8,,Bilanço Dışı Yükümlülükler,,Unnamed: 0,Sektör,,TL,BDDK Aylık Bülten - Excel
2021-07-01,2021,7,13,Yabancı Para Pozisyonu,8,,Bilanço Dışı Yükümlülükler,,Unnamed: 1,8,8.0,TL,BDDK Aylık Bülten - Excel
2021-07-01,2021,7,13,Yabancı Para Pozisyonu,8,,Bilanço Dışı Yükümlülükler,,"Yabancı Para Pozisyonu (milyon TL), Dönem:2021/7",Bilanço Dışı Yükümlülükler,,TL,BDDK Aylık Bülten - Excel
2021-07-01,2021,7,13,Yabancı Para Pozisyonu,8,,Bilanço Dışı Yükümlülükler,,Toplam,837813.921,837813.921,TL,BDDK Aylık Bülten - Excel
2021-07-01,2021,7,13,Yabancı Para Pozisyonu,9,,Yabancı Para Net Genel Pozisyonu,,Unnamed: 0,Sektör,,TL,BDDK Aylık Bülten - Excel
2021-07-01,2021,7,13,Yabancı Para Pozisyonu,9,,Yabancı Para Net Genel Pozisyonu,,Unnamed: 1,9,9.0,TL,BDDK Aylık Bülten - Excel
2021-07-01,2021,7,13,Yabancı Para Pozisyonu,9,,Yabancı Para Net Genel Pozisyonu,,"Yabancı Para Pozisyonu (milyon TL), Dönem:2021/7",Yabancı Para Net Genel Pozisyonu,,TL,BDDK Aylık Bülten - Excel
2021-07-01,2021,7,13,Yabancı Para Pozisyonu,9,,Yabancı Para Net Genel Pozisyonu,,Toplam,52728.76259,52728.76259,TL,BDDK Aylık Bülten - Excel
2021-07-01,2021,7,13,Yabancı Para Pozisyonu,10,,Yasal Özkaynak,,Unnamed: 0,Sektör,,TL,BDDK Aylık Bülten - Excel
2021-07-01,2021,7,13,Yabancı Para Pozisyonu,10,,Yasal Özkaynak,,Unnamed: 1,10,10.0,TL,BDDK Aylık Bülten - Excel
2021-07-01,2021,7,13,Yabancı Para Pozisyonu,10,,Yasal Özkaynak,,"Yabancı Para Pozisyonu (milyon TL), Dönem:2021/7",Yasal Özkaynak,,TL,BDDK Aylık Bülten - Excel
2021-07-01,2021,7,13,Yabancı Para Pozisyonu,10,,Yasal Özkaynak,,Toplam,812053.40264,812053.40264,TL,BDDK Aylık Bülten - Excel
2021-07-01,2021,7,13,Yabancı Para Pozisyonu,11,,Yabancı Para Net Genel Pozisyon / Yasal Özkaynak Standart Oranı (Yüzde),,Unnamed: 0,Sektör,,TL,BDDK Aylık Bülten - Excel
2021-07-01,2021,7,13,Yabancı Para Pozisyonu,11,,Yabancı Para Net Genel Pozisyon / Yasal Özkaynak Standart Oranı (Yüzde),,Unnamed: 1,11,11.0,TL,BDDK Aylık Bülten - Excel
2021-07-01,2021,7,13,Yabancı Para Pozisyonu,11,,Yabancı Para Net Genel Pozisyon / Yasal Özkaynak Standart Oranı (Yüzde),,"Yabancı Para Pozisyonu (milyon TL), Dönem:2021/7",Yabancı Para Net Genel Pozisyon / Yasal Özkaynak Standart Oranı (Yüzde),,TL,BDDK Aylık Bülten - Excel
2021-07-01,2021,7,13,Yabancı Para Pozisyonu,11,,Yabancı Para Net Genel Pozisyon / Yasal Özkaynak Standart Oranı (Yüzde),,Toplam,6.493262,6.493262,TL,BDDK Aylık Bülten - Excel
2021-08-01,2021,8,13,Yabancı Para Pozisyonu,1,,Döviz Varlıkları Toplamı,,Unnamed: 0,Sektör,,TL,BDDK Aylık Bülten - Excel
2021-08-01,2021,8,13,Yabancı Para Pozisyonu,1,,Döviz Varlıkları Toplamı,,Unnamed: 1,1,1.0,TL,BDDK Aylık Bülten - Excel
2021-08-01,2021,8,13,Yabancı Para Pozisyonu,1,,Döviz Varlıkları Toplamı,,"Yabancı Para Pozisyonu (milyon TL), Dönem:2021/8",Döviz Varlıkları Toplamı,,TL,BDDK Aylık Bülten - Excel
2021-08-01,2021,8,13,Yabancı Para Pozisyonu,1,,Döviz Varlıkları Toplamı,,Toplam,4337214.55496,4337214.55496,TL,BDDK Aylık Bülten - Excel
2021-08-01,2021,8,13,Yabancı Para Pozisyonu,2,,Bilanço İçi Varlıklar,,Unnamed: 0,Sektör,,TL,BDDK Aylık Bülten - Excel
2021-08-01,2021,8,13,Yabancı Para Pozisyonu,2,,Bilanço İçi Varlıklar,,Unnamed: 1,2,2.0,TL,BDDK Aylık Bülten - Excel
2021-08-01,2021,8,13,Yabancı Para Pozisyonu,2,,Bilanço İçi Varlıklar,,"Yabancı Para Pozisyonu (milyon TL), Dönem:2021/8",Bilanço İçi Varlıklar,,TL,BDDK Aylık Bülten - Excel
2021-08-01,2021,8,13,Yabancı Para Pozisyonu,2,,Bilanço İçi Varlıklar,,Toplam,2988435.86428,2988435.86428,TL,BDDK Aylık Bülten - Excel
2021-08-01,2021,8,13,Yabancı Para Pozisyonu,3,,Dövize Endeksli Varlıklar,,Unnamed: 0,Sektör,,TL,BDDK Aylık Bülten - Excel
2021-08-01,2021,8,13,Yabancı Para Pozisyonu,3,,Dövize Endeksli Varlıklar,,Unnamed: 1,3,3.0,TL,BDDK Aylık Bülten - Excel
2021-08-01,2021,8,13,Yabancı Para Pozisyonu,3,,Dövize Endeksli Varlıklar,,"Yabancı Para Pozisyonu (milyon TL), Dönem:2021/8",Dövize Endeksli Varlıklar,,TL,BDDK Aylık Bülten - Excel
2021-08-01,2021,8,13,Yabancı Para Pozisyonu,3,,Dövize Endeksli Varlıklar,,Toplam,16464.30187,16464.30187,TL,BDDK Aylık Bülten - Excel
2021-08-01,2021,8,13,Yabancı Para Pozisyonu,4,,Bilanço Dışı Varlıklar,,Unnamed: 0,Sektör,,TL,BDDK Aylık Bülten - Excel
2021-08-01,2021,8,13,Yabancı Para Pozisyonu,4,,Bilanço Dışı Varlıklar,,Unnamed: 1,4,4.0,TL,BDDK Aylık Bülten - Excel
2021-08-01,2021,8,13,Yabancı Para Pozisyonu,4,,Bilanço Dışı Varlıklar,,"Yabancı Para Pozisyonu (milyon TL), Dönem:2021/8",Bilanço Dışı Varlıklar,,TL,BDDK Aylık Bülten - Excel
2021-08-01,2021,8,13,Yabancı Para Pozisyonu,4,,Bilanço Dışı Varlıklar,,Toplam,1348778.69068,1348778.69068,TL,BDDK Aylık Bülten - Excel
2021-08-01,2021,8,13,Yabancı Para Pozisyonu,5,,Döviz Yükümlülükleri Toplamı,,Unnamed: 0,Sektör,,TL,BDDK Aylık Bülten - Excel
2021-08-01,2021,8,13,Yabancı Para Pozisyonu,5,,Döviz Yükümlülükleri Toplamı,,Unnamed: 1,5,5.0,TL,BDDK Aylık Bülten - Excel
2021-08-01,2021,8,13,Yabancı Para Pozisyonu,5,,Döviz Yükümlülükleri Toplamı,,"Yabancı Para Pozisyonu (milyon TL), Dönem:2021/8",Döviz Yükümlülükleri Toplamı,,TL,BDDK Aylık Bülten - Excel
2021-08-01,2021,8,13,Yabancı Para Pozisyonu,5,,Döviz Yükümlülükleri Toplamı,,Toplam,4280915.7308,4280915.7308,TL,BDDK Aylık Bülten - Excel
2021-08-01,2021,8,13,Yabancı Para Pozisyonu,6,,Bilanço İçi Yükümlülükler,,Unnamed: 0,Sektör,,TL,BDDK Aylık Bülten - Excel
2021-08-01,2021,8,13,Yabancı Para Pozisyonu,6,,Bilanço İçi Yükümlülükler,,Unnamed: 1,6,6.0,TL,BDDK Aylık Bülten - Excel
2021-08-01,2021,8,13,Yabancı Para Pozisyonu,6,,Bilanço İçi Yükümlülükler,,"Yabancı Para Pozisyonu (milyon TL), Dönem:2021/8",Bilanço İçi Yükümlülükler,,TL,BDDK Aylık Bülten - Excel
2021-08-01,2021,8,13,Yabancı Para Pozisyonu,6,,Bilanço İçi Yükümlülükler,,Toplam,3426511.09945,3426511.09945,TL,BDDK Aylık Bülten - Excel
2021-08-01,2021,8,13,Yabancı Para Pozisyonu,7,,Dövize Endeksli Yükümlülükler,,Unnamed: 0,Sektör,,TL,BDDK Aylık Bülten - Excel
2021-08-01,2021,8,13,Yabancı Para Pozisyonu,7,,Dövize Endeksli Yükümlülükler,,Unnamed: 1,7,7.0,TL,BDDK Aylık Bülten - Excel
2021-08-01,2021,8,13,Yabancı Para Pozisyonu,7,,Dövize Endeksli Yükümlülükler,,"Yabancı Para Pozisyonu (milyon TL), Dönem:2021/8",Dövize Endeksli Yükümlülükler,,TL,BDDK Aylık Bülten - Excel
2021-08-01,2021,8,13,Yabancı Para Pozisyonu,7,,Dövize Endeksli Yükümlülükler,,Toplam,0.0,0.0,TL,BDDK Aylık Bülten - Excel
2021-08-01,2021,8,13,Yabancı Para Pozisyonu,8,,Bilanço Dışı Yükümlülükler,,Unnamed: 0,Sektör,,TL,BDDK Aylık Bülten - Excel
2021-08-01,2021,8,13,Yabancı Para Pozisyonu,8,,Bilanço Dışı Yükümlülükler,,Unnamed: 1,8,8.0,TL,BDDK Aylık Bülten - Excel
2021-08-01,2021,8,13,Yabancı Para Pozisyonu,8,,Bilanço Dışı Yükümlülükler,,"Yabancı Para Pozisyonu (milyon TL), Dönem:2021/8",Bilanço Dışı Yükümlülükler,,TL,BDDK Aylık Bülten - Excel
2021-08-01,2021,8,13,Yabancı Para Pozisyonu,8,,Bilanço Dışı Yükümlülükler,,Toplam,854404.63135,854404.63135,TL,BDDK Aylık Bülten - Excel
2021-08-01,2021,8,13,Yabancı Para Pozisyonu,9,,Yabancı Para Net Genel Pozisyonu,,Unnamed: 0,Sektör,,TL,BDDK Aylık Bülten - Excel
2021-08-01,2021,8,13,Yabancı Para Pozisyonu,9,,Yabancı Para Net Genel Pozisyonu,,Unnamed: 1,9,9.0,TL,BDDK Aylık Bülten - Excel
2021-08-01,2021,8,13,Yabancı Para Pozisyonu,9,,Yabancı Para Net Genel Pozisyonu,,"Yabancı Para Pozisyonu (milyon TL), Dönem:2021/8",Yabancı Para Net Genel Pozisyonu,,TL,BDDK Aylık Bülten - Excel
2021-08-01,2021,8,13,Yabancı Para Pozisyonu,9,,Yabancı Para Net Genel Pozisyonu,,Toplam,56298.82416,56298.82416,TL,BDDK Aylık Bülten - Excel
2021-08-01,2021,8,13,Yabancı Para Pozisyonu,10,,Yasal Özkaynak,,Unnamed: 0,Sektör,,TL,BDDK Aylık Bülten - Excel
2021-08-01,2021,8,13,Yabancı Para Pozisyonu,10,,Yasal Özkaynak,,Unnamed: 1,10,10.0,TL,BDDK Aylık Bülten - Excel
2021-08-01,2021,8,13,Yabancı Para Pozisyonu,10,,Yasal Özkaynak,,"Yabancı Para Pozisyonu (milyon TL), Dönem:2021/8",Yasal Özkaynak,,TL,BDDK Aylık Bülten - Excel
2021-08-01,2021,8,13,Yabancı Para Pozisyonu,10,,Yasal Özkaynak,,Toplam,818251.33263,818251.33263,TL,BDDK Aylık Bülten - Excel
2021-08-01,2021,8,13,Yabancı Para Pozisyonu,11,,Yabancı Para Net Genel Pozisyon / Yasal Özkaynak Standart Oranı (Yüzde),,Unnamed: 0,Sektör,,TL,BDDK Aylık Bülten - Excel
2021-08-01,2021,8,13,Yabancı Para Pozisyonu,11,,Yabancı Para Net Genel Pozisyon / Yasal Özkaynak Standart Oranı (Yüzde),,Unnamed: 1,11,11.0,TL,BDDK Aylık Bülten - Excel
2021-08-01,2021,8,13,Yabancı Para Pozisyonu,11,,Yabancı Para Net Genel Pozisyon / Yasal Özkaynak Standart Oranı (Yüzde),,"Yabancı Para Pozisyonu (milyon TL), Dönem:2021/8",Yabancı Para Net Genel Pozisyon / Yasal Özkaynak Standart Oranı (Yüzde),,TL,BDDK Aylık Bülten - Excel
2021-08-01,2021,8,13,Yabancı Para Pozisyonu,11,,Yabancı Para Net Genel Pozisyon / Yasal Özkaynak Standart Oranı (Yüzde),,Toplam,6.880382,6.880382,TL,BDDK Aylık Bülten - Excel
2021-09-01,2021,9,13,Yabancı Para Pozisyonu,1,,Döviz Varlıkları Toplamı,,Unnamed: 0,Sektör,,TL,BDDK Aylık Bülten - Excel
2021-09-01,2021,9,13,Yabancı Para Pozisyonu,1,,Döviz Varlıkları Toplamı,,Unnamed: 1,1,1.0,TL,BDDK Aylık Bülten - Excel
2021-09-01,2021,9,13,Yabancı Para Pozisyonu,1,,Döviz Varlıkları Toplamı,,"Yabancı Para Pozisyonu (milyon TL), Dönem:2021/9",Döviz Varlıkları Toplamı,,TL,BDDK Aylık Bülten - Excel
2021-09-01,2021,9,13,Yabancı Para Pozisyonu,1,,Döviz Varlıkları Toplamı,,Toplam,4563948.93774,4563948.93774,TL,BDDK Aylık Bülten - Excel
2021-09-01,2021,9,13,Yabancı Para Pozisyonu,2,,Bilanço İçi Varlıklar,,Unnamed: 0,Sektör,,TL,BDDK Aylık Bülten - Excel
2021-09-01,2021,9,13,Yabancı Para Pozisyonu,2,,Bilanço İçi Varlıklar,,Unnamed: 1,2,2.0,TL,BDDK Aylık Bülten - Excel
2021-09-01,2021,9,13,Yabancı Para Pozisyonu,2,,Bilanço İçi Varlıklar,,"Yabancı Para Pozisyonu (milyon TL), Dönem:2021/9",Bilanço İçi Varlıklar,,TL,BDDK Aylık Bülten - Excel
2021-09-01,2021,9,13,Yabancı Para Pozisyonu,2,,Bilanço İçi Varlıklar,,Toplam,3144982.86922,3144982.86922,TL,BDDK Aylık Bülten - Excel
2021-09-01,2021,9,13,Yabancı Para Pozisyonu,3,,Dövize Endeksli Varlıklar,,Unnamed: 0,Sektör,,TL,BDDK Aylık Bülten - Excel
2021-09-01,2021,9,13,Yabancı Para Pozisyonu,3,,Dövize Endeksli Varlıklar,,Unnamed: 1,3,3.0,TL,BDDK Aylık Bülten - Excel
2021-09-01,2021,9,13,Yabancı Para Pozisyonu,3,,Dövize Endeksli Varlıklar,,"Yabancı Para Pozisyonu (milyon TL), Dönem:2021/9",Dövize Endeksli Varlıklar,,TL,BDDK Aylık Bülten - Excel
2021-09-01,2021,9,13,Yabancı Para Pozisyonu,3,,Dövize Endeksli Varlıklar,,Toplam,16480.91828,16480.91828,TL,BDDK Aylık Bülten - Excel
2021-09-01,2021,9,13,Yabancı Para Pozisyonu,4,,Bilanço Dışı Varlıklar,,Unnamed: 0,Sektör,,TL,BDDK Aylık Bülten - Excel
2021-09-01,2021,9,13,Yabancı Para Pozisyonu,4,,Bilanço Dışı Varlıklar,,Unnamed: 1,4,4.0,TL,BDDK Aylık Bülten - Excel
2021-09-01,2021,9,13,Yabancı Para Pozisyonu,4,,Bilanço Dışı Varlıklar,,"Yabancı Para Pozisyonu (milyon TL), Dönem:2021/9",Bilanço Dışı Varlıklar,,TL,BDDK Aylık Bülten - Excel
2021-09-01,2021,9,13,Yabancı Para Pozisyonu,4,,Bilanço Dışı Varlıklar,,Toplam,1418966.06852,1418966.06852,TL,BDDK Aylık Bülten - Excel
2021-09-01,2021,9,13,Yabancı Para Pozisyonu,5,,Döviz Yükümlülükleri Toplamı,,Unnamed: 0,Sektör,,TL,BDDK Aylık Bülten - Excel
2021-09-01,2021,9,13,Yabancı Para Pozisyonu,5,,Döviz Yükümlülükleri Toplamı,,Unnamed: 1,5,5.0,TL,BDDK Aylık Bülten - Excel
2021-09-01,2021,9,13,Yabancı Para Pozisyonu,5,,Döviz Yükümlülükleri Toplamı,,"Yabancı Para Pozisyonu (milyon TL), Dönem:2021/9",Döviz Yükümlülükleri Toplamı,,TL,BDDK Aylık Bülten - Excel
2021-09-01,2021,9,13,Yabancı Para Pozisyonu,5,,Döviz Yükümlülükleri Toplamı,,Toplam,4514876.40465,4514876.40465,TL,BDDK Aylık Bülten - Excel
2021-09-01,2021,9,13,Yabancı Para Pozisyonu,6,,Bilanço İçi Yükümlülükler,,Unnamed: 0,Sektör,,TL,BDDK Aylık Bülten - Excel
2021-09-01,2021,9,13,Yabancı Para Pozisyonu,6,,Bilanço İçi Yükümlülükler,,Unnamed: 1,6,6.0,TL,BDDK Aylık Bülten - Excel
2021-09-01,2021,9,13,Yabancı Para Pozisyonu,6,,Bilanço İçi Yükümlülükler,,"Yabancı Para Pozisyonu (milyon TL), Dönem:2021/9",Bilanço İçi Yükümlülükler,,TL,BDDK Aylık Bülten - Excel
2021-09-01,2021,9,13,Yabancı Para Pozisyonu,6,,Bilanço İçi Yükümlülükler,,Toplam,3598508.96023,3598508.96023,TL,BDDK Aylık Bülten - Excel
2021-09-01,2021,9,13,Yabancı Para Pozisyonu,7,,Dövize Endeksli Yükümlülükler,,Unnamed: 0,Sektör,,TL,BDDK Aylık Bülten - Excel
2021-09-01,2021,9,13,Yabancı Para Pozisyonu,7,,Dövize Endeksli Yükümlülükler,,Unnamed: 1,7,7.0,TL,BDDK Aylık Bülten - Excel
2021-09-01,2021,9,13,Yabancı Para Pozisyonu,7,,Dövize Endeksli Yükümlülükler,,"Yabancı Para Pozisyonu (milyon TL), Dönem:2021/9",Dövize Endeksli Yükümlülükler,,TL,BDDK Aylık Bülten - Excel
2021-09-01,2021,9,13,Yabancı Para Pozisyonu,7,,Dövize Endeksli Yükümlülükler,,Toplam,0.0,0.0,TL,BDDK Aylık Bülten - Excel
2021-09-01,2021,9,13,Yabancı Para Pozisyonu,8,,Bilanço Dışı Yükümlülükler,,Unnamed: 0,Sektör,,TL,BDDK Aylık Bülten - Excel
2021-09-01,2021,9,13,Yabancı Para Pozisyonu,8,,Bilanço Dışı Yükümlülükler,,Unnamed: 1,8,8.0,TL,BDDK Aylık Bülten - Excel
2021-09-01,2021,9,13,Yabancı Para Pozisyonu,8,,Bilanço Dışı Yükümlülükler,,"Yabancı Para Pozisyonu (milyon TL), Dönem:2021/9",Bilanço Dışı Yükümlülükler,,TL,BDDK Aylık Bülten - Excel
2021-09-01,2021,9,13,Yabancı Para Pozisyonu,8,,Bilanço Dışı Yükümlülükler,,Toplam,916367.44442,916367.44442,TL,BDDK Aylık Bülten - Excel
2021-09-01,2021,9,13,Yabancı Para Pozisyonu,9,,Yabancı Para Net Genel Pozisyonu,,Unnamed: 0,Sektör,,TL,BDDK Aylık Bülten - Excel
2021-09-01,2021,9,13,Yabancı Para Pozisyonu,9,,Yabancı Para Net Genel Pozisyonu,,Unnamed: 1,9,9.0,TL,BDDK Aylık Bülten - Excel
2021-09-01,2021,9,13,Yabancı Para Pozisyonu,9,,Yabancı Para Net Genel Pozisyonu,,"Yabancı Para Pozisyonu (milyon TL), Dönem:2021/9",Yabancı Para Net Genel Pozisyonu,,TL,BDDK Aylık Bülten - Excel
2021-09-01,2021,9,13,Yabancı Para Pozisyonu,9,,Yabancı Para Net Genel Pozisyonu,,Toplam,49072.53309,49072.53309,TL,BDDK Aylık Bülten - Excel
2021-09-01,2021,9,13,Yabancı Para Pozisyonu,10,,Yasal Özkaynak,,Unnamed: 0,Sektör,,TL,BDDK Aylık Bülten - Excel
2021-09-01,2021,9,13,Yabancı Para Pozisyonu,10,,Yasal Özkaynak,,Unnamed: 1,10,10.0,TL,BDDK Aylık Bülten - Excel
2021-09-01,2021,9,13,Yabancı Para Pozisyonu,10,,Yasal Özkaynak,,"Yabancı Para Pozisyonu (milyon TL), Dönem:2021/9",Yasal Özkaynak,,TL,BDDK Aylık Bülten - Excel
2021-09-01,2021,9,13,Yabancı Para Pozisyonu,10,,Yasal Özkaynak,,Toplam,831245.50074,831245.50074,TL,BDDK Aylık Bülten - Excel
2021-09-01,2021,9,13,Yabancı Para Pozisyonu,11,,Yabancı Para Net Genel Pozisyon / Yasal Özkaynak Standart Oranı (Yüzde),,Unnamed: 0,Sektör,,TL,BDDK Aylık Bülten - Excel
2021-09-01,2021,9,13,Yabancı Para Pozisyonu,11,,Yabancı Para Net Genel Pozisyon / Yasal Özkaynak Standart Oranı (Yüzde),,Unnamed: 1,11,11.0,TL,BDDK Aylık Bülten - Excel
2021-09-01,2021,9,13,Yabancı Para Pozisyonu,11,,Yabancı Para Net Genel Pozisyon / Yasal Özkaynak Standart Oranı (Yüzde),,"Yabancı Para Pozisyonu (milyon TL), Dönem:2021/9",Yabancı Para Net Genel Pozisyon / Yasal Özkaynak Standart Oranı (Yüzde),,TL,BDDK Aylık Bülten - Excel
2021-09-01,2021,9,13,Yabancı Para Pozisyonu,11,,Yabancı Para Net Genel Pozisyon / Yasal Özkaynak Standart Oranı (Yüzde),,Toplam,5.903494,5.903494,TL,BDDK Aylık Bülten - Excel
2021-10-01,2021,10,13,Yabancı Para Pozisyonu,1,,Döviz Varlıkları Toplamı,,Unnamed: 0,Sektör,,TL,BDDK Aylık Bülten - Excel
2021-10-01,2021,10,13,Yabancı Para Pozisyonu,1,,Döviz Varlıkları Toplamı,,Unnamed: 1,1,1.0,TL,BDDK Aylık Bülten - Excel
2021-10-01,2021,10,13,Yabancı Para Pozisyonu,1,,Döviz Varlıkları Toplamı,,"Yabancı Para Pozisyonu (milyon TL), Dönem:2021/10",Döviz Varlıkları Toplamı,,TL,BDDK Aylık Bülten - Excel
2021-10-01,2021,10,13,Yabancı Para Pozisyonu,1,,Döviz Varlıkları Toplamı,,Toplam,4865651.20416,4865651.20416,TL,BDDK Aylık Bülten - Excel
2021-10-01,2021,10,13,Yabancı Para Pozisyonu,2,,Bilanço İçi Varlıklar,,Unnamed: 0,Sektör,,TL,BDDK Aylık Bülten - Excel
2021-10-01,2021,10,13,Yabancı Para Pozisyonu,2,,Bilanço İçi Varlıklar,,Unnamed: 1,2,2.0,TL,BDDK Aylık Bülten - Excel
2021-10-01,2021,10,13,Yabancı Para Pozisyonu,2,,Bilanço İçi Varlıklar,,"Yabancı Para Pozisyonu (milyon TL), Dönem:2021/10",Bilanço İçi Varlıklar,,TL,BDDK Aylık Bülten - Excel
2021-10-01,2021,10,13,Yabancı Para Pozisyonu,2,,Bilanço İçi Varlıklar,,Toplam,3387373.15153,3387373.15153,TL,BDDK Aylık Bülten - Excel
2021-10-01,2021,10,13,Yabancı Para Pozisyonu,3,,Dövize Endeksli Varlıklar,,Unnamed: 0,Sektör,,TL,BDDK Aylık Bülten - Excel
2021-10-01,2021,10,13,Yabancı Para Pozisyonu,3,,Dövize Endeksli Varlıklar,,Unnamed: 1,3,3.0,TL,BDDK Aylık Bülten - Excel
2021-10-01,2021,10,13,Yabancı Para Pozisyonu,3,,Dövize Endeksli Varlıklar,,"Yabancı Para Pozisyonu (milyon TL), Dönem:2021/10",Dövize Endeksli Varlıklar,,TL,BDDK Aylık Bülten - Excel
2021-10-01,2021,10,13,Yabancı Para Pozisyonu,3,,Dövize Endeksli Varlıklar,,Toplam,16415.52016,16415.52016,TL,BDDK Aylık Bülten - Excel
2021-10-01,2021,10,13,Yabancı Para Pozisyonu,4,,Bilanço Dışı Varlıklar,,Unnamed: 0,Sektör,,TL,BDDK Aylık Bülten - Excel
2021-10-01,2021,10,13,Yabancı Para Pozisyonu,4,,Bilanço Dışı Varlıklar,,Unnamed: 1,4,4.0,TL,BDDK Aylık Bülten - Excel
2021-10-01,2021,10,13,Yabancı Para Pozisyonu,4,,Bilanço Dışı Varlıklar,,"Yabancı Para Pozisyonu (milyon TL), Dönem:2021/10",Bilanço Dışı Varlıklar,,TL,BDDK Aylık Bülten - Excel
2021-10-01,2021,10,13,Yabancı Para Pozisyonu,4,,Bilanço Dışı Varlıklar,,Toplam,1478278.05263,1478278.05263,TL,BDDK Aylık Bülten - Excel
2021-10-01,2021,10,13,Yabancı Para Pozisyonu,5,,Döviz Yükümlülükleri Toplamı,,Unnamed: 0,Sektör,,TL,BDDK Aylık Bülten - Excel
2021-10-01,2021,10,13,Yabancı Para Pozisyonu,5,,Döviz Yükümlülükleri Toplamı,,Unnamed: 1,5,5.0,TL,BDDK Aylık Bülten - Excel
2021-10-01,2021,10,13,Yabancı Para Pozisyonu,5,,Döviz Yükümlülükleri Toplamı,,"Yabancı Para Pozisyonu (milyon TL), Dönem:2021/10",Döviz Yükümlülükleri Toplamı,,TL,BDDK Aylık Bülten - Excel
2021-10-01,2021,10,13,Yabancı Para Pozisyonu,5,,Döviz Yükümlülükleri Toplamı,,Toplam,4814771.31239,4814771.31239,TL,BDDK Aylık Bülten - Excel
2021-10-01,2021,10,13,Yabancı Para Pozisyonu,6,,Bilanço İçi Yükümlülükler,,Unnamed: 0,Sektör,,TL,BDDK Aylık Bülten - Excel
2021-10-01,2021,10,13,Yabancı Para Pozisyonu,6,,Bilanço İçi Yükümlülükler,,Unnamed: 1,6,6.0,TL,BDDK Aylık Bülten - Excel
2021-10-01,2021,10,13,Yabancı Para Pozisyonu,6,,Bilanço İçi Yükümlülükler,,"Yabancı Para Pozisyonu (milyon TL), Dönem:2021/10",Bilanço İçi Yükümlülükler,,TL,BDDK Aylık Bülten - Excel
2021-10-01,2021,10,13,Yabancı Para Pozisyonu,6,,Bilanço İçi Yükümlülükler,,Toplam,3846084.30056,3846084.30056,TL,BDDK Aylık Bülten - Excel
2021-10-01,2021,10,13,Yabancı Para Pozisyonu,7,,Dövize Endeksli Yükümlülükler,,Unnamed: 0,Sektör,,TL,BDDK Aylık Bülten - Excel
2021-10-01,2021,10,13,Yabancı Para Pozisyonu,7,,Dövize Endeksli Yükümlülükler,,Unnamed: 1,7,7.0,TL,BDDK Aylık Bülten - Excel
2021-10-01,2021,10,13,Yabancı Para Pozisyonu,7,,Dövize Endeksli Yükümlülükler,,"Yabancı Para Pozisyonu (milyon TL), Dönem:2021/10",Dövize Endeksli Yükümlülükler,,TL,BDDK Aylık Bülten - Excel
2021-10-01,2021,10,13,Yabancı Para Pozisyonu,7,,Dövize Endeksli Yükümlülükler,,Toplam,0.0,0.0,TL,BDDK Aylık Bülten - Excel
2021-10-01,2021,10,13,Yabancı Para Pozisyonu,8,,Bilanço Dışı Yükümlülükler,,Unnamed: 0,Sektör,,TL,BDDK Aylık Bülten - Excel
2021-10-01,2021,10,13,Yabancı Para Pozisyonu,8,,Bilanço Dışı Yükümlülükler,,Unnamed: 1,8,8.0,TL,BDDK Aylık Bülten - Excel
2021-10-01,2021,10,13,Yabancı Para Pozisyonu,8,,Bilanço Dışı Yükümlülükler,,"Yabancı Para Pozisyonu (milyon TL), Dönem:2021/10",Bilanço Dışı Yükümlülükler,,TL,BDDK Aylık Bülten - Excel
2021-10-01,2021,10,13,Yabancı Para Pozisyonu,8,,Bilanço Dışı Yükümlülükler,,Toplam,968687.01183,968687.01183,TL,BDDK Aylık Bülten - Excel
2021-10-01,2021,10,13,Yabancı Para Pozisyonu,9,,Yabancı Para Net Genel Pozisyonu,,Unnamed: 0,Sektör,,TL,BDDK Aylık Bülten - Excel
2021-10-01,2021,10,13,Yabancı Para Pozisyonu,9,,Yabancı Para Net Genel Pozisyonu,,Unnamed: 1,9,9.0,TL,BDDK Aylık Bülten - Excel
2021-10-01,2021,10,13,Yabancı Para Pozisyonu,9,,Yabancı Para Net Genel Pozisyonu,,"Yabancı Para Pozisyonu (milyon TL), Dönem:2021/10",Yabancı Para Net Genel Pozisyonu,,TL,BDDK Aylık Bülten - Excel
2021-10-01,2021,10,13,Yabancı Para Pozisyonu,9,,Yabancı Para Net Genel Pozisyonu,,Toplam,50879.89177,50879.89177,TL,BDDK Aylık Bülten - Excel
2021-10-01,2021,10,13,Yabancı Para Pozisyonu,10,,Yasal Özkaynak,,Unnamed: 0,Sektör,,TL,BDDK Aylık Bülten - Excel
2021-10-01,2021,10,13,Yabancı Para Pozisyonu,10,,Yasal Özkaynak,,Unnamed: 1,10,10.0,TL,BDDK Aylık Bülten - Excel
2021-10-01,2021,10,13,Yabancı Para Pozisyonu,10,,Yasal Özkaynak,,"Yabancı Para Pozisyonu (milyon TL), Dönem:2021/10",Yasal Özkaynak,,TL,BDDK Aylık Bülten - Excel
2021-10-01,2021,10,13,Yabancı Para Pozisyonu,10,,Yasal Özkaynak,,Toplam,849196.67946,849196.67946,TL,BDDK Aylık Bülten - Excel
2021-10-01,2021,10,13,Yabancı Para Pozisyonu,11,,Yabancı Para Net Genel Pozisyon / Yasal Özkaynak Standart Oranı (Yüzde),,Unnamed: 0,Sektör,,TL,BDDK Aylık Bülten - Excel
2021-10-01,2021,10,13,Yabancı Para Pozisyonu,11,,Yabancı Para Net Genel Pozisyon / Yasal Özkaynak Standart Oranı (Yüzde),,Unnamed: 1,11,11.0,TL,BDDK Aylık Bülten - Excel
2021-10-01,2021,10,13,Yabancı Para Pozisyonu,11,,Yabancı Para Net Genel Pozisyon / Yasal Özkaynak Standart Oranı (Yüzde),,"Yabancı Para Pozisyonu (milyon TL), Dönem:2021/10",Yabancı Para Net Genel Pozisyon / Yasal Özkaynak Standart Oranı (Yüzde),,TL,BDDK Aylık Bülten - Excel
2021-10-01,2021,10,13,Yabancı Para Pozisyonu,11,,Yabancı Para Net Genel Pozisyon / Yasal Özkaynak Standart Oranı (Yüzde),,Toplam,5.991532,5.991532,TL,BDDK Aylık Bülten - Excel
2021-11-01,2021,11,13,Yabancı Para Pozisyonu,1,,Döviz Varlıkları Toplamı,,Unnamed: 0,Sektör,,TL,BDDK Aylık Bülten - Excel
2021-11-01,2021,11,13,Yabancı Para Pozisyonu,1,,Döviz Varlıkları Toplamı,,Unnamed: 1,1,1.0,TL,BDDK Aylık Bülten - Excel
2021-11-01,2021,11,13,Yabancı Para Pozisyonu,1,,Döviz Varlıkları Toplamı,,"Yabancı Para Pozisyonu (milyon TL), Dönem:2021/11",Döviz Varlıkları Toplamı,,TL,BDDK Aylık Bülten - Excel
2021-11-01,2021,11,13,Yabancı Para Pozisyonu,1,,Döviz Varlıkları Toplamı,,Toplam,6548666.76181,6548666.76181,TL,BDDK Aylık Bülten - Excel
2021-11-01,2021,11,13,Yabancı Para Pozisyonu,2,,Bilanço İçi Varlıklar,,Unnamed: 0,Sektör,,TL,BDDK Aylık Bülten - Excel
2021-11-01,2021,11,13,Yabancı Para Pozisyonu,2,,Bilanço İçi Varlıklar,,Unnamed: 1,2,2.0,TL,BDDK Aylık Bülten - Excel
2021-11-01,2021,11,13,Yabancı Para Pozisyonu,2,,Bilanço İçi Varlıklar,,"Yabancı Para Pozisyonu (milyon TL), Dönem:2021/11",Bilanço İçi Varlıklar,,TL,BDDK Aylık Bülten - Excel
2021-11-01,2021,11,13,Yabancı Para Pozisyonu,2,,Bilanço İçi Varlıklar,,Toplam,4653713.89058,4653713.89058,TL,BDDK Aylık Bülten - Excel
2021-11-01,2021,11,13,Yabancı Para Pozisyonu,3,,Dövize Endeksli Varlıklar,,Unnamed: 0,Sektör,,TL,BDDK Aylık Bülten - Excel
2021-11-01,2021,11,13,Yabancı Para Pozisyonu,3,,Dövize Endeksli Varlıklar,,Unnamed: 1,3,3.0,TL,BDDK Aylık Bülten - Excel
2021-11-01,2021,11,13,Yabancı Para Pozisyonu,3,,Dövize Endeksli Varlıklar,,"Yabancı Para Pozisyonu (milyon TL), Dönem:2021/11",Dövize Endeksli Varlıklar,,TL,BDDK Aylık Bülten - Excel
2021-11-01,2021,11,13,Yabancı Para Pozisyonu,3,,Dövize Endeksli Varlıklar,,Toplam,23982.43375,23982.43375,TL,BDDK Aylık Bülten - Excel
2021-11-01,2021,11,13,Yabancı Para Pozisyonu,4,,Bilanço Dışı Varlıklar,,Unnamed: 0,Sektör,,TL,BDDK Aylık Bülten - Excel
2021-11-01,2021,11,13,Yabancı Para Pozisyonu,4,,Bilanço Dışı Varlıklar,,Unnamed: 1,4,4.0,TL,BDDK Aylık Bülten - Excel
2021-11-01,2021,11,13,Yabancı Para Pozisyonu,4,,Bilanço Dışı Varlıklar,,"Yabancı Para Pozisyonu (milyon TL), Dönem:2021/11",Bilanço Dışı Varlıklar,,TL,BDDK Aylık Bülten - Excel
2021-11-01,2021,11,13,Yabancı Para Pozisyonu,4,,Bilanço Dışı Varlıklar,,Toplam,1894952.87123,1894952.87123,TL,BDDK Aylık Bülten - Excel
2021-11-01,2021,11,13,Yabancı Para Pozisyonu,5,,Döviz Yükümlülükleri Toplamı,,Unnamed: 0,Sektör,,TL,BDDK Aylık Bülten - Excel
2021-11-01,2021,11,13,Yabancı Para Pozisyonu,5,,Döviz Yükümlülükleri Toplamı,,Unnamed: 1,5,5.0,TL,BDDK Aylık Bülten - Excel
2021-11-01,2021,11,13,Yabancı Para Pozisyonu,5,,Döviz Yükümlülükleri Toplamı,,"Yabancı Para Pozisyonu (milyon TL), Dönem:2021/11",Döviz Yükümlülükleri Toplamı,,TL,BDDK Aylık Bülten - Excel
2021-11-01,2021,11,13,Yabancı Para Pozisyonu,5,,Döviz Yükümlülükleri Toplamı,,Toplam,6493898.32104,6493898.32104,TL,BDDK Aylık Bülten - Excel
2021-11-01,2021,11,13,Yabancı Para Pozisyonu,6,,Bilanço İçi Yükümlülükler,,Unnamed: 0,Sektör,,TL,BDDK Aylık Bülten - Excel
2021-11-01,2021,11,13,Yabancı Para Pozisyonu,6,,Bilanço İçi Yükümlülükler,,Unnamed: 1,6,6.0,TL,BDDK Aylık Bülten - Excel
2021-11-01,2021,11,13,Yabancı Para Pozisyonu,6,,Bilanço İçi Yükümlülükler,,"Yabancı Para Pozisyonu (milyon TL), Dönem:2021/11",Bilanço İçi Yükümlülükler,,TL,BDDK Aylık Bülten - Excel
2021-11-01,2021,11,13,Yabancı Para Pozisyonu,6,,Bilanço İçi Yükümlülükler,,Toplam,5158615.55276,5158615.55276,TL,BDDK Aylık Bülten - Excel
2021-11-01,2021,11,13,Yabancı Para Pozisyonu,7,,Dövize Endeksli Yükümlülükler,,Unnamed: 0,Sektör,,TL,BDDK Aylık Bülten - Excel
2021-11-01,2021,11,13,Yabancı Para Pozisyonu,7,,Dövize Endeksli Yükümlülükler,,Unnamed: 1,7,7.0,TL,BDDK Aylık Bülten - Excel
2021-11-01,2021,11,13,Yabancı Para Pozisyonu,7,,Dövize Endeksli Yükümlülükler,,"Yabancı Para Pozisyonu (milyon TL), Dönem:2021/11",Dövize Endeksli Yükümlülükler,,TL,BDDK Aylık Bülten - Excel
2021-11-01,2021,11,13,Yabancı Para Pozisyonu,7,,Dövize Endeksli Yükümlülükler,,Toplam,0.0,0.0,TL,BDDK Aylık Bülten - Excel
2021-11-01,2021,11,13,Yabancı Para Pozisyonu,8,,Bilanço Dışı Yükümlülükler,,Unnamed: 0,Sektör,,TL,BDDK Aylık Bülten - Excel
2021-11-01,2021,11,13,Yabancı Para Pozisyonu,8,,Bilanço Dışı Yükümlülükler,,Unnamed: 1,8,8.0,TL,BDDK Aylık Bülten - Excel
2021-11-01,2021,11,13,Yabancı Para Pozisyonu,8,,Bilanço Dışı Yükümlülükler,,"Yabancı Para Pozisyonu (milyon TL), Dönem:2021/11",Bilanço Dışı Yükümlülükler,,TL,BDDK Aylık Bülten - Excel
2021-11-01,2021,11,13,Yabancı Para Pozisyonu,8,,Bilanço Dışı Yükümlülükler,,Toplam,1335282.76828,1335282.76828,TL,BDDK Aylık Bülten - Excel
2021-11-01,2021,11,13,Yabancı Para Pozisyonu,9,,Yabancı Para Net Genel Pozisyonu,,Unnamed: 0,Sektör,,TL,BDDK Aylık Bülten - Excel
2021-11-01,2021,11,13,Yabancı Para Pozisyonu,9,,Yabancı Para Net Genel Pozisyonu,,Unnamed: 1,9,9.0,TL,BDDK Aylık Bülten - Excel
2021-11-01,2021,11,13,Yabancı Para Pozisyonu,9,,Yabancı Para Net Genel Pozisyonu,,"Yabancı Para Pozisyonu (milyon TL), Dönem:2021/11",Yabancı Para Net Genel Pozisyonu,,TL,BDDK Aylık Bülten - Excel
2021-11-01,2021,11,13,Yabancı Para Pozisyonu,9,,Yabancı Para Net Genel Pozisyonu,,Toplam,54768.44077,54768.44077,TL,BDDK Aylık Bülten - Excel
2021-11-01,2021,11,13,Yabancı Para Pozisyonu,10,,Yasal Özkaynak,,Unnamed: 0,Sektör,,TL,BDDK Aylık Bülten - Excel
2021-11-01,2021,11,13,Yabancı Para Pozisyonu,10,,Yasal Özkaynak,,Unnamed: 1,10,10.0,TL,BDDK Aylık Bülten - Excel
2021-11-01,2021,11,13,Yabancı Para Pozisyonu,10,,Yasal Özkaynak,,"Yabancı Para Pozisyonu (milyon TL), Dönem:2021/11",Yasal Özkaynak,,TL,BDDK Aylık Bülten - Excel
2021-11-01,2021,11,13,Yabancı Para Pozisyonu,10,,Yasal Özkaynak,,Toplam,903908.08409,903908.08409,TL,BDDK Aylık Bülten - Excel
2021-11-01,2021,11,13,Yabancı Para Pozisyonu,11,,Yabancı Para Net Genel Pozisyon / Yasal Özkaynak Standart Oranı (Yüzde),,Unnamed: 0,Sektör,,TL,BDDK Aylık Bülten - Excel
2021-11-01,2021,11,13,Yabancı Para Pozisyonu,11,,Yabancı Para Net Genel Pozisyon / Yasal Özkaynak Standart Oranı (Yüzde),,Unnamed: 1,11,11.0,TL,BDDK Aylık Bülten - Excel
2021-11-01,2021,11,13,Yabancı Para Pozisyonu,11,,Yabancı Para Net Genel Pozisyon / Yasal Özkaynak Standart Oranı (Yüzde),,"Yabancı Para Pozisyonu (milyon TL), Dönem:2021/11",Yabancı Para Net Genel Pozisyon / Yasal Özkaynak Standart Oranı (Yüzde),,TL,BDDK Aylık Bülten - Excel
2021-11-01,2021,11,13,Yabancı Para Pozisyonu,11,,Yabancı Para Net Genel Pozisyon / Yasal Özkaynak Standart Oranı (Yüzde),,Toplam,6.059071,6.059071,TL,BDDK Aylık Bülten - Excel
2021-12-01,2021,12,13,Yabancı Para Pozisyonu,1,,Döviz Varlıkları Toplamı,,Unnamed: 0,Sektör,,TL,BDDK Aylık Bülten - Excel
2021-12-01,2021,12,13,Yabancı Para Pozisyonu,1,,Döviz Varlıkları Toplamı,,Unnamed: 1,1,1.0,TL,BDDK Aylık Bülten - Excel
2021-12-01,2021,12,13,Yabancı Para Pozisyonu,1,,Döviz Varlıkları Toplamı,,"Yabancı Para Pozisyonu (milyon TL), Dönem:2021/12",Döviz Varlıkları Toplamı,,TL,BDDK Aylık Bülten - Excel
2021-12-01,2021,12,13,Yabancı Para Pozisyonu,1,,Döviz Varlıkları Toplamı,,Toplam,6713153.78864,6713153.78864,TL,BDDK Aylık Bülten - Excel
2021-12-01,2021,12,13,Yabancı Para Pozisyonu,2,,Bilanço İçi Varlıklar,,Unnamed: 0,Sektör,,TL,BDDK Aylık Bülten - Excel
2021-12-01,2021,12,13,Yabancı Para Pozisyonu,2,,Bilanço İçi Varlıklar,,Unnamed: 1,2,2.0,TL,BDDK Aylık Bülten - Excel
2021-12-01,2021,12,13,Yabancı Para Pozisyonu,2,,Bilanço İçi Varlıklar,,"Yabancı Para Pozisyonu (milyon TL), Dönem:2021/12",Bilanço İçi Varlıklar,,TL,BDDK Aylık Bülten - Excel
2021-12-01,2021,12,13,Yabancı Para Pozisyonu,2,,Bilanço İçi Varlıklar,,Toplam,4757833.19638,4757833.19638,TL,BDDK Aylık Bülten - Excel
2021-12-01,2021,12,13,Yabancı Para Pozisyonu,3,,Dövize Endeksli Varlıklar,,Unnamed: 0,Sektör,,TL,BDDK Aylık Bülten - Excel
2021-12-01,2021,12,13,Yabancı Para Pozisyonu,3,,Dövize Endeksli Varlıklar,,Unnamed: 1,3,3.0,TL,BDDK Aylık Bülten - Excel
2021-12-01,2021,12,13,Yabancı Para Pozisyonu,3,,Dövize Endeksli Varlıklar,,"Yabancı Para Pozisyonu (milyon TL), Dönem:2021/12",Dövize Endeksli Varlıklar,,TL,BDDK Aylık Bülten - Excel
2021-12-01,2021,12,13,Yabancı Para Pozisyonu,3,,Dövize Endeksli Varlıklar,,Toplam,23432.21168,23432.21168,TL,BDDK Aylık Bülten - Excel
2021-12-01,2021,12,13,Yabancı Para Pozisyonu,4,,Bilanço Dışı Varlıklar,,Unnamed: 0,Sektör,,TL,BDDK Aylık Bülten - Excel
2021-12-01,2021,12,13,Yabancı Para Pozisyonu,4,,Bilanço Dışı Varlıklar,,Unnamed: 1,4,4.0,TL,BDDK Aylık Bülten - Excel
2021-12-01,2021,12,13,Yabancı Para Pozisyonu,4,,Bilanço Dışı Varlıklar,,"Yabancı Para Pozisyonu (milyon TL), Dönem:2021/12",Bilanço Dışı Varlıklar,,TL,BDDK Aylık Bülten - Excel
2021-12-01,2021,12,13,Yabancı Para Pozisyonu,4,,Bilanço Dışı Varlıklar,,Toplam,1955320.59226,1955320.59226,TL,BDDK Aylık Bülten - Excel
2021-12-01,2021,12,13,Yabancı Para Pozisyonu,5,,Döviz Yükümlülükleri Toplamı,,Unnamed: 0,Sektör,,TL,BDDK Aylık Bülten - Excel
2021-12-01,2021,12,13,Yabancı Para Pozisyonu,5,,Döviz Yükümlülükleri Toplamı,,Unnamed: 1,5,5.0,TL,BDDK Aylık Bülten - Excel
2021-12-01,2021,12,13,Yabancı Para Pozisyonu,5,,Döviz Yükümlülükleri Toplamı,,"Yabancı Para Pozisyonu (milyon TL), Dönem:2021/12",Döviz Yükümlülükleri Toplamı,,TL,BDDK Aylık Bülten - Excel
2021-12-01,2021,12,13,Yabancı Para Pozisyonu,5,,Döviz Yükümlülükleri Toplamı,,Toplam,6654870.84566,6654870.84566,TL,BDDK Aylık Bülten - Excel
2021-12-01,2021,12,13,Yabancı Para Pozisyonu,6,,Bilanço İçi Yükümlülükler,,Unnamed: 0,Sektör,,TL,BDDK Aylık Bülten - Excel
2021-12-01,2021,12,13,Yabancı Para Pozisyonu,6,,Bilanço İçi Yükümlülükler,,Unnamed: 1,6,6.0,TL,BDDK Aylık Bülten - Excel
2021-12-01,2021,12,13,Yabancı Para Pozisyonu,6,,Bilanço İçi Yükümlülükler,,"Yabancı Para Pozisyonu (milyon TL), Dönem:2021/12",Bilanço İçi Yükümlülükler,,TL,BDDK Aylık Bülten - Excel
2021-12-01,2021,12,13,Yabancı Para Pozisyonu,6,,Bilanço İçi Yükümlülükler,,Toplam,5321898.44149,5321898.44149,TL,BDDK Aylık Bülten - Excel
2021-12-01,2021,12,13,Yabancı Para Pozisyonu,7,,Dövize Endeksli Yükümlülükler,,Unnamed: 0,Sektör,,TL,BDDK Aylık Bülten - Excel
2021-12-01,2021,12,13,Yabancı Para Pozisyonu,7,,Dövize Endeksli Yükümlülükler,,Unnamed: 1,7,7.0,TL,BDDK Aylık Bülten - Excel
2021-12-01,2021,12,13,Yabancı Para Pozisyonu,7,,Dövize Endeksli Yükümlülükler,,"Yabancı Para Pozisyonu (milyon TL), Dönem:2021/12",Dövize Endeksli Yükümlülükler,,TL,BDDK Aylık Bülten - Excel
2021-12-01,2021,12,13,Yabancı Para Pozisyonu,7,,Dövize Endeksli Yükümlülükler,,Toplam,0.0,0.0,TL,BDDK Aylık Bülten - Excel
2021-12-01,2021,12,13,Yabancı Para Pozisyonu,8,,Bilanço Dışı Yükümlülükler,,Unnamed: 0,Sektör,,TL,BDDK Aylık Bülten - Excel
2021-12-01,2021,12,13,Yabancı Para Pozisyonu,8,,Bilanço Dışı Yükümlülükler,,Unnamed: 1,8,8.0,TL,BDDK Aylık Bülten - Excel
2021-12-01,2021,12,13,Yabancı Para Pozisyonu,8,,Bilanço Dışı Yükümlülükler,,"Yabancı Para Pozisyonu (milyon TL), Dönem:2021/12",Bilanço Dışı Yükümlülükler,,TL,BDDK Aylık Bülten - Excel
2021-12-01,2021,12,13,Yabancı Para Pozisyonu,8,,Bilanço Dışı Yükümlülükler,,Toplam,1332972.40417,1332972.40417,TL,BDDK Aylık Bülten - Excel
2021-12-01,2021,12,13,Yabancı Para Pozisyonu,9,,Yabancı Para Net Genel Pozisyonu,,Unnamed: 0,Sektör,,TL,BDDK Aylık Bülten - Excel
2021-12-01,2021,12,13,Yabancı Para Pozisyonu,9,,Yabancı Para Net Genel Pozisyonu,,Unnamed: 1,9,9.0,TL,BDDK Aylık Bülten - Excel
2021-12-01,2021,12,13,Yabancı Para Pozisyonu,9,,Yabancı Para Net Genel Pozisyonu,,"Yabancı Para Pozisyonu (milyon TL), Dönem:2021/12",Yabancı Para Net Genel Pozisyonu,,TL,BDDK Aylık Bülten - Excel
2021-12-01,2021,12,13,Yabancı Para Pozisyonu,9,,Yabancı Para Net Genel Pozisyonu,,Toplam,58282.94298,58282.94298,TL,BDDK Aylık Bülten - Excel
2021-12-01,2021,12,13,Yabancı Para Pozisyonu,10,,Yasal Özkaynak,,Unnamed: 0,Sektör,,TL,BDDK Aylık Bülten - Excel
2021-12-01,2021,12,13,Yabancı Para Pozisyonu,10,,Yasal Özkaynak,,Unnamed: 1,10,10.0,TL,BDDK Aylık Bülten - Excel
2021-12-01,2021,12,13,Yabancı Para Pozisyonu,10,,Yasal Özkaynak,,"Yabancı Para Pozisyonu (milyon TL), Dönem:2021/12",Yasal Özkaynak,,TL,BDDK Aylık Bülten - Excel
2021-12-01,2021,12,13,Yabancı Para Pozisyonu,10,,Yasal Özkaynak,,Toplam,947880.07338,947880.07338,TL,BDDK Aylık Bülten - Excel
2021-12-01,2021,12,13,Yabancı Para Pozisyonu,11,,Yabancı Para Net Genel Pozisyon / Yasal Özkaynak Standart Oranı (Yüzde),,Unnamed: 0,Sektör,,TL,BDDK Aylık Bülten - Excel
2021-12-01,2021,12,13,Yabancı Para Pozisyonu,11,,Yabancı Para Net Genel Pozisyon / Yasal Özkaynak Standart Oranı (Yüzde),,Unnamed: 1,11,11.0,TL,BDDK Aylık Bülten - Excel
2021-12-01,2021,12,13,Yabancı Para Pozisyonu,11,,Yabancı Para Net Genel Pozisyon / Yasal Özkaynak Standart Oranı (Yüzde),,"Yabancı Para Pozisyonu (milyon TL), Dönem:2021/12",Yabancı Para Net Genel Pozisyon / Yasal Özkaynak Standart Oranı (Yüzde),,TL,BDDK Aylık Bülten - Excel
2021-12-01,2021,12,13,Yabancı Para Pozisyonu,11,,Yabancı Para Net Genel Pozisyon / Yasal Özkaynak Standart Oranı (Yüzde),,Toplam,6.148767,6.148767,TL,BDDK Aylık Bülten - Excel
2022-01-01,2022,1,13,Yabancı Para Pozisyonu,1,,Döviz Varlıkları Toplamı,,Unnamed: 0,Sektör,,TL,BDDK Aylık Bülten - Excel
2022-01-01,2022,1,13,Yabancı Para Pozisyonu,1,,Döviz Varlıkları Toplamı,,Unnamed: 1,1,1.0,TL,BDDK Aylık Bülten - Excel
2022-01-01,2022,1,13,Yabancı Para Pozisyonu,1,,Döviz Varlıkları Toplamı,,"Yabancı Para Pozisyonu (milyon TL), Dönem:2022/1",Döviz Varlıkları Toplamı,,TL,BDDK Aylık Bülten - Excel
2022-01-01,2022,1,13,Yabancı Para Pozisyonu,1,,Döviz Varlıkları Toplamı,,Toplam,6627764.8563,6627764.8563,TL,BDDK Aylık Bülten - Excel
2022-01-01,2022,1,13,Yabancı Para Pozisyonu,2,,Bilanço İçi Varlıklar,,Unnamed: 0,Sektör,,TL,BDDK Aylık Bülten - Excel
2022-01-01,2022,1,13,Yabancı Para Pozisyonu,2,,Bilanço İçi Varlıklar,,Unnamed: 1,2,2.0,TL,BDDK Aylık Bülten - Excel
2022-01-01,2022,1,13,Yabancı Para Pozisyonu,2,,Bilanço İçi Varlıklar,,"Yabancı Para Pozisyonu (milyon TL), Dönem:2022/1",Bilanço İçi Varlıklar,,TL,BDDK Aylık Bülten - Excel
2022-01-01,2022,1,13,Yabancı Para Pozisyonu,2,,Bilanço İçi Varlıklar,,Toplam,4703138.58039,4703138.58039,TL,BDDK Aylık Bülten - Excel
2022-01-01,2022,1,13,Yabancı Para Pozisyonu,3,,Dövize Endeksli Varlıklar,,Unnamed: 0,Sektör,,TL,BDDK Aylık Bülten - Excel
2022-01-01,2022,1,13,Yabancı Para Pozisyonu,3,,Dövize Endeksli Varlıklar,,Unnamed: 1,3,3.0,TL,BDDK Aylık Bülten - Excel
2022-01-01,2022,1,13,Yabancı Para Pozisyonu,3,,Dövize Endeksli Varlıklar,,"Yabancı Para Pozisyonu (milyon TL), Dönem:2022/1",Dövize Endeksli Varlıklar,,TL,BDDK Aylık Bülten - Excel
2022-01-01,2022,1,13,Yabancı Para Pozisyonu,3,,Dövize Endeksli Varlıklar,,Toplam,21907.18673,21907.18673,TL,BDDK Aylık Bülten - Excel
2022-01-01,2022,1,13,Yabancı Para Pozisyonu,4,,Bilanço Dışı Varlıklar,,Unnamed: 0,Sektör,,TL,BDDK Aylık Bülten - Excel
2022-01-01,2022,1,13,Yabancı Para Pozisyonu,4,,Bilanço Dışı Varlıklar,,Unnamed: 1,4,4.0,TL,BDDK Aylık Bülten - Excel
2022-01-01,2022,1,13,Yabancı Para Pozisyonu,4,,Bilanço Dışı Varlıklar,,"Yabancı Para Pozisyonu (milyon TL), Dönem:2022/1",Bilanço Dışı Varlıklar,,TL,BDDK Aylık Bülten - Excel
2022-01-01,2022,1,13,Yabancı Para Pozisyonu,4,,Bilanço Dışı Varlıklar,,Toplam,1924626.27591,1924626.27591,TL,BDDK Aylık Bülten - Excel
2022-01-01,2022,1,13,Yabancı Para Pozisyonu,5,,Döviz Yükümlülükleri Toplamı,,Unnamed: 0,Sektör,,TL,BDDK Aylık Bülten - Excel
2022-01-01,2022,1,13,Yabancı Para Pozisyonu,5,,Döviz Yükümlülükleri Toplamı,,Unnamed: 1,5,5.0,TL,BDDK Aylık Bülten - Excel
2022-01-01,2022,1,13,Yabancı Para Pozisyonu,5,,Döviz Yükümlülükleri Toplamı,,"Yabancı Para Pozisyonu (milyon TL), Dönem:2022/1",Döviz Yükümlülükleri Toplamı,,TL,BDDK Aylık Bülten - Excel
2022-01-01,2022,1,13,Yabancı Para Pozisyonu,5,,Döviz Yükümlülükleri Toplamı,,Toplam,6564195.05738,6564195.05738,TL,BDDK Aylık Bülten - Excel
2022-01-01,2022,1,13,Yabancı Para Pozisyonu,6,,Bilanço İçi Yükümlülükler,,Unnamed: 0,Sektör,,TL,BDDK Aylık Bülten - Excel
2022-01-01,2022,1,13,Yabancı Para Pozisyonu,6,,Bilanço İçi Yükümlülükler,,Unnamed: 1,6,6.0,TL,BDDK Aylık Bülten - Excel
2022-01-01,2022,1,13,Yabancı Para Pozisyonu,6,,Bilanço İçi Yükümlülükler,,"Yabancı Para Pozisyonu (milyon TL), Dönem:2022/1",Bilanço İçi Yükümlülükler,,TL,BDDK Aylık Bülten - Excel
2022-01-01,2022,1,13,Yabancı Para Pozisyonu,6,,Bilanço İçi Yükümlülükler,,Toplam,5246051.68132,5246051.68132,TL,BDDK Aylık Bülten - Excel
2022-01-01,2022,1,13,Yabancı Para Pozisyonu,7,,Dövize Endeksli Yükümlülükler,,Unnamed: 0,Sektör,,TL,BDDK Aylık Bülten - Excel
2022-01-01,2022,1,13,Yabancı Para Pozisyonu,7,,Dövize Endeksli Yükümlülükler,,Unnamed: 1,7,7.0,TL,BDDK Aylık Bülten - Excel
2022-01-01,2022,1,13,Yabancı Para Pozisyonu,7,,Dövize Endeksli Yükümlülükler,,"Yabancı Para Pozisyonu (milyon TL), Dönem:2022/1",Dövize Endeksli Yükümlülükler,,TL,BDDK Aylık Bülten - Excel
2022-01-01,2022,1,13,Yabancı Para Pozisyonu,7,,Dövize Endeksli Yükümlülükler,,Toplam,0.0,0.0,TL,BDDK Aylık Bülten - Excel
2022-01-01,2022,1,13,Yabancı Para Pozisyonu,8,,Bilanço Dışı Yükümlülükler,,Unnamed: 0,Sektör,,TL,BDDK Aylık Bülten - Excel
2022-01-01,2022,1,13,Yabancı Para Pozisyonu,8,,Bilanço Dışı Yükümlülükler,,Unnamed: 1,8,8.0,TL,BDDK Aylık Bülten - Excel
2022-01-01,2022,1,13,Yabancı Para Pozisyonu,8,,Bilanço Dışı Yükümlülükler,,"Yabancı Para Pozisyonu (milyon TL), Dönem:2022/1",Bilanço Dışı Yükümlülükler,,TL,BDDK Aylık Bülten - Excel
2022-01-01,2022,1,13,Yabancı Para Pozisyonu,8,,Bilanço Dışı Yükümlülükler,,Toplam,1318143.37606,1318143.37606,TL,BDDK Aylık Bülten - Excel
2022-01-01,2022,1,13,Yabancı Para Pozisyonu,9,,Yabancı Para Net Genel Pozisyonu,,Unnamed: 0,Sektör,,TL,BDDK Aylık Bülten - Excel
2022-01-01,2022,1,13,Yabancı Para Pozisyonu,9,,Yabancı Para Net Genel Pozisyonu,,Unnamed: 1,9,9.0,TL,BDDK Aylık Bülten - Excel
2022-01-01,2022,1,13,Yabancı Para Pozisyonu,9,,Yabancı Para Net Genel Pozisyonu,,"Yabancı Para Pozisyonu (milyon TL), Dönem:2022/1",Yabancı Para Net Genel Pozisyonu,,TL,BDDK Aylık Bülten - Excel
2022-01-01,2022,1,13,Yabancı Para Pozisyonu,9,,Yabancı Para Net Genel Pozisyonu,,Toplam,63569.79892,63569.79892,TL,BDDK Aylık Bülten - Excel
2022-01-01,2022,1,13,Yabancı Para Pozisyonu,10,,Yasal Özkaynak,,Unnamed: 0,Sektör,,TL,BDDK Aylık Bülten - Excel
2022-01-01,2022,1,13,Yabancı Para Pozisyonu,10,,Yasal Özkaynak,,Unnamed: 1,10,10.0,TL,BDDK Aylık Bülten - Excel
2022-01-01,2022,1,13,Yabancı Para Pozisyonu,10,,Yasal Özkaynak,,"Yabancı Para Pozisyonu (milyon TL), Dönem:2022/1",Yasal Özkaynak,,TL,BDDK Aylık Bülten - Excel
2022-01-01,2022,1,13,Yabancı Para Pozisyonu,10,,Yasal Özkaynak,,Toplam,985446.74093,985446.74093,TL,BDDK Aylık Bülten - Excel
2022-01-01,2022,1,13,Yabancı Para Pozisyonu,11,,Yabancı Para Net Genel Pozisyon / Yasal Özkaynak Standart Oranı (Yüzde),,Unnamed: 0,Sektör,,TL,BDDK Aylık Bülten - Excel
2022-01-01,2022,1,13,Yabancı Para Pozisyonu,11,,Yabancı Para Net Genel Pozisyon / Yasal Özkaynak Standart Oranı (Yüzde),,Unnamed: 1,11,11.0,TL,BDDK Aylık Bülten - Excel
2022-01-01,2022,1,13,Yabancı Para Pozisyonu,11,,Yabancı Para Net Genel Pozisyon / Yasal Özkaynak Standart Oranı (Yüzde),,"Yabancı Para Pozisyonu (milyon TL), Dönem:2022/1",Yabancı Para Net Genel Pozisyon / Yasal Özkaynak Standart Oranı (Yüzde),,TL,BDDK Aylık Bülten - Excel
2022-01-01,2022,1,13,Yabancı Para Pozisyonu,11,,Yabancı Para Net Genel Pozisyon / Yasal Özkaynak Standart Oranı (Yüzde),,Toplam,6.45086,6.45086,TL,BDDK Aylık Bülten - Excel
2022-02-01,2022,2,13,Yabancı Para Pozisyonu,1,,Döviz Varlıkları Toplamı,,Unnamed: 0,Sektör,,TL,BDDK Aylık Bülten - Excel
2022-02-01,2022,2,13,Yabancı Para Pozisyonu,1,,Döviz Varlıkları Toplamı,,Unnamed: 1,1,1.0,TL,BDDK Aylık Bülten - Excel
2022-02-01,2022,2,13,Yabancı Para Pozisyonu,1,,Döviz Varlıkları Toplamı,,"Yabancı Para Pozisyonu (milyon TL), Dönem:2022/2",Döviz Varlıkları Toplamı,,TL,BDDK Aylık Bülten - Excel
2022-02-01,2022,2,13,Yabancı Para Pozisyonu,1,,Döviz Varlıkları Toplamı,,Toplam,6677633.25611,6677633.25611,TL,BDDK Aylık Bülten - Excel
2022-02-01,2022,2,13,Yabancı Para Pozisyonu,2,,Bilanço İçi Varlıklar,,Unnamed: 0,Sektör,,TL,BDDK Aylık Bülten - Excel
2022-02-01,2022,2,13,Yabancı Para Pozisyonu,2,,Bilanço İçi Varlıklar,,Unnamed: 1,2,2.0,TL,BDDK Aylık Bülten - Excel
2022-02-01,2022,2,13,Yabancı Para Pozisyonu,2,,Bilanço İçi Varlıklar,,"Yabancı Para Pozisyonu (milyon TL), Dönem:2022/2",Bilanço İçi Varlıklar,,TL,BDDK Aylık Bülten - Excel
2022-02-01,2022,2,13,Yabancı Para Pozisyonu,2,,Bilanço İçi Varlıklar,,Toplam,4790983.91281,4790983.91281,TL,BDDK Aylık Bülten - Excel
2022-02-01,2022,2,13,Yabancı Para Pozisyonu,3,,Dövize Endeksli Varlıklar,,Unnamed: 0,Sektör,,TL,BDDK Aylık Bülten - Excel
2022-02-01,2022,2,13,Yabancı Para Pozisyonu,3,,Dövize Endeksli Varlıklar,,Unnamed: 1,3,3.0,TL,BDDK Aylık Bülten - Excel
2022-02-01,2022,2,13,Yabancı Para Pozisyonu,3,,Dövize Endeksli Varlıklar,,"Yabancı Para Pozisyonu (milyon TL), Dönem:2022/2",Dövize Endeksli Varlıklar,,TL,BDDK Aylık Bülten - Excel
2022-02-01,2022,2,13,Yabancı Para Pozisyonu,3,,Dövize Endeksli Varlıklar,,Toplam,22889.83195,22889.83195,TL,BDDK Aylık Bülten - Excel
2022-02-01,2022,2,13,Yabancı Para Pozisyonu,4,,Bilanço Dışı Varlıklar,,Unnamed: 0,Sektör,,TL,BDDK Aylık Bülten - Excel
2022-02-01,2022,2,13,Yabancı Para Pozisyonu,4,,Bilanço Dışı Varlıklar,,Unnamed: 1,4,4.0,TL,BDDK Aylık Bülten - Excel
2022-02-01,2022,2,13,Yabancı Para Pozisyonu,4,,Bilanço Dışı Varlıklar,,"Yabancı Para Pozisyonu (milyon TL), Dönem:2022/2",Bilanço Dışı Varlıklar,,TL,BDDK Aylık Bülten - Excel
2022-02-01,2022,2,13,Yabancı Para Pozisyonu,4,,Bilanço Dışı Varlıklar,,Toplam,1886649.3433,1886649.3433,TL,BDDK Aylık Bülten - Excel
2022-02-01,2022,2,13,Yabancı Para Pozisyonu,5,,Döviz Yükümlülükleri Toplamı,,Unnamed: 0,Sektör,,TL,BDDK Aylık Bülten - Excel
2022-02-01,2022,2,13,Yabancı Para Pozisyonu,5,,Döviz Yükümlülükleri Toplamı,,Unnamed: 1,5,5.0,TL,BDDK Aylık Bülten - Excel
2022-02-01,2022,2,13,Yabancı Para Pozisyonu,5,,Döviz Yükümlülükleri Toplamı,,"Yabancı Para Pozisyonu (milyon TL), Dönem:2022/2",Döviz Yükümlülükleri Toplamı,,TL,BDDK Aylık Bülten - Excel
2022-02-01,2022,2,13,Yabancı Para Pozisyonu,5,,Döviz Yükümlülükleri Toplamı,,Toplam,6611248.65446,6611248.65446,TL,BDDK Aylık Bülten - Excel
2022-02-01,2022,2,13,Yabancı Para Pozisyonu,6,,Bilanço İçi Yükümlülükler,,Unnamed: 0,Sektör,,TL,BDDK Aylık Bülten - Excel
2022-02-01,2022,2,13,Yabancı Para Pozisyonu,6,,Bilanço İçi Yükümlülükler,,Unnamed: 1,6,6.0,TL,BDDK Aylık Bülten - Excel
2022-02-01,2022,2,13,Yabancı Para Pozisyonu,6,,Bilanço İçi Yükümlülükler,,"Yabancı Para Pozisyonu (milyon TL), Dönem:2022/2",Bilanço İçi Yükümlülükler,,TL,BDDK Aylık Bülten - Excel
2022-02-01,2022,2,13,Yabancı Para Pozisyonu,6,,Bilanço İçi Yükümlülükler,,Toplam,5214146.19065,5214146.19065,TL,BDDK Aylık Bülten - Excel
2022-02-01,2022,2,13,Yabancı Para Pozisyonu,7,,Dövize Endeksli Yükümlülükler,,Unnamed: 0,Sektör,,TL,BDDK Aylık Bülten - Excel
2022-02-01,2022,2,13,Yabancı Para Pozisyonu,7,,Dövize Endeksli Yükümlülükler,,Unnamed: 1,7,7.0,TL,BDDK Aylık Bülten - Excel
2022-02-01,2022,2,13,Yabancı Para Pozisyonu,7,,Dövize Endeksli Yükümlülükler,,"Yabancı Para Pozisyonu (milyon TL), Dönem:2022/2",Dövize Endeksli Yükümlülükler,,TL,BDDK Aylık Bülten - Excel
2022-02-01,2022,2,13,Yabancı Para Pozisyonu,7,,Dövize Endeksli Yükümlülükler,,Toplam,0.0,0.0,TL,BDDK Aylık Bülten - Excel
2022-02-01,2022,2,13,Yabancı Para Pozisyonu,8,,Bilanço Dışı Yükümlülükler,,Unnamed: 0,Sektör,,TL,BDDK Aylık Bülten - Excel
2022-02-01,2022,2,13,Yabancı Para Pozisyonu,8,,Bilanço Dışı Yükümlülükler,,Unnamed: 1,8,8.0,TL,BDDK Aylık Bülten - Excel
2022-02-01,2022,2,13,Yabancı Para Pozisyonu,8,,Bilanço Dışı Yükümlülükler,,"Yabancı Para Pozisyonu (milyon TL), Dönem:2022/2",Bilanço Dışı Yükümlülükler,,TL,BDDK Aylık Bülten - Excel
2022-02-01,2022,2,13,Yabancı Para Pozisyonu,8,,Bilanço Dışı Yükümlülükler,,Toplam,1397102.46381,1397102.46381,TL,BDDK Aylık Bülten - Excel
2022-02-01,2022,2,13,Yabancı Para Pozisyonu,9,,Yabancı Para Net Genel Pozisyonu,,Unnamed: 0,Sektör,,TL,BDDK Aylık Bülten - Excel
2022-02-01,2022,2,13,Yabancı Para Pozisyonu,9,,Yabancı Para Net Genel Pozisyonu,,Unnamed: 1,9,9.0,TL,BDDK Aylık Bülten - Excel
2022-02-01,2022,2,13,Yabancı Para Pozisyonu,9,,Yabancı Para Net Genel Pozisyonu,,"Yabancı Para Pozisyonu (milyon TL), Dönem:2022/2",Yabancı Para Net Genel Pozisyonu,,TL,BDDK Aylık Bülten - Excel
2022-02-01,2022,2,13,Yabancı Para Pozisyonu,9,,Yabancı Para Net Genel Pozisyonu,,Toplam,66384.60165,66384.60165,TL,BDDK Aylık Bülten - Excel
2022-02-01,2022,2,13,Yabancı Para Pozisyonu,10,,Yasal Özkaynak,,Unnamed: 0,Sektör,,TL,BDDK Aylık Bülten - Excel
2022-02-01,2022,2,13,Yabancı Para Pozisyonu,10,,Yasal Özkaynak,,Unnamed: 1,10,10.0,TL,BDDK Aylık Bülten - Excel
2022-02-01,2022,2,13,Yabancı Para Pozisyonu,10,,Yasal Özkaynak,,"Yabancı Para Pozisyonu (milyon TL), Dönem:2022/2",Yasal Özkaynak,,TL,BDDK Aylık Bülten - Excel
2022-02-01,2022,2,13,Yabancı Para Pozisyonu,10,,Yasal Özkaynak,,Toplam,1032695.0746,1032695.0746,TL,BDDK Aylık Bülten - Excel
2022-02-01,2022,2,13,Yabancı Para Pozisyonu,11,,Yabancı Para Net Genel Pozisyon / Yasal Özkaynak Standart Oranı (Yüzde),,Unnamed: 0,Sektör,,TL,BDDK Aylık Bülten - Excel
2022-02-01,2022,2,13,Yabancı Para Pozisyonu,11,,Yabancı Para Net Genel Pozisyon / Yasal Özkaynak Standart Oranı (Yüzde),,Unnamed: 1,11,11.0,TL,BDDK Aylık Bülten - Excel
2022-02-01,2022,2,13,Yabancı Para Pozisyonu,11,,Yabancı Para Net Genel Pozisyon / Yasal Özkaynak Standart Oranı (Yüzde),,"Yabancı Para Pozisyonu (milyon TL), Dönem:2022/2",Yabancı Para Net Genel Pozisyon / Yasal Özkaynak Standart Oranı (Yüzde),,TL,BDDK Aylık Bülten - Excel
2022-02-01,2022,2,13,Yabancı Para Pozisyonu,11,,Yabancı Para Net Genel Pozisyon / Yasal Özkaynak Standart Oranı (Yüzde),,Toplam,6.428286,6.428286,TL,BDDK Aylık Bülten - Excel
2022-03-01,2022,3,13,Yabancı Para Pozisyonu,1,,Döviz Varlıkları Toplamı,,Unnamed: 0,Sektör,,TL,BDDK Aylık Bülten - Excel
2022-03-01,2022,3,13,Yabancı Para Pozisyonu,1,,Döviz Varlıkları Toplamı,,Unnamed: 1,1,1.0,TL,BDDK Aylık Bülten - Excel
2022-03-01,2022,3,13,Yabancı Para Pozisyonu,1,,Döviz Varlıkları Toplamı,,"Yabancı Para Pozisyonu (milyon TL), Dönem:2022/3",Döviz Varlıkları Toplamı,,TL,BDDK Aylık Bülten - Excel
2022-03-01,2022,3,13,Yabancı Para Pozisyonu,1,,Döviz Varlıkları Toplamı,,Toplam,7126126.89024,7126126.89024,TL,BDDK Aylık Bülten - Excel
2022-03-01,2022,3,13,Yabancı Para Pozisyonu,2,,Bilanço İçi Varlıklar,,Unnamed: 0,Sektör,,TL,BDDK Aylık Bülten - Excel
2022-03-01,2022,3,13,Yabancı Para Pozisyonu,2,,Bilanço İçi Varlıklar,,Unnamed: 1,2,2.0,TL,BDDK Aylık Bülten - Excel
2022-03-01,2022,3,13,Yabancı Para Pozisyonu,2,,Bilanço İçi Varlıklar,,"Yabancı Para Pozisyonu (milyon TL), Dönem:2022/3",Bilanço İçi Varlıklar,,TL,BDDK Aylık Bülten - Excel
2022-03-01,2022,3,13,Yabancı Para Pozisyonu,2,,Bilanço İçi Varlıklar,,Toplam,5089642.15247,5089642.15247,TL,BDDK Aylık Bülten - Excel
2022-03-01,2022,3,13,Yabancı Para Pozisyonu,3,,Dövize Endeksli Varlıklar,,Unnamed: 0,Sektör,,TL,BDDK Aylık Bülten - Excel
2022-03-01,2022,3,13,Yabancı Para Pozisyonu,3,,Dövize Endeksli Varlıklar,,Unnamed: 1,3,3.0,TL,BDDK Aylık Bülten - Excel
2022-03-01,2022,3,13,Yabancı Para Pozisyonu,3,,Dövize Endeksli Varlıklar,,"Yabancı Para Pozisyonu (milyon TL), Dönem:2022/3",Dövize Endeksli Varlıklar,,TL,BDDK Aylık Bülten - Excel
2022-03-01,2022,3,13,Yabancı Para Pozisyonu,3,,Dövize Endeksli Varlıklar,,Toplam,10676.85856,10676.85856,TL,BDDK Aylık Bülten - Excel
2022-03-01,2022,3,13,Yabancı Para Pozisyonu,4,,Bilanço Dışı Varlıklar,,Unnamed: 0,Sektör,,TL,BDDK Aylık Bülten - Excel
2022-03-01,2022,3,13,Yabancı Para Pozisyonu,4,,Bilanço Dışı Varlıklar,,Unnamed: 1,4,4.0,TL,BDDK Aylık Bülten - Excel
2022-03-01,2022,3,13,Yabancı Para Pozisyonu,4,,Bilanço Dışı Varlıklar,,"Yabancı Para Pozisyonu (milyon TL), Dönem:2022/3",Bilanço Dışı Varlıklar,,TL,BDDK Aylık Bülten - Excel
2022-03-01,2022,3,13,Yabancı Para Pozisyonu,4,,Bilanço Dışı Varlıklar,,Toplam,2036484.73777,2036484.73777,TL,BDDK Aylık Bülten - Excel
2022-03-01,2022,3,13,Yabancı Para Pozisyonu,5,,Döviz Yükümlülükleri Toplamı,,Unnamed: 0,Sektör,,TL,BDDK Aylık Bülten - Excel
2022-03-01,2022,3,13,Yabancı Para Pozisyonu,5,,Döviz Yükümlülükleri Toplamı,,Unnamed: 1,5,5.0,TL,BDDK Aylık Bülten - Excel
2022-03-01,2022,3,13,Yabancı Para Pozisyonu,5,,Döviz Yükümlülükleri Toplamı,,"Yabancı Para Pozisyonu (milyon TL), Dönem:2022/3",Döviz Yükümlülükleri Toplamı,,TL,BDDK Aylık Bülten - Excel
2022-03-01,2022,3,13,Yabancı Para Pozisyonu,5,,Döviz Yükümlülükleri Toplamı,,Toplam,7047322.39999,7047322.39999,TL,BDDK Aylık Bülten - Excel
2022-03-01,2022,3,13,Yabancı Para Pozisyonu,6,,Bilanço İçi Yükümlülükler,,Unnamed: 0,Sektör,,TL,BDDK Aylık Bülten - Excel
2022-03-01,2022,3,13,Yabancı Para Pozisyonu,6,,Bilanço İçi Yükümlülükler,,Unnamed: 1,6,6.0,TL,BDDK Aylık Bülten - Excel
2022-03-01,2022,3,13,Yabancı Para Pozisyonu,6,,Bilanço İçi Yükümlülükler,,"Yabancı Para Pozisyonu (milyon TL), Dönem:2022/3",Bilanço İçi Yükümlülükler,,TL,BDDK Aylık Bülten - Excel
2022-03-01,2022,3,13,Yabancı Para Pozisyonu,6,,Bilanço İçi Yükümlülükler,,Toplam,5534400.65575,5534400.65575,TL,BDDK Aylık Bülten - Excel
2022-03-01,2022,3,13,Yabancı Para Pozisyonu,7,,Dövize Endeksli Yükümlülükler,,Unnamed: 0,Sektör,,TL,BDDK Aylık Bülten - Excel
2022-03-01,2022,3,13,Yabancı Para Pozisyonu,7,,Dövize Endeksli Yükümlülükler,,Unnamed: 1,7,7.0,TL,BDDK Aylık Bülten - Excel
2022-03-01,2022,3,13,Yabancı Para Pozisyonu,7,,Dövize Endeksli Yükümlülükler,,"Yabancı Para Pozisyonu (milyon TL), Dönem:2022/3",Dövize Endeksli Yükümlülükler,,TL,BDDK Aylık Bülten - Excel
2022-03-01,2022,3,13,Yabancı Para Pozisyonu,7,,Dövize Endeksli Yükümlülükler,,Toplam,0.0,0.0,TL,BDDK Aylık Bülten - Excel
2022-03-01,2022,3,13,Yabancı Para Pozisyonu,8,,Bilanço Dışı Yükümlülükler,,Unnamed: 0,Sektör,,TL,BDDK Aylık Bülten - Excel
2022-03-01,2022,3,13,Yabancı Para Pozisyonu,8,,Bilanço Dışı Yükümlülükler,,Unnamed: 1,8,8.0,TL,BDDK Aylık Bülten - Excel
2022-03-01,2022,3,13,Yabancı Para Pozisyonu,8,,Bilanço Dışı Yükümlülükler,,"Yabancı Para Pozisyonu (milyon TL), Dönem:2022/3",Bilanço Dışı Yükümlülükler,,TL,BDDK Aylık Bülten - Excel
2022-03-01,2022,3,13,Yabancı Para Pozisyonu,8,,Bilanço Dışı Yükümlülükler,,Toplam,1512921.74424,1512921.74424,TL,BDDK Aylık Bülten - Excel
2022-03-01,2022,3,13,Yabancı Para Pozisyonu,9,,Yabancı Para Net Genel Pozisyonu,,Unnamed: 0,Sektör,,TL,BDDK Aylık Bülten - Excel
2022-03-01,2022,3,13,Yabancı Para Pozisyonu,9,,Yabancı Para Net Genel Pozisyonu,,Unnamed: 1,9,9.0,TL,BDDK Aylık Bülten - Excel
2022-03-01,2022,3,13,Yabancı Para Pozisyonu,9,,Yabancı Para Net Genel Pozisyonu,,"Yabancı Para Pozisyonu (milyon TL), Dönem:2022/3",Yabancı Para Net Genel Pozisyonu,,TL,BDDK Aylık Bülten - Excel
2022-03-01,2022,3,13,Yabancı Para Pozisyonu,9,,Yabancı Para Net Genel Pozisyonu,,Toplam,78804.49025,78804.49025,TL,BDDK Aylık Bülten - Excel
2022-03-01,2022,3,13,Yabancı Para Pozisyonu,10,,Yasal Özkaynak,,Unnamed: 0,Sektör,,TL,BDDK Aylık Bülten - Excel
2022-03-01,2022,3,13,Yabancı Para Pozisyonu,10,,Yasal Özkaynak,,Unnamed: 1,10,10.0,TL,BDDK Aylık Bülten - Excel
2022-03-01,2022,3,13,Yabancı Para Pozisyonu,10,,Yasal Özkaynak,,"Yabancı Para Pozisyonu (milyon TL), Dönem:2022/3",Yasal Özkaynak,,TL,BDDK Aylık Bülten - Excel
2022-03-01,2022,3,13,Yabancı Para Pozisyonu,10,,Yasal Özkaynak,,Toplam,1105162.41127,1105162.41127,TL,BDDK Aylık Bülten - Excel
2022-03-01,2022,3,13,Yabancı Para Pozisyonu,11,,Yabancı Para Net Genel Pozisyon / Yasal Özkaynak Standart Oranı (Yüzde),,Unnamed: 0,Sektör,,TL,BDDK Aylık Bülten - Excel
2022-03-01,2022,3,13,Yabancı Para Pozisyonu,11,,Yabancı Para Net Genel Pozisyon / Yasal Özkaynak Standart Oranı (Yüzde),,Unnamed: 1,11,11.0,TL,BDDK Aylık Bülten - Excel
2022-03-01,2022,3,13,Yabancı Para Pozisyonu,11,,Yabancı Para Net Genel Pozisyon / Yasal Özkaynak Standart Oranı (Yüzde),,"Yabancı Para Pozisyonu (milyon TL), Dönem:2022/3",Yabancı Para Net Genel Pozisyon / Yasal Özkaynak Standart Oranı (Yüzde),,TL,BDDK Aylık Bülten - Excel
2022-03-01,2022,3,13,Yabancı Para Pozisyonu,11,,Yabancı Para Net Genel Pozisyon / Yasal Özkaynak Standart Oranı (Yüzde),,Toplam,7.13058,7.13058,TL,BDDK Aylık Bülten - Excel
2022-04-01,2022,4,13,Yabancı Para Pozisyonu,1,,Döviz Varlıkları Toplamı,,Unnamed: 0,Sektör,,TL,BDDK Aylık Bülten - Excel
2022-04-01,2022,4,13,Yabancı Para Pozisyonu,1,,Döviz Varlıkları Toplamı,,Unnamed: 1,1,1.0,TL,BDDK Aylık Bülten - Excel
2022-04-01,2022,4,13,Yabancı Para Pozisyonu,1,,Döviz Varlıkları Toplamı,,"Yabancı Para Pozisyonu (milyon TL), Dönem:2022/4",Döviz Varlıkları Toplamı,,TL,BDDK Aylık Bülten - Excel
2022-04-01,2022,4,13,Yabancı Para Pozisyonu,1,,Döviz Varlıkları Toplamı,,Toplam,7130658.75547,7130658.75547,TL,BDDK Aylık Bülten - Excel
2022-04-01,2022,4,13,Yabancı Para Pozisyonu,2,,Bilanço İçi Varlıklar,,Unnamed: 0,Sektör,,TL,BDDK Aylık Bülten - Excel
2022-04-01,2022,4,13,Yabancı Para Pozisyonu,2,,Bilanço İçi Varlıklar,,Unnamed: 1,2,2.0,TL,BDDK Aylık Bülten - Excel
2022-04-01,2022,4,13,Yabancı Para Pozisyonu,2,,Bilanço İçi Varlıklar,,"Yabancı Para Pozisyonu (milyon TL), Dönem:2022/4",Bilanço İçi Varlıklar,,TL,BDDK Aylık Bülten - Excel
2022-04-01,2022,4,13,Yabancı Para Pozisyonu,2,,Bilanço İçi Varlıklar,,Toplam,5029424.30065,5029424.30065,TL,BDDK Aylık Bülten - Excel
2022-04-01,2022,4,13,Yabancı Para Pozisyonu,3,,Dövize Endeksli Varlıklar,,Unnamed: 0,Sektör,,TL,BDDK Aylık Bülten - Excel
2022-04-01,2022,4,13,Yabancı Para Pozisyonu,3,,Dövize Endeksli Varlıklar,,Unnamed: 1,3,3.0,TL,BDDK Aylık Bülten - Excel
2022-04-01,2022,4,13,Yabancı Para Pozisyonu,3,,Dövize Endeksli Varlıklar,,"Yabancı Para Pozisyonu (milyon TL), Dönem:2022/4",Dövize Endeksli Varlıklar,,TL,BDDK Aylık Bülten - Excel
2022-04-01,2022,4,13,Yabancı Para Pozisyonu,3,,Dövize Endeksli Varlıklar,,Toplam,10004.39211,10004.39211,TL,BDDK Aylık Bülten - Excel
2022-04-01,2022,4,13,Yabancı Para Pozisyonu,4,,Bilanço Dışı Varlıklar,,Unnamed: 0,Sektör,,TL,BDDK Aylık Bülten - Excel
2022-04-01,2022,4,13,Yabancı Para Pozisyonu,4,,Bilanço Dışı Varlıklar,,Unnamed: 1,4,4.0,TL,BDDK Aylık Bülten - Excel
2022-04-01,2022,4,13,Yabancı Para Pozisyonu,4,,Bilanço Dışı Varlıklar,,"Yabancı Para Pozisyonu (milyon TL), Dönem:2022/4",Bilanço Dışı Varlıklar,,TL,BDDK Aylık Bülten - Excel
2022-04-01,2022,4,13,Yabancı Para Pozisyonu,4,,Bilanço Dışı Varlıklar,,Toplam,2101234.45482,2101234.45482,TL,BDDK Aylık Bülten - Excel
2022-04-01,2022,4,13,Yabancı Para Pozisyonu,5,,Döviz Yükümlülükleri Toplamı,,Unnamed: 0,Sektör,,TL,BDDK Aylık Bülten - Excel
2022-04-01,2022,4,13,Yabancı Para Pozisyonu,5,,Döviz Yükümlülükleri Toplamı,,Unnamed: 1,5,5.0,TL,BDDK Aylık Bülten - Excel
2022-04-01,2022,4,13,Yabancı Para Pozisyonu,5,,Döviz Yükümlülükleri Toplamı,,"Yabancı Para Pozisyonu (milyon TL), Dönem:2022/4",Döviz Yükümlülükleri Toplamı,,TL,BDDK Aylık Bülten - Excel
2022-04-01,2022,4,13,Yabancı Para Pozisyonu,5,,Döviz Yükümlülükleri Toplamı,,Toplam,7056320.00451,7056320.00451,TL,BDDK Aylık Bülten - Excel
2022-04-01,2022,4,13,Yabancı Para Pozisyonu,6,,Bilanço İçi Yükümlülükler,,Unnamed: 0,Sektör,,TL,BDDK Aylık Bülten - Excel
2022-04-01,2022,4,13,Yabancı Para Pozisyonu,6,,Bilanço İçi Yükümlülükler,,Unnamed: 1,6,6.0,TL,BDDK Aylık Bülten - Excel
2022-04-01,2022,4,13,Yabancı Para Pozisyonu,6,,Bilanço İçi Yükümlülükler,,"Yabancı Para Pozisyonu (milyon TL), Dönem:2022/4",Bilanço İçi Yükümlülükler,,TL,BDDK Aylık Bülten - Excel
2022-04-01,2022,4,13,Yabancı Para Pozisyonu,6,,Bilanço İçi Yükümlülükler,,Toplam,5524058.58039,5524058.58039,TL,BDDK Aylık Bülten - Excel
2022-04-01,2022,4,13,Yabancı Para Pozisyonu,7,,Dövize Endeksli Yükümlülükler,,Unnamed: 0,Sektör,,TL,BDDK Aylık Bülten - Excel
2022-04-01,2022,4,13,Yabancı Para Pozisyonu,7,,Dövize Endeksli Yükümlülükler,,Unnamed: 1,7,7.0,TL,BDDK Aylık Bülten - Excel
2022-04-01,2022,4,13,Yabancı Para Pozisyonu,7,,Dövize Endeksli Yükümlülükler,,"Yabancı Para Pozisyonu (milyon TL), Dönem:2022/4",Dövize Endeksli Yükümlülükler,,TL,BDDK Aylık Bülten - Excel
2022-04-01,2022,4,13,Yabancı Para Pozisyonu,7,,Dövize Endeksli Yükümlülükler,,Toplam,0.0,0.0,TL,BDDK Aylık Bülten - Excel
2022-04-01,2022,4,13,Yabancı Para Pozisyonu,8,,Bilanço Dışı Yükümlülükler,,Unnamed: 0,Sektör,,TL,BDDK Aylık Bülten - Excel
2022-04-01,2022,4,13,Yabancı Para Pozisyonu,8,,Bilanço Dışı Yükümlülükler,,Unnamed: 1,8,8.0,TL,BDDK Aylık Bülten - Excel
2022-04-01,2022,4,13,Yabancı Para Pozisyonu,8,,Bilanço Dışı Yükümlülükler,,"Yabancı Para Pozisyonu (milyon TL), Dönem:2022/4",Bilanço Dışı Yükümlülükler,,TL,BDDK Aylık Bülten - Excel
2022-04-01,2022,4,13,Yabancı Para Pozisyonu,8,,Bilanço Dışı Yükümlülükler,,Toplam,1532261.42412,1532261.42412,TL,BDDK Aylık Bülten - Excel
2022-04-01,2022,4,13,Yabancı Para Pozisyonu,9,,Yabancı Para Net Genel Pozisyonu,,Unnamed: 0,Sektör,,TL,BDDK Aylık Bülten - Excel
2022-04-01,2022,4,13,Yabancı Para Pozisyonu,9,,Yabancı Para Net Genel Pozisyonu,,Unnamed: 1,9,9.0,TL,BDDK Aylık Bülten - Excel
2022-04-01,2022,4,13,Yabancı Para Pozisyonu,9,,Yabancı Para Net Genel Pozisyonu,,"Yabancı Para Pozisyonu (milyon TL), Dönem:2022/4",Yabancı Para Net Genel Pozisyonu,,TL,BDDK Aylık Bülten - Excel
2022-04-01,2022,4,13,Yabancı Para Pozisyonu,9,,Yabancı Para Net Genel Pozisyonu,,Toplam,74338.75096,74338.75096,TL,BDDK Aylık Bülten - Excel
2022-04-01,2022,4,13,Yabancı Para Pozisyonu,10,,Yasal Özkaynak,,Unnamed: 0,Sektör,,TL,BDDK Aylık Bülten - Excel
2022-04-01,2022,4,13,Yabancı Para Pozisyonu,10,,Yasal Özkaynak,,Unnamed: 1,10,10.0,TL,BDDK Aylık Bülten - Excel
2022-04-01,2022,4,13,Yabancı Para Pozisyonu,10,,Yasal Özkaynak,,"Yabancı Para Pozisyonu (milyon TL), Dönem:2022/4",Yasal Özkaynak,,TL,BDDK Aylık Bülten - Excel
2022-04-01,2022,4,13,Yabancı Para Pozisyonu,10,,Yasal Özkaynak,,Toplam,1192338.54425,1192338.54425,TL,BDDK Aylık Bülten - Excel
2022-04-01,2022,4,13,Yabancı Para Pozisyonu,11,,Yabancı Para Net Genel Pozisyon / Yasal Özkaynak Standart Oranı (Yüzde),,Unnamed: 0,Sektör,,TL,BDDK Aylık Bülten - Excel
2022-04-01,2022,4,13,Yabancı Para Pozisyonu,11,,Yabancı Para Net Genel Pozisyon / Yasal Özkaynak Standart Oranı (Yüzde),,Unnamed: 1,11,11.0,TL,BDDK Aylık Bülten - Excel
2022-04-01,2022,4,13,Yabancı Para Pozisyonu,11,,Yabancı Para Net Genel Pozisyon / Yasal Özkaynak Standart Oranı (Yüzde),,"Yabancı Para Pozisyonu (milyon TL), Dönem:2022/4",Yabancı Para Net Genel Pozisyon / Yasal Özkaynak Standart Oranı (Yüzde),,TL,BDDK Aylık Bülten - Excel
2022-04-01,2022,4,13,Yabancı Para Pozisyonu,11,,Yabancı Para Net Genel Pozisyon / Yasal Özkaynak Standart Oranı (Yüzde),,Toplam,6.234701,6.234701,TL,BDDK Aylık Bülten - Excel
2022-05-01,2022,5,13,Yabancı Para Pozisyonu,1,,Döviz Varlıkları Toplamı,,Unnamed: 0,Sektör,,TL,BDDK Aylık Bülten - Excel
2022-05-01,2022,5,13,Yabancı Para Pozisyonu,1,,Döviz Varlıkları Toplamı,,Unnamed: 1,1,1.0,TL,BDDK Aylık Bülten - Excel
2022-05-01,2022,5,13,Yabancı Para Pozisyonu,1,,Döviz Varlıkları Toplamı,,"Yabancı Para Pozisyonu (milyon TL), Dönem:2022/5",Döviz Varlıkları Toplamı,,TL,BDDK Aylık Bülten - Excel
2022-05-01,2022,5,13,Yabancı Para Pozisyonu,1,,Döviz Varlıkları Toplamı,,Toplam,7719248.87454,7719248.87454,TL,BDDK Aylık Bülten - Excel
2022-05-01,2022,5,13,Yabancı Para Pozisyonu,2,,Bilanço İçi Varlıklar,,Unnamed: 0,Sektör,,TL,BDDK Aylık Bülten - Excel
2022-05-01,2022,5,13,Yabancı Para Pozisyonu,2,,Bilanço İçi Varlıklar,,Unnamed: 1,2,2.0,TL,BDDK Aylık Bülten - Excel
2022-05-01,2022,5,13,Yabancı Para Pozisyonu,2,,Bilanço İçi Varlıklar,,"Yabancı Para Pozisyonu (milyon TL), Dönem:2022/5",Bilanço İçi Varlıklar,,TL,BDDK Aylık Bülten - Excel
2022-05-01,2022,5,13,Yabancı Para Pozisyonu,2,,Bilanço İçi Varlıklar,,Toplam,5548110.23223,5548110.23223,TL,BDDK Aylık Bülten - Excel
2022-05-01,2022,5,13,Yabancı Para Pozisyonu,3,,Dövize Endeksli Varlıklar,,Unnamed: 0,Sektör,,TL,BDDK Aylık Bülten - Excel
2022-05-01,2022,5,13,Yabancı Para Pozisyonu,3,,Dövize Endeksli Varlıklar,,Unnamed: 1,3,3.0,TL,BDDK Aylık Bülten - Excel
2022-05-01,2022,5,13,Yabancı Para Pozisyonu,3,,Dövize Endeksli Varlıklar,,"Yabancı Para Pozisyonu (milyon TL), Dönem:2022/5",Dövize Endeksli Varlıklar,,TL,BDDK Aylık Bülten - Excel
2022-05-01,2022,5,13,Yabancı Para Pozisyonu,3,,Dövize Endeksli Varlıklar,,Toplam,10380.95053,10380.95053,TL,BDDK Aylık Bülten - Excel
2022-05-01,2022,5,13,Yabancı Para Pozisyonu,4,,Bilanço Dışı Varlıklar,,Unnamed: 0,Sektör,,TL,BDDK Aylık Bülten - Excel
2022-05-01,2022,5,13,Yabancı Para Pozisyonu,4,,Bilanço Dışı Varlıklar,,Unnamed: 1,4,4.0,TL,BDDK Aylık Bülten - Excel
2022-05-01,2022,5,13,Yabancı Para Pozisyonu,4,,Bilanço Dışı Varlıklar,,"Yabancı Para Pozisyonu (milyon TL), Dönem:2022/5",Bilanço Dışı Varlıklar,,TL,BDDK Aylık Bülten - Excel
2022-05-01,2022,5,13,Yabancı Para Pozisyonu,4,,Bilanço Dışı Varlıklar,,Toplam,2171138.64231,2171138.64231,TL,BDDK Aylık Bülten - Excel
2022-05-01,2022,5,13,Yabancı Para Pozisyonu,5,,Döviz Yükümlülükleri Toplamı,,Unnamed: 0,Sektör,,TL,BDDK Aylık Bülten - Excel
2022-05-01,2022,5,13,Yabancı Para Pozisyonu,5,,Döviz Yükümlülükleri Toplamı,,Unnamed: 1,5,5.0,TL,BDDK Aylık Bülten - Excel
2022-05-01,2022,5,13,Yabancı Para Pozisyonu,5,,Döviz Yükümlülükleri Toplamı,,"Yabancı Para Pozisyonu (milyon TL), Dönem:2022/5",Döviz Yükümlülükleri Toplamı,,TL,BDDK Aylık Bülten - Excel
2022-05-01,2022,5,13,Yabancı Para Pozisyonu,5,,Döviz Yükümlülükleri Toplamı,,Toplam,7656402.44041,7656402.44041,TL,BDDK Aylık Bülten - Excel
2022-05-01,2022,5,13,Yabancı Para Pozisyonu,6,,Bilanço İçi Yükümlülükler,,Unnamed: 0,Sektör,,TL,BDDK Aylık Bülten - Excel
2022-05-01,2022,5,13,Yabancı Para Pozisyonu,6,,Bilanço İçi Yükümlülükler,,Unnamed: 1,6,6.0,TL,BDDK Aylık Bülten - Excel
2022-05-01,2022,5,13,Yabancı Para Pozisyonu,6,,Bilanço İçi Yükümlülükler,,"Yabancı Para Pozisyonu (milyon TL), Dönem:2022/5",Bilanço İçi Yükümlülükler,,TL,BDDK Aylık Bülten - Excel
2022-05-01,2022,5,13,Yabancı Para Pozisyonu,6,,Bilanço İçi Yükümlülükler,,Toplam,6089937.00705,6089937.00705,TL,BDDK Aylık Bülten - Excel
2022-05-01,2022,5,13,Yabancı Para Pozisyonu,7,,Dövize Endeksli Yükümlülükler,,Unnamed: 0,Sektör,,TL,BDDK Aylık Bülten - Excel
2022-05-01,2022,5,13,Yabancı Para Pozisyonu,7,,Dövize Endeksli Yükümlülükler,,Unnamed: 1,7,7.0,TL,BDDK Aylık Bülten - Excel
2022-05-01,2022,5,13,Yabancı Para Pozisyonu,7,,Dövize Endeksli Yükümlülükler,,"Yabancı Para Pozisyonu (milyon TL), Dönem:2022/5",Dövize Endeksli Yükümlülükler,,TL,BDDK Aylık Bülten - Excel
2022-05-01,2022,5,13,Yabancı Para Pozisyonu,7,,Dövize Endeksli Yükümlülükler,,Toplam,0.0,0.0,TL,BDDK Aylık Bülten - Excel
2022-05-01,2022,5,13,Yabancı Para Pozisyonu,8,,Bilanço Dışı Yükümlülükler,,Unnamed: 0,Sektör,,TL,BDDK Aylık Bülten - Excel
2022-05-01,2022,5,13,Yabancı Para Pozisyonu,8,,Bilanço Dışı Yükümlülükler,,Unnamed: 1,8,8.0,TL,BDDK Aylık Bülten - Excel
2022-05-01,2022,5,13,Yabancı Para Pozisyonu,8,,Bilanço Dışı Yükümlülükler,,"Yabancı Para Pozisyonu (milyon TL), Dönem:2022/5",Bilanço Dışı Yükümlülükler,,TL,BDDK Aylık Bülten - Excel
2022-05-01,2022,5,13,Yabancı Para Pozisyonu,8,,Bilanço Dışı Yükümlülükler,,Toplam,1566465.43336,1566465.43336,TL,BDDK Aylık Bülten - Excel
2022-05-01,2022,5,13,Yabancı Para Pozisyonu,9,,Yabancı Para Net Genel Pozisyonu,,Unnamed: 0,Sektör,,TL,BDDK Aylık Bülten - Excel
2022-05-01,2022,5,13,Yabancı Para Pozisyonu,9,,Yabancı Para Net Genel Pozisyonu,,Unnamed: 1,9,9.0,TL,BDDK Aylık Bülten - Excel
2022-05-01,2022,5,13,Yabancı Para Pozisyonu,9,,Yabancı Para Net Genel Pozisyonu,,"Yabancı Para Pozisyonu (milyon TL), Dönem:2022/5",Yabancı Para Net Genel Pozisyonu,,TL,BDDK Aylık Bülten - Excel
2022-05-01,2022,5,13,Yabancı Para Pozisyonu,9,,Yabancı Para Net Genel Pozisyonu,,Toplam,62846.43413,62846.43413,TL,BDDK Aylık Bülten - Excel
2022-05-01,2022,5,13,Yabancı Para Pozisyonu,10,,Yasal Özkaynak,,Unnamed: 0,Sektör,,TL,BDDK Aylık Bülten - Excel
2022-05-01,2022,5,13,Yabancı Para Pozisyonu,10,,Yasal Özkaynak,,Unnamed: 1,10,10.0,TL,BDDK Aylık Bülten - Excel
2022-05-01,2022,5,13,Yabancı Para Pozisyonu,10,,Yasal Özkaynak,,"Yabancı Para Pozisyonu (milyon TL), Dönem:2022/5",Yasal Özkaynak,,TL,BDDK Aylık Bülten - Excel
2022-05-01,2022,5,13,Yabancı Para Pozisyonu,10,,Yasal Özkaynak,,Toplam,1262811.31196,1262811.31196,TL,BDDK Aylık Bülten - Excel
2022-05-01,2022,5,13,Yabancı Para Pozisyonu,11,,Yabancı Para Net Genel Pozisyon / Yasal Özkaynak Standart Oranı (Yüzde),,Unnamed: 0,Sektör,,TL,BDDK Aylık Bülten - Excel
2022-05-01,2022,5,13,Yabancı Para Pozisyonu,11,,Yabancı Para Net Genel Pozisyon / Yasal Özkaynak Standart Oranı (Yüzde),,Unnamed: 1,11,11.0,TL,BDDK Aylık Bülten - Excel
2022-05-01,2022,5,13,Yabancı Para Pozisyonu,11,,Yabancı Para Net Genel Pozisyon / Yasal Özkaynak Standart Oranı (Yüzde),,"Yabancı Para Pozisyonu (milyon TL), Dönem:2022/5",Yabancı Para Net Genel Pozisyon / Yasal Özkaynak Standart Oranı (Yüzde),,TL,BDDK Aylık Bülten - Excel
2022-05-01,2022,5,13,Yabancı Para Pozisyonu,11,,Yabancı Para Net Genel Pozisyon / Yasal Özkaynak Standart Oranı (Yüzde),,Toplam,4.976708,4.976708,TL,BDDK Aylık Bülten - Excel
2022-06-01,2022,6,13,Yabancı Para Pozisyonu,1,,Döviz Varlıkları Toplamı,,Unnamed: 0,Sektör,,TL,BDDK Aylık Bülten - Excel
2022-06-01,2022,6,13,Yabancı Para Pozisyonu,1,,Döviz Varlıkları Toplamı,,Unnamed: 1,1,1.0,TL,BDDK Aylık Bülten - Excel
2022-06-01,2022,6,13,Yabancı Para Pozisyonu,1,,Döviz Varlıkları Toplamı,,"Yabancı Para Pozisyonu (milyon TL), Dönem:2022/6",Döviz Varlıkları Toplamı,,TL,BDDK Aylık Bülten - Excel
2022-06-01,2022,6,13,Yabancı Para Pozisyonu,1,,Döviz Varlıkları Toplamı,,Toplam,7812410.13775,7812410.13775,TL,BDDK Aylık Bülten - Excel
2022-06-01,2022,6,13,Yabancı Para Pozisyonu,2,,Bilanço İçi Varlıklar,,Unnamed: 0,Sektör,,TL,BDDK Aylık Bülten - Excel
2022-06-01,2022,6,13,Yabancı Para Pozisyonu,2,,Bilanço İçi Varlıklar,,Unnamed: 1,2,2.0,TL,BDDK Aylık Bülten - Excel
2022-06-01,2022,6,13,Yabancı Para Pozisyonu,2,,Bilanço İçi Varlıklar,,"Yabancı Para Pozisyonu (milyon TL), Dönem:2022/6",Bilanço İçi Varlıklar,,TL,BDDK Aylık Bülten - Excel
2022-06-01,2022,6,13,Yabancı Para Pozisyonu,2,,Bilanço İçi Varlıklar,,Toplam,5629089.60494,5629089.60494,TL,BDDK Aylık Bülten - Excel
2022-06-01,2022,6,13,Yabancı Para Pozisyonu,3,,Dövize Endeksli Varlıklar,,Unnamed: 0,Sektör,,TL,BDDK Aylık Bülten - Excel
2022-06-01,2022,6,13,Yabancı Para Pozisyonu,3,,Dövize Endeksli Varlıklar,,Unnamed: 1,3,3.0,TL,BDDK Aylık Bülten - Excel
2022-06-01,2022,6,13,Yabancı Para Pozisyonu,3,,Dövize Endeksli Varlıklar,,"Yabancı Para Pozisyonu (milyon TL), Dönem:2022/6",Dövize Endeksli Varlıklar,,TL,BDDK Aylık Bülten - Excel
2022-06-01,2022,6,13,Yabancı Para Pozisyonu,3,,Dövize Endeksli Varlıklar,,Toplam,9913.40403,9913.40403,TL,BDDK Aylık Bülten - Excel
2022-06-01,2022,6,13,Yabancı Para Pozisyonu,4,,Bilanço Dışı Varlıklar,,Unnamed: 0,Sektör,,TL,BDDK Aylık Bülten - Excel
2022-06-01,2022,6,13,Yabancı Para Pozisyonu,4,,Bilanço Dışı Varlıklar,,Unnamed: 1,4,4.0,TL,BDDK Aylık Bülten - Excel
2022-06-01,2022,6,13,Yabancı Para Pozisyonu,4,,Bilanço Dışı Varlıklar,,"Yabancı Para Pozisyonu (milyon TL), Dönem:2022/6",Bilanço Dışı Varlıklar,,TL,BDDK Aylık Bülten - Excel
2022-06-01,2022,6,13,Yabancı Para Pozisyonu,4,,Bilanço Dışı Varlıklar,,Toplam,2183320.53281,2183320.53281,TL,BDDK Aylık Bülten - Excel
2022-06-01,2022,6,13,Yabancı Para Pozisyonu,5,,Döviz Yükümlülükleri Toplamı,,Unnamed: 0,Sektör,,TL,BDDK Aylık Bülten - Excel
2022-06-01,2022,6,13,Yabancı Para Pozisyonu,5,,Döviz Yükümlülükleri Toplamı,,Unnamed: 1,5,5.0,TL,BDDK Aylık Bülten - Excel
2022-06-01,2022,6,13,Yabancı Para Pozisyonu,5,,Döviz Yükümlülükleri Toplamı,,"Yabancı Para Pozisyonu (milyon TL), Dönem:2022/6",Döviz Yükümlülükleri Toplamı,,TL,BDDK Aylık Bülten - Excel
2022-06-01,2022,6,13,Yabancı Para Pozisyonu,5,,Döviz Yükümlülükleri Toplamı,,Toplam,7749031.61536,7749031.61536,TL,BDDK Aylık Bülten - Excel
2022-06-01,2022,6,13,Yabancı Para Pozisyonu,6,,Bilanço İçi Yükümlülükler,,Unnamed: 0,Sektör,,TL,BDDK Aylık Bülten - Excel
2022-06-01,2022,6,13,Yabancı Para Pozisyonu,6,,Bilanço İçi Yükümlülükler,,Unnamed: 1,6,6.0,TL,BDDK Aylık Bülten - Excel
2022-06-01,2022,6,13,Yabancı Para Pozisyonu,6,,Bilanço İçi Yükümlülükler,,"Yabancı Para Pozisyonu (milyon TL), Dönem:2022/6",Bilanço İçi Yükümlülükler,,TL,BDDK Aylık Bülten - Excel
2022-06-01,2022,6,13,Yabancı Para Pozisyonu,6,,Bilanço İçi Yükümlülükler,,Toplam,6145592.06261,6145592.06261,TL,BDDK Aylık Bülten - Excel
2022-06-01,2022,6,13,Yabancı Para Pozisyonu,7,,Dövize Endeksli Yükümlülükler,,Unnamed: 0,Sektör,,TL,BDDK Aylık Bülten - Excel
2022-06-01,2022,6,13,Yabancı Para Pozisyonu,7,,Dövize Endeksli Yükümlülükler,,Unnamed: 1,7,7.0,TL,BDDK Aylık Bülten - Excel
2022-06-01,2022,6,13,Yabancı Para Pozisyonu,7,,Dövize Endeksli Yükümlülükler,,"Yabancı Para Pozisyonu (milyon TL), Dönem:2022/6",Dövize Endeksli Yükümlülükler,,TL,BDDK Aylık Bülten - Excel
2022-06-01,2022,6,13,Yabancı Para Pozisyonu,7,,Dövize Endeksli Yükümlülükler,,Toplam,0.0,0.0,TL,BDDK Aylık Bülten - Excel
2022-06-01,2022,6,13,Yabancı Para Pozisyonu,8,,Bilanço Dışı Yükümlülükler,,Unnamed: 0,Sektör,,TL,BDDK Aylık Bülten - Excel
2022-06-01,2022,6,13,Yabancı Para Pozisyonu,8,,Bilanço Dışı Yükümlülükler,,Unnamed: 1,8,8.0,TL,BDDK Aylık Bülten - Excel
2022-06-01,2022,6,13,Yabancı Para Pozisyonu,8,,Bilanço Dışı Yükümlülükler,,"Yabancı Para Pozisyonu (milyon TL), Dönem:2022/6",Bilanço Dışı Yükümlülükler,,TL,BDDK Aylık Bülten - Excel
2022-06-01,2022,6,13,Yabancı Para Pozisyonu,8,,Bilanço Dışı Yükümlülükler,,Toplam,1603439.55275,1603439.55275,TL,BDDK Aylık Bülten - Excel
2022-06-01,2022,6,13,Yabancı Para Pozisyonu,9,,Yabancı Para Net Genel Pozisyonu,,Unnamed: 0,Sektör,,TL,BDDK Aylık Bülten - Excel
2022-06-01,2022,6,13,Yabancı Para Pozisyonu,9,,Yabancı Para Net Genel Pozisyonu,,Unnamed: 1,9,9.0,TL,BDDK Aylık Bülten - Excel
2022-06-01,2022,6,13,Yabancı Para Pozisyonu,9,,Yabancı Para Net Genel Pozisyonu,,"Yabancı Para Pozisyonu (milyon TL), Dönem:2022/6",Yabancı Para Net Genel Pozisyonu,,TL,BDDK Aylık Bülten - Excel
2022-06-01,2022,6,13,Yabancı Para Pozisyonu,9,,Yabancı Para Net Genel Pozisyonu,,Toplam,63378.52239,63378.52239,TL,BDDK Aylık Bülten - Excel
2022-06-01,2022,6,13,Yabancı Para Pozisyonu,10,,Yasal Özkaynak,,Unnamed: 0,Sektör,,TL,BDDK Aylık Bülten - Excel
2022-06-01,2022,6,13,Yabancı Para Pozisyonu,10,,Yasal Özkaynak,,Unnamed: 1,10,10.0,TL,BDDK Aylık Bülten - Excel
2022-06-01,2022,6,13,Yabancı Para Pozisyonu,10,,Yasal Özkaynak,,"Yabancı Para Pozisyonu (milyon TL), Dönem:2022/6",Yasal Özkaynak,,TL,BDDK Aylık Bülten - Excel
2022-06-01,2022,6,13,Yabancı Para Pozisyonu,10,,Yasal Özkaynak,,Toplam,1317161.96497,1317161.96497,TL,BDDK Aylık Bülten - Excel
2022-06-01,2022,6,13,Yabancı Para Pozisyonu,11,,Yabancı Para Net Genel Pozisyon / Yasal Özkaynak Standart Oranı (Yüzde),,Unnamed: 0,Sektör,,TL,BDDK Aylık Bülten - Excel
2022-06-01,2022,6,13,Yabancı Para Pozisyonu,11,,Yabancı Para Net Genel Pozisyon / Yasal Özkaynak Standart Oranı (Yüzde),,Unnamed: 1,11,11.0,TL,BDDK Aylık Bülten - Excel
2022-06-01,2022,6,13,Yabancı Para Pozisyonu,11,,Yabancı Para Net Genel Pozisyon / Yasal Özkaynak Standart Oranı (Yüzde),,"Yabancı Para Pozisyonu (milyon TL), Dönem:2022/6",Yabancı Para Net Genel Pozisyon / Yasal Özkaynak Standart Oranı (Yüzde),,TL,BDDK Aylık Bülten - Excel
2022-06-01,2022,6,13,Yabancı Para Pozisyonu,11,,Yabancı Para Net Genel Pozisyon / Yasal Özkaynak Standart Oranı (Yüzde),,Toplam,4.811748,4.811748,TL,BDDK Aylık Bülten - Excel
2022-07-01,2022,7,13,Yabancı Para Pozisyonu,1,,Döviz Varlıkları Toplamı,,Unnamed: 0,Sektör,,TL,BDDK Aylık Bülten - Excel
2022-07-01,2022,7,13,Yabancı Para Pozisyonu,1,,Döviz Varlıkları Toplamı,,Unnamed: 1,1,1.0,TL,BDDK Aylık Bülten - Excel
2022-07-01,2022,7,13,Yabancı Para Pozisyonu,1,,Döviz Varlıkları Toplamı,,"Yabancı Para Pozisyonu (milyon TL), Dönem:2022/7",Döviz Varlıkları Toplamı,,TL,BDDK Aylık Bülten - Excel
2022-07-01,2022,7,13,Yabancı Para Pozisyonu,1,,Döviz Varlıkları Toplamı,,Toplam,8335749.95384,8335749.95384,TL,BDDK Aylık Bülten - Excel
2022-07-01,2022,7,13,Yabancı Para Pozisyonu,2,,Bilanço İçi Varlıklar,,Unnamed: 0,Sektör,,TL,BDDK Aylık Bülten - Excel
2022-07-01,2022,7,13,Yabancı Para Pozisyonu,2,,Bilanço İçi Varlıklar,,Unnamed: 1,2,2.0,TL,BDDK Aylık Bülten - Excel
2022-07-01,2022,7,13,Yabancı Para Pozisyonu,2,,Bilanço İçi Varlıklar,,"Yabancı Para Pozisyonu (milyon TL), Dönem:2022/7",Bilanço İçi Varlıklar,,TL,BDDK Aylık Bülten - Excel
2022-07-01,2022,7,13,Yabancı Para Pozisyonu,2,,Bilanço İçi Varlıklar,,Toplam,6017663.58978,6017663.58978,TL,BDDK Aylık Bülten - Excel
2022-07-01,2022,7,13,Yabancı Para Pozisyonu,3,,Dövize Endeksli Varlıklar,,Unnamed: 0,Sektör,,TL,BDDK Aylık Bülten - Excel
2022-07-01,2022,7,13,Yabancı Para Pozisyonu,3,,Dövize Endeksli Varlıklar,,Unnamed: 1,3,3.0,TL,BDDK Aylık Bülten - Excel
2022-07-01,2022,7,13,Yabancı Para Pozisyonu,3,,Dövize Endeksli Varlıklar,,"Yabancı Para Pozisyonu (milyon TL), Dönem:2022/7",Dövize Endeksli Varlıklar,,TL,BDDK Aylık Bülten - Excel
2022-07-01,2022,7,13,Yabancı Para Pozisyonu,3,,Dövize Endeksli Varlıklar,,Toplam,10004.27244,10004.27244,TL,BDDK Aylık Bülten - Excel
2022-07-01,2022,7,13,Yabancı Para Pozisyonu,4,,Bilanço Dışı Varlıklar,,Unnamed: 0,Sektör,,TL,BDDK Aylık Bülten - Excel
2022-07-01,2022,7,13,Yabancı Para Pozisyonu,4,,Bilanço Dışı Varlıklar,,Unnamed: 1,4,4.0,TL,BDDK Aylık Bülten - Excel
2022-07-01,2022,7,13,Yabancı Para Pozisyonu,4,,Bilanço Dışı Varlıklar,,"Yabancı Para Pozisyonu (milyon TL), Dönem:2022/7",Bilanço Dışı Varlıklar,,TL,BDDK Aylık Bülten - Excel
2022-07-01,2022,7,13,Yabancı Para Pozisyonu,4,,Bilanço Dışı Varlıklar,,Toplam,2318086.36406,2318086.36406,TL,BDDK Aylık Bülten - Excel
2022-07-01,2022,7,13,Yabancı Para Pozisyonu,5,,Döviz Yükümlülükleri Toplamı,,Unnamed: 0,Sektör,,TL,BDDK Aylık Bülten - Excel
2022-07-01,2022,7,13,Yabancı Para Pozisyonu,5,,Döviz Yükümlülükleri Toplamı,,Unnamed: 1,5,5.0,TL,BDDK Aylık Bülten - Excel
2022-07-01,2022,7,13,Yabancı Para Pozisyonu,5,,Döviz Yükümlülükleri Toplamı,,"Yabancı Para Pozisyonu (milyon TL), Dönem:2022/7",Döviz Yükümlülükleri Toplamı,,TL,BDDK Aylık Bülten - Excel
2022-07-01,2022,7,13,Yabancı Para Pozisyonu,5,,Döviz Yükümlülükleri Toplamı,,Toplam,8267585.06846,8267585.06846,TL,BDDK Aylık Bülten - Excel
2022-07-01,2022,7,13,Yabancı Para Pozisyonu,6,,Bilanço İçi Yükümlülükler,,Unnamed: 0,Sektör,,TL,BDDK Aylık Bülten - Excel
2022-07-01,2022,7,13,Yabancı Para Pozisyonu,6,,Bilanço İçi Yükümlülükler,,Unnamed: 1,6,6.0,TL,BDDK Aylık Bülten - Excel
2022-07-01,2022,7,13,Yabancı Para Pozisyonu,6,,Bilanço İçi Yükümlülükler,,"Yabancı Para Pozisyonu (milyon TL), Dönem:2022/7",Bilanço İçi Yükümlülükler,,TL,BDDK Aylık Bülten - Excel
2022-07-01,2022,7,13,Yabancı Para Pozisyonu,6,,Bilanço İçi Yükümlülükler,,Toplam,6593086.92642,6593086.92642,TL,BDDK Aylık Bülten - Excel
2022-07-01,2022,7,13,Yabancı Para Pozisyonu,7,,Dövize Endeksli Yükümlülükler,,Unnamed: 0,Sektör,,TL,BDDK Aylık Bülten - Excel
2022-07-01,2022,7,13,Yabancı Para Pozisyonu,7,,Dövize Endeksli Yükümlülükler,,Unnamed: 1,7,7.0,TL,BDDK Aylık Bülten - Excel
2022-07-01,2022,7,13,Yabancı Para Pozisyonu,7,,Dövize Endeksli Yükümlülükler,,"Yabancı Para Pozisyonu (milyon TL), Dönem:2022/7",Dövize Endeksli Yükümlülükler,,TL,BDDK Aylık Bülten - Excel
2022-07-01,2022,7,13,Yabancı Para Pozisyonu,7,,Dövize Endeksli Yükümlülükler,,Toplam,0.0,0.0,TL,BDDK Aylık Bülten - Excel
2022-07-01,2022,7,13,Yabancı Para Pozisyonu,8,,Bilanço Dışı Yükümlülükler,,Unnamed: 0,Sektör,,TL,BDDK Aylık Bülten - Excel
2022-07-01,2022,7,13,Yabancı Para Pozisyonu,8,,Bilanço Dışı Yükümlülükler,,Unnamed: 1,8,8.0,TL,BDDK Aylık Bülten - Excel
2022-07-01,2022,7,13,Yabancı Para Pozisyonu,8,,Bilanço Dışı Yükümlülükler,,"Yabancı Para Pozisyonu (milyon TL), Dönem:2022/7",Bilanço Dışı Yükümlülükler,,TL,BDDK Aylık Bülten - Excel
2022-07-01,2022,7,13,Yabancı Para Pozisyonu,8,,Bilanço Dışı Yükümlülükler,,Toplam,1674498.14204,1674498.14204,TL,BDDK Aylık Bülten - Excel
2022-07-01,2022,7,13,Yabancı Para Pozisyonu,9,,Yabancı Para Net Genel Pozisyonu,,Unnamed: 0,Sektör,,TL,BDDK Aylık Bülten - Excel
2022-07-01,2022,7,13,Yabancı Para Pozisyonu,9,,Yabancı Para Net Genel Pozisyonu,,Unnamed: 1,9,9.0,TL,BDDK Aylık Bülten - Excel
2022-07-01,2022,7,13,Yabancı Para Pozisyonu,9,,Yabancı Para Net Genel Pozisyonu,,"Yabancı Para Pozisyonu (milyon TL), Dönem:2022/7",Yabancı Para Net Genel Pozisyonu,,TL,BDDK Aylık Bülten - Excel
2022-07-01,2022,7,13,Yabancı Para Pozisyonu,9,,Yabancı Para Net Genel Pozisyonu,,Toplam,68164.88538,68164.88538,TL,BDDK Aylık Bülten - Excel
2022-07-01,2022,7,13,Yabancı Para Pozisyonu,10,,Yasal Özkaynak,,Unnamed: 0,Sektör,,TL,BDDK Aylık Bülten - Excel
2022-07-01,2022,7,13,Yabancı Para Pozisyonu,10,,Yasal Özkaynak,,Unnamed: 1,10,10.0,TL,BDDK Aylık Bülten - Excel
2022-07-01,2022,7,13,Yabancı Para Pozisyonu,10,,Yasal Özkaynak,,"Yabancı Para Pozisyonu (milyon TL), Dönem:2022/7",Yasal Özkaynak,,TL,BDDK Aylık Bülten - Excel
2022-07-01,2022,7,13,Yabancı Para Pozisyonu,10,,Yasal Özkaynak,,Toplam,1336690.95885,1336690.95885,TL,BDDK Aylık Bülten - Excel
2022-07-01,2022,7,13,Yabancı Para Pozisyonu,11,,Yabancı Para Net Genel Pozisyon / Yasal Özkaynak Standart Oranı (Yüzde),,Unnamed: 0,Sektör,,TL,BDDK Aylık Bülten - Excel
2022-07-01,2022,7,13,Yabancı Para Pozisyonu,11,,Yabancı Para Net Genel Pozisyon / Yasal Özkaynak Standart Oranı (Yüzde),,Unnamed: 1,11,11.0,TL,BDDK Aylık Bülten - Excel
2022-07-01,2022,7,13,Yabancı Para Pozisyonu,11,,Yabancı Para Net Genel Pozisyon / Yasal Özkaynak Standart Oranı (Yüzde),,"Yabancı Para Pozisyonu (milyon TL), Dönem:2022/7",Yabancı Para Net Genel Pozisyon / Yasal Özkaynak Standart Oranı (Yüzde),,TL,BDDK Aylık Bülten - Excel
2022-07-01,2022,7,13,Yabancı Para Pozisyonu,11,,Yabancı Para Net Genel Pozisyon / Yasal Özkaynak Standart Oranı (Yüzde),,Toplam,5.099524,5.099524,TL,BDDK Aylık Bülten - Excel
2022-08-01,2022,8,13,Yabancı Para Pozisyonu,1,,Döviz Varlıkları Toplamı,,Unnamed: 0,Sektör,,TL,BDDK Aylık Bülten - Excel
2022-08-01,2022,8,13,Yabancı Para Pozisyonu,1,,Döviz Varlıkları Toplamı,,Unnamed: 1,1,1.0,TL,BDDK Aylık Bülten - Excel
2022-08-01,2022,8,13,Yabancı Para Pozisyonu,1,,Döviz Varlıkları Toplamı,,"Yabancı Para Pozisyonu (milyon TL), Dönem:2022/8",Döviz Varlıkları Toplamı,,TL,BDDK Aylık Bülten - Excel
2022-08-01,2022,8,13,Yabancı Para Pozisyonu,1,,Döviz Varlıkları Toplamı,,Toplam,8475536.00357,8475536.00357,TL,BDDK Aylık Bülten - Excel
2022-08-01,2022,8,13,Yabancı Para Pozisyonu,2,,Bilanço İçi Varlıklar,,Unnamed: 0,Sektör,,TL,BDDK Aylık Bülten - Excel
2022-08-01,2022,8,13,Yabancı Para Pozisyonu,2,,Bilanço İçi Varlıklar,,Unnamed: 1,2,2.0,TL,BDDK Aylık Bülten - Excel
2022-08-01,2022,8,13,Yabancı Para Pozisyonu,2,,Bilanço İçi Varlıklar,,"Yabancı Para Pozisyonu (milyon TL), Dönem:2022/8",Bilanço İçi Varlıklar,,TL,BDDK Aylık Bülten - Excel
2022-08-01,2022,8,13,Yabancı Para Pozisyonu,2,,Bilanço İçi Varlıklar,,Toplam,6080713.51697,6080713.51697,TL,BDDK Aylık Bülten - Excel
2022-08-01,2022,8,13,Yabancı Para Pozisyonu,3,,Dövize Endeksli Varlıklar,,Unnamed: 0,Sektör,,TL,BDDK Aylık Bülten - Excel
2022-08-01,2022,8,13,Yabancı Para Pozisyonu,3,,Dövize Endeksli Varlıklar,,Unnamed: 1,3,3.0,TL,BDDK Aylık Bülten - Excel
2022-08-01,2022,8,13,Yabancı Para Pozisyonu,3,,Dövize Endeksli Varlıklar,,"Yabancı Para Pozisyonu (milyon TL), Dönem:2022/8",Dövize Endeksli Varlıklar,,TL,BDDK Aylık Bülten - Excel
2022-08-01,2022,8,13,Yabancı Para Pozisyonu,3,,Dövize Endeksli Varlıklar,,Toplam,9611.11059,9611.11059,TL,BDDK Aylık Bülten - Excel
2022-08-01,2022,8,13,Yabancı Para Pozisyonu,4,,Bilanço Dışı Varlıklar,,Unnamed: 0,Sektör,,TL,BDDK Aylık Bülten - Excel
2022-08-01,2022,8,13,Yabancı Para Pozisyonu,4,,Bilanço Dışı Varlıklar,,Unnamed: 1,4,4.0,TL,BDDK Aylık Bülten - Excel
2022-08-01,2022,8,13,Yabancı Para Pozisyonu,4,,Bilanço Dışı Varlıklar,,"Yabancı Para Pozisyonu (milyon TL), Dönem:2022/8",Bilanço Dışı Varlıklar,,TL,BDDK Aylık Bülten - Excel
2022-08-01,2022,8,13,Yabancı Para Pozisyonu,4,,Bilanço Dışı Varlıklar,,Toplam,2394822.4866,2394822.4866,TL,BDDK Aylık Bülten - Excel
2022-08-01,2022,8,13,Yabancı Para Pozisyonu,5,,Döviz Yükümlülükleri Toplamı,,Unnamed: 0,Sektör,,TL,BDDK Aylık Bülten - Excel
2022-08-01,2022,8,13,Yabancı Para Pozisyonu,5,,Döviz Yükümlülükleri Toplamı,,Unnamed: 1,5,5.0,TL,BDDK Aylık Bülten - Excel
2022-08-01,2022,8,13,Yabancı Para Pozisyonu,5,,Döviz Yükümlülükleri Toplamı,,"Yabancı Para Pozisyonu (milyon TL), Dönem:2022/8",Döviz Yükümlülükleri Toplamı,,TL,BDDK Aylık Bülten - Excel
2022-08-01,2022,8,13,Yabancı Para Pozisyonu,5,,Döviz Yükümlülükleri Toplamı,,Toplam,8395466.08207,8395466.08207,TL,BDDK Aylık Bülten - Excel
2022-08-01,2022,8,13,Yabancı Para Pozisyonu,6,,Bilanço İçi Yükümlülükler,,Unnamed: 0,Sektör,,TL,BDDK Aylık Bülten - Excel
2022-08-01,2022,8,13,Yabancı Para Pozisyonu,6,,Bilanço İçi Yükümlülükler,,Unnamed: 1,6,6.0,TL,BDDK Aylık Bülten - Excel
2022-08-01,2022,8,13,Yabancı Para Pozisyonu,6,,Bilanço İçi Yükümlülükler,,"Yabancı Para Pozisyonu (milyon TL), Dönem:2022/8",Bilanço İçi Yükümlülükler,,TL,BDDK Aylık Bülten - Excel
2022-08-01,2022,8,13,Yabancı Para Pozisyonu,6,,Bilanço İçi Yükümlülükler,,Toplam,6658078.66521,6658078.66521,TL,BDDK Aylık Bülten - Excel
2022-08-01,2022,8,13,Yabancı Para Pozisyonu,7,,Dövize Endeksli Yükümlülükler,,Unnamed: 0,Sektör,,TL,BDDK Aylık Bülten - Excel
2022-08-01,2022,8,13,Yabancı Para Pozisyonu,7,,Dövize Endeksli Yükümlülükler,,Unnamed: 1,7,7.0,TL,BDDK Aylık Bülten - Excel
2022-08-01,2022,8,13,Yabancı Para Pozisyonu,7,,Dövize Endeksli Yükümlülükler,,"Yabancı Para Pozisyonu (milyon TL), Dönem:2022/8",Dövize Endeksli Yükümlülükler,,TL,BDDK Aylık Bülten - Excel
2022-08-01,2022,8,13,Yabancı Para Pozisyonu,7,,Dövize Endeksli Yükümlülükler,,Toplam,0.0,0.0,TL,BDDK Aylık Bülten - Excel
2022-08-01,2022,8,13,Yabancı Para Pozisyonu,8,,Bilanço Dışı Yükümlülükler,,Unnamed: 0,Sektör,,TL,BDDK Aylık Bülten - Excel
2022-08-01,2022,8,13,Yabancı Para Pozisyonu,8,,Bilanço Dışı Yükümlülükler,,Unnamed: 1,8,8.0,TL,BDDK Aylık Bülten - Excel
2022-08-01,2022,8,13,Yabancı Para Pozisyonu,8,,Bilanço Dışı Yükümlülükler,,"Yabancı Para Pozisyonu (milyon TL), Dönem:2022/8",Bilanço Dışı Yükümlülükler,,TL,BDDK Aylık Bülten - Excel
2022-08-01,2022,8,13,Yabancı Para Pozisyonu,8,,Bilanço Dışı Yükümlülükler,,Toplam,1737387.41686,1737387.41686,TL,BDDK Aylık Bülten - Excel
2022-08-01,2022,8,13,Yabancı Para Pozisyonu,9,,Yabancı Para Net Genel Pozisyonu,,Unnamed: 0,Sektör,,TL,BDDK Aylık Bülten - Excel
2022-08-01,2022,8,13,Yabancı Para Pozisyonu,9,,Yabancı Para Net Genel Pozisyonu,,Unnamed: 1,9,9.0,TL,BDDK Aylık Bülten - Excel
2022-08-01,2022,8,13,Yabancı Para Pozisyonu,9,,Yabancı Para Net Genel Pozisyonu,,"Yabancı Para Pozisyonu (milyon TL), Dönem:2022/8",Yabancı Para Net Genel Pozisyonu,,TL,BDDK Aylık Bülten - Excel
2022-08-01,2022,8,13,Yabancı Para Pozisyonu,9,,Yabancı Para Net Genel Pozisyonu,,Toplam,80069.9215,80069.9215,TL,BDDK Aylık Bülten - Excel
2022-08-01,2022,8,13,Yabancı Para Pozisyonu,10,,Yasal Özkaynak,,Unnamed: 0,Sektör,,TL,BDDK Aylık Bülten - Excel
2022-08-01,2022,8,13,Yabancı Para Pozisyonu,10,,Yasal Özkaynak,,Unnamed: 1,10,10.0,TL,BDDK Aylık Bülten - Excel
2022-08-01,2022,8,13,Yabancı Para Pozisyonu,10,,Yasal Özkaynak,,"Yabancı Para Pozisyonu (milyon TL), Dönem:2022/8",Yasal Özkaynak,,TL,BDDK Aylık Bülten - Excel
2022-08-01,2022,8,13,Yabancı Para Pozisyonu,10,,Yasal Özkaynak,,Toplam,1398145.44123,1398145.44123,TL,BDDK Aylık Bülten - Excel
2022-08-01,2022,8,13,Yabancı Para Pozisyonu,11,,Yabancı Para Net Genel Pozisyon / Yasal Özkaynak Standart Oranı (Yüzde),,Unnamed: 0,Sektör,,TL,BDDK Aylık Bülten - Excel
2022-08-01,2022,8,13,Yabancı Para Pozisyonu,11,,Yabancı Para Net Genel Pozisyon / Yasal Özkaynak Standart Oranı (Yüzde),,Unnamed: 1,11,11.0,TL,BDDK Aylık Bülten - Excel
2022-08-01,2022,8,13,Yabancı Para Pozisyonu,11,,Yabancı Para Net Genel Pozisyon / Yasal Özkaynak Standart Oranı (Yüzde),,"Yabancı Para Pozisyonu (milyon TL), Dönem:2022/8",Yabancı Para Net Genel Pozisyon / Yasal Özkaynak Standart Oranı (Yüzde),,TL,BDDK Aylık Bülten - Excel
2022-08-01,2022,8,13,Yabancı Para Pozisyonu,11,,Yabancı Para Net Genel Pozisyon / Yasal Özkaynak Standart Oranı (Yüzde),,Toplam,5.726866,5.726866,TL,BDDK Aylık Bülten - Excel
2022-09-01,2022,9,13,Yabancı Para Pozisyonu,1,,Döviz Varlıkları Toplamı,,Unnamed: 0,Sektör,,TL,BDDK Aylık Bülten - Excel
2022-09-01,2022,9,13,Yabancı Para Pozisyonu,1,,Döviz Varlıkları Toplamı,,Unnamed: 1,1,1.0,TL,BDDK Aylık Bülten - Excel
2022-09-01,2022,9,13,Yabancı Para Pozisyonu,1,,Döviz Varlıkları Toplamı,,"Yabancı Para Pozisyonu (milyon TL), Dönem:2022/9",Döviz Varlıkları Toplamı,,TL,BDDK Aylık Bülten - Excel
2022-09-01,2022,9,13,Yabancı Para Pozisyonu,1,,Döviz Varlıkları Toplamı,,Toplam,8581775.91906,8581775.91906,TL,BDDK Aylık Bülten - Excel
2022-09-01,2022,9,13,Yabancı Para Pozisyonu,2,,Bilanço İçi Varlıklar,,Unnamed: 0,Sektör,,TL,BDDK Aylık Bülten - Excel
2022-09-01,2022,9,13,Yabancı Para Pozisyonu,2,,Bilanço İçi Varlıklar,,Unnamed: 1,2,2.0,TL,BDDK Aylık Bülten - Excel
2022-09-01,2022,9,13,Yabancı Para Pozisyonu,2,,Bilanço İçi Varlıklar,,"Yabancı Para Pozisyonu (milyon TL), Dönem:2022/9",Bilanço İçi Varlıklar,,TL,BDDK Aylık Bülten - Excel
2022-09-01,2022,9,13,Yabancı Para Pozisyonu,2,,Bilanço İçi Varlıklar,,Toplam,6115774.96981,6115774.96981,TL,BDDK Aylık Bülten - Excel
2022-09-01,2022,9,13,Yabancı Para Pozisyonu,3,,Dövize Endeksli Varlıklar,,Unnamed: 0,Sektör,,TL,BDDK Aylık Bülten - Excel
2022-09-01,2022,9,13,Yabancı Para Pozisyonu,3,,Dövize Endeksli Varlıklar,,Unnamed: 1,3,3.0,TL,BDDK Aylık Bülten - Excel
2022-09-01,2022,9,13,Yabancı Para Pozisyonu,3,,Dövize Endeksli Varlıklar,,"Yabancı Para Pozisyonu (milyon TL), Dönem:2022/9",Dövize Endeksli Varlıklar,,TL,BDDK Aylık Bülten - Excel
2022-09-01,2022,9,13,Yabancı Para Pozisyonu,3,,Dövize Endeksli Varlıklar,,Toplam,9267.81691,9267.81691,TL,BDDK Aylık Bülten - Excel
2022-09-01,2022,9,13,Yabancı Para Pozisyonu,4,,Bilanço Dışı Varlıklar,,Unnamed: 0,Sektör,,TL,BDDK Aylık Bülten - Excel
2022-09-01,2022,9,13,Yabancı Para Pozisyonu,4,,Bilanço Dışı Varlıklar,,Unnamed: 1,4,4.0,TL,BDDK Aylık Bülten - Excel
2022-09-01,2022,9,13,Yabancı Para Pozisyonu,4,,Bilanço Dışı Varlıklar,,"Yabancı Para Pozisyonu (milyon TL), Dönem:2022/9",Bilanço Dışı Varlıklar,,TL,BDDK Aylık Bülten - Excel
2022-09-01,2022,9,13,Yabancı Para Pozisyonu,4,,Bilanço Dışı Varlıklar,,Toplam,2466000.94925,2466000.94925,TL,BDDK Aylık Bülten - Excel
2022-09-01,2022,9,13,Yabancı Para Pozisyonu,5,,Döviz Yükümlülükleri Toplamı,,Unnamed: 0,Sektör,,TL,BDDK Aylık Bülten - Excel
2022-09-01,2022,9,13,Yabancı Para Pozisyonu,5,,Döviz Yükümlülükleri Toplamı,,Unnamed: 1,5,5.0,TL,BDDK Aylık Bülten - Excel
2022-09-01,2022,9,13,Yabancı Para Pozisyonu,5,,Döviz Yükümlülükleri Toplamı,,"Yabancı Para Pozisyonu (milyon TL), Dönem:2022/9",Döviz Yükümlülükleri Toplamı,,TL,BDDK Aylık Bülten - Excel
2022-09-01,2022,9,13,Yabancı Para Pozisyonu,5,,Döviz Yükümlülükleri Toplamı,,Toplam,8497695.3314,8497695.3314,TL,BDDK Aylık Bülten - Excel
2022-09-01,2022,9,13,Yabancı Para Pozisyonu,6,,Bilanço İçi Yükümlülükler,,Unnamed: 0,Sektör,,TL,BDDK Aylık Bülten - Excel
2022-09-01,2022,9,13,Yabancı Para Pozisyonu,6,,Bilanço İçi Yükümlülükler,,Unnamed: 1,6,6.0,TL,BDDK Aylık Bülten - Excel
2022-09-01,2022,9,13,Yabancı Para Pozisyonu,6,,Bilanço İçi Yükümlülükler,,"Yabancı Para Pozisyonu (milyon TL), Dönem:2022/9",Bilanço İçi Yükümlülükler,,TL,BDDK Aylık Bülten - Excel
2022-09-01,2022,9,13,Yabancı Para Pozisyonu,6,,Bilanço İçi Yükümlülükler,,Toplam,6720575.787,6720575.787,TL,BDDK Aylık Bülten - Excel
2022-09-01,2022,9,13,Yabancı Para Pozisyonu,7,,Dövize Endeksli Yükümlülükler,,Unnamed: 0,Sektör,,TL,BDDK Aylık Bülten - Excel
2022-09-01,2022,9,13,Yabancı Para Pozisyonu,7,,Dövize Endeksli Yükümlülükler,,Unnamed: 1,7,7.0,TL,BDDK Aylık Bülten - Excel
2022-09-01,2022,9,13,Yabancı Para Pozisyonu,7,,Dövize Endeksli Yükümlülükler,,"Yabancı Para Pozisyonu (milyon TL), Dönem:2022/9",Dövize Endeksli Yükümlülükler,,TL,BDDK Aylık Bülten - Excel
2022-09-01,2022,9,13,Yabancı Para Pozisyonu,7,,Dövize Endeksli Yükümlülükler,,Toplam,0.0,0.0,TL,BDDK Aylık Bülten - Excel
2022-09-01,2022,9,13,Yabancı Para Pozisyonu,8,,Bilanço Dışı Yükümlülükler,,Unnamed: 0,Sektör,,TL,BDDK Aylık Bülten - Excel
2022-09-01,2022,9,13,Yabancı Para Pozisyonu,8,,Bilanço Dışı Yükümlülükler,,Unnamed: 1,8,8.0,TL,BDDK Aylık Bülten - Excel
2022-09-01,2022,9,13,Yabancı Para Pozisyonu,8,,Bilanço Dışı Yükümlülükler,,"Yabancı Para Pozisyonu (milyon TL), Dönem:2022/9",Bilanço Dışı Yükümlülükler,,TL,BDDK Aylık Bülten - Excel
2022-09-01,2022,9,13,Yabancı Para Pozisyonu,8,,Bilanço Dışı Yükümlülükler,,Toplam,1777119.5444,1777119.5444,TL,BDDK Aylık Bülten - Excel
2022-09-01,2022,9,13,Yabancı Para Pozisyonu,9,,Yabancı Para Net Genel Pozisyonu,,Unnamed: 0,Sektör,,TL,BDDK Aylık Bülten - Excel
2022-09-01,2022,9,13,Yabancı Para Pozisyonu,9,,Yabancı Para Net Genel Pozisyonu,,Unnamed: 1,9,9.0,TL,BDDK Aylık Bülten - Excel
2022-09-01,2022,9,13,Yabancı Para Pozisyonu,9,,Yabancı Para Net Genel Pozisyonu,,"Yabancı Para Pozisyonu (milyon TL), Dönem:2022/9",Yabancı Para Net Genel Pozisyonu,,TL,BDDK Aylık Bülten - Excel
2022-09-01,2022,9,13,Yabancı Para Pozisyonu,9,,Yabancı Para Net Genel Pozisyonu,,Toplam,84080.58766,84080.58766,TL,BDDK Aylık Bülten - Excel
2022-09-01,2022,9,13,Yabancı Para Pozisyonu,10,,Yasal Özkaynak,,Unnamed: 0,Sektör,,TL,BDDK Aylık Bülten - Excel
2022-09-01,2022,9,13,Yabancı Para Pozisyonu,10,,Yasal Özkaynak,,Unnamed: 1,10,10.0,TL,BDDK Aylık Bülten - Excel
2022-09-01,2022,9,13,Yabancı Para Pozisyonu,10,,Yasal Özkaynak,,"Yabancı Para Pozisyonu (milyon TL), Dönem:2022/9",Yasal Özkaynak,,TL,BDDK Aylık Bülten - Excel
2022-09-01,2022,9,13,Yabancı Para Pozisyonu,10,,Yasal Özkaynak,,Toplam,1483868.45537,1483868.45537,TL,BDDK Aylık Bülten - Excel
2022-09-01,2022,9,13,Yabancı Para Pozisyonu,11,,Yabancı Para Net Genel Pozisyon / Yasal Özkaynak Standart Oranı (Yüzde),,Unnamed: 0,Sektör,,TL,BDDK Aylık Bülten - Excel
2022-09-01,2022,9,13,Yabancı Para Pozisyonu,11,,Yabancı Para Net Genel Pozisyon / Yasal Özkaynak Standart Oranı (Yüzde),,Unnamed: 1,11,11.0,TL,BDDK Aylık Bülten - Excel
2022-09-01,2022,9,13,Yabancı Para Pozisyonu,11,,Yabancı Para Net Genel Pozisyon / Yasal Özkaynak Standart Oranı (Yüzde),,"Yabancı Para Pozisyonu (milyon TL), Dönem:2022/9",Yabancı Para Net Genel Pozisyon / Yasal Özkaynak Standart Oranı (Yüzde),,TL,BDDK Aylık Bülten - Excel
2022-09-01,2022,9,13,Yabancı Para Pozisyonu,11,,Yabancı Para Net Genel Pozisyon / Yasal Özkaynak Standart Oranı (Yüzde),,Toplam,5.66631,5.66631,TL,BDDK Aylık Bülten - Excel
2022-10-01,2022,10,13,Yabancı Para Pozisyonu,1,,Döviz Varlıkları Toplamı,,Unnamed: 0,Sektör,,TL,BDDK Aylık Bülten - Excel
2022-10-01,2022,10,13,Yabancı Para Pozisyonu,1,,Döviz Varlıkları Toplamı,,Unnamed: 1,1,1.0,TL,BDDK Aylık Bülten - Excel
2022-10-01,2022,10,13,Yabancı Para Pozisyonu,1,,Döviz Varlıkları Toplamı,,"Yabancı Para Pozisyonu (milyon TL), Dönem:2022/10",Döviz Varlıkları Toplamı,,TL,BDDK Aylık Bülten - Excel
2022-10-01,2022,10,13,Yabancı Para Pozisyonu,1,,Döviz Varlıkları Toplamı,,Toplam,8575624.58071,8575624.58071,TL,BDDK Aylık Bülten - Excel
2022-10-01,2022,10,13,Yabancı Para Pozisyonu,2,,Bilanço İçi Varlıklar,,Unnamed: 0,Sektör,,TL,BDDK Aylık Bülten - Excel
2022-10-01,2022,10,13,Yabancı Para Pozisyonu,2,,Bilanço İçi Varlıklar,,Unnamed: 1,2,2.0,TL,BDDK Aylık Bülten - Excel
2022-10-01,2022,10,13,Yabancı Para Pozisyonu,2,,Bilanço İçi Varlıklar,,"Yabancı Para Pozisyonu (milyon TL), Dönem:2022/10",Bilanço İçi Varlıklar,,TL,BDDK Aylık Bülten - Excel
2022-10-01,2022,10,13,Yabancı Para Pozisyonu,2,,Bilanço İçi Varlıklar,,Toplam,6130097.15098,6130097.15098,TL,BDDK Aylık Bülten - Excel
2022-10-01,2022,10,13,Yabancı Para Pozisyonu,3,,Dövize Endeksli Varlıklar,,Unnamed: 0,Sektör,,TL,BDDK Aylık Bülten - Excel
2022-10-01,2022,10,13,Yabancı Para Pozisyonu,3,,Dövize Endeksli Varlıklar,,Unnamed: 1,3,3.0,TL,BDDK Aylık Bülten - Excel
2022-10-01,2022,10,13,Yabancı Para Pozisyonu,3,,Dövize Endeksli Varlıklar,,"Yabancı Para Pozisyonu (milyon TL), Dönem:2022/10",Dövize Endeksli Varlıklar,,TL,BDDK Aylık Bülten - Excel
2022-10-01,2022,10,13,Yabancı Para Pozisyonu,3,,Dövize Endeksli Varlıklar,,Toplam,9195.51021,9195.51021,TL,BDDK Aylık Bülten - Excel
2022-10-01,2022,10,13,Yabancı Para Pozisyonu,4,,Bilanço Dışı Varlıklar,,Unnamed: 0,Sektör,,TL,BDDK Aylık Bülten - Excel
2022-10-01,2022,10,13,Yabancı Para Pozisyonu,4,,Bilanço Dışı Varlıklar,,Unnamed: 1,4,4.0,TL,BDDK Aylık Bülten - Excel
2022-10-01,2022,10,13,Yabancı Para Pozisyonu,4,,Bilanço Dışı Varlıklar,,"Yabancı Para Pozisyonu (milyon TL), Dönem:2022/10",Bilanço Dışı Varlıklar,,TL,BDDK Aylık Bülten - Excel
2022-10-01,2022,10,13,Yabancı Para Pozisyonu,4,,Bilanço Dışı Varlıklar,,Toplam,2445527.42973,2445527.42973,TL,BDDK Aylık Bülten - Excel
2022-10-01,2022,10,13,Yabancı Para Pozisyonu,5,,Döviz Yükümlülükleri Toplamı,,Unnamed: 0,Sektör,,TL,BDDK Aylık Bülten - Excel
2022-10-01,2022,10,13,Yabancı Para Pozisyonu,5,,Döviz Yükümlülükleri Toplamı,,Unnamed: 1,5,5.0,TL,BDDK Aylık Bülten - Excel
2022-10-01,2022,10,13,Yabancı Para Pozisyonu,5,,Döviz Yükümlülükleri Toplamı,,"Yabancı Para Pozisyonu (milyon TL), Dönem:2022/10",Döviz Yükümlülükleri Toplamı,,TL,BDDK Aylık Bülten - Excel
2022-10-01,2022,10,13,Yabancı Para Pozisyonu,5,,Döviz Yükümlülükleri Toplamı,,Toplam,8478755.97757,8478755.97757,TL,BDDK Aylık Bülten - Excel
2022-10-01,2022,10,13,Yabancı Para Pozisyonu,6,,Bilanço İçi Yükümlülükler,,Unnamed: 0,Sektör,,TL,BDDK Aylık Bülten - Excel
2022-10-01,2022,10,13,Yabancı Para Pozisyonu,6,,Bilanço İçi Yükümlülükler,,Unnamed: 1,6,6.0,TL,BDDK Aylık Bülten - Excel
2022-10-01,2022,10,13,Yabancı Para Pozisyonu,6,,Bilanço İçi Yükümlülükler,,"Yabancı Para Pozisyonu (milyon TL), Dönem:2022/10",Bilanço İçi Yükümlülükler,,TL,BDDK Aylık Bülten - Excel
2022-10-01,2022,10,13,Yabancı Para Pozisyonu,6,,Bilanço İçi Yükümlülükler,,Toplam,6761703.86726,6761703.86726,TL,BDDK Aylık Bülten - Excel
2022-10-01,2022,10,13,Yabancı Para Pozisyonu,7,,Dövize Endeksli Yükümlülükler,,Unnamed: 0,Sektör,,TL,BDDK Aylık Bülten - Excel
2022-10-01,2022,10,13,Yabancı Para Pozisyonu,7,,Dövize Endeksli Yükümlülükler,,Unnamed: 1,7,7.0,TL,BDDK Aylık Bülten - Excel
2022-10-01,2022,10,13,Yabancı Para Pozisyonu,7,,Dövize Endeksli Yükümlülükler,,"Yabancı Para Pozisyonu (milyon TL), Dönem:2022/10",Dövize Endeksli Yükümlülükler,,TL,BDDK Aylık Bülten - Excel
2022-10-01,2022,10,13,Yabancı Para Pozisyonu,7,,Dövize Endeksli Yükümlülükler,,Toplam,0.0,0.0,TL,BDDK Aylık Bülten - Excel
2022-10-01,2022,10,13,Yabancı Para Pozisyonu,8,,Bilanço Dışı Yükümlülükler,,Unnamed: 0,Sektör,,TL,BDDK Aylık Bülten - Excel
2022-10-01,2022,10,13,Yabancı Para Pozisyonu,8,,Bilanço Dışı Yükümlülükler,,Unnamed: 1,8,8.0,TL,BDDK Aylık Bülten - Excel
2022-10-01,2022,10,13,Yabancı Para Pozisyonu,8,,Bilanço Dışı Yükümlülükler,,"Yabancı Para Pozisyonu (milyon TL), Dönem:2022/10",Bilanço Dışı Yükümlülükler,,TL,BDDK Aylık Bülten - Excel
2022-10-01,2022,10,13,Yabancı Para Pozisyonu,8,,Bilanço Dışı Yükümlülükler,,Toplam,1717052.11031,1717052.11031,TL,BDDK Aylık Bülten - Excel
2022-10-01,2022,10,13,Yabancı Para Pozisyonu,9,,Yabancı Para Net Genel Pozisyonu,,Unnamed: 0,Sektör,,TL,BDDK Aylık Bülten - Excel
2022-10-01,2022,10,13,Yabancı Para Pozisyonu,9,,Yabancı Para Net Genel Pozisyonu,,Unnamed: 1,9,9.0,TL,BDDK Aylık Bülten - Excel
2022-10-01,2022,10,13,Yabancı Para Pozisyonu,9,,Yabancı Para Net Genel Pozisyonu,,"Yabancı Para Pozisyonu (milyon TL), Dönem:2022/10",Yabancı Para Net Genel Pozisyonu,,TL,BDDK Aylık Bülten - Excel
2022-10-01,2022,10,13,Yabancı Para Pozisyonu,9,,Yabancı Para Net Genel Pozisyonu,,Toplam,96868.60314,96868.60314,TL,BDDK Aylık Bülten - Excel
2022-10-01,2022,10,13,Yabancı Para Pozisyonu,10,,Yasal Özkaynak,,Unnamed: 0,Sektör,,TL,BDDK Aylık Bülten - Excel
2022-10-01,2022,10,13,Yabancı Para Pozisyonu,10,,Yasal Özkaynak,,Unnamed: 1,10,10.0,TL,BDDK Aylık Bülten - Excel
2022-10-01,2022,10,13,Yabancı Para Pozisyonu,10,,Yasal Özkaynak,,"Yabancı Para Pozisyonu (milyon TL), Dönem:2022/10",Yasal Özkaynak,,TL,BDDK Aylık Bülten - Excel
2022-10-01,2022,10,13,Yabancı Para Pozisyonu,10,,Yasal Özkaynak,,Toplam,1551676.10817,1551676.10817,TL,BDDK Aylık Bülten - Excel
2022-10-01,2022,10,13,Yabancı Para Pozisyonu,11,,Yabancı Para Net Genel Pozisyon / Yasal Özkaynak Standart Oranı (Yüzde),,Unnamed: 0,Sektör,,TL,BDDK Aylık Bülten - Excel
2022-10-01,2022,10,13,Yabancı Para Pozisyonu,11,,Yabancı Para Net Genel Pozisyon / Yasal Özkaynak Standart Oranı (Yüzde),,Unnamed: 1,11,11.0,TL,BDDK Aylık Bülten - Excel
2022-10-01,2022,10,13,Yabancı Para Pozisyonu,11,,Yabancı Para Net Genel Pozisyon / Yasal Özkaynak Standart Oranı (Yüzde),,"Yabancı Para Pozisyonu (milyon TL), Dönem:2022/10",Yabancı Para Net Genel Pozisyon / Yasal Özkaynak Standart Oranı (Yüzde),,TL,BDDK Aylık Bülten - Excel
2022-10-01,2022,10,13,Yabancı Para Pozisyonu,11,,Yabancı Para Net Genel Pozisyon / Yasal Özkaynak Standart Oranı (Yüzde),,Toplam,6.242836,6.242836,TL,BDDK Aylık Bülten - Excel
2022-11-01,2022,11,13,Yabancı Para Pozisyonu,1,,Döviz Varlıkları Toplamı,,Unnamed: 0,Sektör,,TL,BDDK Aylık Bülten - Excel
2022-11-01,2022,11,13,Yabancı Para Pozisyonu,1,,Döviz Varlıkları Toplamı,,Unnamed: 1,1,1.0,TL,BDDK Aylık Bülten - Excel
2022-11-01,2022,11,13,Yabancı Para Pozisyonu,1,,Döviz Varlıkları Toplamı,,"Yabancı Para Pozisyonu (milyon TL), Dönem:2022/11",Döviz Varlıkları Toplamı,,TL,BDDK Aylık Bülten - Excel
2022-11-01,2022,11,13,Yabancı Para Pozisyonu,1,,Döviz Varlıkları Toplamı,,Toplam,8572592.88292,8572592.88292,TL,BDDK Aylık Bülten - Excel
2022-11-01,2022,11,13,Yabancı Para Pozisyonu,2,,Bilanço İçi Varlıklar,,Unnamed: 0,Sektör,,TL,BDDK Aylık Bülten - Excel
2022-11-01,2022,11,13,Yabancı Para Pozisyonu,2,,Bilanço İçi Varlıklar,,Unnamed: 1,2,2.0,TL,BDDK Aylık Bülten - Excel
2022-11-01,2022,11,13,Yabancı Para Pozisyonu,2,,Bilanço İçi Varlıklar,,"Yabancı Para Pozisyonu (milyon TL), Dönem:2022/11",Bilanço İçi Varlıklar,,TL,BDDK Aylık Bülten - Excel
2022-11-01,2022,11,13,Yabancı Para Pozisyonu,2,,Bilanço İçi Varlıklar,,Toplam,6128627.38151,6128627.38151,TL,BDDK Aylık Bülten - Excel
2022-11-01,2022,11,13,Yabancı Para Pozisyonu,3,,Dövize Endeksli Varlıklar,,Unnamed: 0,Sektör,,TL,BDDK Aylık Bülten - Excel
2022-11-01,2022,11,13,Yabancı Para Pozisyonu,3,,Dövize Endeksli Varlıklar,,Unnamed: 1,3,3.0,TL,BDDK Aylık Bülten - Excel
2022-11-01,2022,11,13,Yabancı Para Pozisyonu,3,,Dövize Endeksli Varlıklar,,"Yabancı Para Pozisyonu (milyon TL), Dönem:2022/11",Dövize Endeksli Varlıklar,,TL,BDDK Aylık Bülten - Excel
2022-11-01,2022,11,13,Yabancı Para Pozisyonu,3,,Dövize Endeksli Varlıklar,,Toplam,8918.10769,8918.10769,TL,BDDK Aylık Bülten - Excel
2022-11-01,2022,11,13,Yabancı Para Pozisyonu,4,,Bilanço Dışı Varlıklar,,Unnamed: 0,Sektör,,TL,BDDK Aylık Bülten - Excel
2022-11-01,2022,11,13,Yabancı Para Pozisyonu,4,,Bilanço Dışı Varlıklar,,Unnamed: 1,4,4.0,TL,BDDK Aylık Bülten - Excel
2022-11-01,2022,11,13,Yabancı Para Pozisyonu,4,,Bilanço Dışı Varlıklar,,"Yabancı Para Pozisyonu (milyon TL), Dönem:2022/11",Bilanço Dışı Varlıklar,,TL,BDDK Aylık Bülten - Excel
2022-11-01,2022,11,13,Yabancı Para Pozisyonu,4,,Bilanço Dışı Varlıklar,,Toplam,2443965.50141,2443965.50141,TL,BDDK Aylık Bülten - Excel
2022-11-01,2022,11,13,Yabancı Para Pozisyonu,5,,Döviz Yükümlülükleri Toplamı,,Unnamed: 0,Sektör,,TL,BDDK Aylık Bülten - Excel
2022-11-01,2022,11,13,Yabancı Para Pozisyonu,5,,Döviz Yükümlülükleri Toplamı,,Unnamed: 1,5,5.0,TL,BDDK Aylık Bülten - Excel
2022-11-01,2022,11,13,Yabancı Para Pozisyonu,5,,Döviz Yükümlülükleri Toplamı,,"Yabancı Para Pozisyonu (milyon TL), Dönem:2022/11",Döviz Yükümlülükleri Toplamı,,TL,BDDK Aylık Bülten - Excel
2022-11-01,2022,11,13,Yabancı Para Pozisyonu,5,,Döviz Yükümlülükleri Toplamı,,Toplam,8496663.35658,8496663.35658,TL,BDDK Aylık Bülten - Excel
2022-11-01,2022,11,13,Yabancı Para Pozisyonu,6,,Bilanço İçi Yükümlülükler,,Unnamed: 0,Sektör,,TL,BDDK Aylık Bülten - Excel
2022-11-01,2022,11,13,Yabancı Para Pozisyonu,6,,Bilanço İçi Yükümlülükler,,Unnamed: 1,6,6.0,TL,BDDK Aylık Bülten - Excel
2022-11-01,2022,11,13,Yabancı Para Pozisyonu,6,,Bilanço İçi Yükümlülükler,,"Yabancı Para Pozisyonu (milyon TL), Dönem:2022/11",Bilanço İçi Yükümlülükler,,TL,BDDK Aylık Bülten - Excel
2022-11-01,2022,11,13,Yabancı Para Pozisyonu,6,,Bilanço İçi Yükümlülükler,,Toplam,6664833.93119,6664833.93119,TL,BDDK Aylık Bülten - Excel
2022-11-01,2022,11,13,Yabancı Para Pozisyonu,7,,Dövize Endeksli Yükümlülükler,,Unnamed: 0,Sektör,,TL,BDDK Aylık Bülten - Excel
2022-11-01,2022,11,13,Yabancı Para Pozisyonu,7,,Dövize Endeksli Yükümlülükler,,Unnamed: 1,7,7.0,TL,BDDK Aylık Bülten - Excel
2022-11-01,2022,11,13,Yabancı Para Pozisyonu,7,,Dövize Endeksli Yükümlülükler,,"Yabancı Para Pozisyonu (milyon TL), Dönem:2022/11",Dövize Endeksli Yükümlülükler,,TL,BDDK Aylık Bülten - Excel
2022-11-01,2022,11,13,Yabancı Para Pozisyonu,7,,Dövize Endeksli Yükümlülükler,,Toplam,0.0,0.0,TL,BDDK Aylık Bülten - Excel
2022-11-01,2022,11,13,Yabancı Para Pozisyonu,8,,Bilanço Dışı Yükümlülükler,,Unnamed: 0,Sektör,,TL,BDDK Aylık Bülten - Excel
2022-11-01,2022,11,13,Yabancı Para Pozisyonu,8,,Bilanço Dışı Yükümlülükler,,Unnamed: 1,8,8.0,TL,BDDK Aylık Bülten - Excel
2022-11-01,2022,11,13,Yabancı Para Pozisyonu,8,,Bilanço Dışı Yükümlülükler,,"Yabancı Para Pozisyonu (milyon TL), Dönem:2022/11",Bilanço Dışı Yükümlülükler,,TL,BDDK Aylık Bülten - Excel
2022-11-01,2022,11,13,Yabancı Para Pozisyonu,8,,Bilanço Dışı Yükümlülükler,,Toplam,1831829.42539,1831829.42539,TL,BDDK Aylık Bülten - Excel
2022-11-01,2022,11,13,Yabancı Para Pozisyonu,9,,Yabancı Para Net Genel Pozisyonu,,Unnamed: 0,Sektör,,TL,BDDK Aylık Bülten - Excel
2022-11-01,2022,11,13,Yabancı Para Pozisyonu,9,,Yabancı Para Net Genel Pozisyonu,,Unnamed: 1,9,9.0,TL,BDDK Aylık Bülten - Excel
2022-11-01,2022,11,13,Yabancı Para Pozisyonu,9,,Yabancı Para Net Genel Pozisyonu,,"Yabancı Para Pozisyonu (milyon TL), Dönem:2022/11",Yabancı Para Net Genel Pozisyonu,,TL,BDDK Aylık Bülten - Excel
2022-11-01,2022,11,13,Yabancı Para Pozisyonu,9,,Yabancı Para Net Genel Pozisyonu,,Toplam,75929.52634,75929.52634,TL,BDDK Aylık Bülten - Excel
2022-11-01,2022,11,13,Yabancı Para Pozisyonu,10,,Yasal Özkaynak,,Unnamed: 0,Sektör,,TL,BDDK Aylık Bülten - Excel
2022-11-01,2022,11,13,Yabancı Para Pozisyonu,10,,Yasal Özkaynak,,Unnamed: 1,10,10.0,TL,BDDK Aylık Bülten - Excel
2022-11-01,2022,11,13,Yabancı Para Pozisyonu,10,,Yasal Özkaynak,,"Yabancı Para Pozisyonu (milyon TL), Dönem:2022/11",Yasal Özkaynak,,TL,BDDK Aylık Bülten - Excel
2022-11-01,2022,11,13,Yabancı Para Pozisyonu,10,,Yasal Özkaynak,,Toplam,1615699.28568,1615699.28568,TL,BDDK Aylık Bülten - Excel
2022-11-01,2022,11,13,Yabancı Para Pozisyonu,11,,Yabancı Para Net Genel Pozisyon / Yasal Özkaynak Standart Oranı (Yüzde),,Unnamed: 0,Sektör,,TL,BDDK Aylık Bülten - Excel
2022-11-01,2022,11,13,Yabancı Para Pozisyonu,11,,Yabancı Para Net Genel Pozisyon / Yasal Özkaynak Standart Oranı (Yüzde),,Unnamed: 1,11,11.0,TL,BDDK Aylık Bülten - Excel
2022-11-01,2022,11,13,Yabancı Para Pozisyonu,11,,Yabancı Para Net Genel Pozisyon / Yasal Özkaynak Standart Oranı (Yüzde),,"Yabancı Para Pozisyonu (milyon TL), Dönem:2022/11",Yabancı Para Net Genel Pozisyon / Yasal Özkaynak Standart Oranı (Yüzde),,TL,BDDK Aylık Bülten - Excel
2022-11-01,2022,11,13,Yabancı Para Pozisyonu,11,,Yabancı Para Net Genel Pozisyon / Yasal Özkaynak Standart Oranı (Yüzde),,Toplam,4.699483,4.699483,TL,BDDK Aylık Bülten - Excel
2022-12-01,2022,12,13,Yabancı Para Pozisyonu,1,,Döviz Varlıkları Toplamı,,Unnamed: 0,Sektör,,TL,BDDK Aylık Bülten - Excel
2022-12-01,2022,12,13,Yabancı Para Pozisyonu,1,,Döviz Varlıkları Toplamı,,Unnamed: 1,1,1.0,TL,BDDK Aylık Bülten - Excel
2022-12-01,2022,12,13,Yabancı Para Pozisyonu,1,,Döviz Varlıkları Toplamı,,"Yabancı Para Pozisyonu (milyon TL), Dönem:2022/12",Döviz Varlıkları Toplamı,,TL,BDDK Aylık Bülten - Excel
2022-12-01,2022,12,13,Yabancı Para Pozisyonu,1,,Döviz Varlıkları Toplamı,,Toplam,8521061.31146,8521061.31146,TL,BDDK Aylık Bülten - Excel
2022-12-01,2022,12,13,Yabancı Para Pozisyonu,2,,Bilanço İçi Varlıklar,,Unnamed: 0,Sektör,,TL,BDDK Aylık Bülten - Excel
2022-12-01,2022,12,13,Yabancı Para Pozisyonu,2,,Bilanço İçi Varlıklar,,Unnamed: 1,2,2.0,TL,BDDK Aylık Bülten - Excel
2022-12-01,2022,12,13,Yabancı Para Pozisyonu,2,,Bilanço İçi Varlıklar,,"Yabancı Para Pozisyonu (milyon TL), Dönem:2022/12",Bilanço İçi Varlıklar,,TL,BDDK Aylık Bülten - Excel
2022-12-01,2022,12,13,Yabancı Para Pozisyonu,2,,Bilanço İçi Varlıklar,,Toplam,6058443.09126,6058443.09126,TL,BDDK Aylık Bülten - Excel
2022-12-01,2022,12,13,Yabancı Para Pozisyonu,3,,Dövize Endeksli Varlıklar,,Unnamed: 0,Sektör,,TL,BDDK Aylık Bülten - Excel
2022-12-01,2022,12,13,Yabancı Para Pozisyonu,3,,Dövize Endeksli Varlıklar,,Unnamed: 1,3,3.0,TL,BDDK Aylık Bülten - Excel
2022-12-01,2022,12,13,Yabancı Para Pozisyonu,3,,Dövize Endeksli Varlıklar,,"Yabancı Para Pozisyonu (milyon TL), Dönem:2022/12",Dövize Endeksli Varlıklar,,TL,BDDK Aylık Bülten - Excel
2022-12-01,2022,12,13,Yabancı Para Pozisyonu,3,,Dövize Endeksli Varlıklar,,Toplam,8661.17267,8661.17267,TL,BDDK Aylık Bülten - Excel
2022-12-01,2022,12,13,Yabancı Para Pozisyonu,4,,Bilanço Dışı Varlıklar,,Unnamed: 0,Sektör,,TL,BDDK Aylık Bülten - Excel
2022-12-01,2022,12,13,Yabancı Para Pozisyonu,4,,Bilanço Dışı Varlıklar,,Unnamed: 1,4,4.0,TL,BDDK Aylık Bülten - Excel
2022-12-01,2022,12,13,Yabancı Para Pozisyonu,4,,Bilanço Dışı Varlıklar,,"Yabancı Para Pozisyonu (milyon TL), Dönem:2022/12",Bilanço Dışı Varlıklar,,TL,BDDK Aylık Bülten - Excel
2022-12-01,2022,12,13,Yabancı Para Pozisyonu,4,,Bilanço Dışı Varlıklar,,Toplam,2462618.2202,2462618.2202,TL,BDDK Aylık Bülten - Excel
2022-12-01,2022,12,13,Yabancı Para Pozisyonu,5,,Döviz Yükümlülükleri Toplamı,,Unnamed: 0,Sektör,,TL,BDDK Aylık Bülten - Excel
2022-12-01,2022,12,13,Yabancı Para Pozisyonu,5,,Döviz Yükümlülükleri Toplamı,,Unnamed: 1,5,5.0,TL,BDDK Aylık Bülten - Excel
2022-12-01,2022,12,13,Yabancı Para Pozisyonu,5,,Döviz Yükümlülükleri Toplamı,,"Yabancı Para Pozisyonu (milyon TL), Dönem:2022/12",Döviz Yükümlülükleri Toplamı,,TL,BDDK Aylık Bülten - Excel
2022-12-01,2022,12,13,Yabancı Para Pozisyonu,5,,Döviz Yükümlülükleri Toplamı,,Toplam,8481555.68661,8481555.68661,TL,BDDK Aylık Bülten - Excel
2022-12-01,2022,12,13,Yabancı Para Pozisyonu,6,,Bilanço İçi Yükümlülükler,,Unnamed: 0,Sektör,,TL,BDDK Aylık Bülten - Excel
2022-12-01,2022,12,13,Yabancı Para Pozisyonu,6,,Bilanço İçi Yükümlülükler,,Unnamed: 1,6,6.0,TL,BDDK Aylık Bülten - Excel
2022-12-01,2022,12,13,Yabancı Para Pozisyonu,6,,Bilanço İçi Yükümlülükler,,"Yabancı Para Pozisyonu (milyon TL), Dönem:2022/12",Bilanço İçi Yükümlülükler,,TL,BDDK Aylık Bülten - Excel
2022-12-01,2022,12,13,Yabancı Para Pozisyonu,6,,Bilanço İçi Yükümlülükler,,Toplam,6549716.93414,6549716.93414,TL,BDDK Aylık Bülten - Excel
2022-12-01,2022,12,13,Yabancı Para Pozisyonu,7,,Dövize Endeksli Yükümlülükler,,Unnamed: 0,Sektör,,TL,BDDK Aylık Bülten - Excel
2022-12-01,2022,12,13,Yabancı Para Pozisyonu,7,,Dövize Endeksli Yükümlülükler,,Unnamed: 1,7,7.0,TL,BDDK Aylık Bülten - Excel
2022-12-01,2022,12,13,Yabancı Para Pozisyonu,7,,Dövize Endeksli Yükümlülükler,,"Yabancı Para Pozisyonu (milyon TL), Dönem:2022/12",Dövize Endeksli Yükümlülükler,,TL,BDDK Aylık Bülten - Excel
2022-12-01,2022,12,13,Yabancı Para Pozisyonu,7,,Dövize Endeksli Yükümlülükler,,Toplam,0.0,0.0,TL,BDDK Aylık Bülten - Excel
2022-12-01,2022,12,13,Yabancı Para Pozisyonu,8,,Bilanço Dışı Yükümlülükler,,Unnamed: 0,Sektör,,TL,BDDK Aylık Bülten - Excel
2022-12-01,2022,12,13,Yabancı Para Pozisyonu,8,,Bilanço Dışı Yükümlülükler,,Unnamed: 1,8,8.0,TL,BDDK Aylık Bülten - Excel
2022-12-01,2022,12,13,Yabancı Para Pozisyonu,8,,Bilanço Dışı Yükümlülükler,,"Yabancı Para Pozisyonu (milyon TL), Dönem:2022/12",Bilanço Dışı Yükümlülükler,,TL,BDDK Aylık Bülten - Excel
2022-12-01,2022,12,13,Yabancı Para Pozisyonu,8,,Bilanço Dışı Yükümlülükler,,Toplam,1931838.75247,1931838.75247,TL,BDDK Aylık Bülten - Excel
2022-12-01,2022,12,13,Yabancı Para Pozisyonu,9,,Yabancı Para Net Genel Pozisyonu,,Unnamed: 0,Sektör,,TL,BDDK Aylık Bülten - Excel
2022-12-01,2022,12,13,Yabancı Para Pozisyonu,9,,Yabancı Para Net Genel Pozisyonu,,Unnamed: 1,9,9.0,TL,BDDK Aylık Bülten - Excel
2022-12-01,2022,12,13,Yabancı Para Pozisyonu,9,,Yabancı Para Net Genel Pozisyonu,,"Yabancı Para Pozisyonu (milyon TL), Dönem:2022/12",Yabancı Para Net Genel Pozisyonu,,TL,BDDK Aylık Bülten - Excel
2022-12-01,2022,12,13,Yabancı Para Pozisyonu,9,,Yabancı Para Net Genel Pozisyonu,,Toplam,39505.62485,39505.62485,TL,BDDK Aylık Bülten - Excel
2022-12-01,2022,12,13,Yabancı Para Pozisyonu,10,,Yasal Özkaynak,,Unnamed: 0,Sektör,,TL,BDDK Aylık Bülten - Excel
2022-12-01,2022,12,13,Yabancı Para Pozisyonu,10,,Yasal Özkaynak,,Unnamed: 1,10,10.0,TL,BDDK Aylık Bülten - Excel
2022-12-01,2022,12,13,Yabancı Para Pozisyonu,10,,Yasal Özkaynak,,"Yabancı Para Pozisyonu (milyon TL), Dönem:2022/12",Yasal Özkaynak,,TL,BDDK Aylık Bülten - Excel
2022-12-01,2022,12,13,Yabancı Para Pozisyonu,10,,Yasal Özkaynak,,Toplam,1694608.17413,1694608.17413,TL,BDDK Aylık Bülten - Excel
2022-12-01,2022,12,13,Yabancı Para Pozisyonu,11,,Yabancı Para Net Genel Pozisyon / Yasal Özkaynak Standart Oranı (Yüzde),,Unnamed: 0,Sektör,,TL,BDDK Aylık Bülten - Excel
2022-12-01,2022,12,13,Yabancı Para Pozisyonu,11,,Yabancı Para Net Genel Pozisyon / Yasal Özkaynak Standart Oranı (Yüzde),,Unnamed: 1,11,11.0,TL,BDDK Aylık Bülten - Excel
2022-12-01,2022,12,13,Yabancı Para Pozisyonu,11,,Yabancı Para Net Genel Pozisyon / Yasal Özkaynak Standart Oranı (Yüzde),,"Yabancı Para Pozisyonu (milyon TL), Dönem:2022/12",Yabancı Para Net Genel Pozisyon / Yasal Özkaynak Standart Oranı (Yüzde),,TL,BDDK Aylık Bülten - Excel
2022-12-01,2022,12,13,Yabancı Para Pozisyonu,11,,Yabancı Para Net Genel Pozisyon / Yasal Özkaynak Standart Oranı (Yüzde),,Toplam,2.331254,2.331254,TL,BDDK Aylık Bülten - Excel
2023-01-01,2023,1,13,Yabancı Para Pozisyonu,1,,Döviz Varlıkları Toplamı,,Unnamed: 0,Sektör,,TL,BDDK Aylık Bülten - Excel
2023-01-01,2023,1,13,Yabancı Para Pozisyonu,1,,Döviz Varlıkları Toplamı,,Unnamed: 1,1,1.0,TL,BDDK Aylık Bülten - Excel
2023-01-01,2023,1,13,Yabancı Para Pozisyonu,1,,Döviz Varlıkları Toplamı,,"Yabancı Para Pozisyonu (milyon TL), Dönem:2023/1",Döviz Varlıkları Toplamı,,TL,BDDK Aylık Bülten - Excel
2023-01-01,2023,1,13,Yabancı Para Pozisyonu,1,,Döviz Varlıkları Toplamı,,Toplam,8620211.64106,8620211.64106,TL,BDDK Aylık Bülten - Excel
2023-01-01,2023,1,13,Yabancı Para Pozisyonu,2,,Bilanço İçi Varlıklar,,Unnamed: 0,Sektör,,TL,BDDK Aylık Bülten - Excel
2023-01-01,2023,1,13,Yabancı Para Pozisyonu,2,,Bilanço İçi Varlıklar,,Unnamed: 1,2,2.0,TL,BDDK Aylık Bülten - Excel
2023-01-01,2023,1,13,Yabancı Para Pozisyonu,2,,Bilanço İçi Varlıklar,,"Yabancı Para Pozisyonu (milyon TL), Dönem:2023/1",Bilanço İçi Varlıklar,,TL,BDDK Aylık Bülten - Excel
2023-01-01,2023,1,13,Yabancı Para Pozisyonu,2,,Bilanço İçi Varlıklar,,Toplam,6118140.82767,6118140.82767,TL,BDDK Aylık Bülten - Excel
2023-01-01,2023,1,13,Yabancı Para Pozisyonu,3,,Dövize Endeksli Varlıklar,,Unnamed: 0,Sektör,,TL,BDDK Aylık Bülten - Excel
2023-01-01,2023,1,13,Yabancı Para Pozisyonu,3,,Dövize Endeksli Varlıklar,,Unnamed: 1,3,3.0,TL,BDDK Aylık Bülten - Excel
2023-01-01,2023,1,13,Yabancı Para Pozisyonu,3,,Dövize Endeksli Varlıklar,,"Yabancı Para Pozisyonu (milyon TL), Dönem:2023/1",Dövize Endeksli Varlıklar,,TL,BDDK Aylık Bülten - Excel
2023-01-01,2023,1,13,Yabancı Para Pozisyonu,3,,Dövize Endeksli Varlıklar,,Toplam,8659.06215,8659.06215,TL,BDDK Aylık Bülten - Excel
2023-01-01,2023,1,13,Yabancı Para Pozisyonu,4,,Bilanço Dışı Varlıklar,,Unnamed: 0,Sektör,,TL,BDDK Aylık Bülten - Excel
2023-01-01,2023,1,13,Yabancı Para Pozisyonu,4,,Bilanço Dışı Varlıklar,,Unnamed: 1,4,4.0,TL,BDDK Aylık Bülten - Excel
2023-01-01,2023,1,13,Yabancı Para Pozisyonu,4,,Bilanço Dışı Varlıklar,,"Yabancı Para Pozisyonu (milyon TL), Dönem:2023/1",Bilanço Dışı Varlıklar,,TL,BDDK Aylık Bülten - Excel
2023-01-01,2023,1,13,Yabancı Para Pozisyonu,4,,Bilanço Dışı Varlıklar,,Toplam,2502070.81339,2502070.81339,TL,BDDK Aylık Bülten - Excel
2023-01-01,2023,1,13,Yabancı Para Pozisyonu,5,,Döviz Yükümlülükleri Toplamı,,Unnamed: 0,Sektör,,TL,BDDK Aylık Bülten - Excel
2023-01-01,2023,1,13,Yabancı Para Pozisyonu,5,,Döviz Yükümlülükleri Toplamı,,Unnamed: 1,5,5.0,TL,BDDK Aylık Bülten - Excel
2023-01-01,2023,1,13,Yabancı Para Pozisyonu,5,,Döviz Yükümlülükleri Toplamı,,"Yabancı Para Pozisyonu (milyon TL), Dönem:2023/1",Döviz Yükümlülükleri Toplamı,,TL,BDDK Aylık Bülten - Excel
2023-01-01,2023,1,13,Yabancı Para Pozisyonu,5,,Döviz Yükümlülükleri Toplamı,,Toplam,8632557.64366,8632557.64366,TL,BDDK Aylık Bülten - Excel
2023-01-01,2023,1,13,Yabancı Para Pozisyonu,6,,Bilanço İçi Yükümlülükler,,Unnamed: 0,Sektör,,TL,BDDK Aylık Bülten - Excel
2023-01-01,2023,1,13,Yabancı Para Pozisyonu,6,,Bilanço İçi Yükümlülükler,,Unnamed: 1,6,6.0,TL,BDDK Aylık Bülten - Excel
2023-01-01,2023,1,13,Yabancı Para Pozisyonu,6,,Bilanço İçi Yükümlülükler,,"Yabancı Para Pozisyonu (milyon TL), Dönem:2023/1",Bilanço İçi Yükümlülükler,,TL,BDDK Aylık Bülten - Excel
2023-01-01,2023,1,13,Yabancı Para Pozisyonu,6,,Bilanço İçi Yükümlülükler,,Toplam,6738280.95865,6738280.95865,TL,BDDK Aylık Bülten - Excel
2023-01-01,2023,1,13,Yabancı Para Pozisyonu,7,,Dövize Endeksli Yükümlülükler,,Unnamed: 0,Sektör,,TL,BDDK Aylık Bülten - Excel
2023-01-01,2023,1,13,Yabancı Para Pozisyonu,7,,Dövize Endeksli Yükümlülükler,,Unnamed: 1,7,7.0,TL,BDDK Aylık Bülten - Excel
2023-01-01,2023,1,13,Yabancı Para Pozisyonu,7,,Dövize Endeksli Yükümlülükler,,"Yabancı Para Pozisyonu (milyon TL), Dönem:2023/1",Dövize Endeksli Yükümlülükler,,TL,BDDK Aylık Bülten - Excel
2023-01-01,2023,1,13,Yabancı Para Pozisyonu,7,,Dövize Endeksli Yükümlülükler,,Toplam,491.95627,491.95627,TL,BDDK Aylık Bülten - Excel
2023-01-01,2023,1,13,Yabancı Para Pozisyonu,8,,Bilanço Dışı Yükümlülükler,,Unnamed: 0,Sektör,,TL,BDDK Aylık Bülten - Excel
2023-01-01,2023,1,13,Yabancı Para Pozisyonu,8,,Bilanço Dışı Yükümlülükler,,Unnamed: 1,8,8.0,TL,BDDK Aylık Bülten - Excel
2023-01-01,2023,1,13,Yabancı Para Pozisyonu,8,,Bilanço Dışı Yükümlülükler,,"Yabancı Para Pozisyonu (milyon TL), Dönem:2023/1",Bilanço Dışı Yükümlülükler,,TL,BDDK Aylık Bülten - Excel
2023-01-01,2023,1,13,Yabancı Para Pozisyonu,8,,Bilanço Dışı Yükümlülükler,,Toplam,1894276.68501,1894276.68501,TL,BDDK Aylık Bülten - Excel
2023-01-01,2023,1,13,Yabancı Para Pozisyonu,9,,Yabancı Para Net Genel Pozisyonu,,Unnamed: 0,Sektör,,TL,BDDK Aylık Bülten - Excel
2023-01-01,2023,1,13,Yabancı Para Pozisyonu,9,,Yabancı Para Net Genel Pozisyonu,,Unnamed: 1,9,9.0,TL,BDDK Aylık Bülten - Excel
2023-01-01,2023,1,13,Yabancı Para Pozisyonu,9,,Yabancı Para Net Genel Pozisyonu,,"Yabancı Para Pozisyonu (milyon TL), Dönem:2023/1",Yabancı Para Net Genel Pozisyonu,,TL,BDDK Aylık Bülten - Excel
2023-01-01,2023,1,13,Yabancı Para Pozisyonu,9,,Yabancı Para Net Genel Pozisyonu,,Toplam,-12346.0026,-12346.0026,TL,BDDK Aylık Bülten - Excel
2023-01-01,2023,1,13,Yabancı Para Pozisyonu,10,,Yasal Özkaynak,,Unnamed: 0,Sektör,,TL,BDDK Aylık Bülten - Excel
2023-01-01,2023,1,13,Yabancı Para Pozisyonu,10,,Yasal Özkaynak,,Unnamed: 1,10,10.0,TL,BDDK Aylık Bülten - Excel
2023-01-01,2023,1,13,Yabancı Para Pozisyonu,10,,Yasal Özkaynak,,"Yabancı Para Pozisyonu (milyon TL), Dönem:2023/1",Yasal Özkaynak,,TL,BDDK Aylık Bülten - Excel
2023-01-01,2023,1,13,Yabancı Para Pozisyonu,10,,Yasal Özkaynak,,Toplam,1744593.83683,1744593.83683,TL,BDDK Aylık Bülten - Excel
2023-01-01,2023,1,13,Yabancı Para Pozisyonu,11,,Yabancı Para Net Genel Pozisyon / Yasal Özkaynak Standart Oranı (Yüzde),,Unnamed: 0,Sektör,,TL,BDDK Aylık Bülten - Excel
2023-01-01,2023,1,13,Yabancı Para Pozisyonu,11,,Yabancı Para Net Genel Pozisyon / Yasal Özkaynak Standart Oranı (Yüzde),,Unnamed: 1,11,11.0,TL,BDDK Aylık Bülten - Excel
2023-01-01,2023,1,13,Yabancı Para Pozisyonu,11,,Yabancı Para Net Genel Pozisyon / Yasal Özkaynak Standart Oranı (Yüzde),,"Yabancı Para Pozisyonu (milyon TL), Dönem:2023/1",Yabancı Para Net Genel Pozisyon / Yasal Özkaynak Standart Oranı (Yüzde),,TL,BDDK Aylık Bülten - Excel
2023-01-01,2023,1,13,Yabancı Para Pozisyonu,11,,Yabancı Para Net Genel Pozisyon / Yasal Özkaynak Standart Oranı (Yüzde),,Toplam,-0.707672,-0.707672,TL,BDDK Aylık Bülten - Excel
2023-02-01,2023,2,13,Yabancı Para Pozisyonu,1,,Döviz Varlıkları Toplamı,,Unnamed: 0,Sektör,,TL,BDDK Aylık Bülten - Excel
2023-02-01,2023,2,13,Yabancı Para Pozisyonu,1,,Döviz Varlıkları Toplamı,,Unnamed: 1,1,1.0,TL,BDDK Aylık Bülten - Excel
2023-02-01,2023,2,13,Yabancı Para Pozisyonu,1,,Döviz Varlıkları Toplamı,,"Yabancı Para Pozisyonu (milyon TL), Dönem:2023/2",Döviz Varlıkları Toplamı,,TL,BDDK Aylık Bülten - Excel
2023-02-01,2023,2,13,Yabancı Para Pozisyonu,1,,Döviz Varlıkları Toplamı,,Toplam,8356047.57164,8356047.57164,TL,BDDK Aylık Bülten - Excel
2023-02-01,2023,2,13,Yabancı Para Pozisyonu,2,,Bilanço İçi Varlıklar,,Unnamed: 0,Sektör,,TL,BDDK Aylık Bülten - Excel
2023-02-01,2023,2,13,Yabancı Para Pozisyonu,2,,Bilanço İçi Varlıklar,,Unnamed: 1,2,2.0,TL,BDDK Aylık Bülten - Excel
2023-02-01,2023,2,13,Yabancı Para Pozisyonu,2,,Bilanço İçi Varlıklar,,"Yabancı Para Pozisyonu (milyon TL), Dönem:2023/2",Bilanço İçi Varlıklar,,TL,BDDK Aylık Bülten - Excel
2023-02-01,2023,2,13,Yabancı Para Pozisyonu,2,,Bilanço İçi Varlıklar,,Toplam,6040931.07919,6040931.07919,TL,BDDK Aylık Bülten - Excel
2023-02-01,2023,2,13,Yabancı Para Pozisyonu,3,,Dövize Endeksli Varlıklar,,Unnamed: 0,Sektör,,TL,BDDK Aylık Bülten - Excel
2023-02-01,2023,2,13,Yabancı Para Pozisyonu,3,,Dövize Endeksli Varlıklar,,Unnamed: 1,3,3.0,TL,BDDK Aylık Bülten - Excel
2023-02-01,2023,2,13,Yabancı Para Pozisyonu,3,,Dövize Endeksli Varlıklar,,"Yabancı Para Pozisyonu (milyon TL), Dönem:2023/2",Dövize Endeksli Varlıklar,,TL,BDDK Aylık Bülten - Excel
2023-02-01,2023,2,13,Yabancı Para Pozisyonu,3,,Dövize Endeksli Varlıklar,,Toplam,8350.72868,8350.72868,TL,BDDK Aylık Bülten - Excel
2023-02-01,2023,2,13,Yabancı Para Pozisyonu,4,,Bilanço Dışı Varlıklar,,Unnamed: 0,Sektör,,TL,BDDK Aylık Bülten - Excel
2023-02-01,2023,2,13,Yabancı Para Pozisyonu,4,,Bilanço Dışı Varlıklar,,Unnamed: 1,4,4.0,TL,BDDK Aylık Bülten - Excel
2023-02-01,2023,2,13,Yabancı Para Pozisyonu,4,,Bilanço Dışı Varlıklar,,"Yabancı Para Pozisyonu (milyon TL), Dönem:2023/2",Bilanço Dışı Varlıklar,,TL,BDDK Aylık Bülten - Excel
2023-02-01,2023,2,13,Yabancı Para Pozisyonu,4,,Bilanço Dışı Varlıklar,,Toplam,2315116.49245,2315116.49245,TL,BDDK Aylık Bülten - Excel
2023-02-01,2023,2,13,Yabancı Para Pozisyonu,5,,Döviz Yükümlülükleri Toplamı,,Unnamed: 0,Sektör,,TL,BDDK Aylık Bülten - Excel
2023-02-01,2023,2,13,Yabancı Para Pozisyonu,5,,Döviz Yükümlülükleri Toplamı,,Unnamed: 1,5,5.0,TL,BDDK Aylık Bülten - Excel
2023-02-01,2023,2,13,Yabancı Para Pozisyonu,5,,Döviz Yükümlülükleri Toplamı,,"Yabancı Para Pozisyonu (milyon TL), Dönem:2023/2",Döviz Yükümlülükleri Toplamı,,TL,BDDK Aylık Bülten - Excel
2023-02-01,2023,2,13,Yabancı Para Pozisyonu,5,,Döviz Yükümlülükleri Toplamı,,Toplam,8375340.28378,8375340.28378,TL,BDDK Aylık Bülten - Excel
2023-02-01,2023,2,13,Yabancı Para Pozisyonu,6,,Bilanço İçi Yükümlülükler,,Unnamed: 0,Sektör,,TL,BDDK Aylık Bülten - Excel
2023-02-01,2023,2,13,Yabancı Para Pozisyonu,6,,Bilanço İçi Yükümlülükler,,Unnamed: 1,6,6.0,TL,BDDK Aylık Bülten - Excel
2023-02-01,2023,2,13,Yabancı Para Pozisyonu,6,,Bilanço İçi Yükümlülükler,,"Yabancı Para Pozisyonu (milyon TL), Dönem:2023/2",Bilanço İçi Yükümlülükler,,TL,BDDK Aylık Bülten - Excel
2023-02-01,2023,2,13,Yabancı Para Pozisyonu,6,,Bilanço İçi Yükümlülükler,,Toplam,6581316.8296,6581316.8296,TL,BDDK Aylık Bülten - Excel
2023-02-01,2023,2,13,Yabancı Para Pozisyonu,7,,Dövize Endeksli Yükümlülükler,,Unnamed: 0,Sektör,,TL,BDDK Aylık Bülten - Excel
2023-02-01,2023,2,13,Yabancı Para Pozisyonu,7,,Dövize Endeksli Yükümlülükler,,Unnamed: 1,7,7.0,TL,BDDK Aylık Bülten - Excel
2023-02-01,2023,2,13,Yabancı Para Pozisyonu,7,,Dövize Endeksli Yükümlülükler,,"Yabancı Para Pozisyonu (milyon TL), Dönem:2023/2",Dövize Endeksli Yükümlülükler,,TL,BDDK Aylık Bülten - Excel
2023-02-01,2023,2,13,Yabancı Para Pozisyonu,7,,Dövize Endeksli Yükümlülükler,,Toplam,443.72557,443.72557,TL,BDDK Aylık Bülten - Excel
2023-02-01,2023,2,13,Yabancı Para Pozisyonu,8,,Bilanço Dışı Yükümlülükler,,Unnamed: 0,Sektör,,TL,BDDK Aylık Bülten - Excel
2023-02-01,2023,2,13,Yabancı Para Pozisyonu,8,,Bilanço Dışı Yükümlülükler,,Unnamed: 1,8,8.0,TL,BDDK Aylık Bülten - Excel
2023-02-01,2023,2,13,Yabancı Para Pozisyonu,8,,Bilanço Dışı Yükümlülükler,,"Yabancı Para Pozisyonu (milyon TL), Dönem:2023/2",Bilanço Dışı Yükümlülükler,,TL,BDDK Aylık Bülten - Excel
2023-02-01,2023,2,13,Yabancı Para Pozisyonu,8,,Bilanço Dışı Yükümlülükler,,Toplam,1794023.45418,1794023.45418,TL,BDDK Aylık Bülten - Excel
2023-02-01,2023,2,13,Yabancı Para Pozisyonu,9,,Yabancı Para Net Genel Pozisyonu,,Unnamed: 0,Sektör,,TL,BDDK Aylık Bülten - Excel
2023-02-01,2023,2,13,Yabancı Para Pozisyonu,9,,Yabancı Para Net Genel Pozisyonu,,Unnamed: 1,9,9.0,TL,BDDK Aylık Bülten - Excel
2023-02-01,2023,2,13,Yabancı Para Pozisyonu,9,,Yabancı Para Net Genel Pozisyonu,,"Yabancı Para Pozisyonu (milyon TL), Dönem:2023/2",Yabancı Para Net Genel Pozisyonu,,TL,BDDK Aylık Bülten - Excel
2023-02-01,2023,2,13,Yabancı Para Pozisyonu,9,,Yabancı Para Net Genel Pozisyonu,,Toplam,-19292.71214,-19292.71214,TL,BDDK Aylık Bülten - Excel
2023-02-01,2023,2,13,Yabancı Para Pozisyonu,10,,Yasal Özkaynak,,Unnamed: 0,Sektör,,TL,BDDK Aylık Bülten - Excel
2023-02-01,2023,2,13,Yabancı Para Pozisyonu,10,,Yasal Özkaynak,,Unnamed: 1,10,10.0,TL,BDDK Aylık Bülten - Excel
2023-02-01,2023,2,13,Yabancı Para Pozisyonu,10,,Yasal Özkaynak,,"Yabancı Para Pozisyonu (milyon TL), Dönem:2023/2",Yasal Özkaynak,,TL,BDDK Aylık Bülten - Excel
2023-02-01,2023,2,13,Yabancı Para Pozisyonu,10,,Yasal Özkaynak,,Toplam,1784452.0422,1784452.0422,TL,BDDK Aylık Bülten - Excel
2023-02-01,2023,2,13,Yabancı Para Pozisyonu,11,,Yabancı Para Net Genel Pozisyon / Yasal Özkaynak Standart Oranı (Yüzde),,Unnamed: 0,Sektör,,TL,BDDK Aylık Bülten - Excel
2023-02-01,2023,2,13,Yabancı Para Pozisyonu,11,,Yabancı Para Net Genel Pozisyon / Yasal Özkaynak Standart Oranı (Yüzde),,Unnamed: 1,11,11.0,TL,BDDK Aylık Bülten - Excel
2023-02-01,2023,2,13,Yabancı Para Pozisyonu,11,,Yabancı Para Net Genel Pozisyon / Yasal Özkaynak Standart Oranı (Yüzde),,"Yabancı Para Pozisyonu (milyon TL), Dönem:2023/2",Yabancı Para Net Genel Pozisyon / Yasal Özkaynak Standart Oranı (Yüzde),,TL,BDDK Aylık Bülten - Excel
2023-02-01,2023,2,13,Yabancı Para Pozisyonu,11,,Yabancı Para Net Genel Pozisyon / Yasal Özkaynak Standart Oranı (Yüzde),,Toplam,-1.081156,-1.081156,TL,BDDK Aylık Bülten - Excel
2023-03-01,2023,3,13,Yabancı Para Pozisyonu,1,,Döviz Varlıkları Toplamı,,Unnamed: 0,Sektör,,TL,BDDK Aylık Bülten - Excel
2023-03-01,2023,3,13,Yabancı Para Pozisyonu,1,,Döviz Varlıkları Toplamı,,Unnamed: 1,1,1.0,TL,BDDK Aylık Bülten - Excel
2023-03-01,2023,3,13,Yabancı Para Pozisyonu,1,,Döviz Varlıkları Toplamı,,"Yabancı Para Pozisyonu (milyon TL), Dönem:2023/3",Döviz Varlıkları Toplamı,,TL,BDDK Aylık Bülten - Excel
2023-03-01,2023,3,13,Yabancı Para Pozisyonu,1,,Döviz Varlıkları Toplamı,,Toplam,8479843.02567,8479843.02567,TL,BDDK Aylık Bülten - Excel
2023-03-01,2023,3,13,Yabancı Para Pozisyonu,2,,Bilanço İçi Varlıklar,,Unnamed: 0,Sektör,,TL,BDDK Aylık Bülten - Excel
2023-03-01,2023,3,13,Yabancı Para Pozisyonu,2,,Bilanço İçi Varlıklar,,Unnamed: 1,2,2.0,TL,BDDK Aylık Bülten - Excel
2023-03-01,2023,3,13,Yabancı Para Pozisyonu,2,,Bilanço İçi Varlıklar,,"Yabancı Para Pozisyonu (milyon TL), Dönem:2023/3",Bilanço İçi Varlıklar,,TL,BDDK Aylık Bülten - Excel
2023-03-01,2023,3,13,Yabancı Para Pozisyonu,2,,Bilanço İçi Varlıklar,,Toplam,6093046.0446,6093046.0446,TL,BDDK Aylık Bülten - Excel
2023-03-01,2023,3,13,Yabancı Para Pozisyonu,3,,Dövize Endeksli Varlıklar,,Unnamed: 0,Sektör,,TL,BDDK Aylık Bülten - Excel
2023-03-01,2023,3,13,Yabancı Para Pozisyonu,3,,Dövize Endeksli Varlıklar,,Unnamed: 1,3,3.0,TL,BDDK Aylık Bülten - Excel
2023-03-01,2023,3,13,Yabancı Para Pozisyonu,3,,Dövize Endeksli Varlıklar,,"Yabancı Para Pozisyonu (milyon TL), Dönem:2023/3",Dövize Endeksli Varlıklar,,TL,BDDK Aylık Bülten - Excel
2023-03-01,2023,3,13,Yabancı Para Pozisyonu,3,,Dövize Endeksli Varlıklar,,Toplam,8266.58329,8266.58329,TL,BDDK Aylık Bülten - Excel
2023-03-01,2023,3,13,Yabancı Para Pozisyonu,4,,Bilanço Dışı Varlıklar,,Unnamed: 0,Sektör,,TL,BDDK Aylık Bülten - Excel
2023-03-01,2023,3,13,Yabancı Para Pozisyonu,4,,Bilanço Dışı Varlıklar,,Unnamed: 1,4,4.0,TL,BDDK Aylık Bülten - Excel
2023-03-01,2023,3,13,Yabancı Para Pozisyonu,4,,Bilanço Dışı Varlıklar,,"Yabancı Para Pozisyonu (milyon TL), Dönem:2023/3",Bilanço Dışı Varlıklar,,TL,BDDK Aylık Bülten - Excel
2023-03-01,2023,3,13,Yabancı Para Pozisyonu,4,,Bilanço Dışı Varlıklar,,Toplam,2386796.98107,2386796.98107,TL,BDDK Aylık Bülten - Excel
2023-03-01,2023,3,13,Yabancı Para Pozisyonu,5,,Döviz Yükümlülükleri Toplamı,,Unnamed: 0,Sektör,,TL,BDDK Aylık Bülten - Excel
2023-03-01,2023,3,13,Yabancı Para Pozisyonu,5,,Döviz Yükümlülükleri Toplamı,,Unnamed: 1,5,5.0,TL,BDDK Aylık Bülten - Excel
2023-03-01,2023,3,13,Yabancı Para Pozisyonu,5,,Döviz Yükümlülükleri Toplamı,,"Yabancı Para Pozisyonu (milyon TL), Dönem:2023/3",Döviz Yükümlülükleri Toplamı,,TL,BDDK Aylık Bülten - Excel
2023-03-01,2023,3,13,Yabancı Para Pozisyonu,5,,Döviz Yükümlülükleri Toplamı,,Toplam,8473993.26189,8473993.26189,TL,BDDK Aylık Bülten - Excel
2023-03-01,2023,3,13,Yabancı Para Pozisyonu,6,,Bilanço İçi Yükümlülükler,,Unnamed: 0,Sektör,,TL,BDDK Aylık Bülten - Excel
2023-03-01,2023,3,13,Yabancı Para Pozisyonu,6,,Bilanço İçi Yükümlülükler,,Unnamed: 1,6,6.0,TL,BDDK Aylık Bülten - Excel
2023-03-01,2023,3,13,Yabancı Para Pozisyonu,6,,Bilanço İçi Yükümlülükler,,"Yabancı Para Pozisyonu (milyon TL), Dönem:2023/3",Bilanço İçi Yükümlülükler,,TL,BDDK Aylık Bülten - Excel
2023-03-01,2023,3,13,Yabancı Para Pozisyonu,6,,Bilanço İçi Yükümlülükler,,Toplam,6664202.96638,6664202.96638,TL,BDDK Aylık Bülten - Excel
2023-03-01,2023,3,13,Yabancı Para Pozisyonu,7,,Dövize Endeksli Yükümlülükler,,Unnamed: 0,Sektör,,TL,BDDK Aylık Bülten - Excel
2023-03-01,2023,3,13,Yabancı Para Pozisyonu,7,,Dövize Endeksli Yükümlülükler,,Unnamed: 1,7,7.0,TL,BDDK Aylık Bülten - Excel
2023-03-01,2023,3,13,Yabancı Para Pozisyonu,7,,Dövize Endeksli Yükümlülükler,,"Yabancı Para Pozisyonu (milyon TL), Dönem:2023/3",Dövize Endeksli Yükümlülükler,,TL,BDDK Aylık Bülten - Excel
2023-03-01,2023,3,13,Yabancı Para Pozisyonu,7,,Dövize Endeksli Yükümlülükler,,Toplam,420.43843,420.43843,TL,BDDK Aylık Bülten - Excel
2023-03-01,2023,3,13,Yabancı Para Pozisyonu,8,,Bilanço Dışı Yükümlülükler,,Unnamed: 0,Sektör,,TL,BDDK Aylık Bülten - Excel
2023-03-01,2023,3,13,Yabancı Para Pozisyonu,8,,Bilanço Dışı Yükümlülükler,,Unnamed: 1,8,8.0,TL,BDDK Aylık Bülten - Excel
2023-03-01,2023,3,13,Yabancı Para Pozisyonu,8,,Bilanço Dışı Yükümlülükler,,"Yabancı Para Pozisyonu (milyon TL), Dönem:2023/3",Bilanço Dışı Yükümlülükler,,TL,BDDK Aylık Bülten - Excel
2023-03-01,2023,3,13,Yabancı Para Pozisyonu,8,,Bilanço Dışı Yükümlülükler,,Toplam,1809790.29551,1809790.29551,TL,BDDK Aylık Bülten - Excel
2023-03-01,2023,3,13,Yabancı Para Pozisyonu,9,,Yabancı Para Net Genel Pozisyonu,,Unnamed: 0,Sektör,,TL,BDDK Aylık Bülten - Excel
2023-03-01,2023,3,13,Yabancı Para Pozisyonu,9,,Yabancı Para Net Genel Pozisyonu,,Unnamed: 1,9,9.0,TL,BDDK Aylık Bülten - Excel
2023-03-01,2023,3,13,Yabancı Para Pozisyonu,9,,Yabancı Para Net Genel Pozisyonu,,"Yabancı Para Pozisyonu (milyon TL), Dönem:2023/3",Yabancı Para Net Genel Pozisyonu,,TL,BDDK Aylık Bülten - Excel
2023-03-01,2023,3,13,Yabancı Para Pozisyonu,9,,Yabancı Para Net Genel Pozisyonu,,Toplam,5849.76378,5849.76378,TL,BDDK Aylık Bülten - Excel
2023-03-01,2023,3,13,Yabancı Para Pozisyonu,10,,Yasal Özkaynak,,Unnamed: 0,Sektör,,TL,BDDK Aylık Bülten - Excel
2023-03-01,2023,3,13,Yabancı Para Pozisyonu,10,,Yasal Özkaynak,,Unnamed: 1,10,10.0,TL,BDDK Aylık Bülten - Excel
2023-03-01,2023,3,13,Yabancı Para Pozisyonu,10,,Yasal Özkaynak,,"Yabancı Para Pozisyonu (milyon TL), Dönem:2023/3",Yasal Özkaynak,,TL,BDDK Aylık Bülten - Excel
2023-03-01,2023,3,13,Yabancı Para Pozisyonu,10,,Yasal Özkaynak,,Toplam,1848836.24744,1848836.24744,TL,BDDK Aylık Bülten - Excel
2023-03-01,2023,3,13,Yabancı Para Pozisyonu,11,,Yabancı Para Net Genel Pozisyon / Yasal Özkaynak Standart Oranı (Yüzde),,Unnamed: 0,Sektör,,TL,BDDK Aylık Bülten - Excel
2023-03-01,2023,3,13,Yabancı Para Pozisyonu,11,,Yabancı Para Net Genel Pozisyon / Yasal Özkaynak Standart Oranı (Yüzde),,Unnamed: 1,11,11.0,TL,BDDK Aylık Bülten - Excel
2023-03-01,2023,3,13,Yabancı Para Pozisyonu,11,,Yabancı Para Net Genel Pozisyon / Yasal Özkaynak Standart Oranı (Yüzde),,"Yabancı Para Pozisyonu (milyon TL), Dönem:2023/3",Yabancı Para Net Genel Pozisyon / Yasal Özkaynak Standart Oranı (Yüzde),,TL,BDDK Aylık Bülten - Excel
2023-03-01,2023,3,13,Yabancı Para Pozisyonu,11,,Yabancı Para Net Genel Pozisyon / Yasal Özkaynak Standart Oranı (Yüzde),,Toplam,0.316402,0.316402,TL,BDDK Aylık Bülten - Excel
2023-04-01,2023,4,13,Yabancı Para Pozisyonu,1,,Döviz Varlıkları Toplamı,,Unnamed: 0,Sektör,,TL,BDDK Aylık Bülten - Excel
2023-04-01,2023,4,13,Yabancı Para Pozisyonu,1,,Döviz Varlıkları Toplamı,,Unnamed: 1,1,1.0,TL,BDDK Aylık Bülten - Excel
2023-04-01,2023,4,13,Yabancı Para Pozisyonu,1,,Döviz Varlıkları Toplamı,,"Yabancı Para Pozisyonu (milyon TL), Dönem:2023/4",Döviz Varlıkları Toplamı,,TL,BDDK Aylık Bülten - Excel
2023-04-01,2023,4,13,Yabancı Para Pozisyonu,1,,Döviz Varlıkları Toplamı,,Toplam,8759788.80286,8759788.80286,TL,BDDK Aylık Bülten - Excel
2023-04-01,2023,4,13,Yabancı Para Pozisyonu,2,,Bilanço İçi Varlıklar,,Unnamed: 0,Sektör,,TL,BDDK Aylık Bülten - Excel
2023-04-01,2023,4,13,Yabancı Para Pozisyonu,2,,Bilanço İçi Varlıklar,,Unnamed: 1,2,2.0,TL,BDDK Aylık Bülten - Excel
2023-04-01,2023,4,13,Yabancı Para Pozisyonu,2,,Bilanço İçi Varlıklar,,"Yabancı Para Pozisyonu (milyon TL), Dönem:2023/4",Bilanço İçi Varlıklar,,TL,BDDK Aylık Bülten - Excel
2023-04-01,2023,4,13,Yabancı Para Pozisyonu,2,,Bilanço İçi Varlıklar,,Toplam,6250913.83212,6250913.83212,TL,BDDK Aylık Bülten - Excel
2023-04-01,2023,4,13,Yabancı Para Pozisyonu,3,,Dövize Endeksli Varlıklar,,Unnamed: 0,Sektör,,TL,BDDK Aylık Bülten - Excel
2023-04-01,2023,4,13,Yabancı Para Pozisyonu,3,,Dövize Endeksli Varlıklar,,Unnamed: 1,3,3.0,TL,BDDK Aylık Bülten - Excel
2023-04-01,2023,4,13,Yabancı Para Pozisyonu,3,,Dövize Endeksli Varlıklar,,"Yabancı Para Pozisyonu (milyon TL), Dönem:2023/4",Dövize Endeksli Varlıklar,,TL,BDDK Aylık Bülten - Excel
2023-04-01,2023,4,13,Yabancı Para Pozisyonu,3,,Dövize Endeksli Varlıklar,,Toplam,8133.24105,8133.24105,TL,BDDK Aylık Bülten - Excel
2023-04-01,2023,4,13,Yabancı Para Pozisyonu,4,,Bilanço Dışı Varlıklar,,Unnamed: 0,Sektör,,TL,BDDK Aylık Bülten - Excel
2023-04-01,2023,4,13,Yabancı Para Pozisyonu,4,,Bilanço Dışı Varlıklar,,Unnamed: 1,4,4.0,TL,BDDK Aylık Bülten - Excel
2023-04-01,2023,4,13,Yabancı Para Pozisyonu,4,,Bilanço Dışı Varlıklar,,"Yabancı Para Pozisyonu (milyon TL), Dönem:2023/4",Bilanço Dışı Varlıklar,,TL,BDDK Aylık Bülten - Excel
2023-04-01,2023,4,13,Yabancı Para Pozisyonu,4,,Bilanço Dışı Varlıklar,,Toplam,2508874.97074,2508874.97074,TL,BDDK Aylık Bülten - Excel
2023-04-01,2023,4,13,Yabancı Para Pozisyonu,5,,Döviz Yükümlülükleri Toplamı,,Unnamed: 0,Sektör,,TL,BDDK Aylık Bülten - Excel
2023-04-01,2023,4,13,Yabancı Para Pozisyonu,5,,Döviz Yükümlülükleri Toplamı,,Unnamed: 1,5,5.0,TL,BDDK Aylık Bülten - Excel
2023-04-01,2023,4,13,Yabancı Para Pozisyonu,5,,Döviz Yükümlülükleri Toplamı,,"Yabancı Para Pozisyonu (milyon TL), Dönem:2023/4",Döviz Yükümlülükleri Toplamı,,TL,BDDK Aylık Bülten - Excel
2023-04-01,2023,4,13,Yabancı Para Pozisyonu,5,,Döviz Yükümlülükleri Toplamı,,Toplam,8760638.93134,8760638.93134,TL,BDDK Aylık Bülten - Excel
2023-04-01,2023,4,13,Yabancı Para Pozisyonu,6,,Bilanço İçi Yükümlülükler,,Unnamed: 0,Sektör,,TL,BDDK Aylık Bülten - Excel
2023-04-01,2023,4,13,Yabancı Para Pozisyonu,6,,Bilanço İçi Yükümlülükler,,Unnamed: 1,6,6.0,TL,BDDK Aylık Bülten - Excel
2023-04-01,2023,4,13,Yabancı Para Pozisyonu,6,,Bilanço İçi Yükümlülükler,,"Yabancı Para Pozisyonu (milyon TL), Dönem:2023/4",Bilanço İçi Yükümlülükler,,TL,BDDK Aylık Bülten - Excel
2023-04-01,2023,4,13,Yabancı Para Pozisyonu,6,,Bilanço İçi Yükümlülükler,,Toplam,6831877.80741,6831877.80741,TL,BDDK Aylık Bülten - Excel
2023-04-01,2023,4,13,Yabancı Para Pozisyonu,7,,Dövize Endeksli Yükümlülükler,,Unnamed: 0,Sektör,,TL,BDDK Aylık Bülten - Excel
2023-04-01,2023,4,13,Yabancı Para Pozisyonu,7,,Dövize Endeksli Yükümlülükler,,Unnamed: 1,7,7.0,TL,BDDK Aylık Bülten - Excel
2023-04-01,2023,4,13,Yabancı Para Pozisyonu,7,,Dövize Endeksli Yükümlülükler,,"Yabancı Para Pozisyonu (milyon TL), Dönem:2023/4",Dövize Endeksli Yükümlülükler,,TL,BDDK Aylık Bülten - Excel
2023-04-01,2023,4,13,Yabancı Para Pozisyonu,7,,Dövize Endeksli Yükümlülükler,,Toplam,426.57549,426.57549,TL,BDDK Aylık Bülten - Excel
2023-04-01,2023,4,13,Yabancı Para Pozisyonu,8,,Bilanço Dışı Yükümlülükler,,Unnamed: 0,Sektör,,TL,BDDK Aylık Bülten - Excel
2023-04-01,2023,4,13,Yabancı Para Pozisyonu,8,,Bilanço Dışı Yükümlülükler,,Unnamed: 1,8,8.0,TL,BDDK Aylık Bülten - Excel
2023-04-01,2023,4,13,Yabancı Para Pozisyonu,8,,Bilanço Dışı Yükümlülükler,,"Yabancı Para Pozisyonu (milyon TL), Dönem:2023/4",Bilanço Dışı Yükümlülükler,,TL,BDDK Aylık Bülten - Excel
2023-04-01,2023,4,13,Yabancı Para Pozisyonu,8,,Bilanço Dışı Yükümlülükler,,Toplam,1928761.12393,1928761.12393,TL,BDDK Aylık Bülten - Excel
2023-04-01,2023,4,13,Yabancı Para Pozisyonu,9,,Yabancı Para Net Genel Pozisyonu,,Unnamed: 0,Sektör,,TL,BDDK Aylık Bülten - Excel
2023-04-01,2023,4,13,Yabancı Para Pozisyonu,9,,Yabancı Para Net Genel Pozisyonu,,Unnamed: 1,9,9.0,TL,BDDK Aylık Bülten - Excel
2023-04-01,2023,4,13,Yabancı Para Pozisyonu,9,,Yabancı Para Net Genel Pozisyonu,,"Yabancı Para Pozisyonu (milyon TL), Dönem:2023/4",Yabancı Para Net Genel Pozisyonu,,TL,BDDK Aylık Bülten - Excel
2023-04-01,2023,4,13,Yabancı Para Pozisyonu,9,,Yabancı Para Net Genel Pozisyonu,,Toplam,-850.12848,-850.12848,TL,BDDK Aylık Bülten - Excel
2023-04-01,2023,4,13,Yabancı Para Pozisyonu,10,,Yasal Özkaynak,,Unnamed: 0,Sektör,,TL,BDDK Aylık Bülten - Excel
2023-04-01,2023,4,13,Yabancı Para Pozisyonu,10,,Yasal Özkaynak,,Unnamed: 1,10,10.0,TL,BDDK Aylık Bülten - Excel
2023-04-01,2023,4,13,Yabancı Para Pozisyonu,10,,Yasal Özkaynak,,"Yabancı Para Pozisyonu (milyon TL), Dönem:2023/4",Yasal Özkaynak,,TL,BDDK Aylık Bülten - Excel
2023-04-01,2023,4,13,Yabancı Para Pozisyonu,10,,Yasal Özkaynak,,Toplam,1926210.7173,1926210.7173,TL,BDDK Aylık Bülten - Excel
2023-04-01,2023,4,13,Yabancı Para Pozisyonu,11,,Yabancı Para Net Genel Pozisyon / Yasal Özkaynak Standart Oranı (Yüzde),,Unnamed: 0,Sektör,,TL,BDDK Aylık Bülten - Excel
2023-04-01,2023,4,13,Yabancı Para Pozisyonu,11,,Yabancı Para Net Genel Pozisyon / Yasal Özkaynak Standart Oranı (Yüzde),,Unnamed: 1,11,11.0,TL,BDDK Aylık Bülten - Excel
2023-04-01,2023,4,13,Yabancı Para Pozisyonu,11,,Yabancı Para Net Genel Pozisyon / Yasal Özkaynak Standart Oranı (Yüzde),,"Yabancı Para Pozisyonu (milyon TL), Dönem:2023/4",Yabancı Para Net Genel Pozisyon / Yasal Özkaynak Standart Oranı (Yüzde),,TL,BDDK Aylık Bülten - Excel
2023-04-01,2023,4,13,Yabancı Para Pozisyonu,11,,Yabancı Para Net Genel Pozisyon / Yasal Özkaynak Standart Oranı (Yüzde),,Toplam,-0.044134,-0.044134,TL,BDDK Aylık Bülten - Excel
2023-05-01,2023,5,13,Yabancı Para Pozisyonu,1,,Döviz Varlıkları Toplamı,,Unnamed: 0,Sektör,,TL,BDDK Aylık Bülten - Excel
2023-05-01,2023,5,13,Yabancı Para Pozisyonu,1,,Döviz Varlıkları Toplamı,,Unnamed: 1,1,1.0,TL,BDDK Aylık Bülten - Excel
2023-05-01,2023,5,13,Yabancı Para Pozisyonu,1,,Döviz Varlıkları Toplamı,,"Yabancı Para Pozisyonu (milyon TL), Dönem:2023/5",Döviz Varlıkları Toplamı,,TL,BDDK Aylık Bülten - Excel
2023-05-01,2023,5,13,Yabancı Para Pozisyonu,1,,Döviz Varlıkları Toplamı,,Toplam,8954007.8663,8954007.8663,TL,BDDK Aylık Bülten - Excel
2023-05-01,2023,5,13,Yabancı Para Pozisyonu,2,,Bilanço İçi Varlıklar,,Unnamed: 0,Sektör,,TL,BDDK Aylık Bülten - Excel
2023-05-01,2023,5,13,Yabancı Para Pozisyonu,2,,Bilanço İçi Varlıklar,,Unnamed: 1,2,2.0,TL,BDDK Aylık Bülten - Excel
2023-05-01,2023,5,13,Yabancı Para Pozisyonu,2,,Bilanço İçi Varlıklar,,"Yabancı Para Pozisyonu (milyon TL), Dönem:2023/5",Bilanço İçi Varlıklar,,TL,BDDK Aylık Bülten - Excel
2023-05-01,2023,5,13,Yabancı Para Pozisyonu,2,,Bilanço İçi Varlıklar,,Toplam,6462807.48757,6462807.48757,TL,BDDK Aylık Bülten - Excel
2023-05-01,2023,5,13,Yabancı Para Pozisyonu,3,,Dövize Endeksli Varlıklar,,Unnamed: 0,Sektör,,TL,BDDK Aylık Bülten - Excel
2023-05-01,2023,5,13,Yabancı Para Pozisyonu,3,,Dövize Endeksli Varlıklar,,Unnamed: 1,3,3.0,TL,BDDK Aylık Bülten - Excel
2023-05-01,2023,5,13,Yabancı Para Pozisyonu,3,,Dövize Endeksli Varlıklar,,"Yabancı Para Pozisyonu (milyon TL), Dönem:2023/5",Dövize Endeksli Varlıklar,,TL,BDDK Aylık Bülten - Excel
2023-05-01,2023,5,13,Yabancı Para Pozisyonu,3,,Dövize Endeksli Varlıklar,,Toplam,8284.66398,8284.66398,TL,BDDK Aylık Bülten - Excel
2023-05-01,2023,5,13,Yabancı Para Pozisyonu,4,,Bilanço Dışı Varlıklar,,Unnamed: 0,Sektör,,TL,BDDK Aylık Bülten - Excel
2023-05-01,2023,5,13,Yabancı Para Pozisyonu,4,,Bilanço Dışı Varlıklar,,Unnamed: 1,4,4.0,TL,BDDK Aylık Bülten - Excel
2023-05-01,2023,5,13,Yabancı Para Pozisyonu,4,,Bilanço Dışı Varlıklar,,"Yabancı Para Pozisyonu (milyon TL), Dönem:2023/5",Bilanço Dışı Varlıklar,,TL,BDDK Aylık Bülten - Excel
2023-05-01,2023,5,13,Yabancı Para Pozisyonu,4,,Bilanço Dışı Varlıklar,,Toplam,2491200.37873,2491200.37873,TL,BDDK Aylık Bülten - Excel
2023-05-01,2023,5,13,Yabancı Para Pozisyonu,5,,Döviz Yükümlülükleri Toplamı,,Unnamed: 0,Sektör,,TL,BDDK Aylık Bülten - Excel
2023-05-01,2023,5,13,Yabancı Para Pozisyonu,5,,Döviz Yükümlülükleri Toplamı,,Unnamed: 1,5,5.0,TL,BDDK Aylık Bülten - Excel
2023-05-01,2023,5,13,Yabancı Para Pozisyonu,5,,Döviz Yükümlülükleri Toplamı,,"Yabancı Para Pozisyonu (milyon TL), Dönem:2023/5",Döviz Yükümlülükleri Toplamı,,TL,BDDK Aylık Bülten - Excel
2023-05-01,2023,5,13,Yabancı Para Pozisyonu,5,,Döviz Yükümlülükleri Toplamı,,Toplam,8919067.22432,8919067.22432,TL,BDDK Aylık Bülten - Excel
2023-05-01,2023,5,13,Yabancı Para Pozisyonu,6,,Bilanço İçi Yükümlülükler,,Unnamed: 0,Sektör,,TL,BDDK Aylık Bülten - Excel
2023-05-01,2023,5,13,Yabancı Para Pozisyonu,6,,Bilanço İçi Yükümlülükler,,Unnamed: 1,6,6.0,TL,BDDK Aylık Bülten - Excel
2023-05-01,2023,5,13,Yabancı Para Pozisyonu,6,,Bilanço İçi Yükümlülükler,,"Yabancı Para Pozisyonu (milyon TL), Dönem:2023/5",Bilanço İçi Yükümlülükler,,TL,BDDK Aylık Bülten - Excel
2023-05-01,2023,5,13,Yabancı Para Pozisyonu,6,,Bilanço İçi Yükümlülükler,,Toplam,6985022.02559,6985022.02559,TL,BDDK Aylık Bülten - Excel
2023-05-01,2023,5,13,Yabancı Para Pozisyonu,7,,Dövize Endeksli Yükümlülükler,,Unnamed: 0,Sektör,,TL,BDDK Aylık Bülten - Excel
2023-05-01,2023,5,13,Yabancı Para Pozisyonu,7,,Dövize Endeksli Yükümlülükler,,Unnamed: 1,7,7.0,TL,BDDK Aylık Bülten - Excel
2023-05-01,2023,5,13,Yabancı Para Pozisyonu,7,,Dövize Endeksli Yükümlülükler,,"Yabancı Para Pozisyonu (milyon TL), Dönem:2023/5",Dövize Endeksli Yükümlülükler,,TL,BDDK Aylık Bülten - Excel
2023-05-01,2023,5,13,Yabancı Para Pozisyonu,7,,Dövize Endeksli Yükümlülükler,,Toplam,2532.00089,2532.00089,TL,BDDK Aylık Bülten - Excel
2023-05-01,2023,5,13,Yabancı Para Pozisyonu,8,,Bilanço Dışı Yükümlülükler,,Unnamed: 0,Sektör,,TL,BDDK Aylık Bülten - Excel
2023-05-01,2023,5,13,Yabancı Para Pozisyonu,8,,Bilanço Dışı Yükümlülükler,,Unnamed: 1,8,8.0,TL,BDDK Aylık Bülten - Excel
2023-05-01,2023,5,13,Yabancı Para Pozisyonu,8,,Bilanço Dışı Yükümlülükler,,"Yabancı Para Pozisyonu (milyon TL), Dönem:2023/5",Bilanço Dışı Yükümlülükler,,TL,BDDK Aylık Bülten - Excel
2023-05-01,2023,5,13,Yabancı Para Pozisyonu,8,,Bilanço Dışı Yükümlülükler,,Toplam,1934045.19873,1934045.19873,TL,BDDK Aylık Bülten - Excel
2023-05-01,2023,5,13,Yabancı Para Pozisyonu,9,,Yabancı Para Net Genel Pozisyonu,,Unnamed: 0,Sektör,,TL,BDDK Aylık Bülten - Excel
2023-05-01,2023,5,13,Yabancı Para Pozisyonu,9,,Yabancı Para Net Genel Pozisyonu,,Unnamed: 1,9,9.0,TL,BDDK Aylık Bülten - Excel
2023-05-01,2023,5,13,Yabancı Para Pozisyonu,9,,Yabancı Para Net Genel Pozisyonu,,"Yabancı Para Pozisyonu (milyon TL), Dönem:2023/5",Yabancı Para Net Genel Pozisyonu,,TL,BDDK Aylık Bülten - Excel
2023-05-01,2023,5,13,Yabancı Para Pozisyonu,9,,Yabancı Para Net Genel Pozisyonu,,Toplam,34940.64198,34940.64198,TL,BDDK Aylık Bülten - Excel
2023-05-01,2023,5,13,Yabancı Para Pozisyonu,10,,Yasal Özkaynak,,Unnamed: 0,Sektör,,TL,BDDK Aylık Bülten - Excel
2023-05-01,2023,5,13,Yabancı Para Pozisyonu,10,,Yasal Özkaynak,,Unnamed: 1,10,10.0,TL,BDDK Aylık Bülten - Excel
2023-05-01,2023,5,13,Yabancı Para Pozisyonu,10,,Yasal Özkaynak,,"Yabancı Para Pozisyonu (milyon TL), Dönem:2023/5",Yasal Özkaynak,,TL,BDDK Aylık Bülten - Excel
2023-05-01,2023,5,13,Yabancı Para Pozisyonu,10,,Yasal Özkaynak,,Toplam,1939251.68963,1939251.68963,TL,BDDK Aylık Bülten - Excel
2023-05-01,2023,5,13,Yabancı Para Pozisyonu,11,,Yabancı Para Net Genel Pozisyon / Yasal Özkaynak Standart Oranı (Yüzde),,Unnamed: 0,Sektör,,TL,BDDK Aylık Bülten - Excel
2023-05-01,2023,5,13,Yabancı Para Pozisyonu,11,,Yabancı Para Net Genel Pozisyon / Yasal Özkaynak Standart Oranı (Yüzde),,Unnamed: 1,11,11.0,TL,BDDK Aylık Bülten - Excel
2023-05-01,2023,5,13,Yabancı Para Pozisyonu,11,,Yabancı Para Net Genel Pozisyon / Yasal Özkaynak Standart Oranı (Yüzde),,"Yabancı Para Pozisyonu (milyon TL), Dönem:2023/5",Yabancı Para Net Genel Pozisyon / Yasal Özkaynak Standart Oranı (Yüzde),,TL,BDDK Aylık Bülten - Excel
2023-05-01,2023,5,13,Yabancı Para Pozisyonu,11,,Yabancı Para Net Genel Pozisyon / Yasal Özkaynak Standart Oranı (Yüzde),,Toplam,1.801759,1.801759,TL,BDDK Aylık Bülten - Excel
2023-06-01,2023,6,13,Yabancı Para Pozisyonu,1,,Döviz Varlıkları Toplamı,,Unnamed: 0,Sektör,,TL,BDDK Aylık Bülten - Excel
2023-06-01,2023,6,13,Yabancı Para Pozisyonu,1,,Döviz Varlıkları Toplamı,,Unnamed: 1,1,1.0,TL,BDDK Aylık Bülten - Excel
2023-06-01,2023,6,13,Yabancı Para Pozisyonu,1,,Döviz Varlıkları Toplamı,,"Yabancı Para Pozisyonu (milyon TL), Dönem:2023/6",Döviz Varlıkları Toplamı,,TL,BDDK Aylık Bülten - Excel
2023-06-01,2023,6,13,Yabancı Para Pozisyonu,1,,Döviz Varlıkları Toplamı,,Toplam,10935599.67802,10935599.67802,TL,BDDK Aylık Bülten - Excel
2023-06-01,2023,6,13,Yabancı Para Pozisyonu,2,,Bilanço İçi Varlıklar,,Unnamed: 0,Sektör,,TL,BDDK Aylık Bülten - Excel
2023-06-01,2023,6,13,Yabancı Para Pozisyonu,2,,Bilanço İçi Varlıklar,,Unnamed: 1,2,2.0,TL,BDDK Aylık Bülten - Excel
2023-06-01,2023,6,13,Yabancı Para Pozisyonu,2,,Bilanço İçi Varlıklar,,"Yabancı Para Pozisyonu (milyon TL), Dönem:2023/6",Bilanço İçi Varlıklar,,TL,BDDK Aylık Bülten - Excel
2023-06-01,2023,6,13,Yabancı Para Pozisyonu,2,,Bilanço İçi Varlıklar,,Toplam,7961946.32985,7961946.32985,TL,BDDK Aylık Bülten - Excel
2023-06-01,2023,6,13,Yabancı Para Pozisyonu,3,,Dövize Endeksli Varlıklar,,Unnamed: 0,Sektör,,TL,BDDK Aylık Bülten - Excel
2023-06-01,2023,6,13,Yabancı Para Pozisyonu,3,,Dövize Endeksli Varlıklar,,Unnamed: 1,3,3.0,TL,BDDK Aylık Bülten - Excel
2023-06-01,2023,6,13,Yabancı Para Pozisyonu,3,,Dövize Endeksli Varlıklar,,"Yabancı Para Pozisyonu (milyon TL), Dönem:2023/6",Dövize Endeksli Varlıklar,,TL,BDDK Aylık Bülten - Excel
2023-06-01,2023,6,13,Yabancı Para Pozisyonu,3,,Dövize Endeksli Varlıklar,,Toplam,10113.94241,10113.94241,TL,BDDK Aylık Bülten - Excel
2023-06-01,2023,6,13,Yabancı Para Pozisyonu,4,,Bilanço Dışı Varlıklar,,Unnamed: 0,Sektör,,TL,BDDK Aylık Bülten - Excel
2023-06-01,2023,6,13,Yabancı Para Pozisyonu,4,,Bilanço Dışı Varlıklar,,Unnamed: 1,4,4.0,TL,BDDK Aylık Bülten - Excel
2023-06-01,2023,6,13,Yabancı Para Pozisyonu,4,,Bilanço Dışı Varlıklar,,"Yabancı Para Pozisyonu (milyon TL), Dönem:2023/6",Bilanço Dışı Varlıklar,,TL,BDDK Aylık Bülten - Excel
2023-06-01,2023,6,13,Yabancı Para Pozisyonu,4,,Bilanço Dışı Varlıklar,,Toplam,2973653.34817,2973653.34817,TL,BDDK Aylık Bülten - Excel
2023-06-01,2023,6,13,Yabancı Para Pozisyonu,5,,Döviz Yükümlülükleri Toplamı,,Unnamed: 0,Sektör,,TL,BDDK Aylık Bülten - Excel
2023-06-01,2023,6,13,Yabancı Para Pozisyonu,5,,Döviz Yükümlülükleri Toplamı,,Unnamed: 1,5,5.0,TL,BDDK Aylık Bülten - Excel
2023-06-01,2023,6,13,Yabancı Para Pozisyonu,5,,Döviz Yükümlülükleri Toplamı,,"Yabancı Para Pozisyonu (milyon TL), Dönem:2023/6",Döviz Yükümlülükleri Toplamı,,TL,BDDK Aylık Bülten - Excel
2023-06-01,2023,6,13,Yabancı Para Pozisyonu,5,,Döviz Yükümlülükleri Toplamı,,Toplam,10829913.02529,10829913.02529,TL,BDDK Aylık Bülten - Excel
2023-06-01,2023,6,13,Yabancı Para Pozisyonu,6,,Bilanço İçi Yükümlülükler,,Unnamed: 0,Sektör,,TL,BDDK Aylık Bülten - Excel
2023-06-01,2023,6,13,Yabancı Para Pozisyonu,6,,Bilanço İçi Yükümlülükler,,Unnamed: 1,6,6.0,TL,BDDK Aylık Bülten - Excel
2023-06-01,2023,6,13,Yabancı Para Pozisyonu,6,,Bilanço İçi Yükümlülükler,,"Yabancı Para Pozisyonu (milyon TL), Dönem:2023/6",Bilanço İçi Yükümlülükler,,TL,BDDK Aylık Bülten - Excel
2023-06-01,2023,6,13,Yabancı Para Pozisyonu,6,,Bilanço İçi Yükümlülükler,,Toplam,8692116.87837,8692116.87837,TL,BDDK Aylık Bülten - Excel
2023-06-01,2023,6,13,Yabancı Para Pozisyonu,7,,Dövize Endeksli Yükümlülükler,,Unnamed: 0,Sektör,,TL,BDDK Aylık Bülten - Excel
2023-06-01,2023,6,13,Yabancı Para Pozisyonu,7,,Dövize Endeksli Yükümlülükler,,Unnamed: 1,7,7.0,TL,BDDK Aylık Bülten - Excel
2023-06-01,2023,6,13,Yabancı Para Pozisyonu,7,,Dövize Endeksli Yükümlülükler,,"Yabancı Para Pozisyonu (milyon TL), Dönem:2023/6",Dövize Endeksli Yükümlülükler,,TL,BDDK Aylık Bülten - Excel
2023-06-01,2023,6,13,Yabancı Para Pozisyonu,7,,Dövize Endeksli Yükümlülükler,,Toplam,11338.0144,11338.0144,TL,BDDK Aylık Bülten - Excel
2023-06-01,2023,6,13,Yabancı Para Pozisyonu,8,,Bilanço Dışı Yükümlülükler,,Unnamed: 0,Sektör,,TL,BDDK Aylık Bülten - Excel
2023-06-01,2023,6,13,Yabancı Para Pozisyonu,8,,Bilanço Dışı Yükümlülükler,,Unnamed: 1,8,8.0,TL,BDDK Aylık Bülten - Excel
2023-06-01,2023,6,13,Yabancı Para Pozisyonu,8,,Bilanço Dışı Yükümlülükler,,"Yabancı Para Pozisyonu (milyon TL), Dönem:2023/6",Bilanço Dışı Yükümlülükler,,TL,BDDK Aylık Bülten - Excel
2023-06-01,2023,6,13,Yabancı Para Pozisyonu,8,,Bilanço Dışı Yükümlülükler,,Toplam,2137796.14692,2137796.14692,TL,BDDK Aylık Bülten - Excel
2023-06-01,2023,6,13,Yabancı Para Pozisyonu,9,,Yabancı Para Net Genel Pozisyonu,,Unnamed: 0,Sektör,,TL,BDDK Aylık Bülten - Excel
2023-06-01,2023,6,13,Yabancı Para Pozisyonu,9,,Yabancı Para Net Genel Pozisyonu,,Unnamed: 1,9,9.0,TL,BDDK Aylık Bülten - Excel
2023-06-01,2023,6,13,Yabancı Para Pozisyonu,9,,Yabancı Para Net Genel Pozisyonu,,"Yabancı Para Pozisyonu (milyon TL), Dönem:2023/6",Yabancı Para Net Genel Pozisyonu,,TL,BDDK Aylık Bülten - Excel
2023-06-01,2023,6,13,Yabancı Para Pozisyonu,9,,Yabancı Para Net Genel Pozisyonu,,Toplam,105686.65273,105686.65273,TL,BDDK Aylık Bülten - Excel
2023-06-01,2023,6,13,Yabancı Para Pozisyonu,10,,Yasal Özkaynak,,Unnamed: 0,Sektör,,TL,BDDK Aylık Bülten - Excel
2023-06-01,2023,6,13,Yabancı Para Pozisyonu,10,,Yasal Özkaynak,,Unnamed: 1,10,10.0,TL,BDDK Aylık Bülten - Excel
2023-06-01,2023,6,13,Yabancı Para Pozisyonu,10,,Yasal Özkaynak,,"Yabancı Para Pozisyonu (milyon TL), Dönem:2023/6",Yasal Özkaynak,,TL,BDDK Aylık Bülten - Excel
2023-06-01,2023,6,13,Yabancı Para Pozisyonu,10,,Yasal Özkaynak,,Toplam,2032839.50378,2032839.50378,TL,BDDK Aylık Bülten - Excel
2023-06-01,2023,6,13,Yabancı Para Pozisyonu,11,,Yabancı Para Net Genel Pozisyon / Yasal Özkaynak Standart Oranı (Yüzde),,Unnamed: 0,Sektör,,TL,BDDK Aylık Bülten - Excel
2023-06-01,2023,6,13,Yabancı Para Pozisyonu,11,,Yabancı Para Net Genel Pozisyon / Yasal Özkaynak Standart Oranı (Yüzde),,Unnamed: 1,11,11.0,TL,BDDK Aylık Bülten - Excel
2023-06-01,2023,6,13,Yabancı Para Pozisyonu,11,,Yabancı Para Net Genel Pozisyon / Yasal Özkaynak Standart Oranı (Yüzde),,"Yabancı Para Pozisyonu (milyon TL), Dönem:2023/6",Yabancı Para Net Genel Pozisyon / Yasal Özkaynak Standart Oranı (Yüzde),,TL,BDDK Aylık Bülten - Excel
2023-06-01,2023,6,13,Yabancı Para Pozisyonu,11,,Yabancı Para Net Genel Pozisyon / Yasal Özkaynak Standart Oranı (Yüzde),,Toplam,5.198966,5.198966,TL,BDDK Aylık Bülten - Excel
2023-07-01,2023,7,13,Yabancı Para Pozisyonu,1,,Döviz Varlıkları Toplamı,,Unnamed: 0,Sektör,,TL,BDDK Aylık Bülten - Excel
2023-07-01,2023,7,13,Yabancı Para Pozisyonu,1,,Döviz Varlıkları Toplamı,,Unnamed: 1,1,1.0,TL,BDDK Aylık Bülten - Excel
2023-07-01,2023,7,13,Yabancı Para Pozisyonu,1,,Döviz Varlıkları Toplamı,,"Yabancı Para Pozisyonu (milyon TL), Dönem:2023/7",Döviz Varlıkları Toplamı,,TL,BDDK Aylık Bülten - Excel
2023-07-01,2023,7,13,Yabancı Para Pozisyonu,1,,Döviz Varlıkları Toplamı,,Toplam,11519685.19321,11519685.19321,TL,BDDK Aylık Bülten - Excel
2023-07-01,2023,7,13,Yabancı Para Pozisyonu,2,,Bilanço İçi Varlıklar,,Unnamed: 0,Sektör,,TL,BDDK Aylık Bülten - Excel
2023-07-01,2023,7,13,Yabancı Para Pozisyonu,2,,Bilanço İçi Varlıklar,,Unnamed: 1,2,2.0,TL,BDDK Aylık Bülten - Excel
2023-07-01,2023,7,13,Yabancı Para Pozisyonu,2,,Bilanço İçi Varlıklar,,"Yabancı Para Pozisyonu (milyon TL), Dönem:2023/7",Bilanço İçi Varlıklar,,TL,BDDK Aylık Bülten - Excel
2023-07-01,2023,7,13,Yabancı Para Pozisyonu,2,,Bilanço İçi Varlıklar,,Toplam,8359573.94941,8359573.94941,TL,BDDK Aylık Bülten - Excel
2023-07-01,2023,7,13,Yabancı Para Pozisyonu,3,,Dövize Endeksli Varlıklar,,Unnamed: 0,Sektör,,TL,BDDK Aylık Bülten - Excel
2023-07-01,2023,7,13,Yabancı Para Pozisyonu,3,,Dövize Endeksli Varlıklar,,Unnamed: 1,3,3.0,TL,BDDK Aylık Bülten - Excel
2023-07-01,2023,7,13,Yabancı Para Pozisyonu,3,,Dövize Endeksli Varlıklar,,"Yabancı Para Pozisyonu (milyon TL), Dönem:2023/7",Dövize Endeksli Varlıklar,,TL,BDDK Aylık Bülten - Excel
2023-07-01,2023,7,13,Yabancı Para Pozisyonu,3,,Dövize Endeksli Varlıklar,,Toplam,10164.73746,10164.73746,TL,BDDK Aylık Bülten - Excel
2023-07-01,2023,7,13,Yabancı Para Pozisyonu,4,,Bilanço Dışı Varlıklar,,Unnamed: 0,Sektör,,TL,BDDK Aylık Bülten - Excel
2023-07-01,2023,7,13,Yabancı Para Pozisyonu,4,,Bilanço Dışı Varlıklar,,Unnamed: 1,4,4.0,TL,BDDK Aylık Bülten - Excel
2023-07-01,2023,7,13,Yabancı Para Pozisyonu,4,,Bilanço Dışı Varlıklar,,"Yabancı Para Pozisyonu (milyon TL), Dönem:2023/7",Bilanço Dışı Varlıklar,,TL,BDDK Aylık Bülten - Excel
2023-07-01,2023,7,13,Yabancı Para Pozisyonu,4,,Bilanço Dışı Varlıklar,,Toplam,3160111.2438,3160111.2438,TL,BDDK Aylık Bülten - Excel
2023-07-01,2023,7,13,Yabancı Para Pozisyonu,5,,Döviz Yükümlülükleri Toplamı,,Unnamed: 0,Sektör,,TL,BDDK Aylık Bülten - Excel
2023-07-01,2023,7,13,Yabancı Para Pozisyonu,5,,Döviz Yükümlülükleri Toplamı,,Unnamed: 1,5,5.0,TL,BDDK Aylık Bülten - Excel
2023-07-01,2023,7,13,Yabancı Para Pozisyonu,5,,Döviz Yükümlülükleri Toplamı,,"Yabancı Para Pozisyonu (milyon TL), Dönem:2023/7",Döviz Yükümlülükleri Toplamı,,TL,BDDK Aylık Bülten - Excel
2023-07-01,2023,7,13,Yabancı Para Pozisyonu,5,,Döviz Yükümlülükleri Toplamı,,Toplam,11395512.15071,11395512.15071,TL,BDDK Aylık Bülten - Excel
2023-07-01,2023,7,13,Yabancı Para Pozisyonu,6,,Bilanço İçi Yükümlülükler,,Unnamed: 0,Sektör,,TL,BDDK Aylık Bülten - Excel
2023-07-01,2023,7,13,Yabancı Para Pozisyonu,6,,Bilanço İçi Yükümlülükler,,Unnamed: 1,6,6.0,TL,BDDK Aylık Bülten - Excel
2023-07-01,2023,7,13,Yabancı Para Pozisyonu,6,,Bilanço İçi Yükümlülükler,,"Yabancı Para Pozisyonu (milyon TL), Dönem:2023/7",Bilanço İçi Yükümlülükler,,TL,BDDK Aylık Bülten - Excel
2023-07-01,2023,7,13,Yabancı Para Pozisyonu,6,,Bilanço İçi Yükümlülükler,,Toplam,9067975.64306,9067975.64306,TL,BDDK Aylık Bülten - Excel
2023-07-01,2023,7,13,Yabancı Para Pozisyonu,7,,Dövize Endeksli Yükümlülükler,,Unnamed: 0,Sektör,,TL,BDDK Aylık Bülten - Excel
2023-07-01,2023,7,13,Yabancı Para Pozisyonu,7,,Dövize Endeksli Yükümlülükler,,Unnamed: 1,7,7.0,TL,BDDK Aylık Bülten - Excel
2023-07-01,2023,7,13,Yabancı Para Pozisyonu,7,,Dövize Endeksli Yükümlülükler,,"Yabancı Para Pozisyonu (milyon TL), Dönem:2023/7",Dövize Endeksli Yükümlülükler,,TL,BDDK Aylık Bülten - Excel
2023-07-01,2023,7,13,Yabancı Para Pozisyonu,7,,Dövize Endeksli Yükümlülükler,,Toplam,11927.14244,11927.14244,TL,BDDK Aylık Bülten - Excel
2023-07-01,2023,7,13,Yabancı Para Pozisyonu,8,,Bilanço Dışı Yükümlülükler,,Unnamed: 0,Sektör,,TL,BDDK Aylık Bülten - Excel
2023-07-01,2023,7,13,Yabancı Para Pozisyonu,8,,Bilanço Dışı Yükümlülükler,,Unnamed: 1,8,8.0,TL,BDDK Aylık Bülten - Excel
2023-07-01,2023,7,13,Yabancı Para Pozisyonu,8,,Bilanço Dışı Yükümlülükler,,"Yabancı Para Pozisyonu (milyon TL), Dönem:2023/7",Bilanço Dışı Yükümlülükler,,TL,BDDK Aylık Bülten - Excel
2023-07-01,2023,7,13,Yabancı Para Pozisyonu,8,,Bilanço Dışı Yükümlülükler,,Toplam,2327536.50765,2327536.50765,TL,BDDK Aylık Bülten - Excel
2023-07-01,2023,7,13,Yabancı Para Pozisyonu,9,,Yabancı Para Net Genel Pozisyonu,,Unnamed: 0,Sektör,,TL,BDDK Aylık Bülten - Excel
2023-07-01,2023,7,13,Yabancı Para Pozisyonu,9,,Yabancı Para Net Genel Pozisyonu,,Unnamed: 1,9,9.0,TL,BDDK Aylık Bülten - Excel
2023-07-01,2023,7,13,Yabancı Para Pozisyonu,9,,Yabancı Para Net Genel Pozisyonu,,"Yabancı Para Pozisyonu (milyon TL), Dönem:2023/7",Yabancı Para Net Genel Pozisyonu,,TL,BDDK Aylık Bülten - Excel
2023-07-01,2023,7,13,Yabancı Para Pozisyonu,9,,Yabancı Para Net Genel Pozisyonu,,Toplam,124173.0425,124173.0425,TL,BDDK Aylık Bülten - Excel
2023-07-01,2023,7,13,Yabancı Para Pozisyonu,10,,Yasal Özkaynak,,Unnamed: 0,Sektör,,TL,BDDK Aylık Bülten - Excel
2023-07-01,2023,7,13,Yabancı Para Pozisyonu,10,,Yasal Özkaynak,,Unnamed: 1,10,10.0,TL,BDDK Aylık Bülten - Excel
2023-07-01,2023,7,13,Yabancı Para Pozisyonu,10,,Yasal Özkaynak,,"Yabancı Para Pozisyonu (milyon TL), Dönem:2023/7",Yasal Özkaynak,,TL,BDDK Aylık Bülten - Excel
2023-07-01,2023,7,13,Yabancı Para Pozisyonu,10,,Yasal Özkaynak,,Toplam,2181555.18662,2181555.18662,TL,BDDK Aylık Bülten - Excel
2023-07-01,2023,7,13,Yabancı Para Pozisyonu,11,,Yabancı Para Net Genel Pozisyon / Yasal Özkaynak Standart Oranı (Yüzde),,Unnamed: 0,Sektör,,TL,BDDK Aylık Bülten - Excel
2023-07-01,2023,7,13,Yabancı Para Pozisyonu,11,,Yabancı Para Net Genel Pozisyon / Yasal Özkaynak Standart Oranı (Yüzde),,Unnamed: 1,11,11.0,TL,BDDK Aylık Bülten - Excel
2023-07-01,2023,7,13,Yabancı Para Pozisyonu,11,,Yabancı Para Net Genel Pozisyon / Yasal Özkaynak Standart Oranı (Yüzde),,"Yabancı Para Pozisyonu (milyon TL), Dönem:2023/7",Yabancı Para Net Genel Pozisyon / Yasal Özkaynak Standart Oranı (Yüzde),,TL,BDDK Aylık Bülten - Excel
2023-07-01,2023,7,13,Yabancı Para Pozisyonu,11,,Yabancı Para Net Genel Pozisyon / Yasal Özkaynak Standart Oranı (Yüzde),,Toplam,5.69195,5.69195,TL,BDDK Aylık Bülten - Excel
2023-08-01,2023,8,13,Yabancı Para Pozisyonu,1,,Döviz Varlıkları Toplamı,,Unnamed: 0,Sektör,,TL,BDDK Aylık Bülten - Excel
2023-08-01,2023,8,13,Yabancı Para Pozisyonu,1,,Döviz Varlıkları Toplamı,,Unnamed: 1,1,1.0,TL,BDDK Aylık Bülten - Excel
2023-08-01,2023,8,13,Yabancı Para Pozisyonu,1,,Döviz Varlıkları Toplamı,,"Yabancı Para Pozisyonu (milyon TL), Dönem:2023/8",Döviz Varlıkları Toplamı,,TL,BDDK Aylık Bülten - Excel
2023-08-01,2023,8,13,Yabancı Para Pozisyonu,1,,Döviz Varlıkları Toplamı,,Toplam,11561931.23193,11561931.23193,TL,BDDK Aylık Bülten - Excel
2023-08-01,2023,8,13,Yabancı Para Pozisyonu,2,,Bilanço İçi Varlıklar,,Unnamed: 0,Sektör,,TL,BDDK Aylık Bülten - Excel
2023-08-01,2023,8,13,Yabancı Para Pozisyonu,2,,Bilanço İçi Varlıklar,,Unnamed: 1,2,2.0,TL,BDDK Aylık Bülten - Excel
2023-08-01,2023,8,13,Yabancı Para Pozisyonu,2,,Bilanço İçi Varlıklar,,"Yabancı Para Pozisyonu (milyon TL), Dönem:2023/8",Bilanço İçi Varlıklar,,TL,BDDK Aylık Bülten - Excel
2023-08-01,2023,8,13,Yabancı Para Pozisyonu,2,,Bilanço İçi Varlıklar,,Toplam,8265829.55316,8265829.55316,TL,BDDK Aylık Bülten - Excel
2023-08-01,2023,8,13,Yabancı Para Pozisyonu,3,,Dövize Endeksli Varlıklar,,Unnamed: 0,Sektör,,TL,BDDK Aylık Bülten - Excel
2023-08-01,2023,8,13,Yabancı Para Pozisyonu,3,,Dövize Endeksli Varlıklar,,Unnamed: 1,3,3.0,TL,BDDK Aylık Bülten - Excel
2023-08-01,2023,8,13,Yabancı Para Pozisyonu,3,,Dövize Endeksli Varlıklar,,"Yabancı Para Pozisyonu (milyon TL), Dönem:2023/8",Dövize Endeksli Varlıklar,,TL,BDDK Aylık Bülten - Excel
2023-08-01,2023,8,13,Yabancı Para Pozisyonu,3,,Dövize Endeksli Varlıklar,,Toplam,9409.73174,9409.73174,TL,BDDK Aylık Bülten - Excel
2023-08-01,2023,8,13,Yabancı Para Pozisyonu,4,,Bilanço Dışı Varlıklar,,Unnamed: 0,Sektör,,TL,BDDK Aylık Bülten - Excel
2023-08-01,2023,8,13,Yabancı Para Pozisyonu,4,,Bilanço Dışı Varlıklar,,Unnamed: 1,4,4.0,TL,BDDK Aylık Bülten - Excel
2023-08-01,2023,8,13,Yabancı Para Pozisyonu,4,,Bilanço Dışı Varlıklar,,"Yabancı Para Pozisyonu (milyon TL), Dönem:2023/8",Bilanço Dışı Varlıklar,,TL,BDDK Aylık Bülten - Excel
2023-08-01,2023,8,13,Yabancı Para Pozisyonu,4,,Bilanço Dışı Varlıklar,,Toplam,3296101.67877,3296101.67877,TL,BDDK Aylık Bülten - Excel
2023-08-01,2023,8,13,Yabancı Para Pozisyonu,5,,Döviz Yükümlülükleri Toplamı,,Unnamed: 0,Sektör,,TL,BDDK Aylık Bülten - Excel
2023-08-01,2023,8,13,Yabancı Para Pozisyonu,5,,Döviz Yükümlülükleri Toplamı,,Unnamed: 1,5,5.0,TL,BDDK Aylık Bülten - Excel
2023-08-01,2023,8,13,Yabancı Para Pozisyonu,5,,Döviz Yükümlülükleri Toplamı,,"Yabancı Para Pozisyonu (milyon TL), Dönem:2023/8",Döviz Yükümlülükleri Toplamı,,TL,BDDK Aylık Bülten - Excel
2023-08-01,2023,8,13,Yabancı Para Pozisyonu,5,,Döviz Yükümlülükleri Toplamı,,Toplam,11421862.99563,11421862.99563,TL,BDDK Aylık Bülten - Excel
2023-08-01,2023,8,13,Yabancı Para Pozisyonu,6,,Bilanço İçi Yükümlülükler,,Unnamed: 0,Sektör,,TL,BDDK Aylık Bülten - Excel
2023-08-01,2023,8,13,Yabancı Para Pozisyonu,6,,Bilanço İçi Yükümlülükler,,Unnamed: 1,6,6.0,TL,BDDK Aylık Bülten - Excel
2023-08-01,2023,8,13,Yabancı Para Pozisyonu,6,,Bilanço İçi Yükümlülükler,,"Yabancı Para Pozisyonu (milyon TL), Dönem:2023/8",Bilanço İçi Yükümlülükler,,TL,BDDK Aylık Bülten - Excel
2023-08-01,2023,8,13,Yabancı Para Pozisyonu,6,,Bilanço İçi Yükümlülükler,,Toplam,9205337.16398,9205337.16398,TL,BDDK Aylık Bülten - Excel
2023-08-01,2023,8,13,Yabancı Para Pozisyonu,7,,Dövize Endeksli Yükümlülükler,,Unnamed: 0,Sektör,,TL,BDDK Aylık Bülten - Excel
2023-08-01,2023,8,13,Yabancı Para Pozisyonu,7,,Dövize Endeksli Yükümlülükler,,Unnamed: 1,7,7.0,TL,BDDK Aylık Bülten - Excel
2023-08-01,2023,8,13,Yabancı Para Pozisyonu,7,,Dövize Endeksli Yükümlülükler,,"Yabancı Para Pozisyonu (milyon TL), Dönem:2023/8",Dövize Endeksli Yükümlülükler,,TL,BDDK Aylık Bülten - Excel
2023-08-01,2023,8,13,Yabancı Para Pozisyonu,7,,Dövize Endeksli Yükümlülükler,,Toplam,10190.69123,10190.69123,TL,BDDK Aylık Bülten - Excel
2023-08-01,2023,8,13,Yabancı Para Pozisyonu,8,,Bilanço Dışı Yükümlülükler,,Unnamed: 0,Sektör,,TL,BDDK Aylık Bülten - Excel
2023-08-01,2023,8,13,Yabancı Para Pozisyonu,8,,Bilanço Dışı Yükümlülükler,,Unnamed: 1,8,8.0,TL,BDDK Aylık Bülten - Excel
2023-08-01,2023,8,13,Yabancı Para Pozisyonu,8,,Bilanço Dışı Yükümlülükler,,"Yabancı Para Pozisyonu (milyon TL), Dönem:2023/8",Bilanço Dışı Yükümlülükler,,TL,BDDK Aylık Bülten - Excel
2023-08-01,2023,8,13,Yabancı Para Pozisyonu,8,,Bilanço Dışı Yükümlülükler,,Toplam,2216525.83165,2216525.83165,TL,BDDK Aylık Bülten - Excel
2023-08-01,2023,8,13,Yabancı Para Pozisyonu,9,,Yabancı Para Net Genel Pozisyonu,,Unnamed: 0,Sektör,,TL,BDDK Aylık Bülten - Excel
2023-08-01,2023,8,13,Yabancı Para Pozisyonu,9,,Yabancı Para Net Genel Pozisyonu,,Unnamed: 1,9,9.0,TL,BDDK Aylık Bülten - Excel
2023-08-01,2023,8,13,Yabancı Para Pozisyonu,9,,Yabancı Para Net Genel Pozisyonu,,"Yabancı Para Pozisyonu (milyon TL), Dönem:2023/8",Yabancı Para Net Genel Pozisyonu,,TL,BDDK Aylık Bülten - Excel
2023-08-01,2023,8,13,Yabancı Para Pozisyonu,9,,Yabancı Para Net Genel Pozisyonu,,Toplam,140068.2363,140068.2363,TL,BDDK Aylık Bülten - Excel
2023-08-01,2023,8,13,Yabancı Para Pozisyonu,10,,Yasal Özkaynak,,Unnamed: 0,Sektör,,TL,BDDK Aylık Bülten - Excel
2023-08-01,2023,8,13,Yabancı Para Pozisyonu,10,,Yasal Özkaynak,,Unnamed: 1,10,10.0,TL,BDDK Aylık Bülten - Excel
2023-08-01,2023,8,13,Yabancı Para Pozisyonu,10,,Yasal Özkaynak,,"Yabancı Para Pozisyonu (milyon TL), Dönem:2023/8",Yasal Özkaynak,,TL,BDDK Aylık Bülten - Excel
2023-08-01,2023,8,13,Yabancı Para Pozisyonu,10,,Yasal Özkaynak,,Toplam,2276086.92999,2276086.92999,TL,BDDK Aylık Bülten - Excel
2023-08-01,2023,8,13,Yabancı Para Pozisyonu,11,,Yabancı Para Net Genel Pozisyon / Yasal Özkaynak Standart Oranı (Yüzde),,Unnamed: 0,Sektör,,TL,BDDK Aylık Bülten - Excel
2023-08-01,2023,8,13,Yabancı Para Pozisyonu,11,,Yabancı Para Net Genel Pozisyon / Yasal Özkaynak Standart Oranı (Yüzde),,Unnamed: 1,11,11.0,TL,BDDK Aylık Bülten - Excel
2023-08-01,2023,8,13,Yabancı Para Pozisyonu,11,,Yabancı Para Net Genel Pozisyon / Yasal Özkaynak Standart Oranı (Yüzde),,"Yabancı Para Pozisyonu (milyon TL), Dönem:2023/8",Yabancı Para Net Genel Pozisyon / Yasal Özkaynak Standart Oranı (Yüzde),,TL,BDDK Aylık Bülten - Excel
2023-08-01,2023,8,13,Yabancı Para Pozisyonu,11,,Yabancı Para Net Genel Pozisyon / Yasal Özkaynak Standart Oranı (Yüzde),,Toplam,6.153905,6.153905,TL,BDDK Aylık Bülten - Excel
2023-09-01,2023,9,13,Yabancı Para Pozisyonu,1,,Döviz Varlıkları Toplamı,,Unnamed: 0,Sektör,,TL,BDDK Aylık Bülten - Excel
2023-09-01,2023,9,13,Yabancı Para Pozisyonu,1,,Döviz Varlıkları Toplamı,,Unnamed: 1,1,1.0,TL,BDDK Aylık Bülten - Excel
2023-09-01,2023,9,13,Yabancı Para Pozisyonu,1,,Döviz Varlıkları Toplamı,,"Yabancı Para Pozisyonu (milyon TL), Dönem:2023/9",Döviz Varlıkları Toplamı,,TL,BDDK Aylık Bülten - Excel
2023-09-01,2023,9,13,Yabancı Para Pozisyonu,1,,Döviz Varlıkları Toplamı,,Toplam,11724727.35791,11724727.35791,TL,BDDK Aylık Bülten - Excel
2023-09-01,2023,9,13,Yabancı Para Pozisyonu,2,,Bilanço İçi Varlıklar,,Unnamed: 0,Sektör,,TL,BDDK Aylık Bülten - Excel
2023-09-01,2023,9,13,Yabancı Para Pozisyonu,2,,Bilanço İçi Varlıklar,,Unnamed: 1,2,2.0,TL,BDDK Aylık Bülten - Excel
2023-09-01,2023,9,13,Yabancı Para Pozisyonu,2,,Bilanço İçi Varlıklar,,"Yabancı Para Pozisyonu (milyon TL), Dönem:2023/9",Bilanço İçi Varlıklar,,TL,BDDK Aylık Bülten - Excel
2023-09-01,2023,9,13,Yabancı Para Pozisyonu,2,,Bilanço İçi Varlıklar,,Toplam,8249976.98363,8249976.98363,TL,BDDK Aylık Bülten - Excel
2023-09-01,2023,9,13,Yabancı Para Pozisyonu,3,,Dövize Endeksli Varlıklar,,Unnamed: 0,Sektör,,TL,BDDK Aylık Bülten - Excel
2023-09-01,2023,9,13,Yabancı Para Pozisyonu,3,,Dövize Endeksli Varlıklar,,Unnamed: 1,3,3.0,TL,BDDK Aylık Bülten - Excel
2023-09-01,2023,9,13,Yabancı Para Pozisyonu,3,,Dövize Endeksli Varlıklar,,"Yabancı Para Pozisyonu (milyon TL), Dönem:2023/9",Dövize Endeksli Varlıklar,,TL,BDDK Aylık Bülten - Excel
2023-09-01,2023,9,13,Yabancı Para Pozisyonu,3,,Dövize Endeksli Varlıklar,,Toplam,8956.71052,8956.71052,TL,BDDK Aylık Bülten - Excel
2023-09-01,2023,9,13,Yabancı Para Pozisyonu,4,,Bilanço Dışı Varlıklar,,Unnamed: 0,Sektör,,TL,BDDK Aylık Bülten - Excel
2023-09-01,2023,9,13,Yabancı Para Pozisyonu,4,,Bilanço Dışı Varlıklar,,Unnamed: 1,4,4.0,TL,BDDK Aylık Bülten - Excel
2023-09-01,2023,9,13,Yabancı Para Pozisyonu,4,,Bilanço Dışı Varlıklar,,"Yabancı Para Pozisyonu (milyon TL), Dönem:2023/9",Bilanço Dışı Varlıklar,,TL,BDDK Aylık Bülten - Excel
2023-09-01,2023,9,13,Yabancı Para Pozisyonu,4,,Bilanço Dışı Varlıklar,,Toplam,3474750.37428,3474750.37428,TL,BDDK Aylık Bülten - Excel
2023-09-01,2023,9,13,Yabancı Para Pozisyonu,5,,Döviz Yükümlülükleri Toplamı,,Unnamed: 0,Sektör,,TL,BDDK Aylık Bülten - Excel
2023-09-01,2023,9,13,Yabancı Para Pozisyonu,5,,Döviz Yükümlülükleri Toplamı,,Unnamed: 1,5,5.0,TL,BDDK Aylık Bülten - Excel
2023-09-01,2023,9,13,Yabancı Para Pozisyonu,5,,Döviz Yükümlülükleri Toplamı,,"Yabancı Para Pozisyonu (milyon TL), Dönem:2023/9",Döviz Yükümlülükleri Toplamı,,TL,BDDK Aylık Bülten - Excel
2023-09-01,2023,9,13,Yabancı Para Pozisyonu,5,,Döviz Yükümlülükleri Toplamı,,Toplam,11593962.92621,11593962.92621,TL,BDDK Aylık Bülten - Excel
2023-09-01,2023,9,13,Yabancı Para Pozisyonu,6,,Bilanço İçi Yükümlülükler,,Unnamed: 0,Sektör,,TL,BDDK Aylık Bülten - Excel
2023-09-01,2023,9,13,Yabancı Para Pozisyonu,6,,Bilanço İçi Yükümlülükler,,Unnamed: 1,6,6.0,TL,BDDK Aylık Bülten - Excel
2023-09-01,2023,9,13,Yabancı Para Pozisyonu,6,,Bilanço İçi Yükümlülükler,,"Yabancı Para Pozisyonu (milyon TL), Dönem:2023/9",Bilanço İçi Yükümlülükler,,TL,BDDK Aylık Bülten - Excel
2023-09-01,2023,9,13,Yabancı Para Pozisyonu,6,,Bilanço İçi Yükümlülükler,,Toplam,9265197.78237,9265197.78237,TL,BDDK Aylık Bülten - Excel
2023-09-01,2023,9,13,Yabancı Para Pozisyonu,7,,Dövize Endeksli Yükümlülükler,,Unnamed: 0,Sektör,,TL,BDDK Aylık Bülten - Excel
2023-09-01,2023,9,13,Yabancı Para Pozisyonu,7,,Dövize Endeksli Yükümlülükler,,Unnamed: 1,7,7.0,TL,BDDK Aylık Bülten - Excel
2023-09-01,2023,9,13,Yabancı Para Pozisyonu,7,,Dövize Endeksli Yükümlülükler,,"Yabancı Para Pozisyonu (milyon TL), Dönem:2023/9",Dövize Endeksli Yükümlülükler,,TL,BDDK Aylık Bülten - Excel
2023-09-01,2023,9,13,Yabancı Para Pozisyonu,7,,Dövize Endeksli Yükümlülükler,,Toplam,10139.55614,10139.55614,TL,BDDK Aylık Bülten - Excel
2023-09-01,2023,9,13,Yabancı Para Pozisyonu,8,,Bilanço Dışı Yükümlülükler,,Unnamed: 0,Sektör,,TL,BDDK Aylık Bülten - Excel
2023-09-01,2023,9,13,Yabancı Para Pozisyonu,8,,Bilanço Dışı Yükümlülükler,,Unnamed: 1,8,8.0,TL,BDDK Aylık Bülten - Excel
2023-09-01,2023,9,13,Yabancı Para Pozisyonu,8,,Bilanço Dışı Yükümlülükler,,"Yabancı Para Pozisyonu (milyon TL), Dönem:2023/9",Bilanço Dışı Yükümlülükler,,TL,BDDK Aylık Bülten - Excel
2023-09-01,2023,9,13,Yabancı Para Pozisyonu,8,,Bilanço Dışı Yükümlülükler,,Toplam,2328765.14384,2328765.14384,TL,BDDK Aylık Bülten - Excel
2023-09-01,2023,9,13,Yabancı Para Pozisyonu,9,,Yabancı Para Net Genel Pozisyonu,,Unnamed: 0,Sektör,,TL,BDDK Aylık Bülten - Excel
2023-09-01,2023,9,13,Yabancı Para Pozisyonu,9,,Yabancı Para Net Genel Pozisyonu,,Unnamed: 1,9,9.0,TL,BDDK Aylık Bülten - Excel
2023-09-01,2023,9,13,Yabancı Para Pozisyonu,9,,Yabancı Para Net Genel Pozisyonu,,"Yabancı Para Pozisyonu (milyon TL), Dönem:2023/9",Yabancı Para Net Genel Pozisyonu,,TL,BDDK Aylık Bülten - Excel
2023-09-01,2023,9,13,Yabancı Para Pozisyonu,9,,Yabancı Para Net Genel Pozisyonu,,Toplam,130764.4317,130764.4317,TL,BDDK Aylık Bülten - Excel
2023-09-01,2023,9,13,Yabancı Para Pozisyonu,10,,Yasal Özkaynak,,Unnamed: 0,Sektör,,TL,BDDK Aylık Bülten - Excel
2023-09-01,2023,9,13,Yabancı Para Pozisyonu,10,,Yasal Özkaynak,,Unnamed: 1,10,10.0,TL,BDDK Aylık Bülten - Excel
2023-09-01,2023,9,13,Yabancı Para Pozisyonu,10,,Yasal Özkaynak,,"Yabancı Para Pozisyonu (milyon TL), Dönem:2023/9",Yasal Özkaynak,,TL,BDDK Aylık Bülten - Excel
2023-09-01,2023,9,13,Yabancı Para Pozisyonu,10,,Yasal Özkaynak,,Toplam,2338047.98091,2338047.98091,TL,BDDK Aylık Bülten - Excel
2023-09-01,2023,9,13,Yabancı Para Pozisyonu,11,,Yabancı Para Net Genel Pozisyon / Yasal Özkaynak Standart Oranı (Yüzde),,Unnamed: 0,Sektör,,TL,BDDK Aylık Bülten - Excel
2023-09-01,2023,9,13,Yabancı Para Pozisyonu,11,,Yabancı Para Net Genel Pozisyon / Yasal Özkaynak Standart Oranı (Yüzde),,Unnamed: 1,11,11.0,TL,BDDK Aylık Bülten - Excel
2023-09-01,2023,9,13,Yabancı Para Pozisyonu,11,,Yabancı Para Net Genel Pozisyon / Yasal Özkaynak Standart Oranı (Yüzde),,"Yabancı Para Pozisyonu (milyon TL), Dönem:2023/9",Yabancı Para Net Genel Pozisyon / Yasal Özkaynak Standart Oranı (Yüzde),,TL,BDDK Aylık Bülten - Excel
2023-09-01,2023,9,13,Yabancı Para Pozisyonu,11,,Yabancı Para Net Genel Pozisyon / Yasal Özkaynak Standart Oranı (Yüzde),,Toplam,5.592889,5.592889,TL,BDDK Aylık Bülten - Excel
2023-10-01,2023,10,13,Yabancı Para Pozisyonu,1,,Döviz Varlıkları Toplamı,,Unnamed: 0,Sektör,,TL,BDDK Aylık Bülten - Excel
2023-10-01,2023,10,13,Yabancı Para Pozisyonu,1,,Döviz Varlıkları Toplamı,,Unnamed: 1,1,1.0,TL,BDDK Aylık Bülten - Excel
2023-10-01,2023,10,13,Yabancı Para Pozisyonu,1,,Döviz Varlıkları Toplamı,,"Yabancı Para Pozisyonu (milyon TL), Dönem:2023/10",Döviz Varlıkları Toplamı,,TL,BDDK Aylık Bülten - Excel
2023-10-01,2023,10,13,Yabancı Para Pozisyonu,1,,Döviz Varlıkları Toplamı,,Toplam,12313563.24396,12313563.24396,TL,BDDK Aylık Bülten - Excel
2023-10-01,2023,10,13,Yabancı Para Pozisyonu,2,,Bilanço İçi Varlıklar,,Unnamed: 0,Sektör,,TL,BDDK Aylık Bülten - Excel
2023-10-01,2023,10,13,Yabancı Para Pozisyonu,2,,Bilanço İçi Varlıklar,,Unnamed: 1,2,2.0,TL,BDDK Aylık Bülten - Excel
2023-10-01,2023,10,13,Yabancı Para Pozisyonu,2,,Bilanço İçi Varlıklar,,"Yabancı Para Pozisyonu (milyon TL), Dönem:2023/10",Bilanço İçi Varlıklar,,TL,BDDK Aylık Bülten - Excel
2023-10-01,2023,10,13,Yabancı Para Pozisyonu,2,,Bilanço İçi Varlıklar,,Toplam,8537371.66593,8537371.66593,TL,BDDK Aylık Bülten - Excel
2023-10-01,2023,10,13,Yabancı Para Pozisyonu,3,,Dövize Endeksli Varlıklar,,Unnamed: 0,Sektör,,TL,BDDK Aylık Bülten - Excel
2023-10-01,2023,10,13,Yabancı Para Pozisyonu,3,,Dövize Endeksli Varlıklar,,Unnamed: 1,3,3.0,TL,BDDK Aylık Bülten - Excel
2023-10-01,2023,10,13,Yabancı Para Pozisyonu,3,,Dövize Endeksli Varlıklar,,"Yabancı Para Pozisyonu (milyon TL), Dönem:2023/10",Dövize Endeksli Varlıklar,,TL,BDDK Aylık Bülten - Excel
2023-10-01,2023,10,13,Yabancı Para Pozisyonu,3,,Dövize Endeksli Varlıklar,,Toplam,8931.60019,8931.60019,TL,BDDK Aylık Bülten - Excel
2023-10-01,2023,10,13,Yabancı Para Pozisyonu,4,,Bilanço Dışı Varlıklar,,Unnamed: 0,Sektör,,TL,BDDK Aylık Bülten - Excel
2023-10-01,2023,10,13,Yabancı Para Pozisyonu,4,,Bilanço Dışı Varlıklar,,Unnamed: 1,4,4.0,TL,BDDK Aylık Bülten - Excel
2023-10-01,2023,10,13,Yabancı Para Pozisyonu,4,,Bilanço Dışı Varlıklar,,"Yabancı Para Pozisyonu (milyon TL), Dönem:2023/10",Bilanço Dışı Varlıklar,,TL,BDDK Aylık Bülten - Excel
2023-10-01,2023,10,13,Yabancı Para Pozisyonu,4,,Bilanço Dışı Varlıklar,,Toplam,3776191.57803,3776191.57803,TL,BDDK Aylık Bülten - Excel
2023-10-01,2023,10,13,Yabancı Para Pozisyonu,5,,Döviz Yükümlülükleri Toplamı,,Unnamed: 0,Sektör,,TL,BDDK Aylık Bülten - Excel
2023-10-01,2023,10,13,Yabancı Para Pozisyonu,5,,Döviz Yükümlülükleri Toplamı,,Unnamed: 1,5,5.0,TL,BDDK Aylık Bülten - Excel
2023-10-01,2023,10,13,Yabancı Para Pozisyonu,5,,Döviz Yükümlülükleri Toplamı,,"Yabancı Para Pozisyonu (milyon TL), Dönem:2023/10",Döviz Yükümlülükleri Toplamı,,TL,BDDK Aylık Bülten - Excel
2023-10-01,2023,10,13,Yabancı Para Pozisyonu,5,,Döviz Yükümlülükleri Toplamı,,Toplam,12179983.75897,12179983.75897,TL,BDDK Aylık Bülten - Excel
2023-10-01,2023,10,13,Yabancı Para Pozisyonu,6,,Bilanço İçi Yükümlülükler,,Unnamed: 0,Sektör,,TL,BDDK Aylık Bülten - Excel
2023-10-01,2023,10,13,Yabancı Para Pozisyonu,6,,Bilanço İçi Yükümlülükler,,Unnamed: 1,6,6.0,TL,BDDK Aylık Bülten - Excel
2023-10-01,2023,10,13,Yabancı Para Pozisyonu,6,,Bilanço İçi Yükümlülükler,,"Yabancı Para Pozisyonu (milyon TL), Dönem:2023/10",Bilanço İçi Yükümlülükler,,TL,BDDK Aylık Bülten - Excel
2023-10-01,2023,10,13,Yabancı Para Pozisyonu,6,,Bilanço İçi Yükümlülükler,,Toplam,9722660.14697,9722660.14697,TL,BDDK Aylık Bülten - Excel
2023-10-01,2023,10,13,Yabancı Para Pozisyonu,7,,Dövize Endeksli Yükümlülükler,,Unnamed: 0,Sektör,,TL,BDDK Aylık Bülten - Excel
2023-10-01,2023,10,13,Yabancı Para Pozisyonu,7,,Dövize Endeksli Yükümlülükler,,Unnamed: 1,7,7.0,TL,BDDK Aylık Bülten - Excel
2023-10-01,2023,10,13,Yabancı Para Pozisyonu,7,,Dövize Endeksli Yükümlülükler,,"Yabancı Para Pozisyonu (milyon TL), Dönem:2023/10",Dövize Endeksli Yükümlülükler,,TL,BDDK Aylık Bülten - Excel
2023-10-01,2023,10,13,Yabancı Para Pozisyonu,7,,Dövize Endeksli Yükümlülükler,,Toplam,13092.51805,13092.51805,TL,BDDK Aylık Bülten - Excel
2023-10-01,2023,10,13,Yabancı Para Pozisyonu,8,,Bilanço Dışı Yükümlülükler,,Unnamed: 0,Sektör,,TL,BDDK Aylık Bülten - Excel
2023-10-01,2023,10,13,Yabancı Para Pozisyonu,8,,Bilanço Dışı Yükümlülükler,,Unnamed: 1,8,8.0,TL,BDDK Aylık Bülten - Excel
2023-10-01,2023,10,13,Yabancı Para Pozisyonu,8,,Bilanço Dışı Yükümlülükler,,"Yabancı Para Pozisyonu (milyon TL), Dönem:2023/10",Bilanço Dışı Yükümlülükler,,TL,BDDK Aylık Bülten - Excel
2023-10-01,2023,10,13,Yabancı Para Pozisyonu,8,,Bilanço Dışı Yükümlülükler,,Toplam,2457323.612,2457323.612,TL,BDDK Aylık Bülten - Excel
2023-10-01,2023,10,13,Yabancı Para Pozisyonu,9,,Yabancı Para Net Genel Pozisyonu,,Unnamed: 0,Sektör,,TL,BDDK Aylık Bülten - Excel
2023-10-01,2023,10,13,Yabancı Para Pozisyonu,9,,Yabancı Para Net Genel Pozisyonu,,Unnamed: 1,9,9.0,TL,BDDK Aylık Bülten - Excel
2023-10-01,2023,10,13,Yabancı Para Pozisyonu,9,,Yabancı Para Net Genel Pozisyonu,,"Yabancı Para Pozisyonu (milyon TL), Dönem:2023/10",Yabancı Para Net Genel Pozisyonu,,TL,BDDK Aylık Bülten - Excel
2023-10-01,2023,10,13,Yabancı Para Pozisyonu,9,,Yabancı Para Net Genel Pozisyonu,,Toplam,133579.48499,133579.48499,TL,BDDK Aylık Bülten - Excel
2023-10-01,2023,10,13,Yabancı Para Pozisyonu,10,,Yasal Özkaynak,,Unnamed: 0,Sektör,,TL,BDDK Aylık Bülten - Excel
2023-10-01,2023,10,13,Yabancı Para Pozisyonu,10,,Yasal Özkaynak,,Unnamed: 1,10,10.0,TL,BDDK Aylık Bülten - Excel
2023-10-01,2023,10,13,Yabancı Para Pozisyonu,10,,Yasal Özkaynak,,"Yabancı Para Pozisyonu (milyon TL), Dönem:2023/10",Yasal Özkaynak,,TL,BDDK Aylık Bülten - Excel
2023-10-01,2023,10,13,Yabancı Para Pozisyonu,10,,Yasal Özkaynak,,Toplam,2382798.59385,2382798.59385,TL,BDDK Aylık Bülten - Excel
2023-10-01,2023,10,13,Yabancı Para Pozisyonu,11,,Yabancı Para Net Genel Pozisyon / Yasal Özkaynak Standart Oranı (Yüzde),,Unnamed: 0,Sektör,,TL,BDDK Aylık Bülten - Excel
2023-10-01,2023,10,13,Yabancı Para Pozisyonu,11,,Yabancı Para Net Genel Pozisyon / Yasal Özkaynak Standart Oranı (Yüzde),,Unnamed: 1,11,11.0,TL,BDDK Aylık Bülten - Excel
2023-10-01,2023,10,13,Yabancı Para Pozisyonu,11,,Yabancı Para Net Genel Pozisyon / Yasal Özkaynak Standart Oranı (Yüzde),,"Yabancı Para Pozisyonu (milyon TL), Dönem:2023/10",Yabancı Para Net Genel Pozisyon / Yasal Özkaynak Standart Oranı (Yüzde),,TL,BDDK Aylık Bülten - Excel
2023-10-01,2023,10,13,Yabancı Para Pozisyonu,11,,Yabancı Para Net Genel Pozisyon / Yasal Özkaynak Standart Oranı (Yüzde),,Toplam,5.605991,5.605991,TL,BDDK Aylık Bülten - Excel
2023-11-01,2023,11,13,Yabancı Para Pozisyonu,1,,Döviz Varlıkları Toplamı,,Unnamed: 0,Sektör,,TL,BDDK Aylık Bülten - Excel
2023-11-01,2023,11,13,Yabancı Para Pozisyonu,1,,Döviz Varlıkları Toplamı,,Unnamed: 1,1,1.0,TL,BDDK Aylık Bülten - Excel
2023-11-01,2023,11,13,Yabancı Para Pozisyonu,1,,Döviz Varlıkları Toplamı,,"Yabancı Para Pozisyonu (milyon TL), Dönem:2023/11",Döviz Varlıkları Toplamı,,TL,BDDK Aylık Bülten - Excel
2023-11-01,2023,11,13,Yabancı Para Pozisyonu,1,,Döviz Varlıkları Toplamı,,Toplam,12917393.48847,12917393.48847,TL,BDDK Aylık Bülten - Excel
2023-11-01,2023,11,13,Yabancı Para Pozisyonu,2,,Bilanço İçi Varlıklar,,Unnamed: 0,Sektör,,TL,BDDK Aylık Bülten - Excel
2023-11-01,2023,11,13,Yabancı Para Pozisyonu,2,,Bilanço İçi Varlıklar,,Unnamed: 1,2,2.0,TL,BDDK Aylık Bülten - Excel
2023-11-01,2023,11,13,Yabancı Para Pozisyonu,2,,Bilanço İçi Varlıklar,,"Yabancı Para Pozisyonu (milyon TL), Dönem:2023/11",Bilanço İçi Varlıklar,,TL,BDDK Aylık Bülten - Excel
2023-11-01,2023,11,13,Yabancı Para Pozisyonu,2,,Bilanço İçi Varlıklar,,Toplam,8880027.20336,8880027.20336,TL,BDDK Aylık Bülten - Excel
2023-11-01,2023,11,13,Yabancı Para Pozisyonu,3,,Dövize Endeksli Varlıklar,,Unnamed: 0,Sektör,,TL,BDDK Aylık Bülten - Excel
2023-11-01,2023,11,13,Yabancı Para Pozisyonu,3,,Dövize Endeksli Varlıklar,,Unnamed: 1,3,3.0,TL,BDDK Aylık Bülten - Excel
2023-11-01,2023,11,13,Yabancı Para Pozisyonu,3,,Dövize Endeksli Varlıklar,,"Yabancı Para Pozisyonu (milyon TL), Dönem:2023/11",Dövize Endeksli Varlıklar,,TL,BDDK Aylık Bülten - Excel
2023-11-01,2023,11,13,Yabancı Para Pozisyonu,3,,Dövize Endeksli Varlıklar,,Toplam,8946.85378,8946.85378,TL,BDDK Aylık Bülten - Excel
2023-11-01,2023,11,13,Yabancı Para Pozisyonu,4,,Bilanço Dışı Varlıklar,,Unnamed: 0,Sektör,,TL,BDDK Aylık Bülten - Excel
2023-11-01,2023,11,13,Yabancı Para Pozisyonu,4,,Bilanço Dışı Varlıklar,,Unnamed: 1,4,4.0,TL,BDDK Aylık Bülten - Excel
2023-11-01,2023,11,13,Yabancı Para Pozisyonu,4,,Bilanço Dışı Varlıklar,,"Yabancı Para Pozisyonu (milyon TL), Dönem:2023/11",Bilanço Dışı Varlıklar,,TL,BDDK Aylık Bülten - Excel
2023-11-01,2023,11,13,Yabancı Para Pozisyonu,4,,Bilanço Dışı Varlıklar,,Toplam,4037366.28511,4037366.28511,TL,BDDK Aylık Bülten - Excel
2023-11-01,2023,11,13,Yabancı Para Pozisyonu,5,,Döviz Yükümlülükleri Toplamı,,Unnamed: 0,Sektör,,TL,BDDK Aylık Bülten - Excel
2023-11-01,2023,11,13,Yabancı Para Pozisyonu,5,,Döviz Yükümlülükleri Toplamı,,Unnamed: 1,5,5.0,TL,BDDK Aylık Bülten - Excel
2023-11-01,2023,11,13,Yabancı Para Pozisyonu,5,,Döviz Yükümlülükleri Toplamı,,"Yabancı Para Pozisyonu (milyon TL), Dönem:2023/11",Döviz Yükümlülükleri Toplamı,,TL,BDDK Aylık Bülten - Excel
2023-11-01,2023,11,13,Yabancı Para Pozisyonu,5,,Döviz Yükümlülükleri Toplamı,,Toplam,12791789.23885,12791789.23885,TL,BDDK Aylık Bülten - Excel
2023-11-01,2023,11,13,Yabancı Para Pozisyonu,6,,Bilanço İçi Yükümlülükler,,Unnamed: 0,Sektör,,TL,BDDK Aylık Bülten - Excel
2023-11-01,2023,11,13,Yabancı Para Pozisyonu,6,,Bilanço İçi Yükümlülükler,,Unnamed: 1,6,6.0,TL,BDDK Aylık Bülten - Excel
2023-11-01,2023,11,13,Yabancı Para Pozisyonu,6,,Bilanço İçi Yükümlülükler,,"Yabancı Para Pozisyonu (milyon TL), Dönem:2023/11",Bilanço İçi Yükümlülükler,,TL,BDDK Aylık Bülten - Excel
2023-11-01,2023,11,13,Yabancı Para Pozisyonu,6,,Bilanço İçi Yükümlülükler,,Toplam,10131187.5106,10131187.5106,TL,BDDK Aylık Bülten - Excel
2023-11-01,2023,11,13,Yabancı Para Pozisyonu,7,,Dövize Endeksli Yükümlülükler,,Unnamed: 0,Sektör,,TL,BDDK Aylık Bülten - Excel
2023-11-01,2023,11,13,Yabancı Para Pozisyonu,7,,Dövize Endeksli Yükümlülükler,,Unnamed: 1,7,7.0,TL,BDDK Aylık Bülten - Excel
2023-11-01,2023,11,13,Yabancı Para Pozisyonu,7,,Dövize Endeksli Yükümlülükler,,"Yabancı Para Pozisyonu (milyon TL), Dönem:2023/11",Dövize Endeksli Yükümlülükler,,TL,BDDK Aylık Bülten - Excel
2023-11-01,2023,11,13,Yabancı Para Pozisyonu,7,,Dövize Endeksli Yükümlülükler,,Toplam,14752.63165,14752.63165,TL,BDDK Aylık Bülten - Excel
2023-11-01,2023,11,13,Yabancı Para Pozisyonu,8,,Bilanço Dışı Yükümlülükler,,Unnamed: 0,Sektör,,TL,BDDK Aylık Bülten - Excel
2023-11-01,2023,11,13,Yabancı Para Pozisyonu,8,,Bilanço Dışı Yükümlülükler,,Unnamed: 1,8,8.0,TL,BDDK Aylık Bülten - Excel
2023-11-01,2023,11,13,Yabancı Para Pozisyonu,8,,Bilanço Dışı Yükümlülükler,,"Yabancı Para Pozisyonu (milyon TL), Dönem:2023/11",Bilanço Dışı Yükümlülükler,,TL,BDDK Aylık Bülten - Excel
2023-11-01,2023,11,13,Yabancı Para Pozisyonu,8,,Bilanço Dışı Yükümlülükler,,Toplam,2660601.72825,2660601.72825,TL,BDDK Aylık Bülten - Excel
2023-11-01,2023,11,13,Yabancı Para Pozisyonu,9,,Yabancı Para Net Genel Pozisyonu,,Unnamed: 0,Sektör,,TL,BDDK Aylık Bülten - Excel
2023-11-01,2023,11,13,Yabancı Para Pozisyonu,9,,Yabancı Para Net Genel Pozisyonu,,Unnamed: 1,9,9.0,TL,BDDK Aylık Bülten - Excel
2023-11-01,2023,11,13,Yabancı Para Pozisyonu,9,,Yabancı Para Net Genel Pozisyonu,,"Yabancı Para Pozisyonu (milyon TL), Dönem:2023/11",Yabancı Para Net Genel Pozisyonu,,TL,BDDK Aylık Bülten - Excel
2023-11-01,2023,11,13,Yabancı Para Pozisyonu,9,,Yabancı Para Net Genel Pozisyonu,,Toplam,125604.24962,125604.24962,TL,BDDK Aylık Bülten - Excel
2023-11-01,2023,11,13,Yabancı Para Pozisyonu,10,,Yasal Özkaynak,,Unnamed: 0,Sektör,,TL,BDDK Aylık Bülten - Excel
2023-11-01,2023,11,13,Yabancı Para Pozisyonu,10,,Yasal Özkaynak,,Unnamed: 1,10,10.0,TL,BDDK Aylık Bülten - Excel
2023-11-01,2023,11,13,Yabancı Para Pozisyonu,10,,Yasal Özkaynak,,"Yabancı Para Pozisyonu (milyon TL), Dönem:2023/11",Yasal Özkaynak,,TL,BDDK Aylık Bülten - Excel
2023-11-01,2023,11,13,Yabancı Para Pozisyonu,10,,Yasal Özkaynak,,Toplam,2425656.33048,2425656.33048,TL,BDDK Aylık Bülten - Excel
2023-11-01,2023,11,13,Yabancı Para Pozisyonu,11,,Yabancı Para Net Genel Pozisyon / Yasal Özkaynak Standart Oranı (Yüzde),,Unnamed: 0,Sektör,,TL,BDDK Aylık Bülten - Excel
2023-11-01,2023,11,13,Yabancı Para Pozisyonu,11,,Yabancı Para Net Genel Pozisyon / Yasal Özkaynak Standart Oranı (Yüzde),,Unnamed: 1,11,11.0,TL,BDDK Aylık Bülten - Excel
2023-11-01,2023,11,13,Yabancı Para Pozisyonu,11,,Yabancı Para Net Genel Pozisyon / Yasal Özkaynak Standart Oranı (Yüzde),,"Yabancı Para Pozisyonu (milyon TL), Dönem:2023/11",Yabancı Para Net Genel Pozisyon / Yasal Özkaynak Standart Oranı (Yüzde),,TL,BDDK Aylık Bülten - Excel
2023-11-01,2023,11,13,Yabancı Para Pozisyonu,11,,Yabancı Para Net Genel Pozisyon / Yasal Özkaynak Standart Oranı (Yüzde),,Toplam,5.178155,5.178155,TL,BDDK Aylık Bülten - Excel
2023-12-01,2023,12,13,Yabancı Para Pozisyonu,1,,Döviz Varlıkları Toplamı,,Unnamed: 0,Sektör,,TL,BDDK Aylık Bülten - Excel
2023-12-01,2023,12,13,Yabancı Para Pozisyonu,1,,Döviz Varlıkları Toplamı,,Unnamed: 1,1,1.0,TL,BDDK Aylık Bülten - Excel
2023-12-01,2023,12,13,Yabancı Para Pozisyonu,1,,Döviz Varlıkları Toplamı,,"Yabancı Para Pozisyonu (milyon TL), Dönem:2023/12",Döviz Varlıkları Toplamı,,TL,BDDK Aylık Bülten - Excel
2023-12-01,2023,12,13,Yabancı Para Pozisyonu,1,,Döviz Varlıkları Toplamı,,Toplam,13135883.50754,13135883.50754,TL,BDDK Aylık Bülten - Excel
2023-12-01,2023,12,13,Yabancı Para Pozisyonu,2,,Bilanço İçi Varlıklar,,Unnamed: 0,Sektör,,TL,BDDK Aylık Bülten - Excel
2023-12-01,2023,12,13,Yabancı Para Pozisyonu,2,,Bilanço İçi Varlıklar,,Unnamed: 1,2,2.0,TL,BDDK Aylık Bülten - Excel
2023-12-01,2023,12,13,Yabancı Para Pozisyonu,2,,Bilanço İçi Varlıklar,,"Yabancı Para Pozisyonu (milyon TL), Dönem:2023/12",Bilanço İçi Varlıklar,,TL,BDDK Aylık Bülten - Excel
2023-12-01,2023,12,13,Yabancı Para Pozisyonu,2,,Bilanço İçi Varlıklar,,Toplam,9150778.6541,9150778.6541,TL,BDDK Aylık Bülten - Excel
2023-12-01,2023,12,13,Yabancı Para Pozisyonu,3,,Dövize Endeksli Varlıklar,,Unnamed: 0,Sektör,,TL,BDDK Aylık Bülten - Excel
2023-12-01,2023,12,13,Yabancı Para Pozisyonu,3,,Dövize Endeksli Varlıklar,,Unnamed: 1,3,3.0,TL,BDDK Aylık Bülten - Excel
2023-12-01,2023,12,13,Yabancı Para Pozisyonu,3,,Dövize Endeksli Varlıklar,,"Yabancı Para Pozisyonu (milyon TL), Dönem:2023/12",Dövize Endeksli Varlıklar,,TL,BDDK Aylık Bülten - Excel
2023-12-01,2023,12,13,Yabancı Para Pozisyonu,3,,Dövize Endeksli Varlıklar,,Toplam,8748.91936,8748.91936,TL,BDDK Aylık Bülten - Excel
2023-12-01,2023,12,13,Yabancı Para Pozisyonu,4,,Bilanço Dışı Varlıklar,,Unnamed: 0,Sektör,,TL,BDDK Aylık Bülten - Excel
2023-12-01,2023,12,13,Yabancı Para Pozisyonu,4,,Bilanço Dışı Varlıklar,,Unnamed: 1,4,4.0,TL,BDDK Aylık Bülten - Excel
2023-12-01,2023,12,13,Yabancı Para Pozisyonu,4,,Bilanço Dışı Varlıklar,,"Yabancı Para Pozisyonu (milyon TL), Dönem:2023/12",Bilanço Dışı Varlıklar,,TL,BDDK Aylık Bülten - Excel
2023-12-01,2023,12,13,Yabancı Para Pozisyonu,4,,Bilanço Dışı Varlıklar,,Toplam,3985104.85344,3985104.85344,TL,BDDK Aylık Bülten - Excel
2023-12-01,2023,12,13,Yabancı Para Pozisyonu,5,,Döviz Yükümlülükleri Toplamı,,Unnamed: 0,Sektör,,TL,BDDK Aylık Bülten - Excel
2023-12-01,2023,12,13,Yabancı Para Pozisyonu,5,,Döviz Yükümlülükleri Toplamı,,Unnamed: 1,5,5.0,TL,BDDK Aylık Bülten - Excel
2023-12-01,2023,12,13,Yabancı Para Pozisyonu,5,,Döviz Yükümlülükleri Toplamı,,"Yabancı Para Pozisyonu (milyon TL), Dönem:2023/12",Döviz Yükümlülükleri Toplamı,,TL,BDDK Aylık Bülten - Excel
2023-12-01,2023,12,13,Yabancı Para Pozisyonu,5,,Döviz Yükümlülükleri Toplamı,,Toplam,13041646.50556,13041646.50556,TL,BDDK Aylık Bülten - Excel
2023-12-01,2023,12,13,Yabancı Para Pozisyonu,6,,Bilanço İçi Yükümlülükler,,Unnamed: 0,Sektör,,TL,BDDK Aylık Bülten - Excel
2023-12-01,2023,12,13,Yabancı Para Pozisyonu,6,,Bilanço İçi Yükümlülükler,,Unnamed: 1,6,6.0,TL,BDDK Aylık Bülten - Excel
2023-12-01,2023,12,13,Yabancı Para Pozisyonu,6,,Bilanço İçi Yükümlülükler,,"Yabancı Para Pozisyonu (milyon TL), Dönem:2023/12",Bilanço İçi Yükümlülükler,,TL,BDDK Aylık Bülten - Excel
2023-12-01,2023,12,13,Yabancı Para Pozisyonu,6,,Bilanço İçi Yükümlülükler,,Toplam,10345571.14372,10345571.14372,TL,BDDK Aylık Bülten - Excel
2023-12-01,2023,12,13,Yabancı Para Pozisyonu,7,,Dövize Endeksli Yükümlülükler,,Unnamed: 0,Sektör,,TL,BDDK Aylık Bülten - Excel
2023-12-01,2023,12,13,Yabancı Para Pozisyonu,7,,Dövize Endeksli Yükümlülükler,,Unnamed: 1,7,7.0,TL,BDDK Aylık Bülten - Excel
2023-12-01,2023,12,13,Yabancı Para Pozisyonu,7,,Dövize Endeksli Yükümlülükler,,"Yabancı Para Pozisyonu (milyon TL), Dönem:2023/12",Dövize Endeksli Yükümlülükler,,TL,BDDK Aylık Bülten - Excel
2023-12-01,2023,12,13,Yabancı Para Pozisyonu,7,,Dövize Endeksli Yükümlülükler,,Toplam,15541.26724,15541.26724,TL,BDDK Aylık Bülten - Excel
2023-12-01,2023,12,13,Yabancı Para Pozisyonu,8,,Bilanço Dışı Yükümlülükler,,Unnamed: 0,Sektör,,TL,BDDK Aylık Bülten - Excel
2023-12-01,2023,12,13,Yabancı Para Pozisyonu,8,,Bilanço Dışı Yükümlülükler,,Unnamed: 1,8,8.0,TL,BDDK Aylık Bülten - Excel
2023-12-01,2023,12,13,Yabancı Para Pozisyonu,8,,Bilanço Dışı Yükümlülükler,,"Yabancı Para Pozisyonu (milyon TL), Dönem:2023/12",Bilanço Dışı Yükümlülükler,,TL,BDDK Aylık Bülten - Excel
2023-12-01,2023,12,13,Yabancı Para Pozisyonu,8,,Bilanço Dışı Yükümlülükler,,Toplam,2696075.36184,2696075.36184,TL,BDDK Aylık Bülten - Excel
2023-12-01,2023,12,13,Yabancı Para Pozisyonu,9,,Yabancı Para Net Genel Pozisyonu,,Unnamed: 0,Sektör,,TL,BDDK Aylık Bülten - Excel
2023-12-01,2023,12,13,Yabancı Para Pozisyonu,9,,Yabancı Para Net Genel Pozisyonu,,Unnamed: 1,9,9.0,TL,BDDK Aylık Bülten - Excel
2023-12-01,2023,12,13,Yabancı Para Pozisyonu,9,,Yabancı Para Net Genel Pozisyonu,,"Yabancı Para Pozisyonu (milyon TL), Dönem:2023/12",Yabancı Para Net Genel Pozisyonu,,TL,BDDK Aylık Bülten - Excel
2023-12-01,2023,12,13,Yabancı Para Pozisyonu,9,,Yabancı Para Net Genel Pozisyonu,,Toplam,94237.00198,94237.00198,TL,BDDK Aylık Bülten - Excel
2023-12-01,2023,12,13,Yabancı Para Pozisyonu,10,,Yasal Özkaynak,,Unnamed: 0,Sektör,,TL,BDDK Aylık Bülten - Excel
2023-12-01,2023,12,13,Yabancı Para Pozisyonu,10,,Yasal Özkaynak,,Unnamed: 1,10,10.0,TL,BDDK Aylık Bülten - Excel
2023-12-01,2023,12,13,Yabancı Para Pozisyonu,10,,Yasal Özkaynak,,"Yabancı Para Pozisyonu (milyon TL), Dönem:2023/12",Yasal Özkaynak,,TL,BDDK Aylık Bülten - Excel
2023-12-01,2023,12,13,Yabancı Para Pozisyonu,10,,Yasal Özkaynak,,Toplam,2540738.97863,2540738.97863,TL,BDDK Aylık Bülten - Excel
2023-12-01,2023,12,13,Yabancı Para Pozisyonu,11,,Yabancı Para Net Genel Pozisyon / Yasal Özkaynak Standart Oranı (Yüzde),,Unnamed: 0,Sektör,,TL,BDDK Aylık Bülten - Excel
2023-12-01,2023,12,13,Yabancı Para Pozisyonu,11,,Yabancı Para Net Genel Pozisyon / Yasal Özkaynak Standart Oranı (Yüzde),,Unnamed: 1,11,11.0,TL,BDDK Aylık Bülten - Excel
2023-12-01,2023,12,13,Yabancı Para Pozisyonu,11,,Yabancı Para Net Genel Pozisyon / Yasal Özkaynak Standart Oranı (Yüzde),,"Yabancı Para Pozisyonu (milyon TL), Dönem:2023/12",Yabancı Para Net Genel Pozisyon / Yasal Özkaynak Standart Oranı (Yüzde),,TL,BDDK Aylık Bülten - Excel
2023-12-01,2023,12,13,Yabancı Para Pozisyonu,11,,Yabancı Para Net Genel Pozisyon / Yasal Özkaynak Standart Oranı (Yüzde),,Toplam,3.709039,3.709039,TL,BDDK Aylık Bülten - Excel
2024-01-01,2024,1,13,Yabancı Para Pozisyonu,1,,Döviz Varlıkları Toplamı,,Unnamed: 0,Sektör,,TL,BDDK Aylık Bülten - Excel
2024-01-01,2024,1,13,Yabancı Para Pozisyonu,1,,Döviz Varlıkları Toplamı,,Unnamed: 1,1,1.0,TL,BDDK Aylık Bülten - Excel
2024-01-01,2024,1,13,Yabancı Para Pozisyonu,1,,Döviz Varlıkları Toplamı,,"Yabancı Para Pozisyonu (milyon TL), Dönem:2024/1",Döviz Varlıkları Toplamı,,TL,BDDK Aylık Bülten - Excel
2024-01-01,2024,1,13,Yabancı Para Pozisyonu,1,,Döviz Varlıkları Toplamı,,Toplam,13613320.41179,13613320.41179,TL,BDDK Aylık Bülten - Excel
2024-01-01,2024,1,13,Yabancı Para Pozisyonu,2,,Bilanço İçi Varlıklar,,Unnamed: 0,Sektör,,TL,BDDK Aylık Bülten - Excel
2024-01-01,2024,1,13,Yabancı Para Pozisyonu,2,,Bilanço İçi Varlıklar,,Unnamed: 1,2,2.0,TL,BDDK Aylık Bülten - Excel
2024-01-01,2024,1,13,Yabancı Para Pozisyonu,2,,Bilanço İçi Varlıklar,,"Yabancı Para Pozisyonu (milyon TL), Dönem:2024/1",Bilanço İçi Varlıklar,,TL,BDDK Aylık Bülten - Excel
2024-01-01,2024,1,13,Yabancı Para Pozisyonu,2,,Bilanço İçi Varlıklar,,Toplam,9397358.62225,9397358.62225,TL,BDDK Aylık Bülten - Excel
2024-01-01,2024,1,13,Yabancı Para Pozisyonu,3,,Dövize Endeksli Varlıklar,,Unnamed: 0,Sektör,,TL,BDDK Aylık Bülten - Excel
2024-01-01,2024,1,13,Yabancı Para Pozisyonu,3,,Dövize Endeksli Varlıklar,,Unnamed: 1,3,3.0,TL,BDDK Aylık Bülten - Excel
2024-01-01,2024,1,13,Yabancı Para Pozisyonu,3,,Dövize Endeksli Varlıklar,,"Yabancı Para Pozisyonu (milyon TL), Dönem:2024/1",Dövize Endeksli Varlıklar,,TL,BDDK Aylık Bülten - Excel
2024-01-01,2024,1,13,Yabancı Para Pozisyonu,3,,Dövize Endeksli Varlıklar,,Toplam,8661.28971,8661.28971,TL,BDDK Aylık Bülten - Excel
2024-01-01,2024,1,13,Yabancı Para Pozisyonu,4,,Bilanço Dışı Varlıklar,,Unnamed: 0,Sektör,,TL,BDDK Aylık Bülten - Excel
2024-01-01,2024,1,13,Yabancı Para Pozisyonu,4,,Bilanço Dışı Varlıklar,,Unnamed: 1,4,4.0,TL,BDDK Aylık Bülten - Excel
2024-01-01,2024,1,13,Yabancı Para Pozisyonu,4,,Bilanço Dışı Varlıklar,,"Yabancı Para Pozisyonu (milyon TL), Dönem:2024/1",Bilanço Dışı Varlıklar,,TL,BDDK Aylık Bülten - Excel
2024-01-01,2024,1,13,Yabancı Para Pozisyonu,4,,Bilanço Dışı Varlıklar,,Toplam,4215961.78954,4215961.78954,TL,BDDK Aylık Bülten - Excel
2024-01-01,2024,1,13,Yabancı Para Pozisyonu,5,,Döviz Yükümlülükleri Toplamı,,Unnamed: 0,Sektör,,TL,BDDK Aylık Bülten - Excel
2024-01-01,2024,1,13,Yabancı Para Pozisyonu,5,,Döviz Yükümlülükleri Toplamı,,Unnamed: 1,5,5.0,TL,BDDK Aylık Bülten - Excel
2024-01-01,2024,1,13,Yabancı Para Pozisyonu,5,,Döviz Yükümlülükleri Toplamı,,"Yabancı Para Pozisyonu (milyon TL), Dönem:2024/1",Döviz Yükümlülükleri Toplamı,,TL,BDDK Aylık Bülten - Excel
2024-01-01,2024,1,13,Yabancı Para Pozisyonu,5,,Döviz Yükümlülükleri Toplamı,,Toplam,13507717.8789,13507717.8789,TL,BDDK Aylık Bülten - Excel
2024-01-01,2024,1,13,Yabancı Para Pozisyonu,6,,Bilanço İçi Yükümlülükler,,Unnamed: 0,Sektör,,TL,BDDK Aylık Bülten - Excel
2024-01-01,2024,1,13,Yabancı Para Pozisyonu,6,,Bilanço İçi Yükümlülükler,,Unnamed: 1,6,6.0,TL,BDDK Aylık Bülten - Excel
2024-01-01,2024,1,13,Yabancı Para Pozisyonu,6,,Bilanço İçi Yükümlülükler,,"Yabancı Para Pozisyonu (milyon TL), Dönem:2024/1",Bilanço İçi Yükümlülükler,,TL,BDDK Aylık Bülten - Excel
2024-01-01,2024,1,13,Yabancı Para Pozisyonu,6,,Bilanço İçi Yükümlülükler,,Toplam,10684578.12935,10684578.12935,TL,BDDK Aylık Bülten - Excel
2024-01-01,2024,1,13,Yabancı Para Pozisyonu,7,,Dövize Endeksli Yükümlülükler,,Unnamed: 0,Sektör,,TL,BDDK Aylık Bülten - Excel
2024-01-01,2024,1,13,Yabancı Para Pozisyonu,7,,Dövize Endeksli Yükümlülükler,,Unnamed: 1,7,7.0,TL,BDDK Aylık Bülten - Excel
2024-01-01,2024,1,13,Yabancı Para Pozisyonu,7,,Dövize Endeksli Yükümlülükler,,"Yabancı Para Pozisyonu (milyon TL), Dönem:2024/1",Dövize Endeksli Yükümlülükler,,TL,BDDK Aylık Bülten - Excel
2024-01-01,2024,1,13,Yabancı Para Pozisyonu,7,,Dövize Endeksli Yükümlülükler,,Toplam,15794.9758,15794.9758,TL,BDDK Aylık Bülten - Excel
2024-01-01,2024,1,13,Yabancı Para Pozisyonu,8,,Bilanço Dışı Yükümlülükler,,Unnamed: 0,Sektör,,TL,BDDK Aylık Bülten - Excel
2024-01-01,2024,1,13,Yabancı Para Pozisyonu,8,,Bilanço Dışı Yükümlülükler,,Unnamed: 1,8,8.0,TL,BDDK Aylık Bülten - Excel
2024-01-01,2024,1,13,Yabancı Para Pozisyonu,8,,Bilanço Dışı Yükümlülükler,,"Yabancı Para Pozisyonu (milyon TL), Dönem:2024/1",Bilanço Dışı Yükümlülükler,,TL,BDDK Aylık Bülten - Excel
2024-01-01,2024,1,13,Yabancı Para Pozisyonu,8,,Bilanço Dışı Yükümlülükler,,Toplam,2823139.74955,2823139.74955,TL,BDDK Aylık Bülten - Excel
2024-01-01,2024,1,13,Yabancı Para Pozisyonu,9,,Yabancı Para Net Genel Pozisyonu,,Unnamed: 0,Sektör,,TL,BDDK Aylık Bülten - Excel
2024-01-01,2024,1,13,Yabancı Para Pozisyonu,9,,Yabancı Para Net Genel Pozisyonu,,Unnamed: 1,9,9.0,TL,BDDK Aylık Bülten - Excel
2024-01-01,2024,1,13,Yabancı Para Pozisyonu,9,,Yabancı Para Net Genel Pozisyonu,,"Yabancı Para Pozisyonu (milyon TL), Dönem:2024/1",Yabancı Para Net Genel Pozisyonu,,TL,BDDK Aylık Bülten - Excel
2024-01-01,2024,1,13,Yabancı Para Pozisyonu,9,,Yabancı Para Net Genel Pozisyonu,,Toplam,105602.53289,105602.53289,TL,BDDK Aylık Bülten - Excel
2024-01-01,2024,1,13,Yabancı Para Pozisyonu,10,,Yasal Özkaynak,,Unnamed: 0,Sektör,,TL,BDDK Aylık Bülten - Excel
2024-01-01,2024,1,13,Yabancı Para Pozisyonu,10,,Yasal Özkaynak,,Unnamed: 1,10,10.0,TL,BDDK Aylık Bülten - Excel
2024-01-01,2024,1,13,Yabancı Para Pozisyonu,10,,Yasal Özkaynak,,"Yabancı Para Pozisyonu (milyon TL), Dönem:2024/1",Yasal Özkaynak,,TL,BDDK Aylık Bülten - Excel
2024-01-01,2024,1,13,Yabancı Para Pozisyonu,10,,Yasal Özkaynak,,Toplam,2664892.86553,2664892.86553,TL,BDDK Aylık Bülten - Excel
2024-01-01,2024,1,13,Yabancı Para Pozisyonu,11,,Yabancı Para Net Genel Pozisyon / Yasal Özkaynak Standart Oranı (Yüzde),,Unnamed: 0,Sektör,,TL,BDDK Aylık Bülten - Excel
2024-01-01,2024,1,13,Yabancı Para Pozisyonu,11,,Yabancı Para Net Genel Pozisyon / Yasal Özkaynak Standart Oranı (Yüzde),,Unnamed: 1,11,11.0,TL,BDDK Aylık Bülten - Excel
2024-01-01,2024,1,13,Yabancı Para Pozisyonu,11,,Yabancı Para Net Genel Pozisyon / Yasal Özkaynak Standart Oranı (Yüzde),,"Yabancı Para Pozisyonu (milyon TL), Dönem:2024/1",Yabancı Para Net Genel Pozisyon / Yasal Özkaynak Standart Oranı (Yüzde),,TL,BDDK Aylık Bülten - Excel
2024-01-01,2024,1,13,Yabancı Para Pozisyonu,11,,Yabancı Para Net Genel Pozisyon / Yasal Özkaynak Standart Oranı (Yüzde),,Toplam,3.96273,3.96273,TL,BDDK Aylık Bülten - Excel
2024-02-01,2024,2,13,Yabancı Para Pozisyonu,1,,Döviz Varlıkları Toplamı,,Unnamed: 0,Sektör,,TL,BDDK Aylık Bülten - Excel
2024-02-01,2024,2,13,Yabancı Para Pozisyonu,1,,Döviz Varlıkları Toplamı,,Unnamed: 1,1,1.0,TL,BDDK Aylık Bülten - Excel
2024-02-01,2024,2,13,Yabancı Para Pozisyonu,1,,Döviz Varlıkları Toplamı,,"Yabancı Para Pozisyonu (milyon TL), Dönem:2024/2",Döviz Varlıkları Toplamı,,TL,BDDK Aylık Bülten - Excel
2024-02-01,2024,2,13,Yabancı Para Pozisyonu,1,,Döviz Varlıkları Toplamı,,Toplam,14258638.34505,14258638.34505,TL,BDDK Aylık Bülten - Excel
2024-02-01,2024,2,13,Yabancı Para Pozisyonu,2,,Bilanço İçi Varlıklar,,Unnamed: 0,Sektör,,TL,BDDK Aylık Bülten - Excel
2024-02-01,2024,2,13,Yabancı Para Pozisyonu,2,,Bilanço İçi Varlıklar,,Unnamed: 1,2,2.0,TL,BDDK Aylık Bülten - Excel
2024-02-01,2024,2,13,Yabancı Para Pozisyonu,2,,Bilanço İçi Varlıklar,,"Yabancı Para Pozisyonu (milyon TL), Dönem:2024/2",Bilanço İçi Varlıklar,,TL,BDDK Aylık Bülten - Excel
2024-02-01,2024,2,13,Yabancı Para Pozisyonu,2,,Bilanço İçi Varlıklar,,Toplam,9900192.3471,9900192.3471,TL,BDDK Aylık Bülten - Excel
2024-02-01,2024,2,13,Yabancı Para Pozisyonu,3,,Dövize Endeksli Varlıklar,,Unnamed: 0,Sektör,,TL,BDDK Aylık Bülten - Excel
2024-02-01,2024,2,13,Yabancı Para Pozisyonu,3,,Dövize Endeksli Varlıklar,,Unnamed: 1,3,3.0,TL,BDDK Aylık Bülten - Excel
2024-02-01,2024,2,13,Yabancı Para Pozisyonu,3,,Dövize Endeksli Varlıklar,,"Yabancı Para Pozisyonu (milyon TL), Dönem:2024/2",Dövize Endeksli Varlıklar,,TL,BDDK Aylık Bülten - Excel
2024-02-01,2024,2,13,Yabancı Para Pozisyonu,3,,Dövize Endeksli Varlıklar,,Toplam,8730.29017,8730.29017,TL,BDDK Aylık Bülten - Excel
2024-02-01,2024,2,13,Yabancı Para Pozisyonu,4,,Bilanço Dışı Varlıklar,,Unnamed: 0,Sektör,,TL,BDDK Aylık Bülten - Excel
2024-02-01,2024,2,13,Yabancı Para Pozisyonu,4,,Bilanço Dışı Varlıklar,,Unnamed: 1,4,4.0,TL,BDDK Aylık Bülten - Excel
2024-02-01,2024,2,13,Yabancı Para Pozisyonu,4,,Bilanço Dışı Varlıklar,,"Yabancı Para Pozisyonu (milyon TL), Dönem:2024/2",Bilanço Dışı Varlıklar,,TL,BDDK Aylık Bülten - Excel
2024-02-01,2024,2,13,Yabancı Para Pozisyonu,4,,Bilanço Dışı Varlıklar,,Toplam,4358445.99795,4358445.99795,TL,BDDK Aylık Bülten - Excel
2024-02-01,2024,2,13,Yabancı Para Pozisyonu,5,,Döviz Yükümlülükleri Toplamı,,Unnamed: 0,Sektör,,TL,BDDK Aylık Bülten - Excel
2024-02-01,2024,2,13,Yabancı Para Pozisyonu,5,,Döviz Yükümlülükleri Toplamı,,Unnamed: 1,5,5.0,TL,BDDK Aylık Bülten - Excel
2024-02-01,2024,2,13,Yabancı Para Pozisyonu,5,,Döviz Yükümlülükleri Toplamı,,"Yabancı Para Pozisyonu (milyon TL), Dönem:2024/2",Döviz Yükümlülükleri Toplamı,,TL,BDDK Aylık Bülten - Excel
2024-02-01,2024,2,13,Yabancı Para Pozisyonu,5,,Döviz Yükümlülükleri Toplamı,,Toplam,14147603.05914,14147603.05914,TL,BDDK Aylık Bülten - Excel
2024-02-01,2024,2,13,Yabancı Para Pozisyonu,6,,Bilanço İçi Yükümlülükler,,Unnamed: 0,Sektör,,TL,BDDK Aylık Bülten - Excel
2024-02-01,2024,2,13,Yabancı Para Pozisyonu,6,,Bilanço İçi Yükümlülükler,,Unnamed: 1,6,6.0,TL,BDDK Aylık Bülten - Excel
2024-02-01,2024,2,13,Yabancı Para Pozisyonu,6,,Bilanço İçi Yükümlülükler,,"Yabancı Para Pozisyonu (milyon TL), Dönem:2024/2",Bilanço İçi Yükümlülükler,,TL,BDDK Aylık Bülten - Excel
2024-02-01,2024,2,13,Yabancı Para Pozisyonu,6,,Bilanço İçi Yükümlülükler,,Toplam,11094579.97675,11094579.97675,TL,BDDK Aylık Bülten - Excel
2024-02-01,2024,2,13,Yabancı Para Pozisyonu,7,,Dövize Endeksli Yükümlülükler,,Unnamed: 0,Sektör,,TL,BDDK Aylık Bülten - Excel
2024-02-01,2024,2,13,Yabancı Para Pozisyonu,7,,Dövize Endeksli Yükümlülükler,,Unnamed: 1,7,7.0,TL,BDDK Aylık Bülten - Excel
2024-02-01,2024,2,13,Yabancı Para Pozisyonu,7,,Dövize Endeksli Yükümlülükler,,"Yabancı Para Pozisyonu (milyon TL), Dönem:2024/2",Dövize Endeksli Yükümlülükler,,TL,BDDK Aylık Bülten - Excel
2024-02-01,2024,2,13,Yabancı Para Pozisyonu,7,,Dövize Endeksli Yükümlülükler,,Toplam,16885.25527,16885.25527,TL,BDDK Aylık Bülten - Excel
2024-02-01,2024,2,13,Yabancı Para Pozisyonu,8,,Bilanço Dışı Yükümlülükler,,Unnamed: 0,Sektör,,TL,BDDK Aylık Bülten - Excel
2024-02-01,2024,2,13,Yabancı Para Pozisyonu,8,,Bilanço Dışı Yükümlülükler,,Unnamed: 1,8,8.0,TL,BDDK Aylık Bülten - Excel
2024-02-01,2024,2,13,Yabancı Para Pozisyonu,8,,Bilanço Dışı Yükümlülükler,,"Yabancı Para Pozisyonu (milyon TL), Dönem:2024/2",Bilanço Dışı Yükümlülükler,,TL,BDDK Aylık Bülten - Excel
2024-02-01,2024,2,13,Yabancı Para Pozisyonu,8,,Bilanço Dışı Yükümlülükler,,Toplam,3053023.08239,3053023.08239,TL,BDDK Aylık Bülten - Excel
2024-02-01,2024,2,13,Yabancı Para Pozisyonu,9,,Yabancı Para Net Genel Pozisyonu,,Unnamed: 0,Sektör,,TL,BDDK Aylık Bülten - Excel
2024-02-01,2024,2,13,Yabancı Para Pozisyonu,9,,Yabancı Para Net Genel Pozisyonu,,Unnamed: 1,9,9.0,TL,BDDK Aylık Bülten - Excel
2024-02-01,2024,2,13,Yabancı Para Pozisyonu,9,,Yabancı Para Net Genel Pozisyonu,,"Yabancı Para Pozisyonu (milyon TL), Dönem:2024/2",Yabancı Para Net Genel Pozisyonu,,TL,BDDK Aylık Bülten - Excel
2024-02-01,2024,2,13,Yabancı Para Pozisyonu,9,,Yabancı Para Net Genel Pozisyonu,,Toplam,111035.28591,111035.28591,TL,BDDK Aylık Bülten - Excel
2024-02-01,2024,2,13,Yabancı Para Pozisyonu,10,,Yasal Özkaynak,,Unnamed: 0,Sektör,,TL,BDDK Aylık Bülten - Excel
2024-02-01,2024,2,13,Yabancı Para Pozisyonu,10,,Yasal Özkaynak,,Unnamed: 1,10,10.0,TL,BDDK Aylık Bülten - Excel
2024-02-01,2024,2,13,Yabancı Para Pozisyonu,10,,Yasal Özkaynak,,"Yabancı Para Pozisyonu (milyon TL), Dönem:2024/2",Yasal Özkaynak,,TL,BDDK Aylık Bülten - Excel
2024-02-01,2024,2,13,Yabancı Para Pozisyonu,10,,Yasal Özkaynak,,Toplam,2698610.72922,2698610.72922,TL,BDDK Aylık Bülten - Excel
2024-02-01,2024,2,13,Yabancı Para Pozisyonu,11,,Yabancı Para Net Genel Pozisyon / Yasal Özkaynak Standart Oranı (Yüzde),,Unnamed: 0,Sektör,,TL,BDDK Aylık Bülten - Excel
2024-02-01,2024,2,13,Yabancı Para Pozisyonu,11,,Yabancı Para Net Genel Pozisyon / Yasal Özkaynak Standart Oranı (Yüzde),,Unnamed: 1,11,11.0,TL,BDDK Aylık Bülten - Excel
2024-02-01,2024,2,13,Yabancı Para Pozisyonu,11,,Yabancı Para Net Genel Pozisyon / Yasal Özkaynak Standart Oranı (Yüzde),,"Yabancı Para Pozisyonu (milyon TL), Dönem:2024/2",Yabancı Para Net Genel Pozisyon / Yasal Özkaynak Standart Oranı (Yüzde),,TL,BDDK Aylık Bülten - Excel
2024-02-01,2024,2,13,Yabancı Para Pozisyonu,11,,Yabancı Para Net Genel Pozisyon / Yasal Özkaynak Standart Oranı (Yüzde),,Toplam,4.114535,4.114535,TL,BDDK Aylık Bülten - Excel
2024-03-01,2024,3,13,Yabancı Para Pozisyonu,1,,Döviz Varlıkları Toplamı,,Unnamed: 0,Sektör,,TL,BDDK Aylık Bülten - Excel
2024-03-01,2024,3,13,Yabancı Para Pozisyonu,1,,Döviz Varlıkları Toplamı,,Unnamed: 1,1,1.0,TL,BDDK Aylık Bülten - Excel
2024-03-01,2024,3,13,Yabancı Para Pozisyonu,1,,Döviz Varlıkları Toplamı,,"Yabancı Para Pozisyonu (milyon TL), Dönem:2024/3",Döviz Varlıkları Toplamı,,TL,BDDK Aylık Bülten - Excel
2024-03-01,2024,3,13,Yabancı Para Pozisyonu,1,,Döviz Varlıkları Toplamı,,Toplam,15298376.52904,15298376.52904,TL,BDDK Aylık Bülten - Excel
2024-03-01,2024,3,13,Yabancı Para Pozisyonu,2,,Bilanço İçi Varlıklar,,Unnamed: 0,Sektör,,TL,BDDK Aylık Bülten - Excel
2024-03-01,2024,3,13,Yabancı Para Pozisyonu,2,,Bilanço İçi Varlıklar,,Unnamed: 1,2,2.0,TL,BDDK Aylık Bülten - Excel
2024-03-01,2024,3,13,Yabancı Para Pozisyonu,2,,Bilanço İçi Varlıklar,,"Yabancı Para Pozisyonu (milyon TL), Dönem:2024/3",Bilanço İçi Varlıklar,,TL,BDDK Aylık Bülten - Excel
2024-03-01,2024,3,13,Yabancı Para Pozisyonu,2,,Bilanço İçi Varlıklar,,Toplam,10174706.49803,10174706.49803,TL,BDDK Aylık Bülten - Excel
2024-03-01,2024,3,13,Yabancı Para Pozisyonu,3,,Dövize Endeksli Varlıklar,,Unnamed: 0,Sektör,,TL,BDDK Aylık Bülten - Excel
2024-03-01,2024,3,13,Yabancı Para Pozisyonu,3,,Dövize Endeksli Varlıklar,,Unnamed: 1,3,3.0,TL,BDDK Aylık Bülten - Excel
2024-03-01,2024,3,13,Yabancı Para Pozisyonu,3,,Dövize Endeksli Varlıklar,,"Yabancı Para Pozisyonu (milyon TL), Dönem:2024/3",Dövize Endeksli Varlıklar,,TL,BDDK Aylık Bülten - Excel
2024-03-01,2024,3,13,Yabancı Para Pozisyonu,3,,Dövize Endeksli Varlıklar,,Toplam,8974.80202,8974.80202,TL,BDDK Aylık Bülten - Excel
2024-03-01,2024,3,13,Yabancı Para Pozisyonu,4,,Bilanço Dışı Varlıklar,,Unnamed: 0,Sektör,,TL,BDDK Aylık Bülten - Excel
2024-03-01,2024,3,13,Yabancı Para Pozisyonu,4,,Bilanço Dışı Varlıklar,,Unnamed: 1,4,4.0,TL,BDDK Aylık Bülten - Excel
2024-03-01,2024,3,13,Yabancı Para Pozisyonu,4,,Bilanço Dışı Varlıklar,,"Yabancı Para Pozisyonu (milyon TL), Dönem:2024/3",Bilanço Dışı Varlıklar,,TL,BDDK Aylık Bülten - Excel
2024-03-01,2024,3,13,Yabancı Para Pozisyonu,4,,Bilanço Dışı Varlıklar,,Toplam,5123670.03101,5123670.03101,TL,BDDK Aylık Bülten - Excel
2024-03-01,2024,3,13,Yabancı Para Pozisyonu,5,,Döviz Yükümlülükleri Toplamı,,Unnamed: 0,Sektör,,TL,BDDK Aylık Bülten - Excel
2024-03-01,2024,3,13,Yabancı Para Pozisyonu,5,,Döviz Yükümlülükleri Toplamı,,Unnamed: 1,5,5.0,TL,BDDK Aylık Bülten - Excel
2024-03-01,2024,3,13,Yabancı Para Pozisyonu,5,,Döviz Yükümlülükleri Toplamı,,"Yabancı Para Pozisyonu (milyon TL), Dönem:2024/3",Döviz Yükümlülükleri Toplamı,,TL,BDDK Aylık Bülten - Excel
2024-03-01,2024,3,13,Yabancı Para Pozisyonu,5,,Döviz Yükümlülükleri Toplamı,,Toplam,15190516.73002,15190516.73002,TL,BDDK Aylık Bülten - Excel
2024-03-01,2024,3,13,Yabancı Para Pozisyonu,6,,Bilanço İçi Yükümlülükler,,Unnamed: 0,Sektör,,TL,BDDK Aylık Bülten - Excel
2024-03-01,2024,3,13,Yabancı Para Pozisyonu,6,,Bilanço İçi Yükümlülükler,,Unnamed: 1,6,6.0,TL,BDDK Aylık Bülten - Excel
2024-03-01,2024,3,13,Yabancı Para Pozisyonu,6,,Bilanço İçi Yükümlülükler,,"Yabancı Para Pozisyonu (milyon TL), Dönem:2024/3",Bilanço İçi Yükümlülükler,,TL,BDDK Aylık Bülten - Excel
2024-03-01,2024,3,13,Yabancı Para Pozisyonu,6,,Bilanço İçi Yükümlülükler,,Toplam,11860563.53676,11860563.53676,TL,BDDK Aylık Bülten - Excel
2024-03-01,2024,3,13,Yabancı Para Pozisyonu,7,,Dövize Endeksli Yükümlülükler,,Unnamed: 0,Sektör,,TL,BDDK Aylık Bülten - Excel
2024-03-01,2024,3,13,Yabancı Para Pozisyonu,7,,Dövize Endeksli Yükümlülükler,,Unnamed: 1,7,7.0,TL,BDDK Aylık Bülten - Excel
2024-03-01,2024,3,13,Yabancı Para Pozisyonu,7,,Dövize Endeksli Yükümlülükler,,"Yabancı Para Pozisyonu (milyon TL), Dönem:2024/3",Dövize Endeksli Yükümlülükler,,TL,BDDK Aylık Bülten - Excel
2024-03-01,2024,3,13,Yabancı Para Pozisyonu,7,,Dövize Endeksli Yükümlülükler,,Toplam,17648.88429,17648.88429,TL,BDDK Aylık Bülten - Excel
2024-03-01,2024,3,13,Yabancı Para Pozisyonu,8,,Bilanço Dışı Yükümlülükler,,Unnamed: 0,Sektör,,TL,BDDK Aylık Bülten - Excel
2024-03-01,2024,3,13,Yabancı Para Pozisyonu,8,,Bilanço Dışı Yükümlülükler,,Unnamed: 1,8,8.0,TL,BDDK Aylık Bülten - Excel
2024-03-01,2024,3,13,Yabancı Para Pozisyonu,8,,Bilanço Dışı Yükümlülükler,,"Yabancı Para Pozisyonu (milyon TL), Dönem:2024/3",Bilanço Dışı Yükümlülükler,,TL,BDDK Aylık Bülten - Excel
2024-03-01,2024,3,13,Yabancı Para Pozisyonu,8,,Bilanço Dışı Yükümlülükler,,Toplam,3329953.19326,3329953.19326,TL,BDDK Aylık Bülten - Excel
2024-03-01,2024,3,13,Yabancı Para Pozisyonu,9,,Yabancı Para Net Genel Pozisyonu,,Unnamed: 0,Sektör,,TL,BDDK Aylık Bülten - Excel
2024-03-01,2024,3,13,Yabancı Para Pozisyonu,9,,Yabancı Para Net Genel Pozisyonu,,Unnamed: 1,9,9.0,TL,BDDK Aylık Bülten - Excel
2024-03-01,2024,3,13,Yabancı Para Pozisyonu,9,,Yabancı Para Net Genel Pozisyonu,,"Yabancı Para Pozisyonu (milyon TL), Dönem:2024/3",Yabancı Para Net Genel Pozisyonu,,TL,BDDK Aylık Bülten - Excel
2024-03-01,2024,3,13,Yabancı Para Pozisyonu,9,,Yabancı Para Net Genel Pozisyonu,,Toplam,107859.79902,107859.79902,TL,BDDK Aylık Bülten - Excel
2024-03-01,2024,3,13,Yabancı Para Pozisyonu,10,,Yasal Özkaynak,,Unnamed: 0,Sektör,,TL,BDDK Aylık Bülten - Excel
2024-03-01,2024,3,13,Yabancı Para Pozisyonu,10,,Yasal Özkaynak,,Unnamed: 1,10,10.0,TL,BDDK Aylık Bülten - Excel
2024-03-01,2024,3,13,Yabancı Para Pozisyonu,10,,Yasal Özkaynak,,"Yabancı Para Pozisyonu (milyon TL), Dönem:2024/3",Yasal Özkaynak,,TL,BDDK Aylık Bülten - Excel
2024-03-01,2024,3,13,Yabancı Para Pozisyonu,10,,Yasal Özkaynak,,Toplam,2772264.01522,2772264.01522,TL,BDDK Aylık Bülten - Excel
2024-03-01,2024,3,13,Yabancı Para Pozisyonu,11,,Yabancı Para Net Genel Pozisyon / Yasal Özkaynak Standart Oranı (Yüzde),,Unnamed: 0,Sektör,,TL,BDDK Aylık Bülten - Excel
2024-03-01,2024,3,13,Yabancı Para Pozisyonu,11,,Yabancı Para Net Genel Pozisyon / Yasal Özkaynak Standart Oranı (Yüzde),,Unnamed: 1,11,11.0,TL,BDDK Aylık Bülten - Excel
2024-03-01,2024,3,13,Yabancı Para Pozisyonu,11,,Yabancı Para Net Genel Pozisyon / Yasal Özkaynak Standart Oranı (Yüzde),,"Yabancı Para Pozisyonu (milyon TL), Dönem:2024/3",Yabancı Para Net Genel Pozisyon / Yasal Özkaynak Standart Oranı (Yüzde),,TL,BDDK Aylık Bülten - Excel
2024-03-01,2024,3,13,Yabancı Para Pozisyonu,11,,Yabancı Para Net Genel Pozisyon / Yasal Özkaynak Standart Oranı (Yüzde),,Toplam,3.890675,3.890675,TL,BDDK Aylık Bülten - Excel
2024-04-01,2024,4,13,Yabancı Para Pozisyonu,1,,Döviz Varlıkları Toplamı,,Unnamed: 0,Sektör,,TL,BDDK Aylık Bülten - Excel
2024-04-01,2024,4,13,Yabancı Para Pozisyonu,1,,Döviz Varlıkları Toplamı,,Unnamed: 1,1,1.0,TL,BDDK Aylık Bülten - Excel
2024-04-01,2024,4,13,Yabancı Para Pozisyonu,1,,Döviz Varlıkları Toplamı,,"Yabancı Para Pozisyonu (milyon TL), Dönem:2024/4",Döviz Varlıkları Toplamı,,TL,BDDK Aylık Bülten - Excel
2024-04-01,2024,4,13,Yabancı Para Pozisyonu,1,,Döviz Varlıkları Toplamı,,Toplam,15188241.02045,15188241.02045,TL,BDDK Aylık Bülten - Excel
2024-04-01,2024,4,13,Yabancı Para Pozisyonu,2,,Bilanço İçi Varlıklar,,Unnamed: 0,Sektör,,TL,BDDK Aylık Bülten - Excel
2024-04-01,2024,4,13,Yabancı Para Pozisyonu,2,,Bilanço İçi Varlıklar,,Unnamed: 1,2,2.0,TL,BDDK Aylık Bülten - Excel
2024-04-01,2024,4,13,Yabancı Para Pozisyonu,2,,Bilanço İçi Varlıklar,,"Yabancı Para Pozisyonu (milyon TL), Dönem:2024/4",Bilanço İçi Varlıklar,,TL,BDDK Aylık Bülten - Excel
2024-04-01,2024,4,13,Yabancı Para Pozisyonu,2,,Bilanço İçi Varlıklar,,Toplam,10375629.25444,10375629.25444,TL,BDDK Aylık Bülten - Excel
2024-04-01,2024,4,13,Yabancı Para Pozisyonu,3,,Dövize Endeksli Varlıklar,,Unnamed: 0,Sektör,,TL,BDDK Aylık Bülten - Excel
2024-04-01,2024,4,13,Yabancı Para Pozisyonu,3,,Dövize Endeksli Varlıklar,,Unnamed: 1,3,3.0,TL,BDDK Aylık Bülten - Excel
2024-04-01,2024,4,13,Yabancı Para Pozisyonu,3,,Dövize Endeksli Varlıklar,,"Yabancı Para Pozisyonu (milyon TL), Dönem:2024/4",Dövize Endeksli Varlıklar,,TL,BDDK Aylık Bülten - Excel
2024-04-01,2024,4,13,Yabancı Para Pozisyonu,3,,Dövize Endeksli Varlıklar,,Toplam,8742.6616,8742.6616,TL,BDDK Aylık Bülten - Excel
2024-04-01,2024,4,13,Yabancı Para Pozisyonu,4,,Bilanço Dışı Varlıklar,,Unnamed: 0,Sektör,,TL,BDDK Aylık Bülten - Excel
2024-04-01,2024,4,13,Yabancı Para Pozisyonu,4,,Bilanço Dışı Varlıklar,,Unnamed: 1,4,4.0,TL,BDDK Aylık Bülten - Excel
2024-04-01,2024,4,13,Yabancı Para Pozisyonu,4,,Bilanço Dışı Varlıklar,,"Yabancı Para Pozisyonu (milyon TL), Dönem:2024/4",Bilanço Dışı Varlıklar,,TL,BDDK Aylık Bülten - Excel
2024-04-01,2024,4,13,Yabancı Para Pozisyonu,4,,Bilanço Dışı Varlıklar,,Toplam,4812611.76601,4812611.76601,TL,BDDK Aylık Bülten - Excel
2024-04-01,2024,4,13,Yabancı Para Pozisyonu,5,,Döviz Yükümlülükleri Toplamı,,Unnamed: 0,Sektör,,TL,BDDK Aylık Bülten - Excel
2024-04-01,2024,4,13,Yabancı Para Pozisyonu,5,,Döviz Yükümlülükleri Toplamı,,Unnamed: 1,5,5.0,TL,BDDK Aylık Bülten - Excel
2024-04-01,2024,4,13,Yabancı Para Pozisyonu,5,,Döviz Yükümlülükleri Toplamı,,"Yabancı Para Pozisyonu (milyon TL), Dönem:2024/4",Döviz Yükümlülükleri Toplamı,,TL,BDDK Aylık Bülten - Excel
2024-04-01,2024,4,13,Yabancı Para Pozisyonu,5,,Döviz Yükümlülükleri Toplamı,,Toplam,15093678.32293,15093678.32293,TL,BDDK Aylık Bülten - Excel
2024-04-01,2024,4,13,Yabancı Para Pozisyonu,6,,Bilanço İçi Yükümlülükler,,Unnamed: 0,Sektör,,TL,BDDK Aylık Bülten - Excel
2024-04-01,2024,4,13,Yabancı Para Pozisyonu,6,,Bilanço İçi Yükümlülükler,,Unnamed: 1,6,6.0,TL,BDDK Aylık Bülten - Excel
2024-04-01,2024,4,13,Yabancı Para Pozisyonu,6,,Bilanço İçi Yükümlülükler,,"Yabancı Para Pozisyonu (milyon TL), Dönem:2024/4",Bilanço İçi Yükümlülükler,,TL,BDDK Aylık Bülten - Excel
2024-04-01,2024,4,13,Yabancı Para Pozisyonu,6,,Bilanço İçi Yükümlülükler,,Toplam,11741644.74011,11741644.74011,TL,BDDK Aylık Bülten - Excel
2024-04-01,2024,4,13,Yabancı Para Pozisyonu,7,,Dövize Endeksli Yükümlülükler,,Unnamed: 0,Sektör,,TL,BDDK Aylık Bülten - Excel
2024-04-01,2024,4,13,Yabancı Para Pozisyonu,7,,Dövize Endeksli Yükümlülükler,,Unnamed: 1,7,7.0,TL,BDDK Aylık Bülten - Excel
2024-04-01,2024,4,13,Yabancı Para Pozisyonu,7,,Dövize Endeksli Yükümlülükler,,"Yabancı Para Pozisyonu (milyon TL), Dönem:2024/4",Dövize Endeksli Yükümlülükler,,TL,BDDK Aylık Bülten - Excel
2024-04-01,2024,4,13,Yabancı Para Pozisyonu,7,,Dövize Endeksli Yükümlülükler,,Toplam,15280.65416,15280.65416,TL,BDDK Aylık Bülten - Excel
2024-04-01,2024,4,13,Yabancı Para Pozisyonu,8,,Bilanço Dışı Yükümlülükler,,Unnamed: 0,Sektör,,TL,BDDK Aylık Bülten - Excel
2024-04-01,2024,4,13,Yabancı Para Pozisyonu,8,,Bilanço Dışı Yükümlülükler,,Unnamed: 1,8,8.0,TL,BDDK Aylık Bülten - Excel
2024-04-01,2024,4,13,Yabancı Para Pozisyonu,8,,Bilanço Dışı Yükümlülükler,,"Yabancı Para Pozisyonu (milyon TL), Dönem:2024/4",Bilanço Dışı Yükümlülükler,,TL,BDDK Aylık Bülten - Excel
2024-04-01,2024,4,13,Yabancı Para Pozisyonu,8,,Bilanço Dışı Yükümlülükler,,Toplam,3352033.58282,3352033.58282,TL,BDDK Aylık Bülten - Excel
2024-04-01,2024,4,13,Yabancı Para Pozisyonu,9,,Yabancı Para Net Genel Pozisyonu,,Unnamed: 0,Sektör,,TL,BDDK Aylık Bülten - Excel
2024-04-01,2024,4,13,Yabancı Para Pozisyonu,9,,Yabancı Para Net Genel Pozisyonu,,Unnamed: 1,9,9.0,TL,BDDK Aylık Bülten - Excel
2024-04-01,2024,4,13,Yabancı Para Pozisyonu,9,,Yabancı Para Net Genel Pozisyonu,,"Yabancı Para Pozisyonu (milyon TL), Dönem:2024/4",Yabancı Para Net Genel Pozisyonu,,TL,BDDK Aylık Bülten - Excel
2024-04-01,2024,4,13,Yabancı Para Pozisyonu,9,,Yabancı Para Net Genel Pozisyonu,,Toplam,94562.69752,94562.69752,TL,BDDK Aylık Bülten - Excel
2024-04-01,2024,4,13,Yabancı Para Pozisyonu,10,,Yasal Özkaynak,,Unnamed: 0,Sektör,,TL,BDDK Aylık Bülten - Excel
2024-04-01,2024,4,13,Yabancı Para Pozisyonu,10,,Yasal Özkaynak,,Unnamed: 1,10,10.0,TL,BDDK Aylık Bülten - Excel
2024-04-01,2024,4,13,Yabancı Para Pozisyonu,10,,Yasal Özkaynak,,"Yabancı Para Pozisyonu (milyon TL), Dönem:2024/4",Yasal Özkaynak,,TL,BDDK Aylık Bülten - Excel
2024-04-01,2024,4,13,Yabancı Para Pozisyonu,10,,Yasal Özkaynak,,Toplam,2921096.7152,2921096.7152,TL,BDDK Aylık Bülten - Excel
2024-04-01,2024,4,13,Yabancı Para Pozisyonu,11,,Yabancı Para Net Genel Pozisyon / Yasal Özkaynak Standart Oranı (Yüzde),,Unnamed: 0,Sektör,,TL,BDDK Aylık Bülten - Excel
2024-04-01,2024,4,13,Yabancı Para Pozisyonu,11,,Yabancı Para Net Genel Pozisyon / Yasal Özkaynak Standart Oranı (Yüzde),,Unnamed: 1,11,11.0,TL,BDDK Aylık Bülten - Excel
2024-04-01,2024,4,13,Yabancı Para Pozisyonu,11,,Yabancı Para Net Genel Pozisyon / Yasal Özkaynak Standart Oranı (Yüzde),,"Yabancı Para Pozisyonu (milyon TL), Dönem:2024/4",Yabancı Para Net Genel Pozisyon / Yasal Özkaynak Standart Oranı (Yüzde),,TL,BDDK Aylık Bülten - Excel
2024-04-01,2024,4,13,Yabancı Para Pozisyonu,11,,Yabancı Para Net Genel Pozisyon / Yasal Özkaynak Standart Oranı (Yüzde),,Toplam,3.237232,3.237232,TL,BDDK Aylık Bülten - Excel
2024-05-01,2024,5,13,Yabancı Para Pozisyonu,1,,Döviz Varlıkları Toplamı,,Unnamed: 0,Sektör,,TL,BDDK Aylık Bülten - Excel
2024-05-01,2024,5,13,Yabancı Para Pozisyonu,1,,Döviz Varlıkları Toplamı,,Unnamed: 1,1,1.0,TL,BDDK Aylık Bülten - Excel
2024-05-01,2024,5,13,Yabancı Para Pozisyonu,1,,Döviz Varlıkları Toplamı,,"Yabancı Para Pozisyonu (milyon TL), Dönem:2024/5",Döviz Varlıkları Toplamı,,TL,BDDK Aylık Bülten - Excel
2024-05-01,2024,5,13,Yabancı Para Pozisyonu,1,,Döviz Varlıkları Toplamı,,Toplam,14528848.39078,14528848.39078,TL,BDDK Aylık Bülten - Excel
2024-05-01,2024,5,13,Yabancı Para Pozisyonu,2,,Bilanço İçi Varlıklar,,Unnamed: 0,Sektör,,TL,BDDK Aylık Bülten - Excel
2024-05-01,2024,5,13,Yabancı Para Pozisyonu,2,,Bilanço İçi Varlıklar,,Unnamed: 1,2,2.0,TL,BDDK Aylık Bülten - Excel
2024-05-01,2024,5,13,Yabancı Para Pozisyonu,2,,Bilanço İçi Varlıklar,,"Yabancı Para Pozisyonu (milyon TL), Dönem:2024/5",Bilanço İçi Varlıklar,,TL,BDDK Aylık Bülten - Excel
2024-05-01,2024,5,13,Yabancı Para Pozisyonu,2,,Bilanço İçi Varlıklar,,Toplam,10247515.8328,10247515.8328,TL,BDDK Aylık Bülten - Excel
2024-05-01,2024,5,13,Yabancı Para Pozisyonu,3,,Dövize Endeksli Varlıklar,,Unnamed: 0,Sektör,,TL,BDDK Aylık Bülten - Excel
2024-05-01,2024,5,13,Yabancı Para Pozisyonu,3,,Dövize Endeksli Varlıklar,,Unnamed: 1,3,3.0,TL,BDDK Aylık Bülten - Excel
2024-05-01,2024,5,13,Yabancı Para Pozisyonu,3,,Dövize Endeksli Varlıklar,,"Yabancı Para Pozisyonu (milyon TL), Dönem:2024/5",Dövize Endeksli Varlıklar,,TL,BDDK Aylık Bülten - Excel
2024-05-01,2024,5,13,Yabancı Para Pozisyonu,3,,Dövize Endeksli Varlıklar,,Toplam,8680.28198,8680.28198,TL,BDDK Aylık Bülten - Excel
2024-05-01,2024,5,13,Yabancı Para Pozisyonu,4,,Bilanço Dışı Varlıklar,,Unnamed: 0,Sektör,,TL,BDDK Aylık Bülten - Excel
2024-05-01,2024,5,13,Yabancı Para Pozisyonu,4,,Bilanço Dışı Varlıklar,,Unnamed: 1,4,4.0,TL,BDDK Aylık Bülten - Excel
2024-05-01,2024,5,13,Yabancı Para Pozisyonu,4,,Bilanço Dışı Varlıklar,,"Yabancı Para Pozisyonu (milyon TL), Dönem:2024/5",Bilanço Dışı Varlıklar,,TL,BDDK Aylık Bülten - Excel
2024-05-01,2024,5,13,Yabancı Para Pozisyonu,4,,Bilanço Dışı Varlıklar,,Toplam,4281332.55798,4281332.55798,TL,BDDK Aylık Bülten - Excel
2024-05-01,2024,5,13,Yabancı Para Pozisyonu,5,,Döviz Yükümlülükleri Toplamı,,Unnamed: 0,Sektör,,TL,BDDK Aylık Bülten - Excel
2024-05-01,2024,5,13,Yabancı Para Pozisyonu,5,,Döviz Yükümlülükleri Toplamı,,Unnamed: 1,5,5.0,TL,BDDK Aylık Bülten - Excel
2024-05-01,2024,5,13,Yabancı Para Pozisyonu,5,,Döviz Yükümlülükleri Toplamı,,"Yabancı Para Pozisyonu (milyon TL), Dönem:2024/5",Döviz Yükümlülükleri Toplamı,,TL,BDDK Aylık Bülten - Excel
2024-05-01,2024,5,13,Yabancı Para Pozisyonu,5,,Döviz Yükümlülükleri Toplamı,,Toplam,14440901.89703,14440901.89703,TL,BDDK Aylık Bülten - Excel
2024-05-01,2024,5,13,Yabancı Para Pozisyonu,6,,Bilanço İçi Yükümlülükler,,Unnamed: 0,Sektör,,TL,BDDK Aylık Bülten - Excel
2024-05-01,2024,5,13,Yabancı Para Pozisyonu,6,,Bilanço İçi Yükümlülükler,,Unnamed: 1,6,6.0,TL,BDDK Aylık Bülten - Excel
2024-05-01,2024,5,13,Yabancı Para Pozisyonu,6,,Bilanço İçi Yükümlülükler,,"Yabancı Para Pozisyonu (milyon TL), Dönem:2024/5",Bilanço İçi Yükümlülükler,,TL,BDDK Aylık Bülten - Excel
2024-05-01,2024,5,13,Yabancı Para Pozisyonu,6,,Bilanço İçi Yükümlülükler,,Toplam,11285211.30902,11285211.30902,TL,BDDK Aylık Bülten - Excel
2024-05-01,2024,5,13,Yabancı Para Pozisyonu,7,,Dövize Endeksli Yükümlülükler,,Unnamed: 0,Sektör,,TL,BDDK Aylık Bülten - Excel
2024-05-01,2024,5,13,Yabancı Para Pozisyonu,7,,Dövize Endeksli Yükümlülükler,,Unnamed: 1,7,7.0,TL,BDDK Aylık Bülten - Excel
2024-05-01,2024,5,13,Yabancı Para Pozisyonu,7,,Dövize Endeksli Yükümlülükler,,"Yabancı Para Pozisyonu (milyon TL), Dönem:2024/5",Dövize Endeksli Yükümlülükler,,TL,BDDK Aylık Bülten - Excel
2024-05-01,2024,5,13,Yabancı Para Pozisyonu,7,,Dövize Endeksli Yükümlülükler,,Toplam,18643.05999,18643.05999,TL,BDDK Aylık Bülten - Excel
2024-05-01,2024,5,13,Yabancı Para Pozisyonu,8,,Bilanço Dışı Yükümlülükler,,Unnamed: 0,Sektör,,TL,BDDK Aylık Bülten - Excel
2024-05-01,2024,5,13,Yabancı Para Pozisyonu,8,,Bilanço Dışı Yükümlülükler,,Unnamed: 1,8,8.0,TL,BDDK Aylık Bülten - Excel
2024-05-01,2024,5,13,Yabancı Para Pozisyonu,8,,Bilanço Dışı Yükümlülükler,,"Yabancı Para Pozisyonu (milyon TL), Dönem:2024/5",Bilanço Dışı Yükümlülükler,,TL,BDDK Aylık Bülten - Excel
2024-05-01,2024,5,13,Yabancı Para Pozisyonu,8,,Bilanço Dışı Yükümlülükler,,Toplam,3155690.58801,3155690.58801,TL,BDDK Aylık Bülten - Excel
2024-05-01,2024,5,13,Yabancı Para Pozisyonu,9,,Yabancı Para Net Genel Pozisyonu,,Unnamed: 0,Sektör,,TL,BDDK Aylık Bülten - Excel
2024-05-01,2024,5,13,Yabancı Para Pozisyonu,9,,Yabancı Para Net Genel Pozisyonu,,Unnamed: 1,9,9.0,TL,BDDK Aylık Bülten - Excel
2024-05-01,2024,5,13,Yabancı Para Pozisyonu,9,,Yabancı Para Net Genel Pozisyonu,,"Yabancı Para Pozisyonu (milyon TL), Dönem:2024/5",Yabancı Para Net Genel Pozisyonu,,TL,BDDK Aylık Bülten - Excel
2024-05-01,2024,5,13,Yabancı Para Pozisyonu,9,,Yabancı Para Net Genel Pozisyonu,,Toplam,87946.49375,87946.49375,TL,BDDK Aylık Bülten - Excel
2024-05-01,2024,5,13,Yabancı Para Pozisyonu,10,,Yasal Özkaynak,,Unnamed: 0,Sektör,,TL,BDDK Aylık Bülten - Excel
2024-05-01,2024,5,13,Yabancı Para Pozisyonu,10,,Yasal Özkaynak,,Unnamed: 1,10,10.0,TL,BDDK Aylık Bülten - Excel
2024-05-01,2024,5,13,Yabancı Para Pozisyonu,10,,Yasal Özkaynak,,"Yabancı Para Pozisyonu (milyon TL), Dönem:2024/5",Yasal Özkaynak,,TL,BDDK Aylık Bülten - Excel
2024-05-01,2024,5,13,Yabancı Para Pozisyonu,10,,Yasal Özkaynak,,Toplam,2955818.25683,2955818.25683,TL,BDDK Aylık Bülten - Excel
2024-05-01,2024,5,13,Yabancı Para Pozisyonu,11,,Yabancı Para Net Genel Pozisyon / Yasal Özkaynak Standart Oranı (Yüzde),,Unnamed: 0,Sektör,,TL,BDDK Aylık Bülten - Excel
2024-05-01,2024,5,13,Yabancı Para Pozisyonu,11,,Yabancı Para Net Genel Pozisyon / Yasal Özkaynak Standart Oranı (Yüzde),,Unnamed: 1,11,11.0,TL,BDDK Aylık Bülten - Excel
2024-05-01,2024,5,13,Yabancı Para Pozisyonu,11,,Yabancı Para Net Genel Pozisyon / Yasal Özkaynak Standart Oranı (Yüzde),,"Yabancı Para Pozisyonu (milyon TL), Dönem:2024/5",Yabancı Para Net Genel Pozisyon / Yasal Özkaynak Standart Oranı (Yüzde),,TL,BDDK Aylık Bülten - Excel
2024-05-01,2024,5,13,Yabancı Para Pozisyonu,11,,Yabancı Para Net Genel Pozisyon / Yasal Özkaynak Standart Oranı (Yüzde),,Toplam,2.975368,2.975368,TL,BDDK Aylık Bülten - Excel
2024-06-01,2024,6,13,Yabancı Para Pozisyonu,1,,Döviz Varlıkları Toplamı,,Unnamed: 0,Sektör,,TL,BDDK Aylık Bülten - Excel
2024-06-01,2024,6,13,Yabancı Para Pozisyonu,1,,Döviz Varlıkları Toplamı,,Unnamed: 1,1,1.0,TL,BDDK Aylık Bülten - Excel
2024-06-01,2024,6,13,Yabancı Para Pozisyonu,1,,Döviz Varlıkları Toplamı,,"Yabancı Para Pozisyonu (milyon TL), Dönem:2024/6",Döviz Varlıkları Toplamı,,TL,BDDK Aylık Bülten - Excel
2024-06-01,2024,6,13,Yabancı Para Pozisyonu,1,,Döviz Varlıkları Toplamı,,Toplam,14610344.7126,14610344.7126,TL,BDDK Aylık Bülten - Excel
2024-06-01,2024,6,13,Yabancı Para Pozisyonu,2,,Bilanço İçi Varlıklar,,Unnamed: 0,Sektör,,TL,BDDK Aylık Bülten - Excel
2024-06-01,2024,6,13,Yabancı Para Pozisyonu,2,,Bilanço İçi Varlıklar,,Unnamed: 1,2,2.0,TL,BDDK Aylık Bülten - Excel
2024-06-01,2024,6,13,Yabancı Para Pozisyonu,2,,Bilanço İçi Varlıklar,,"Yabancı Para Pozisyonu (milyon TL), Dönem:2024/6",Bilanço İçi Varlıklar,,TL,BDDK Aylık Bülten - Excel
2024-06-01,2024,6,13,Yabancı Para Pozisyonu,2,,Bilanço İçi Varlıklar,,Toplam,10878315.7179,10878315.7179,TL,BDDK Aylık Bülten - Excel
2024-06-01,2024,6,13,Yabancı Para Pozisyonu,3,,Dövize Endeksli Varlıklar,,Unnamed: 0,Sektör,,TL,BDDK Aylık Bülten - Excel
2024-06-01,2024,6,13,Yabancı Para Pozisyonu,3,,Dövize Endeksli Varlıklar,,Unnamed: 1,3,3.0,TL,BDDK Aylık Bülten - Excel
2024-06-01,2024,6,13,Yabancı Para Pozisyonu,3,,Dövize Endeksli Varlıklar,,"Yabancı Para Pozisyonu (milyon TL), Dönem:2024/6",Dövize Endeksli Varlıklar,,TL,BDDK Aylık Bülten - Excel
2024-06-01,2024,6,13,Yabancı Para Pozisyonu,3,,Dövize Endeksli Varlıklar,,Toplam,8309.97685,8309.97685,TL,BDDK Aylık Bülten - Excel
2024-06-01,2024,6,13,Yabancı Para Pozisyonu,4,,Bilanço Dışı Varlıklar,,Unnamed: 0,Sektör,,TL,BDDK Aylık Bülten - Excel
2024-06-01,2024,6,13,Yabancı Para Pozisyonu,4,,Bilanço Dışı Varlıklar,,Unnamed: 1,4,4.0,TL,BDDK Aylık Bülten - Excel
2024-06-01,2024,6,13,Yabancı Para Pozisyonu,4,,Bilanço Dışı Varlıklar,,"Yabancı Para Pozisyonu (milyon TL), Dönem:2024/6",Bilanço Dışı Varlıklar,,TL,BDDK Aylık Bülten - Excel
2024-06-01,2024,6,13,Yabancı Para Pozisyonu,4,,Bilanço Dışı Varlıklar,,Toplam,3732028.9947,3732028.9947,TL,BDDK Aylık Bülten - Excel
2024-06-01,2024,6,13,Yabancı Para Pozisyonu,5,,Döviz Yükümlülükleri Toplamı,,Unnamed: 0,Sektör,,TL,BDDK Aylık Bülten - Excel
2024-06-01,2024,6,13,Yabancı Para Pozisyonu,5,,Döviz Yükümlülükleri Toplamı,,Unnamed: 1,5,5.0,TL,BDDK Aylık Bülten - Excel
2024-06-01,2024,6,13,Yabancı Para Pozisyonu,5,,Döviz Yükümlülükleri Toplamı,,"Yabancı Para Pozisyonu (milyon TL), Dönem:2024/6",Döviz Yükümlülükleri Toplamı,,TL,BDDK Aylık Bülten - Excel
2024-06-01,2024,6,13,Yabancı Para Pozisyonu,5,,Döviz Yükümlülükleri Toplamı,,Toplam,14537572.23752,14537572.23752,TL,BDDK Aylık Bülten - Excel
2024-06-01,2024,6,13,Yabancı Para Pozisyonu,6,,Bilanço İçi Yükümlülükler,,Unnamed: 0,Sektör,,TL,BDDK Aylık Bülten - Excel
2024-06-01,2024,6,13,Yabancı Para Pozisyonu,6,,Bilanço İçi Yükümlülükler,,Unnamed: 1,6,6.0,TL,BDDK Aylık Bülten - Excel
2024-06-01,2024,6,13,Yabancı Para Pozisyonu,6,,Bilanço İçi Yükümlülükler,,"Yabancı Para Pozisyonu (milyon TL), Dönem:2024/6",Bilanço İçi Yükümlülükler,,TL,BDDK Aylık Bülten - Excel
2024-06-01,2024,6,13,Yabancı Para Pozisyonu,6,,Bilanço İçi Yükümlülükler,,Toplam,11494754.26956,11494754.26956,TL,BDDK Aylık Bülten - Excel
2024-06-01,2024,6,13,Yabancı Para Pozisyonu,7,,Dövize Endeksli Yükümlülükler,,Unnamed: 0,Sektör,,TL,BDDK Aylık Bülten - Excel
2024-06-01,2024,6,13,Yabancı Para Pozisyonu,7,,Dövize Endeksli Yükümlülükler,,Unnamed: 1,7,7.0,TL,BDDK Aylık Bülten - Excel
2024-06-01,2024,6,13,Yabancı Para Pozisyonu,7,,Dövize Endeksli Yükümlülükler,,"Yabancı Para Pozisyonu (milyon TL), Dönem:2024/6",Dövize Endeksli Yükümlülükler,,TL,BDDK Aylık Bülten - Excel
2024-06-01,2024,6,13,Yabancı Para Pozisyonu,7,,Dövize Endeksli Yükümlülükler,,Toplam,17128.86264,17128.86264,TL,BDDK Aylık Bülten - Excel
2024-06-01,2024,6,13,Yabancı Para Pozisyonu,8,,Bilanço Dışı Yükümlülükler,,Unnamed: 0,Sektör,,TL,BDDK Aylık Bülten - Excel
2024-06-01,2024,6,13,Yabancı Para Pozisyonu,8,,Bilanço Dışı Yükümlülükler,,Unnamed: 1,8,8.0,TL,BDDK Aylık Bülten - Excel
2024-06-01,2024,6,13,Yabancı Para Pozisyonu,8,,Bilanço Dışı Yükümlülükler,,"Yabancı Para Pozisyonu (milyon TL), Dönem:2024/6",Bilanço Dışı Yükümlülükler,,TL,BDDK Aylık Bülten - Excel
2024-06-01,2024,6,13,Yabancı Para Pozisyonu,8,,Bilanço Dışı Yükümlülükler,,Toplam,3042817.96796,3042817.96796,TL,BDDK Aylık Bülten - Excel
2024-06-01,2024,6,13,Yabancı Para Pozisyonu,9,,Yabancı Para Net Genel Pozisyonu,,Unnamed: 0,Sektör,,TL,BDDK Aylık Bülten - Excel
2024-06-01,2024,6,13,Yabancı Para Pozisyonu,9,,Yabancı Para Net Genel Pozisyonu,,Unnamed: 1,9,9.0,TL,BDDK Aylık Bülten - Excel
2024-06-01,2024,6,13,Yabancı Para Pozisyonu,9,,Yabancı Para Net Genel Pozisyonu,,"Yabancı Para Pozisyonu (milyon TL), Dönem:2024/6",Yabancı Para Net Genel Pozisyonu,,TL,BDDK Aylık Bülten - Excel
2024-06-01,2024,6,13,Yabancı Para Pozisyonu,9,,Yabancı Para Net Genel Pozisyonu,,Toplam,72772.47508,72772.47508,TL,BDDK Aylık Bülten - Excel
2024-06-01,2024,6,13,Yabancı Para Pozisyonu,10,,Yasal Özkaynak,,Unnamed: 0,Sektör,,TL,BDDK Aylık Bülten - Excel
2024-06-01,2024,6,13,Yabancı Para Pozisyonu,10,,Yasal Özkaynak,,Unnamed: 1,10,10.0,TL,BDDK Aylık Bülten - Excel
2024-06-01,2024,6,13,Yabancı Para Pozisyonu,10,,Yasal Özkaynak,,"Yabancı Para Pozisyonu (milyon TL), Dönem:2024/6",Yasal Özkaynak,,TL,BDDK Aylık Bülten - Excel
2024-06-01,2024,6,13,Yabancı Para Pozisyonu,10,,Yasal Özkaynak,,Toplam,3017794.15411,3017794.15411,TL,BDDK Aylık Bülten - Excel
2024-06-01,2024,6,13,Yabancı Para Pozisyonu,11,,Yabancı Para Net Genel Pozisyon / Yasal Özkaynak Standart Oranı (Yüzde),,Unnamed: 0,Sektör,,TL,BDDK Aylık Bülten - Excel
2024-06-01,2024,6,13,Yabancı Para Pozisyonu,11,,Yabancı Para Net Genel Pozisyon / Yasal Özkaynak Standart Oranı (Yüzde),,Unnamed: 1,11,11.0,TL,BDDK Aylık Bülten - Excel
2024-06-01,2024,6,13,Yabancı Para Pozisyonu,11,,Yabancı Para Net Genel Pozisyon / Yasal Özkaynak Standart Oranı (Yüzde),,"Yabancı Para Pozisyonu (milyon TL), Dönem:2024/6",Yabancı Para Net Genel Pozisyon / Yasal Özkaynak Standart Oranı (Yüzde),,TL,BDDK Aylık Bülten - Excel
2024-06-01,2024,6,13,Yabancı Para Pozisyonu,11,,Yabancı Para Net Genel Pozisyon / Yasal Özkaynak Standart Oranı (Yüzde),,Toplam,2.411445,2.411445,TL,BDDK Aylık Bülten - Excel
2024-07-01,2024,7,13,Yabancı Para Pozisyonu,1,,Döviz Varlıkları Toplamı,,Unnamed: 0,Sektör,,TL,BDDK Aylık Bülten - Excel
2024-07-01,2024,7,13,Yabancı Para Pozisyonu,1,,Döviz Varlıkları Toplamı,,Unnamed: 1,1,1.0,TL,BDDK Aylık Bülten - Excel
2024-07-01,2024,7,13,Yabancı Para Pozisyonu,1,,Döviz Varlıkları Toplamı,,"Yabancı Para Pozisyonu (milyon TL), Dönem:2024/7",Döviz Varlıkları Toplamı,,TL,BDDK Aylık Bülten - Excel
2024-07-01,2024,7,13,Yabancı Para Pozisyonu,1,,Döviz Varlıkları Toplamı,,Toplam,15086525.78032,15086525.78032,TL,BDDK Aylık Bülten - Excel
2024-07-01,2024,7,13,Yabancı Para Pozisyonu,2,,Bilanço İçi Varlıklar,,Unnamed: 0,Sektör,,TL,BDDK Aylık Bülten - Excel
2024-07-01,2024,7,13,Yabancı Para Pozisyonu,2,,Bilanço İçi Varlıklar,,Unnamed: 1,2,2.0,TL,BDDK Aylık Bülten - Excel
2024-07-01,2024,7,13,Yabancı Para Pozisyonu,2,,Bilanço İçi Varlıklar,,"Yabancı Para Pozisyonu (milyon TL), Dönem:2024/7",Bilanço İçi Varlıklar,,TL,BDDK Aylık Bülten - Excel
2024-07-01,2024,7,13,Yabancı Para Pozisyonu,2,,Bilanço İçi Varlıklar,,Toplam,11172683.95031,11172683.95031,TL,BDDK Aylık Bülten - Excel
2024-07-01,2024,7,13,Yabancı Para Pozisyonu,3,,Dövize Endeksli Varlıklar,,Unnamed: 0,Sektör,,TL,BDDK Aylık Bülten - Excel
2024-07-01,2024,7,13,Yabancı Para Pozisyonu,3,,Dövize Endeksli Varlıklar,,Unnamed: 1,3,3.0,TL,BDDK Aylık Bülten - Excel
2024-07-01,2024,7,13,Yabancı Para Pozisyonu,3,,Dövize Endeksli Varlıklar,,"Yabancı Para Pozisyonu (milyon TL), Dönem:2024/7",Dövize Endeksli Varlıklar,,TL,BDDK Aylık Bülten - Excel
2024-07-01,2024,7,13,Yabancı Para Pozisyonu,3,,Dövize Endeksli Varlıklar,,Toplam,8172.57731,8172.57731,TL,BDDK Aylık Bülten - Excel
2024-07-01,2024,7,13,Yabancı Para Pozisyonu,4,,Bilanço Dışı Varlıklar,,Unnamed: 0,Sektör,,TL,BDDK Aylık Bülten - Excel
2024-07-01,2024,7,13,Yabancı Para Pozisyonu,4,,Bilanço Dışı Varlıklar,,Unnamed: 1,4,4.0,TL,BDDK Aylık Bülten - Excel
2024-07-01,2024,7,13,Yabancı Para Pozisyonu,4,,Bilanço Dışı Varlıklar,,"Yabancı Para Pozisyonu (milyon TL), Dönem:2024/7",Bilanço Dışı Varlıklar,,TL,BDDK Aylık Bülten - Excel
2024-07-01,2024,7,13,Yabancı Para Pozisyonu,4,,Bilanço Dışı Varlıklar,,Toplam,3913841.83001,3913841.83001,TL,BDDK Aylık Bülten - Excel
2024-07-01,2024,7,13,Yabancı Para Pozisyonu,5,,Döviz Yükümlülükleri Toplamı,,Unnamed: 0,Sektör,,TL,BDDK Aylık Bülten - Excel
2024-07-01,2024,7,13,Yabancı Para Pozisyonu,5,,Döviz Yükümlülükleri Toplamı,,Unnamed: 1,5,5.0,TL,BDDK Aylık Bülten - Excel
2024-07-01,2024,7,13,Yabancı Para Pozisyonu,5,,Döviz Yükümlülükleri Toplamı,,"Yabancı Para Pozisyonu (milyon TL), Dönem:2024/7",Döviz Yükümlülükleri Toplamı,,TL,BDDK Aylık Bülten - Excel
2024-07-01,2024,7,13,Yabancı Para Pozisyonu,5,,Döviz Yükümlülükleri Toplamı,,Toplam,15022847.40263,15022847.40263,TL,BDDK Aylık Bülten - Excel
2024-07-01,2024,7,13,Yabancı Para Pozisyonu,6,,Bilanço İçi Yükümlülükler,,Unnamed: 0,Sektör,,TL,BDDK Aylık Bülten - Excel
2024-07-01,2024,7,13,Yabancı Para Pozisyonu,6,,Bilanço İçi Yükümlülükler,,Unnamed: 1,6,6.0,TL,BDDK Aylık Bülten - Excel
2024-07-01,2024,7,13,Yabancı Para Pozisyonu,6,,Bilanço İçi Yükümlülükler,,"Yabancı Para Pozisyonu (milyon TL), Dönem:2024/7",Bilanço İçi Yükümlülükler,,TL,BDDK Aylık Bülten - Excel
2024-07-01,2024,7,13,Yabancı Para Pozisyonu,6,,Bilanço İçi Yükümlülükler,,Toplam,11723606.37297,11723606.37297,TL,BDDK Aylık Bülten - Excel
2024-07-01,2024,7,13,Yabancı Para Pozisyonu,7,,Dövize Endeksli Yükümlülükler,,Unnamed: 0,Sektör,,TL,BDDK Aylık Bülten - Excel
2024-07-01,2024,7,13,Yabancı Para Pozisyonu,7,,Dövize Endeksli Yükümlülükler,,Unnamed: 1,7,7.0,TL,BDDK Aylık Bülten - Excel
2024-07-01,2024,7,13,Yabancı Para Pozisyonu,7,,Dövize Endeksli Yükümlülükler,,"Yabancı Para Pozisyonu (milyon TL), Dönem:2024/7",Dövize Endeksli Yükümlülükler,,TL,BDDK Aylık Bülten - Excel
2024-07-01,2024,7,13,Yabancı Para Pozisyonu,7,,Dövize Endeksli Yükümlülükler,,Toplam,12643.10373,12643.10373,TL,BDDK Aylık Bülten - Excel
2024-07-01,2024,7,13,Yabancı Para Pozisyonu,8,,Bilanço Dışı Yükümlülükler,,Unnamed: 0,Sektör,,TL,BDDK Aylık Bülten - Excel
2024-07-01,2024,7,13,Yabancı Para Pozisyonu,8,,Bilanço Dışı Yükümlülükler,,Unnamed: 1,8,8.0,TL,BDDK Aylık Bülten - Excel
2024-07-01,2024,7,13,Yabancı Para Pozisyonu,8,,Bilanço Dışı Yükümlülükler,,"Yabancı Para Pozisyonu (milyon TL), Dönem:2024/7",Bilanço Dışı Yükümlülükler,,TL,BDDK Aylık Bülten - Excel
2024-07-01,2024,7,13,Yabancı Para Pozisyonu,8,,Bilanço Dışı Yükümlülükler,,Toplam,3299241.02966,3299241.02966,TL,BDDK Aylık Bülten - Excel
2024-07-01,2024,7,13,Yabancı Para Pozisyonu,9,,Yabancı Para Net Genel Pozisyonu,,Unnamed: 0,Sektör,,TL,BDDK Aylık Bülten - Excel
2024-07-01,2024,7,13,Yabancı Para Pozisyonu,9,,Yabancı Para Net Genel Pozisyonu,,Unnamed: 1,9,9.0,TL,BDDK Aylık Bülten - Excel
2024-07-01,2024,7,13,Yabancı Para Pozisyonu,9,,Yabancı Para Net Genel Pozisyonu,,"Yabancı Para Pozisyonu (milyon TL), Dönem:2024/7",Yabancı Para Net Genel Pozisyonu,,TL,BDDK Aylık Bülten - Excel
2024-07-01,2024,7,13,Yabancı Para Pozisyonu,9,,Yabancı Para Net Genel Pozisyonu,,Toplam,63678.37769,63678.37769,TL,BDDK Aylık Bülten - Excel
2024-07-01,2024,7,13,Yabancı Para Pozisyonu,10,,Yasal Özkaynak,,Unnamed: 0,Sektör,,TL,BDDK Aylık Bülten - Excel
2024-07-01,2024,7,13,Yabancı Para Pozisyonu,10,,Yasal Özkaynak,,Unnamed: 1,10,10.0,TL,BDDK Aylık Bülten - Excel
2024-07-01,2024,7,13,Yabancı Para Pozisyonu,10,,Yasal Özkaynak,,"Yabancı Para Pozisyonu (milyon TL), Dönem:2024/7",Yasal Özkaynak,,TL,BDDK Aylık Bülten - Excel
2024-07-01,2024,7,13,Yabancı Para Pozisyonu,10,,Yasal Özkaynak,,Toplam,3118208.54648,3118208.54648,TL,BDDK Aylık Bülten - Excel
2024-07-01,2024,7,13,Yabancı Para Pozisyonu,11,,Yabancı Para Net Genel Pozisyon / Yasal Özkaynak Standart Oranı (Yüzde),,Unnamed: 0,Sektör,,TL,BDDK Aylık Bülten - Excel
2024-07-01,2024,7,13,Yabancı Para Pozisyonu,11,,Yabancı Para Net Genel Pozisyon / Yasal Özkaynak Standart Oranı (Yüzde),,Unnamed: 1,11,11.0,TL,BDDK Aylık Bülten - Excel
2024-07-01,2024,7,13,Yabancı Para Pozisyonu,11,,Yabancı Para Net Genel Pozisyon / Yasal Özkaynak Standart Oranı (Yüzde),,"Yabancı Para Pozisyonu (milyon TL), Dönem:2024/7",Yabancı Para Net Genel Pozisyon / Yasal Özkaynak Standart Oranı (Yüzde),,TL,BDDK Aylık Bülten - Excel
2024-07-01,2024,7,13,Yabancı Para Pozisyonu,11,,Yabancı Para Net Genel Pozisyon / Yasal Özkaynak Standart Oranı (Yüzde),,Toplam,2.042146,2.042146,TL,BDDK Aylık Bülten - Excel
2024-08-01,2024,8,13,Yabancı Para Pozisyonu,1,,Döviz Varlıkları Toplamı,,Unnamed: 0,Sektör,,TL,BDDK Aylık Bülten - Excel
2024-08-01,2024,8,13,Yabancı Para Pozisyonu,1,,Döviz Varlıkları Toplamı,,Unnamed: 1,1,1.0,TL,BDDK Aylık Bülten - Excel
2024-08-01,2024,8,13,Yabancı Para Pozisyonu,1,,Döviz Varlıkları Toplamı,,"Yabancı Para Pozisyonu (milyon TL), Dönem:2024/8",Döviz Varlıkları Toplamı,,TL,BDDK Aylık Bülten - Excel
2024-08-01,2024,8,13,Yabancı Para Pozisyonu,1,,Döviz Varlıkları Toplamı,,Toplam,16359563.03369,16359563.03369,TL,BDDK Aylık Bülten - Excel
2024-08-01,2024,8,13,Yabancı Para Pozisyonu,2,,Bilanço İçi Varlıklar,,Unnamed: 0,Sektör,,TL,BDDK Aylık Bülten - Excel
2024-08-01,2024,8,13,Yabancı Para Pozisyonu,2,,Bilanço İçi Varlıklar,,Unnamed: 1,2,2.0,TL,BDDK Aylık Bülten - Excel
2024-08-01,2024,8,13,Yabancı Para Pozisyonu,2,,Bilanço İçi Varlıklar,,"Yabancı Para Pozisyonu (milyon TL), Dönem:2024/8",Bilanço İçi Varlıklar,,TL,BDDK Aylık Bülten - Excel
2024-08-01,2024,8,13,Yabancı Para Pozisyonu,2,,Bilanço İçi Varlıklar,,Toplam,11976041.92042,11976041.92042,TL,BDDK Aylık Bülten - Excel
2024-08-01,2024,8,13,Yabancı Para Pozisyonu,3,,Dövize Endeksli Varlıklar,,Unnamed: 0,Sektör,,TL,BDDK Aylık Bülten - Excel
2024-08-01,2024,8,13,Yabancı Para Pozisyonu,3,,Dövize Endeksli Varlıklar,,Unnamed: 1,3,3.0,TL,BDDK Aylık Bülten - Excel
2024-08-01,2024,8,13,Yabancı Para Pozisyonu,3,,Dövize Endeksli Varlıklar,,"Yabancı Para Pozisyonu (milyon TL), Dönem:2024/8",Dövize Endeksli Varlıklar,,TL,BDDK Aylık Bülten - Excel
2024-08-01,2024,8,13,Yabancı Para Pozisyonu,3,,Dövize Endeksli Varlıklar,,Toplam,8255.01639,8255.01639,TL,BDDK Aylık Bülten - Excel
2024-08-01,2024,8,13,Yabancı Para Pozisyonu,4,,Bilanço Dışı Varlıklar,,Unnamed: 0,Sektör,,TL,BDDK Aylık Bülten - Excel
2024-08-01,2024,8,13,Yabancı Para Pozisyonu,4,,Bilanço Dışı Varlıklar,,Unnamed: 1,4,4.0,TL,BDDK Aylık Bülten - Excel
2024-08-01,2024,8,13,Yabancı Para Pozisyonu,4,,Bilanço Dışı Varlıklar,,"Yabancı Para Pozisyonu (milyon TL), Dönem:2024/8",Bilanço Dışı Varlıklar,,TL,BDDK Aylık Bülten - Excel
2024-08-01,2024,8,13,Yabancı Para Pozisyonu,4,,Bilanço Dışı Varlıklar,,Toplam,4383521.11327,4383521.11327,TL,BDDK Aylık Bülten - Excel
2024-08-01,2024,8,13,Yabancı Para Pozisyonu,5,,Döviz Yükümlülükleri Toplamı,,Unnamed: 0,Sektör,,TL,BDDK Aylık Bülten - Excel
2024-08-01,2024,8,13,Yabancı Para Pozisyonu,5,,Döviz Yükümlülükleri Toplamı,,Unnamed: 1,5,5.0,TL,BDDK Aylık Bülten - Excel
2024-08-01,2024,8,13,Yabancı Para Pozisyonu,5,,Döviz Yükümlülükleri Toplamı,,"Yabancı Para Pozisyonu (milyon TL), Dönem:2024/8",Döviz Yükümlülükleri Toplamı,,TL,BDDK Aylık Bülten - Excel
2024-08-01,2024,8,13,Yabancı Para Pozisyonu,5,,Döviz Yükümlülükleri Toplamı,,Toplam,16267962.67208,16267962.67208,TL,BDDK Aylık Bülten - Excel
2024-08-01,2024,8,13,Yabancı Para Pozisyonu,6,,Bilanço İçi Yükümlülükler,,Unnamed: 0,Sektör,,TL,BDDK Aylık Bülten - Excel
2024-08-01,2024,8,13,Yabancı Para Pozisyonu,6,,Bilanço İçi Yükümlülükler,,Unnamed: 1,6,6.0,TL,BDDK Aylık Bülten - Excel
2024-08-01,2024,8,13,Yabancı Para Pozisyonu,6,,Bilanço İçi Yükümlülükler,,"Yabancı Para Pozisyonu (milyon TL), Dönem:2024/8",Bilanço İçi Yükümlülükler,,TL,BDDK Aylık Bülten - Excel
2024-08-01,2024,8,13,Yabancı Para Pozisyonu,6,,Bilanço İçi Yükümlülükler,,Toplam,12469844.50766,12469844.50766,TL,BDDK Aylık Bülten - Excel
2024-08-01,2024,8,13,Yabancı Para Pozisyonu,7,,Dövize Endeksli Yükümlülükler,,Unnamed: 0,Sektör,,TL,BDDK Aylık Bülten - Excel
2024-08-01,2024,8,13,Yabancı Para Pozisyonu,7,,Dövize Endeksli Yükümlülükler,,Unnamed: 1,7,7.0,TL,BDDK Aylık Bülten - Excel
2024-08-01,2024,8,13,Yabancı Para Pozisyonu,7,,Dövize Endeksli Yükümlülükler,,"Yabancı Para Pozisyonu (milyon TL), Dönem:2024/8",Dövize Endeksli Yükümlülükler,,TL,BDDK Aylık Bülten - Excel
2024-08-01,2024,8,13,Yabancı Para Pozisyonu,7,,Dövize Endeksli Yükümlülükler,,Toplam,11106.50234,11106.50234,TL,BDDK Aylık Bülten - Excel
2024-08-01,2024,8,13,Yabancı Para Pozisyonu,8,,Bilanço Dışı Yükümlülükler,,Unnamed: 0,Sektör,,TL,BDDK Aylık Bülten - Excel
2024-08-01,2024,8,13,Yabancı Para Pozisyonu,8,,Bilanço Dışı Yükümlülükler,,Unnamed: 1,8,8.0,TL,BDDK Aylık Bülten - Excel
2024-08-01,2024,8,13,Yabancı Para Pozisyonu,8,,Bilanço Dışı Yükümlülükler,,"Yabancı Para Pozisyonu (milyon TL), Dönem:2024/8",Bilanço Dışı Yükümlülükler,,TL,BDDK Aylık Bülten - Excel
2024-08-01,2024,8,13,Yabancı Para Pozisyonu,8,,Bilanço Dışı Yükümlülükler,,Toplam,3798118.16442,3798118.16442,TL,BDDK Aylık Bülten - Excel
2024-08-01,2024,8,13,Yabancı Para Pozisyonu,9,,Yabancı Para Net Genel Pozisyonu,,Unnamed: 0,Sektör,,TL,BDDK Aylık Bülten - Excel
2024-08-01,2024,8,13,Yabancı Para Pozisyonu,9,,Yabancı Para Net Genel Pozisyonu,,Unnamed: 1,9,9.0,TL,BDDK Aylık Bülten - Excel
2024-08-01,2024,8,13,Yabancı Para Pozisyonu,9,,Yabancı Para Net Genel Pozisyonu,,"Yabancı Para Pozisyonu (milyon TL), Dönem:2024/8",Yabancı Para Net Genel Pozisyonu,,TL,BDDK Aylık Bülten - Excel
2024-08-01,2024,8,13,Yabancı Para Pozisyonu,9,,Yabancı Para Net Genel Pozisyonu,,Toplam,91600.36161,91600.36161,TL,BDDK Aylık Bülten - Excel
2024-08-01,2024,8,13,Yabancı Para Pozisyonu,10,,Yasal Özkaynak,,Unnamed: 0,Sektör,,TL,BDDK Aylık Bülten - Excel
2024-08-01,2024,8,13,Yabancı Para Pozisyonu,10,,Yasal Özkaynak,,Unnamed: 1,10,10.0,TL,BDDK Aylık Bülten - Excel
2024-08-01,2024,8,13,Yabancı Para Pozisyonu,10,,Yasal Özkaynak,,"Yabancı Para Pozisyonu (milyon TL), Dönem:2024/8",Yasal Özkaynak,,TL,BDDK Aylık Bülten - Excel
2024-08-01,2024,8,13,Yabancı Para Pozisyonu,10,,Yasal Özkaynak,,Toplam,3157481.15147,3157481.15147,TL,BDDK Aylık Bülten - Excel
2024-08-01,2024,8,13,Yabancı Para Pozisyonu,11,,Yabancı Para Net Genel Pozisyon / Yasal Özkaynak Standart Oranı (Yüzde),,Unnamed: 0,Sektör,,TL,BDDK Aylık Bülten - Excel
2024-08-01,2024,8,13,Yabancı Para Pozisyonu,11,,Yabancı Para Net Genel Pozisyon / Yasal Özkaynak Standart Oranı (Yüzde),,Unnamed: 1,11,11.0,TL,BDDK Aylık Bülten - Excel
2024-08-01,2024,8,13,Yabancı Para Pozisyonu,11,,Yabancı Para Net Genel Pozisyon / Yasal Özkaynak Standart Oranı (Yüzde),,"Yabancı Para Pozisyonu (milyon TL), Dönem:2024/8",Yabancı Para Net Genel Pozisyon / Yasal Özkaynak Standart Oranı (Yüzde),,TL,BDDK Aylık Bülten - Excel
2024-08-01,2024,8,13,Yabancı Para Pozisyonu,11,,Yabancı Para Net Genel Pozisyon / Yasal Özkaynak Standart Oranı (Yüzde),,Toplam,2.901058,2.901058,TL,BDDK Aylık Bülten - Excel
2024-09-01,2024,9,13,Yabancı Para Pozisyonu,1,,Döviz Varlıkları Toplamı,,Unnamed: 0,Sektör,,TL,BDDK Aylık Bülten - Excel
2024-09-01,2024,9,13,Yabancı Para Pozisyonu,1,,Döviz Varlıkları Toplamı,,Unnamed: 1,1,1.0,TL,BDDK Aylık Bülten - Excel
2024-09-01,2024,9,13,Yabancı Para Pozisyonu,1,,Döviz Varlıkları Toplamı,,"Yabancı Para Pozisyonu (milyon TL), Dönem:2024/9",Döviz Varlıkları Toplamı,,TL,BDDK Aylık Bülten - Excel
2024-09-01,2024,9,13,Yabancı Para Pozisyonu,1,,Döviz Varlıkları Toplamı,,Toplam,16174899.24247,16174899.24247,TL,BDDK Aylık Bülten - Excel
2024-09-01,2024,9,13,Yabancı Para Pozisyonu,2,,Bilanço İçi Varlıklar,,Unnamed: 0,Sektör,,TL,BDDK Aylık Bülten - Excel
2024-09-01,2024,9,13,Yabancı Para Pozisyonu,2,,Bilanço İçi Varlıklar,,Unnamed: 1,2,2.0,TL,BDDK Aylık Bülten - Excel
2024-09-01,2024,9,13,Yabancı Para Pozisyonu,2,,Bilanço İçi Varlıklar,,"Yabancı Para Pozisyonu (milyon TL), Dönem:2024/9",Bilanço İçi Varlıklar,,TL,BDDK Aylık Bülten - Excel
2024-09-01,2024,9,13,Yabancı Para Pozisyonu,2,,Bilanço İçi Varlıklar,,Toplam,11939312.93427,11939312.93427,TL,BDDK Aylık Bülten - Excel
2024-09-01,2024,9,13,Yabancı Para Pozisyonu,3,,Dövize Endeksli Varlıklar,,Unnamed: 0,Sektör,,TL,BDDK Aylık Bülten - Excel
2024-09-01,2024,9,13,Yabancı Para Pozisyonu,3,,Dövize Endeksli Varlıklar,,Unnamed: 1,3,3.0,TL,BDDK Aylık Bülten - Excel
2024-09-01,2024,9,13,Yabancı Para Pozisyonu,3,,Dövize Endeksli Varlıklar,,"Yabancı Para Pozisyonu (milyon TL), Dönem:2024/9",Dövize Endeksli Varlıklar,,TL,BDDK Aylık Bülten - Excel
2024-09-01,2024,9,13,Yabancı Para Pozisyonu,3,,Dövize Endeksli Varlıklar,,Toplam,8115.61003,8115.61003,TL,BDDK Aylık Bülten - Excel
2024-09-01,2024,9,13,Yabancı Para Pozisyonu,4,,Bilanço Dışı Varlıklar,,Unnamed: 0,Sektör,,TL,BDDK Aylık Bülten - Excel
2024-09-01,2024,9,13,Yabancı Para Pozisyonu,4,,Bilanço Dışı Varlıklar,,Unnamed: 1,4,4.0,TL,BDDK Aylık Bülten - Excel
2024-09-01,2024,9,13,Yabancı Para Pozisyonu,4,,Bilanço Dışı Varlıklar,,"Yabancı Para Pozisyonu (milyon TL), Dönem:2024/9",Bilanço Dışı Varlıklar,,TL,BDDK Aylık Bülten - Excel
2024-09-01,2024,9,13,Yabancı Para Pozisyonu,4,,Bilanço Dışı Varlıklar,,Toplam,4235586.3082,4235586.3082,TL,BDDK Aylık Bülten - Excel
2024-09-01,2024,9,13,Yabancı Para Pozisyonu,5,,Döviz Yükümlülükleri Toplamı,,Unnamed: 0,Sektör,,TL,BDDK Aylık Bülten - Excel
2024-09-01,2024,9,13,Yabancı Para Pozisyonu,5,,Döviz Yükümlülükleri Toplamı,,Unnamed: 1,5,5.0,TL,BDDK Aylık Bülten - Excel
2024-09-01,2024,9,13,Yabancı Para Pozisyonu,5,,Döviz Yükümlülükleri Toplamı,,"Yabancı Para Pozisyonu (milyon TL), Dönem:2024/9",Döviz Yükümlülükleri Toplamı,,TL,BDDK Aylık Bülten - Excel
2024-09-01,2024,9,13,Yabancı Para Pozisyonu,5,,Döviz Yükümlülükleri Toplamı,,Toplam,16100833.35721,16100833.35721,TL,BDDK Aylık Bülten - Excel
2024-09-01,2024,9,13,Yabancı Para Pozisyonu,6,,Bilanço İçi Yükümlülükler,,Unnamed: 0,Sektör,,TL,BDDK Aylık Bülten - Excel
2024-09-01,2024,9,13,Yabancı Para Pozisyonu,6,,Bilanço İçi Yükümlülükler,,Unnamed: 1,6,6.0,TL,BDDK Aylık Bülten - Excel
2024-09-01,2024,9,13,Yabancı Para Pozisyonu,6,,Bilanço İçi Yükümlülükler,,"Yabancı Para Pozisyonu (milyon TL), Dönem:2024/9",Bilanço İçi Yükümlülükler,,TL,BDDK Aylık Bülten - Excel
2024-09-01,2024,9,13,Yabancı Para Pozisyonu,6,,Bilanço İçi Yükümlülükler,,Toplam,12551904.48146,12551904.48146,TL,BDDK Aylık Bülten - Excel
2024-09-01,2024,9,13,Yabancı Para Pozisyonu,7,,Dövize Endeksli Yükümlülükler,,Unnamed: 0,Sektör,,TL,BDDK Aylık Bülten - Excel
2024-09-01,2024,9,13,Yabancı Para Pozisyonu,7,,Dövize Endeksli Yükümlülükler,,Unnamed: 1,7,7.0,TL,BDDK Aylık Bülten - Excel
2024-09-01,2024,9,13,Yabancı Para Pozisyonu,7,,Dövize Endeksli Yükümlülükler,,"Yabancı Para Pozisyonu (milyon TL), Dönem:2024/9",Dövize Endeksli Yükümlülükler,,TL,BDDK Aylık Bülten - Excel
2024-09-01,2024,9,13,Yabancı Para Pozisyonu,7,,Dövize Endeksli Yükümlülükler,,Toplam,10265.717,10265.717,TL,BDDK Aylık Bülten - Excel
2024-09-01,2024,9,13,Yabancı Para Pozisyonu,8,,Bilanço Dışı Yükümlülükler,,Unnamed: 0,Sektör,,TL,BDDK Aylık Bülten - Excel
2024-09-01,2024,9,13,Yabancı Para Pozisyonu,8,,Bilanço Dışı Yükümlülükler,,Unnamed: 1,8,8.0,TL,BDDK Aylık Bülten - Excel
2024-09-01,2024,9,13,Yabancı Para Pozisyonu,8,,Bilanço Dışı Yükümlülükler,,"Yabancı Para Pozisyonu (milyon TL), Dönem:2024/9",Bilanço Dışı Yükümlülükler,,TL,BDDK Aylık Bülten - Excel
2024-09-01,2024,9,13,Yabancı Para Pozisyonu,8,,Bilanço Dışı Yükümlülükler,,Toplam,3548928.87575,3548928.87575,TL,BDDK Aylık Bülten - Excel
2024-09-01,2024,9,13,Yabancı Para Pozisyonu,9,,Yabancı Para Net Genel Pozisyonu,,Unnamed: 0,Sektör,,TL,BDDK Aylık Bülten - Excel
2024-09-01,2024,9,13,Yabancı Para Pozisyonu,9,,Yabancı Para Net Genel Pozisyonu,,Unnamed: 1,9,9.0,TL,BDDK Aylık Bülten - Excel
2024-09-01,2024,9,13,Yabancı Para Pozisyonu,9,,Yabancı Para Net Genel Pozisyonu,,"Yabancı Para Pozisyonu (milyon TL), Dönem:2024/9",Yabancı Para Net Genel Pozisyonu,,TL,BDDK Aylık Bülten - Excel
2024-09-01,2024,9,13,Yabancı Para Pozisyonu,9,,Yabancı Para Net Genel Pozisyonu,,Toplam,74065.88526,74065.88526,TL,BDDK Aylık Bülten - Excel
2024-09-01,2024,9,13,Yabancı Para Pozisyonu,10,,Yasal Özkaynak,,Unnamed: 0,Sektör,,TL,BDDK Aylık Bülten - Excel
2024-09-01,2024,9,13,Yabancı Para Pozisyonu,10,,Yasal Özkaynak,,Unnamed: 1,10,10.0,TL,BDDK Aylık Bülten - Excel
2024-09-01,2024,9,13,Yabancı Para Pozisyonu,10,,Yasal Özkaynak,,"Yabancı Para Pozisyonu (milyon TL), Dönem:2024/9",Yasal Özkaynak,,TL,BDDK Aylık Bülten - Excel
2024-09-01,2024,9,13,Yabancı Para Pozisyonu,10,,Yasal Özkaynak,,Toplam,3228156.70633,3228156.70633,TL,BDDK Aylık Bülten - Excel
2024-09-01,2024,9,13,Yabancı Para Pozisyonu,11,,Yabancı Para Net Genel Pozisyon / Yasal Özkaynak Standart Oranı (Yüzde),,Unnamed: 0,Sektör,,TL,BDDK Aylık Bülten - Excel
2024-09-01,2024,9,13,Yabancı Para Pozisyonu,11,,Yabancı Para Net Genel Pozisyon / Yasal Özkaynak Standart Oranı (Yüzde),,Unnamed: 1,11,11.0,TL,BDDK Aylık Bülten - Excel
2024-09-01,2024,9,13,Yabancı Para Pozisyonu,11,,Yabancı Para Net Genel Pozisyon / Yasal Özkaynak Standart Oranı (Yüzde),,"Yabancı Para Pozisyonu (milyon TL), Dönem:2024/9",Yabancı Para Net Genel Pozisyon / Yasal Özkaynak Standart Oranı (Yüzde),,TL,BDDK Aylık Bülten - Excel
2024-09-01,2024,9,13,Yabancı Para Pozisyonu,11,,Yabancı Para Net Genel Pozisyon / Yasal Özkaynak Standart Oranı (Yüzde),,Toplam,2.29437,2.29437,TL,BDDK Aylık Bülten - Excel
2024-10-01,2024,10,13,Yabancı Para Pozisyonu,1,,Döviz Varlıkları Toplamı,,Unnamed: 0,Sektör,,TL,BDDK Aylık Bülten - Excel
2024-10-01,2024,10,13,Yabancı Para Pozisyonu,1,,Döviz Varlıkları Toplamı,,Unnamed: 1,1,1.0,TL,BDDK Aylık Bülten - Excel
2024-10-01,2024,10,13,Yabancı Para Pozisyonu,1,,Döviz Varlıkları Toplamı,,"Yabancı Para Pozisyonu (milyon TL), Dönem:2024/10",Döviz Varlıkları Toplamı,,TL,BDDK Aylık Bülten - Excel
2024-10-01,2024,10,13,Yabancı Para Pozisyonu,1,,Döviz Varlıkları Toplamı,,Toplam,16218040.39747,16218040.39747,TL,BDDK Aylık Bülten - Excel
2024-10-01,2024,10,13,Yabancı Para Pozisyonu,2,,Bilanço İçi Varlıklar,,Unnamed: 0,Sektör,,TL,BDDK Aylık Bülten - Excel
2024-10-01,2024,10,13,Yabancı Para Pozisyonu,2,,Bilanço İçi Varlıklar,,Unnamed: 1,2,2.0,TL,BDDK Aylık Bülten - Excel
2024-10-01,2024,10,13,Yabancı Para Pozisyonu,2,,Bilanço İçi Varlıklar,,"Yabancı Para Pozisyonu (milyon TL), Dönem:2024/10",Bilanço İçi Varlıklar,,TL,BDDK Aylık Bülten - Excel
2024-10-01,2024,10,13,Yabancı Para Pozisyonu,2,,Bilanço İçi Varlıklar,,Toplam,11946438.39403,11946438.39403,TL,BDDK Aylık Bülten - Excel
2024-10-01,2024,10,13,Yabancı Para Pozisyonu,3,,Dövize Endeksli Varlıklar,,Unnamed: 0,Sektör,,TL,BDDK Aylık Bülten - Excel
2024-10-01,2024,10,13,Yabancı Para Pozisyonu,3,,Dövize Endeksli Varlıklar,,Unnamed: 1,3,3.0,TL,BDDK Aylık Bülten - Excel
2024-10-01,2024,10,13,Yabancı Para Pozisyonu,3,,Dövize Endeksli Varlıklar,,"Yabancı Para Pozisyonu (milyon TL), Dönem:2024/10",Dövize Endeksli Varlıklar,,TL,BDDK Aylık Bülten - Excel
2024-10-01,2024,10,13,Yabancı Para Pozisyonu,3,,Dövize Endeksli Varlıklar,,Toplam,7376.00156,7376.00156,TL,BDDK Aylık Bülten - Excel
2024-10-01,2024,10,13,Yabancı Para Pozisyonu,4,,Bilanço Dışı Varlıklar,,Unnamed: 0,Sektör,,TL,BDDK Aylık Bülten - Excel
2024-10-01,2024,10,13,Yabancı Para Pozisyonu,4,,Bilanço Dışı Varlıklar,,Unnamed: 1,4,4.0,TL,BDDK Aylık Bülten - Excel
2024-10-01,2024,10,13,Yabancı Para Pozisyonu,4,,Bilanço Dışı Varlıklar,,"Yabancı Para Pozisyonu (milyon TL), Dönem:2024/10",Bilanço Dışı Varlıklar,,TL,BDDK Aylık Bülten - Excel
2024-10-01,2024,10,13,Yabancı Para Pozisyonu,4,,Bilanço Dışı Varlıklar,,Toplam,4271602.00344,4271602.00344,TL,BDDK Aylık Bülten - Excel
2024-10-01,2024,10,13,Yabancı Para Pozisyonu,5,,Döviz Yükümlülükleri Toplamı,,Unnamed: 0,Sektör,,TL,BDDK Aylık Bülten - Excel
2024-10-01,2024,10,13,Yabancı Para Pozisyonu,5,,Döviz Yükümlülükleri Toplamı,,Unnamed: 1,5,5.0,TL,BDDK Aylık Bülten - Excel
2024-10-01,2024,10,13,Yabancı Para Pozisyonu,5,,Döviz Yükümlülükleri Toplamı,,"Yabancı Para Pozisyonu (milyon TL), Dönem:2024/10",Döviz Yükümlülükleri Toplamı,,TL,BDDK Aylık Bülten - Excel
2024-10-01,2024,10,13,Yabancı Para Pozisyonu,5,,Döviz Yükümlülükleri Toplamı,,Toplam,16156162.90385,16156162.90385,TL,BDDK Aylık Bülten - Excel
2024-10-01,2024,10,13,Yabancı Para Pozisyonu,6,,Bilanço İçi Yükümlülükler,,Unnamed: 0,Sektör,,TL,BDDK Aylık Bülten - Excel
2024-10-01,2024,10,13,Yabancı Para Pozisyonu,6,,Bilanço İçi Yükümlülükler,,Unnamed: 1,6,6.0,TL,BDDK Aylık Bülten - Excel
2024-10-01,2024,10,13,Yabancı Para Pozisyonu,6,,Bilanço İçi Yükümlülükler,,"Yabancı Para Pozisyonu (milyon TL), Dönem:2024/10",Bilanço İçi Yükümlülükler,,TL,BDDK Aylık Bülten - Excel
2024-10-01,2024,10,13,Yabancı Para Pozisyonu,6,,Bilanço İçi Yükümlülükler,,Toplam,12521326.11207,12521326.11207,TL,BDDK Aylık Bülten - Excel
2024-10-01,2024,10,13,Yabancı Para Pozisyonu,7,,Dövize Endeksli Yükümlülükler,,Unnamed: 0,Sektör,,TL,BDDK Aylık Bülten - Excel
2024-10-01,2024,10,13,Yabancı Para Pozisyonu,7,,Dövize Endeksli Yükümlülükler,,Unnamed: 1,7,7.0,TL,BDDK Aylık Bülten - Excel
2024-10-01,2024,10,13,Yabancı Para Pozisyonu,7,,Dövize Endeksli Yükümlülükler,,"Yabancı Para Pozisyonu (milyon TL), Dönem:2024/10",Dövize Endeksli Yükümlülükler,,TL,BDDK Aylık Bülten - Excel
2024-10-01,2024,10,13,Yabancı Para Pozisyonu,7,,Dövize Endeksli Yükümlülükler,,Toplam,6347.6829,6347.6829,TL,BDDK Aylık Bülten - Excel
2024-10-01,2024,10,13,Yabancı Para Pozisyonu,8,,Bilanço Dışı Yükümlülükler,,Unnamed: 0,Sektör,,TL,BDDK Aylık Bülten - Excel
2024-10-01,2024,10,13,Yabancı Para Pozisyonu,8,,Bilanço Dışı Yükümlülükler,,Unnamed: 1,8,8.0,TL,BDDK Aylık Bülten - Excel
2024-10-01,2024,10,13,Yabancı Para Pozisyonu,8,,Bilanço Dışı Yükümlülükler,,"Yabancı Para Pozisyonu (milyon TL), Dönem:2024/10",Bilanço Dışı Yükümlülükler,,TL,BDDK Aylık Bülten - Excel
2024-10-01,2024,10,13,Yabancı Para Pozisyonu,8,,Bilanço Dışı Yükümlülükler,,Toplam,3634836.79178,3634836.79178,TL,BDDK Aylık Bülten - Excel
2024-10-01,2024,10,13,Yabancı Para Pozisyonu,9,,Yabancı Para Net Genel Pozisyonu,,Unnamed: 0,Sektör,,TL,BDDK Aylık Bülten - Excel
2024-10-01,2024,10,13,Yabancı Para Pozisyonu,9,,Yabancı Para Net Genel Pozisyonu,,Unnamed: 1,9,9.0,TL,BDDK Aylık Bülten - Excel
2024-10-01,2024,10,13,Yabancı Para Pozisyonu,9,,Yabancı Para Net Genel Pozisyonu,,"Yabancı Para Pozisyonu (milyon TL), Dönem:2024/10",Yabancı Para Net Genel Pozisyonu,,TL,BDDK Aylık Bülten - Excel
2024-10-01,2024,10,13,Yabancı Para Pozisyonu,9,,Yabancı Para Net Genel Pozisyonu,,Toplam,61877.49362,61877.49362,TL,BDDK Aylık Bülten - Excel
2024-10-01,2024,10,13,Yabancı Para Pozisyonu,10,,Yasal Özkaynak,,Unnamed: 0,Sektör,,TL,BDDK Aylık Bülten - Excel
2024-10-01,2024,10,13,Yabancı Para Pozisyonu,10,,Yasal Özkaynak,,Unnamed: 1,10,10.0,TL,BDDK Aylık Bülten - Excel
2024-10-01,2024,10,13,Yabancı Para Pozisyonu,10,,Yasal Özkaynak,,"Yabancı Para Pozisyonu (milyon TL), Dönem:2024/10",Yasal Özkaynak,,TL,BDDK Aylık Bülten - Excel
2024-10-01,2024,10,13,Yabancı Para Pozisyonu,10,,Yasal Özkaynak,,Toplam,3300358.0128,3300358.0128,TL,BDDK Aylık Bülten - Excel
2024-10-01,2024,10,13,Yabancı Para Pozisyonu,11,,Yabancı Para Net Genel Pozisyon / Yasal Özkaynak Standart Oranı (Yüzde),,Unnamed: 0,Sektör,,TL,BDDK Aylık Bülten - Excel
2024-10-01,2024,10,13,Yabancı Para Pozisyonu,11,,Yabancı Para Net Genel Pozisyon / Yasal Özkaynak Standart Oranı (Yüzde),,Unnamed: 1,11,11.0,TL,BDDK Aylık Bülten - Excel
2024-10-01,2024,10,13,Yabancı Para Pozisyonu,11,,Yabancı Para Net Genel Pozisyon / Yasal Özkaynak Standart Oranı (Yüzde),,"Yabancı Para Pozisyonu (milyon TL), Dönem:2024/10",Yabancı Para Net Genel Pozisyon / Yasal Özkaynak Standart Oranı (Yüzde),,TL,BDDK Aylık Bülten - Excel
2024-10-01,2024,10,13,Yabancı Para Pozisyonu,11,,Yabancı Para Net Genel Pozisyon / Yasal Özkaynak Standart Oranı (Yüzde),,Toplam,1.874872,1.874872,TL,BDDK Aylık Bülten - Excel
2024-11-01,2024,11,13,Yabancı Para Pozisyonu,1,,Döviz Varlıkları Toplamı,,Unnamed: 0,Sektör,,TL,BDDK Aylık Bülten - Excel
2024-11-01,2024,11,13,Yabancı Para Pozisyonu,1,,Döviz Varlıkları Toplamı,,Unnamed: 1,1,1.0,TL,BDDK Aylık Bülten - Excel
2024-11-01,2024,11,13,Yabancı Para Pozisyonu,1,,Döviz Varlıkları Toplamı,,"Yabancı Para Pozisyonu (milyon TL), Dönem:2024/11",Döviz Varlıkları Toplamı,,TL,BDDK Aylık Bülten - Excel
2024-11-01,2024,11,13,Yabancı Para Pozisyonu,1,,Döviz Varlıkları Toplamı,,Toplam,16051841.63922,16051841.63922,TL,BDDK Aylık Bülten - Excel
2024-11-01,2024,11,13,Yabancı Para Pozisyonu,2,,Bilanço İçi Varlıklar,,Unnamed: 0,Sektör,,TL,BDDK Aylık Bülten - Excel
2024-11-01,2024,11,13,Yabancı Para Pozisyonu,2,,Bilanço İçi Varlıklar,,Unnamed: 1,2,2.0,TL,BDDK Aylık Bülten - Excel
2024-11-01,2024,11,13,Yabancı Para Pozisyonu,2,,Bilanço İçi Varlıklar,,"Yabancı Para Pozisyonu (milyon TL), Dönem:2024/11",Bilanço İçi Varlıklar,,TL,BDDK Aylık Bülten - Excel
2024-11-01,2024,11,13,Yabancı Para Pozisyonu,2,,Bilanço İçi Varlıklar,,Toplam,11849918.84692,11849918.84692,TL,BDDK Aylık Bülten - Excel
2024-11-01,2024,11,13,Yabancı Para Pozisyonu,3,,Dövize Endeksli Varlıklar,,Unnamed: 0,Sektör,,TL,BDDK Aylık Bülten - Excel
2024-11-01,2024,11,13,Yabancı Para Pozisyonu,3,,Dövize Endeksli Varlıklar,,Unnamed: 1,3,3.0,TL,BDDK Aylık Bülten - Excel
2024-11-01,2024,11,13,Yabancı Para Pozisyonu,3,,Dövize Endeksli Varlıklar,,"Yabancı Para Pozisyonu (milyon TL), Dönem:2024/11",Dövize Endeksli Varlıklar,,TL,BDDK Aylık Bülten - Excel
2024-11-01,2024,11,13,Yabancı Para Pozisyonu,3,,Dövize Endeksli Varlıklar,,Toplam,7160.99292,7160.99292,TL,BDDK Aylık Bülten - Excel
2024-11-01,2024,11,13,Yabancı Para Pozisyonu,4,,Bilanço Dışı Varlıklar,,Unnamed: 0,Sektör,,TL,BDDK Aylık Bülten - Excel
2024-11-01,2024,11,13,Yabancı Para Pozisyonu,4,,Bilanço Dışı Varlıklar,,Unnamed: 1,4,4.0,TL,BDDK Aylık Bülten - Excel
2024-11-01,2024,11,13,Yabancı Para Pozisyonu,4,,Bilanço Dışı Varlıklar,,"Yabancı Para Pozisyonu (milyon TL), Dönem:2024/11",Bilanço Dışı Varlıklar,,TL,BDDK Aylık Bülten - Excel
2024-11-01,2024,11,13,Yabancı Para Pozisyonu,4,,Bilanço Dışı Varlıklar,,Toplam,4201922.7923,4201922.7923,TL,BDDK Aylık Bülten - Excel
2024-11-01,2024,11,13,Yabancı Para Pozisyonu,5,,Döviz Yükümlülükleri Toplamı,,Unnamed: 0,Sektör,,TL,BDDK Aylık Bülten - Excel
2024-11-01,2024,11,13,Yabancı Para Pozisyonu,5,,Döviz Yükümlülükleri Toplamı,,Unnamed: 1,5,5.0,TL,BDDK Aylık Bülten - Excel
2024-11-01,2024,11,13,Yabancı Para Pozisyonu,5,,Döviz Yükümlülükleri Toplamı,,"Yabancı Para Pozisyonu (milyon TL), Dönem:2024/11",Döviz Yükümlülükleri Toplamı,,TL,BDDK Aylık Bülten - Excel
2024-11-01,2024,11,13,Yabancı Para Pozisyonu,5,,Döviz Yükümlülükleri Toplamı,,Toplam,15984085.81075,15984085.81075,TL,BDDK Aylık Bülten - Excel
2024-11-01,2024,11,13,Yabancı Para Pozisyonu,6,,Bilanço İçi Yükümlülükler,,Unnamed: 0,Sektör,,TL,BDDK Aylık Bülten - Excel
2024-11-01,2024,11,13,Yabancı Para Pozisyonu,6,,Bilanço İçi Yükümlülükler,,Unnamed: 1,6,6.0,TL,BDDK Aylık Bülten - Excel
2024-11-01,2024,11,13,Yabancı Para Pozisyonu,6,,Bilanço İçi Yükümlülükler,,"Yabancı Para Pozisyonu (milyon TL), Dönem:2024/11",Bilanço İçi Yükümlülükler,,TL,BDDK Aylık Bülten - Excel
2024-11-01,2024,11,13,Yabancı Para Pozisyonu,6,,Bilanço İçi Yükümlülükler,,Toplam,12444782.83484,12444782.83484,TL,BDDK Aylık Bülten - Excel
2024-11-01,2024,11,13,Yabancı Para Pozisyonu,7,,Dövize Endeksli Yükümlülükler,,Unnamed: 0,Sektör,,TL,BDDK Aylık Bülten - Excel
2024-11-01,2024,11,13,Yabancı Para Pozisyonu,7,,Dövize Endeksli Yükümlülükler,,Unnamed: 1,7,7.0,TL,BDDK Aylık Bülten - Excel
2024-11-01,2024,11,13,Yabancı Para Pozisyonu,7,,Dövize Endeksli Yükümlülükler,,"Yabancı Para Pozisyonu (milyon TL), Dönem:2024/11",Dövize Endeksli Yükümlülükler,,TL,BDDK Aylık Bülten - Excel
2024-11-01,2024,11,13,Yabancı Para Pozisyonu,7,,Dövize Endeksli Yükümlülükler,,Toplam,3494.26887,3494.26887,TL,BDDK Aylık Bülten - Excel
2024-11-01,2024,11,13,Yabancı Para Pozisyonu,8,,Bilanço Dışı Yükümlülükler,,Unnamed: 0,Sektör,,TL,BDDK Aylık Bülten - Excel
2024-11-01,2024,11,13,Yabancı Para Pozisyonu,8,,Bilanço Dışı Yükümlülükler,,Unnamed: 1,8,8.0,TL,BDDK Aylık Bülten - Excel
2024-11-01,2024,11,13,Yabancı Para Pozisyonu,8,,Bilanço Dışı Yükümlülükler,,"Yabancı Para Pozisyonu (milyon TL), Dönem:2024/11",Bilanço Dışı Yükümlülükler,,TL,BDDK Aylık Bülten - Excel
2024-11-01,2024,11,13,Yabancı Para Pozisyonu,8,,Bilanço Dışı Yükümlülükler,,Toplam,3539302.97591,3539302.97591,TL,BDDK Aylık Bülten - Excel
2024-11-01,2024,11,13,Yabancı Para Pozisyonu,9,,Yabancı Para Net Genel Pozisyonu,,Unnamed: 0,Sektör,,TL,BDDK Aylık Bülten - Excel
2024-11-01,2024,11,13,Yabancı Para Pozisyonu,9,,Yabancı Para Net Genel Pozisyonu,,Unnamed: 1,9,9.0,TL,BDDK Aylık Bülten - Excel
2024-11-01,2024,11,13,Yabancı Para Pozisyonu,9,,Yabancı Para Net Genel Pozisyonu,,"Yabancı Para Pozisyonu (milyon TL), Dönem:2024/11",Yabancı Para Net Genel Pozisyonu,,TL,BDDK Aylık Bülten - Excel
2024-11-01,2024,11,13,Yabancı Para Pozisyonu,9,,Yabancı Para Net Genel Pozisyonu,,Toplam,67755.82847,67755.82847,TL,BDDK Aylık Bülten - Excel
2024-11-01,2024,11,13,Yabancı Para Pozisyonu,10,,Yasal Özkaynak,,Unnamed: 0,Sektör,,TL,BDDK Aylık Bülten - Excel
2024-11-01,2024,11,13,Yabancı Para Pozisyonu,10,,Yasal Özkaynak,,Unnamed: 1,10,10.0,TL,BDDK Aylık Bülten - Excel
2024-11-01,2024,11,13,Yabancı Para Pozisyonu,10,,Yasal Özkaynak,,"Yabancı Para Pozisyonu (milyon TL), Dönem:2024/11",Yasal Özkaynak,,TL,BDDK Aylık Bülten - Excel
2024-11-01,2024,11,13,Yabancı Para Pozisyonu,10,,Yasal Özkaynak,,Toplam,3350422.28655,3350422.28655,TL,BDDK Aylık Bülten - Excel
2024-11-01,2024,11,13,Yabancı Para Pozisyonu,11,,Yabancı Para Net Genel Pozisyon / Yasal Özkaynak Standart Oranı (Yüzde),,Unnamed: 0,Sektör,,TL,BDDK Aylık Bülten - Excel
2024-11-01,2024,11,13,Yabancı Para Pozisyonu,11,,Yabancı Para Net Genel Pozisyon / Yasal Özkaynak Standart Oranı (Yüzde),,Unnamed: 1,11,11.0,TL,BDDK Aylık Bülten - Excel
2024-11-01,2024,11,13,Yabancı Para Pozisyonu,11,,Yabancı Para Net Genel Pozisyon / Yasal Özkaynak Standart Oranı (Yüzde),,"Yabancı Para Pozisyonu (milyon TL), Dönem:2024/11",Yabancı Para Net Genel Pozisyon / Yasal Özkaynak Standart Oranı (Yüzde),,TL,BDDK Aylık Bülten - Excel
2024-11-01,2024,11,13,Yabancı Para Pozisyonu,11,,Yabancı Para Net Genel Pozisyon / Yasal Özkaynak Standart Oranı (Yüzde),,Toplam,2.022307,2.022307,TL,BDDK Aylık Bülten - Excel
2024-12-01,2024,12,13,Yabancı Para Pozisyonu,1,,Döviz Varlıkları Toplamı,,Unnamed: 0,Sektör,,TL,BDDK Aylık Bülten - Excel
2024-12-01,2024,12,13,Yabancı Para Pozisyonu,1,,Döviz Varlıkları Toplamı,,Unnamed: 1,1,1.0,TL,BDDK Aylık Bülten - Excel
2024-12-01,2024,12,13,Yabancı Para Pozisyonu,1,,Döviz Varlıkları Toplamı,,"Yabancı Para Pozisyonu (milyon TL), Dönem:2024/12",Döviz Varlıkları Toplamı,,TL,BDDK Aylık Bülten - Excel
2024-12-01,2024,12,13,Yabancı Para Pozisyonu,1,,Döviz Varlıkları Toplamı,,Toplam,16581460.08492,16581460.08492,TL,BDDK Aylık Bülten - Excel
2024-12-01,2024,12,13,Yabancı Para Pozisyonu,2,,Bilanço İçi Varlıklar,,Unnamed: 0,Sektör,,TL,BDDK Aylık Bülten - Excel
2024-12-01,2024,12,13,Yabancı Para Pozisyonu,2,,Bilanço İçi Varlıklar,,Unnamed: 1,2,2.0,TL,BDDK Aylık Bülten - Excel
2024-12-01,2024,12,13,Yabancı Para Pozisyonu,2,,Bilanço İçi Varlıklar,,"Yabancı Para Pozisyonu (milyon TL), Dönem:2024/12",Bilanço İçi Varlıklar,,TL,BDDK Aylık Bülten - Excel
2024-12-01,2024,12,13,Yabancı Para Pozisyonu,2,,Bilanço İçi Varlıklar,,Toplam,12022157.23186,12022157.23186,TL,BDDK Aylık Bülten - Excel
2024-12-01,2024,12,13,Yabancı Para Pozisyonu,3,,Dövize Endeksli Varlıklar,,Unnamed: 0,Sektör,,TL,BDDK Aylık Bülten - Excel
2024-12-01,2024,12,13,Yabancı Para Pozisyonu,3,,Dövize Endeksli Varlıklar,,Unnamed: 1,3,3.0,TL,BDDK Aylık Bülten - Excel
2024-12-01,2024,12,13,Yabancı Para Pozisyonu,3,,Dövize Endeksli Varlıklar,,"Yabancı Para Pozisyonu (milyon TL), Dönem:2024/12",Dövize Endeksli Varlıklar,,TL,BDDK Aylık Bülten - Excel
2024-12-01,2024,12,13,Yabancı Para Pozisyonu,3,,Dövize Endeksli Varlıklar,,Toplam,6815.9005,6815.9005,TL,BDDK Aylık Bülten - Excel
2024-12-01,2024,12,13,Yabancı Para Pozisyonu,4,,Bilanço Dışı Varlıklar,,Unnamed: 0,Sektör,,TL,BDDK Aylık Bülten - Excel
2024-12-01,2024,12,13,Yabancı Para Pozisyonu,4,,Bilanço Dışı Varlıklar,,Unnamed: 1,4,4.0,TL,BDDK Aylık Bülten - Excel
2024-12-01,2024,12,13,Yabancı Para Pozisyonu,4,,Bilanço Dışı Varlıklar,,"Yabancı Para Pozisyonu (milyon TL), Dönem:2024/12",Bilanço Dışı Varlıklar,,TL,BDDK Aylık Bülten - Excel
2024-12-01,2024,12,13,Yabancı Para Pozisyonu,4,,Bilanço Dışı Varlıklar,,Toplam,4559302.85306,4559302.85306,TL,BDDK Aylık Bülten - Excel
2024-12-01,2024,12,13,Yabancı Para Pozisyonu,5,,Döviz Yükümlülükleri Toplamı,,Unnamed: 0,Sektör,,TL,BDDK Aylık Bülten - Excel
2024-12-01,2024,12,13,Yabancı Para Pozisyonu,5,,Döviz Yükümlülükleri Toplamı,,Unnamed: 1,5,5.0,TL,BDDK Aylık Bülten - Excel
2024-12-01,2024,12,13,Yabancı Para Pozisyonu,5,,Döviz Yükümlülükleri Toplamı,,"Yabancı Para Pozisyonu (milyon TL), Dönem:2024/12",Döviz Yükümlülükleri Toplamı,,TL,BDDK Aylık Bülten - Excel
2024-12-01,2024,12,13,Yabancı Para Pozisyonu,5,,Döviz Yükümlülükleri Toplamı,,Toplam,16535009.23815,16535009.23815,TL,BDDK Aylık Bülten - Excel
2024-12-01,2024,12,13,Yabancı Para Pozisyonu,6,,Bilanço İçi Yükümlülükler,,Unnamed: 0,Sektör,,TL,BDDK Aylık Bülten - Excel
2024-12-01,2024,12,13,Yabancı Para Pozisyonu,6,,Bilanço İçi Yükümlülükler,,Unnamed: 1,6,6.0,TL,BDDK Aylık Bülten - Excel
2024-12-01,2024,12,13,Yabancı Para Pozisyonu,6,,Bilanço İçi Yükümlülükler,,"Yabancı Para Pozisyonu (milyon TL), Dönem:2024/12",Bilanço İçi Yükümlülükler,,TL,BDDK Aylık Bülten - Excel
2024-12-01,2024,12,13,Yabancı Para Pozisyonu,6,,Bilanço İçi Yükümlülükler,,Toplam,12730591.01701,12730591.01701,TL,BDDK Aylık Bülten - Excel
2024-12-01,2024,12,13,Yabancı Para Pozisyonu,7,,Dövize Endeksli Yükümlülükler,,Unnamed: 0,Sektör,,TL,BDDK Aylık Bülten - Excel
2024-12-01,2024,12,13,Yabancı Para Pozisyonu,7,,Dövize Endeksli Yükümlülükler,,Unnamed: 1,7,7.0,TL,BDDK Aylık Bülten - Excel
2024-12-01,2024,12,13,Yabancı Para Pozisyonu,7,,Dövize Endeksli Yükümlülükler,,"Yabancı Para Pozisyonu (milyon TL), Dönem:2024/12",Dövize Endeksli Yükümlülükler,,TL,BDDK Aylık Bülten - Excel
2024-12-01,2024,12,13,Yabancı Para Pozisyonu,7,,Dövize Endeksli Yükümlülükler,,Toplam,3283.04676,3283.04676,TL,BDDK Aylık Bülten - Excel
2024-12-01,2024,12,13,Yabancı Para Pozisyonu,8,,Bilanço Dışı Yükümlülükler,,Unnamed: 0,Sektör,,TL,BDDK Aylık Bülten - Excel
2024-12-01,2024,12,13,Yabancı Para Pozisyonu,8,,Bilanço Dışı Yükümlülükler,,Unnamed: 1,8,8.0,TL,BDDK Aylık Bülten - Excel
2024-12-01,2024,12,13,Yabancı Para Pozisyonu,8,,Bilanço Dışı Yükümlülükler,,"Yabancı Para Pozisyonu (milyon TL), Dönem:2024/12",Bilanço Dışı Yükümlülükler,,TL,BDDK Aylık Bülten - Excel
2024-12-01,2024,12,13,Yabancı Para Pozisyonu,8,,Bilanço Dışı Yükümlülükler,,Toplam,3804418.22114,3804418.22114,TL,BDDK Aylık Bülten - Excel
2024-12-01,2024,12,13,Yabancı Para Pozisyonu,9,,Yabancı Para Net Genel Pozisyonu,,Unnamed: 0,Sektör,,TL,BDDK Aylık Bülten - Excel
2024-12-01,2024,12,13,Yabancı Para Pozisyonu,9,,Yabancı Para Net Genel Pozisyonu,,Unnamed: 1,9,9.0,TL,BDDK Aylık Bülten - Excel
2024-12-01,2024,12,13,Yabancı Para Pozisyonu,9,,Yabancı Para Net Genel Pozisyonu,,"Yabancı Para Pozisyonu (milyon TL), Dönem:2024/12",Yabancı Para Net Genel Pozisyonu,,TL,BDDK Aylık Bülten - Excel
2024-12-01,2024,12,13,Yabancı Para Pozisyonu,9,,Yabancı Para Net Genel Pozisyonu,,Toplam,46450.84677,46450.84677,TL,BDDK Aylık Bülten - Excel
2024-12-01,2024,12,13,Yabancı Para Pozisyonu,10,,Yasal Özkaynak,,Unnamed: 0,Sektör,,TL,BDDK Aylık Bülten - Excel
2024-12-01,2024,12,13,Yabancı Para Pozisyonu,10,,Yasal Özkaynak,,Unnamed: 1,10,10.0,TL,BDDK Aylık Bülten - Excel
2024-12-01,2024,12,13,Yabancı Para Pozisyonu,10,,Yasal Özkaynak,,"Yabancı Para Pozisyonu (milyon TL), Dönem:2024/12",Yasal Özkaynak,,TL,BDDK Aylık Bülten - Excel
2024-12-01,2024,12,13,Yabancı Para Pozisyonu,10,,Yasal Özkaynak,,Toplam,3496020.70888,3496020.70888,TL,BDDK Aylık Bülten - Excel
2024-12-01,2024,12,13,Yabancı Para Pozisyonu,11,,Yabancı Para Net Genel Pozisyon / Yasal Özkaynak Standart Oranı (Yüzde),,Unnamed: 0,Sektör,,TL,BDDK Aylık Bülten - Excel
2024-12-01,2024,12,13,Yabancı Para Pozisyonu,11,,Yabancı Para Net Genel Pozisyon / Yasal Özkaynak Standart Oranı (Yüzde),,Unnamed: 1,11,11.0,TL,BDDK Aylık Bülten - Excel
2024-12-01,2024,12,13,Yabancı Para Pozisyonu,11,,Yabancı Para Net Genel Pozisyon / Yasal Özkaynak Standart Oranı (Yüzde),,"Yabancı Para Pozisyonu (milyon TL), Dönem:2024/12",Yabancı Para Net Genel Pozisyon / Yasal Özkaynak Standart Oranı (Yüzde),,TL,BDDK Aylık Bülten - Excel
2024-12-01,2024,12,13,Yabancı Para Pozisyonu,11,,Yabancı Para Net Genel Pozisyon / Yasal Özkaynak Standart Oranı (Yüzde),,Toplam,1.328677,1.328677,TL,BDDK Aylık Bülten - Excel
2025-01-01,2025,1,13,Yabancı Para Pozisyonu,1,,Döviz Varlıkları Toplamı,,Unnamed: 0,Sektör,,TL,BDDK Aylık Bülten - Excel
2025-01-01,2025,1,13,Yabancı Para Pozisyonu,1,,Döviz Varlıkları Toplamı,,Unnamed: 1,1,1.0,TL,BDDK Aylık Bülten - Excel
2025-01-01,2025,1,13,Yabancı Para Pozisyonu,1,,Döviz Varlıkları Toplamı,,"Yabancı Para Pozisyonu (milyon TL), Dönem:2025/1",Döviz Varlıkları Toplamı,,TL,BDDK Aylık Bülten - Excel
2025-01-01,2025,1,13,Yabancı Para Pozisyonu,1,,Döviz Varlıkları Toplamı,,Toplam,17541964.40938,17541964.40938,TL,BDDK Aylık Bülten - Excel
2025-01-01,2025,1,13,Yabancı Para Pozisyonu,2,,Bilanço İçi Varlıklar,,Unnamed: 0,Sektör,,TL,BDDK Aylık Bülten - Excel
2025-01-01,2025,1,13,Yabancı Para Pozisyonu,2,,Bilanço İçi Varlıklar,,Unnamed: 1,2,2.0,TL,BDDK Aylık Bülten - Excel
2025-01-01,2025,1,13,Yabancı Para Pozisyonu,2,,Bilanço İçi Varlıklar,,"Yabancı Para Pozisyonu (milyon TL), Dönem:2025/1",Bilanço İçi Varlıklar,,TL,BDDK Aylık Bülten - Excel
2025-01-01,2025,1,13,Yabancı Para Pozisyonu,2,,Bilanço İçi Varlıklar,,Toplam,12537039.00852,12537039.00852,TL,BDDK Aylık Bülten - Excel
2025-01-01,2025,1,13,Yabancı Para Pozisyonu,3,,Dövize Endeksli Varlıklar,,Unnamed: 0,Sektör,,TL,BDDK Aylık Bülten - Excel
2025-01-01,2025,1,13,Yabancı Para Pozisyonu,3,,Dövize Endeksli Varlıklar,,Unnamed: 1,3,3.0,TL,BDDK Aylık Bülten - Excel
2025-01-01,2025,1,13,Yabancı Para Pozisyonu,3,,Dövize Endeksli Varlıklar,,"Yabancı Para Pozisyonu (milyon TL), Dönem:2025/1",Dövize Endeksli Varlıklar,,TL,BDDK Aylık Bülten - Excel
2025-01-01,2025,1,13,Yabancı Para Pozisyonu,3,,Dövize Endeksli Varlıklar,,Toplam,6692.155,6692.155,TL,BDDK Aylık Bülten - Excel
2025-01-01,2025,1,13,Yabancı Para Pozisyonu,4,,Bilanço Dışı Varlıklar,,Unnamed: 0,Sektör,,TL,BDDK Aylık Bülten - Excel
2025-01-01,2025,1,13,Yabancı Para Pozisyonu,4,,Bilanço Dışı Varlıklar,,Unnamed: 1,4,4.0,TL,BDDK Aylık Bülten - Excel
2025-01-01,2025,1,13,Yabancı Para Pozisyonu,4,,Bilanço Dışı Varlıklar,,"Yabancı Para Pozisyonu (milyon TL), Dönem:2025/1",Bilanço Dışı Varlıklar,,TL,BDDK Aylık Bülten - Excel
2025-01-01,2025,1,13,Yabancı Para Pozisyonu,4,,Bilanço Dışı Varlıklar,,Toplam,5004925.40086,5004925.40086,TL,BDDK Aylık Bülten - Excel
2025-01-01,2025,1,13,Yabancı Para Pozisyonu,5,,Döviz Yükümlülükleri Toplamı,,Unnamed: 0,Sektör,,TL,BDDK Aylık Bülten - Excel
2025-01-01,2025,1,13,Yabancı Para Pozisyonu,5,,Döviz Yükümlülükleri Toplamı,,Unnamed: 1,5,5.0,TL,BDDK Aylık Bülten - Excel
2025-01-01,2025,1,13,Yabancı Para Pozisyonu,5,,Döviz Yükümlülükleri Toplamı,,"Yabancı Para Pozisyonu (milyon TL), Dönem:2025/1",Döviz Yükümlülükleri Toplamı,,TL,BDDK Aylık Bülten - Excel
2025-01-01,2025,1,13,Yabancı Para Pozisyonu,5,,Döviz Yükümlülükleri Toplamı,,Toplam,17506327.34994,17506327.34994,TL,BDDK Aylık Bülten - Excel
2025-01-01,2025,1,13,Yabancı Para Pozisyonu,6,,Bilanço İçi Yükümlülükler,,Unnamed: 0,Sektör,,TL,BDDK Aylık Bülten - Excel
2025-01-01,2025,1,13,Yabancı Para Pozisyonu,6,,Bilanço İçi Yükümlülükler,,Unnamed: 1,6,6.0,TL,BDDK Aylık Bülten - Excel
2025-01-01,2025,1,13,Yabancı Para Pozisyonu,6,,Bilanço İçi Yükümlülükler,,"Yabancı Para Pozisyonu (milyon TL), Dönem:2025/1",Bilanço İçi Yükümlülükler,,TL,BDDK Aylık Bülten - Excel
2025-01-01,2025,1,13,Yabancı Para Pozisyonu,6,,Bilanço İçi Yükümlülükler,,Toplam,13069977.15265,13069977.15265,TL,BDDK Aylık Bülten - Excel
2025-01-01,2025,1,13,Yabancı Para Pozisyonu,7,,Dövize Endeksli Yükümlülükler,,Unnamed: 0,Sektör,,TL,BDDK Aylık Bülten - Excel
2025-01-01,2025,1,13,Yabancı Para Pozisyonu,7,,Dövize Endeksli Yükümlülükler,,Unnamed: 1,7,7.0,TL,BDDK Aylık Bülten - Excel
2025-01-01,2025,1,13,Yabancı Para Pozisyonu,7,,Dövize Endeksli Yükümlülükler,,"Yabancı Para Pozisyonu (milyon TL), Dönem:2025/1",Dövize Endeksli Yükümlülükler,,TL,BDDK Aylık Bülten - Excel
2025-01-01,2025,1,13,Yabancı Para Pozisyonu,7,,Dövize Endeksli Yükümlülükler,,Toplam,2293.24853,2293.24853,TL,BDDK Aylık Bülten - Excel
2025-01-01,2025,1,13,Yabancı Para Pozisyonu,8,,Bilanço Dışı Yükümlülükler,,Unnamed: 0,Sektör,,TL,BDDK Aylık Bülten - Excel
2025-01-01,2025,1,13,Yabancı Para Pozisyonu,8,,Bilanço Dışı Yükümlülükler,,Unnamed: 1,8,8.0,TL,BDDK Aylık Bülten - Excel
2025-01-01,2025,1,13,Yabancı Para Pozisyonu,8,,Bilanço Dışı Yükümlülükler,,"Yabancı Para Pozisyonu (milyon TL), Dönem:2025/1",Bilanço Dışı Yükümlülükler,,TL,BDDK Aylık Bülten - Excel
2025-01-01,2025,1,13,Yabancı Para Pozisyonu,8,,Bilanço Dışı Yükümlülükler,,Toplam,4436350.19729,4436350.19729,TL,BDDK Aylık Bülten - Excel
2025-01-01,2025,1,13,Yabancı Para Pozisyonu,9,,Yabancı Para Net Genel Pozisyonu,,Unnamed: 0,Sektör,,TL,BDDK Aylık Bülten - Excel
2025-01-01,2025,1,13,Yabancı Para Pozisyonu,9,,Yabancı Para Net Genel Pozisyonu,,Unnamed: 1,9,9.0,TL,BDDK Aylık Bülten - Excel
2025-01-01,2025,1,13,Yabancı Para Pozisyonu,9,,Yabancı Para Net Genel Pozisyonu,,"Yabancı Para Pozisyonu (milyon TL), Dönem:2025/1",Yabancı Para Net Genel Pozisyonu,,TL,BDDK Aylık Bülten - Excel
2025-01-01,2025,1,13,Yabancı Para Pozisyonu,9,,Yabancı Para Net Genel Pozisyonu,,Toplam,35637.05944,35637.05944,TL,BDDK Aylık Bülten - Excel
2025-01-01,2025,1,13,Yabancı Para Pozisyonu,10,,Yasal Özkaynak,,Unnamed: 0,Sektör,,TL,BDDK Aylık Bülten - Excel
2025-01-01,2025,1,13,Yabancı Para Pozisyonu,10,,Yasal Özkaynak,,Unnamed: 1,10,10.0,TL,BDDK Aylık Bülten - Excel
2025-01-01,2025,1,13,Yabancı Para Pozisyonu,10,,Yasal Özkaynak,,"Yabancı Para Pozisyonu (milyon TL), Dönem:2025/1",Yasal Özkaynak,,TL,BDDK Aylık Bülten - Excel
2025-01-01,2025,1,13,Yabancı Para Pozisyonu,10,,Yasal Özkaynak,,Toplam,3636254.51506,3636254.51506,TL,BDDK Aylık Bülten - Excel
2025-01-01,2025,1,13,Yabancı Para Pozisyonu,11,,Yabancı Para Net Genel Pozisyon / Yasal Özkaynak Standart Oranı (Yüzde),,Unnamed: 0,Sektör,,TL,BDDK Aylık Bülten - Excel
2025-01-01,2025,1,13,Yabancı Para Pozisyonu,11,,Yabancı Para Net Genel Pozisyon / Yasal Özkaynak Standart Oranı (Yüzde),,Unnamed: 1,11,11.0,TL,BDDK Aylık Bülten - Excel
2025-01-01,2025,1,13,Yabancı Para Pozisyonu,11,,Yabancı Para Net Genel Pozisyon / Yasal Özkaynak Standart Oranı (Yüzde),,"Yabancı Para Pozisyonu (milyon TL), Dönem:2025/1",Yabancı Para Net Genel Pozisyon / Yasal Özkaynak Standart Oranı (Yüzde),,TL,BDDK Aylık Bülten - Excel
2025-01-01,2025,1,13,Yabancı Para Pozisyonu,11,,Yabancı Para Net Genel Pozisyon / Yasal Özkaynak Standart Oranı (Yüzde),,Toplam,0.980048,0.980048,TL,BDDK Aylık Bülten - Excel
2025-02-01,2025,2,13,Yabancı Para Pozisyonu,1,,Döviz Varlıkları Toplamı,,Unnamed: 0,Sektör,,TL,BDDK Aylık Bülten - Excel
2025-02-01,2025,2,13,Yabancı Para Pozisyonu,1,,Döviz Varlıkları Toplamı,,Unnamed: 1,1,1.0,TL,BDDK Aylık Bülten - Excel
2025-02-01,2025,2,13,Yabancı Para Pozisyonu,1,,Döviz Varlıkları Toplamı,,"Yabancı Para Pozisyonu (milyon TL), Dönem:2025/2",Döviz Varlıkları Toplamı,,TL,BDDK Aylık Bülten - Excel
2025-02-01,2025,2,13,Yabancı Para Pozisyonu,1,,Döviz Varlıkları Toplamı,,Toplam,18406222.00712,18406222.00712,TL,BDDK Aylık Bülten - Excel
2025-02-01,2025,2,13,Yabancı Para Pozisyonu,2,,Bilanço İçi Varlıklar,,Unnamed: 0,Sektör,,TL,BDDK Aylık Bülten - Excel
2025-02-01,2025,2,13,Yabancı Para Pozisyonu,2,,Bilanço İçi Varlıklar,,Unnamed: 1,2,2.0,TL,BDDK Aylık Bülten - Excel
2025-02-01,2025,2,13,Yabancı Para Pozisyonu,2,,Bilanço İçi Varlıklar,,"Yabancı Para Pozisyonu (milyon TL), Dönem:2025/2",Bilanço İçi Varlıklar,,TL,BDDK Aylık Bülten - Excel
2025-02-01,2025,2,13,Yabancı Para Pozisyonu,2,,Bilanço İçi Varlıklar,,Toplam,12950173.63838,12950173.63838,TL,BDDK Aylık Bülten - Excel
2025-02-01,2025,2,13,Yabancı Para Pozisyonu,3,,Dövize Endeksli Varlıklar,,Unnamed: 0,Sektör,,TL,BDDK Aylık Bülten - Excel
2025-02-01,2025,2,13,Yabancı Para Pozisyonu,3,,Dövize Endeksli Varlıklar,,Unnamed: 1,3,3.0,TL,BDDK Aylık Bülten - Excel
2025-02-01,2025,2,13,Yabancı Para Pozisyonu,3,,Dövize Endeksli Varlıklar,,"Yabancı Para Pozisyonu (milyon TL), Dönem:2025/2",Dövize Endeksli Varlıklar,,TL,BDDK Aylık Bülten - Excel
2025-02-01,2025,2,13,Yabancı Para Pozisyonu,3,,Dövize Endeksli Varlıklar,,Toplam,6555.70121,6555.70121,TL,BDDK Aylık Bülten - Excel
2025-02-01,2025,2,13,Yabancı Para Pozisyonu,4,,Bilanço Dışı Varlıklar,,Unnamed: 0,Sektör,,TL,BDDK Aylık Bülten - Excel
2025-02-01,2025,2,13,Yabancı Para Pozisyonu,4,,Bilanço Dışı Varlıklar,,Unnamed: 1,4,4.0,TL,BDDK Aylık Bülten - Excel
2025-02-01,2025,2,13,Yabancı Para Pozisyonu,4,,Bilanço Dışı Varlıklar,,"Yabancı Para Pozisyonu (milyon TL), Dönem:2025/2",Bilanço Dışı Varlıklar,,TL,BDDK Aylık Bülten - Excel
2025-02-01,2025,2,13,Yabancı Para Pozisyonu,4,,Bilanço Dışı Varlıklar,,Toplam,5456048.36874,5456048.36874,TL,BDDK Aylık Bülten - Excel
2025-02-01,2025,2,13,Yabancı Para Pozisyonu,5,,Döviz Yükümlülükleri Toplamı,,Unnamed: 0,Sektör,,TL,BDDK Aylık Bülten - Excel
2025-02-01,2025,2,13,Yabancı Para Pozisyonu,5,,Döviz Yükümlülükleri Toplamı,,Unnamed: 1,5,5.0,TL,BDDK Aylık Bülten - Excel
2025-02-01,2025,2,13,Yabancı Para Pozisyonu,5,,Döviz Yükümlülükleri Toplamı,,"Yabancı Para Pozisyonu (milyon TL), Dönem:2025/2",Döviz Yükümlülükleri Toplamı,,TL,BDDK Aylık Bülten - Excel
2025-02-01,2025,2,13,Yabancı Para Pozisyonu,5,,Döviz Yükümlülükleri Toplamı,,Toplam,18357117.08823,18357117.08823,TL,BDDK Aylık Bülten - Excel
2025-02-01,2025,2,13,Yabancı Para Pozisyonu,6,,Bilanço İçi Yükümlülükler,,Unnamed: 0,Sektör,,TL,BDDK Aylık Bülten - Excel
2025-02-01,2025,2,13,Yabancı Para Pozisyonu,6,,Bilanço İçi Yükümlülükler,,Unnamed: 1,6,6.0,TL,BDDK Aylık Bülten - Excel
2025-02-01,2025,2,13,Yabancı Para Pozisyonu,6,,Bilanço İçi Yükümlülükler,,"Yabancı Para Pozisyonu (milyon TL), Dönem:2025/2",Bilanço İçi Yükümlülükler,,TL,BDDK Aylık Bülten - Excel
2025-02-01,2025,2,13,Yabancı Para Pozisyonu,6,,Bilanço İçi Yükümlülükler,,Toplam,13680165.09095,13680165.09095,TL,BDDK Aylık Bülten - Excel
2025-02-01,2025,2,13,Yabancı Para Pozisyonu,7,,Dövize Endeksli Yükümlülükler,,Unnamed: 0,Sektör,,TL,BDDK Aylık Bülten - Excel
2025-02-01,2025,2,13,Yabancı Para Pozisyonu,7,,Dövize Endeksli Yükümlülükler,,Unnamed: 1,7,7.0,TL,BDDK Aylık Bülten - Excel
2025-02-01,2025,2,13,Yabancı Para Pozisyonu,7,,Dövize Endeksli Yükümlülükler,,"Yabancı Para Pozisyonu (milyon TL), Dönem:2025/2",Dövize Endeksli Yükümlülükler,,TL,BDDK Aylık Bülten - Excel
2025-02-01,2025,2,13,Yabancı Para Pozisyonu,7,,Dövize Endeksli Yükümlülükler,,Toplam,1907.57153,1907.57153,TL,BDDK Aylık Bülten - Excel
2025-02-01,2025,2,13,Yabancı Para Pozisyonu,8,,Bilanço Dışı Yükümlülükler,,Unnamed: 0,Sektör,,TL,BDDK Aylık Bülten - Excel
2025-02-01,2025,2,13,Yabancı Para Pozisyonu,8,,Bilanço Dışı Yükümlülükler,,Unnamed: 1,8,8.0,TL,BDDK Aylık Bülten - Excel
2025-02-01,2025,2,13,Yabancı Para Pozisyonu,8,,Bilanço Dışı Yükümlülükler,,"Yabancı Para Pozisyonu (milyon TL), Dönem:2025/2",Bilanço Dışı Yükümlülükler,,TL,BDDK Aylık Bülten - Excel
2025-02-01,2025,2,13,Yabancı Para Pozisyonu,8,,Bilanço Dışı Yükümlülükler,,Toplam,4676951.99728,4676951.99728,TL,BDDK Aylık Bülten - Excel
2025-02-01,2025,2,13,Yabancı Para Pozisyonu,9,,Yabancı Para Net Genel Pozisyonu,,Unnamed: 0,Sektör,,TL,BDDK Aylık Bülten - Excel
2025-02-01,2025,2,13,Yabancı Para Pozisyonu,9,,Yabancı Para Net Genel Pozisyonu,,Unnamed: 1,9,9.0,TL,BDDK Aylık Bülten - Excel
2025-02-01,2025,2,13,Yabancı Para Pozisyonu,9,,Yabancı Para Net Genel Pozisyonu,,"Yabancı Para Pozisyonu (milyon TL), Dönem:2025/2",Yabancı Para Net Genel Pozisyonu,,TL,BDDK Aylık Bülten - Excel
2025-02-01,2025,2,13,Yabancı Para Pozisyonu,9,,Yabancı Para Net Genel Pozisyonu,,Toplam,49104.91889,49104.91889,TL,BDDK Aylık Bülten - Excel
2025-02-01,2025,2,13,Yabancı Para Pozisyonu,10,,Yasal Özkaynak,,Unnamed: 0,Sektör,,TL,BDDK Aylık Bülten - Excel
2025-02-01,2025,2,13,Yabancı Para Pozisyonu,10,,Yasal Özkaynak,,Unnamed: 1,10,10.0,TL,BDDK Aylık Bülten - Excel
2025-02-01,2025,2,13,Yabancı Para Pozisyonu,10,,Yasal Özkaynak,,"Yabancı Para Pozisyonu (milyon TL), Dönem:2025/2",Yasal Özkaynak,,TL,BDDK Aylık Bülten - Excel
2025-02-01,2025,2,13,Yabancı Para Pozisyonu,10,,Yasal Özkaynak,,Toplam,3740193.7254,3740193.7254,TL,BDDK Aylık Bülten - Excel
2025-02-01,2025,2,13,Yabancı Para Pozisyonu,11,,Yabancı Para Net Genel Pozisyon / Yasal Özkaynak Standart Oranı (Yüzde),,Unnamed: 0,Sektör,,TL,BDDK Aylık Bülten - Excel
2025-02-01,2025,2,13,Yabancı Para Pozisyonu,11,,Yabancı Para Net Genel Pozisyon / Yasal Özkaynak Standart Oranı (Yüzde),,Unnamed: 1,11,11.0,TL,BDDK Aylık Bülten - Excel
2025-02-01,2025,2,13,Yabancı Para Pozisyonu,11,,Yabancı Para Net Genel Pozisyon / Yasal Özkaynak Standart Oranı (Yüzde),,"Yabancı Para Pozisyonu (milyon TL), Dönem:2025/2",Yabancı Para Net Genel Pozisyon / Yasal Özkaynak Standart Oranı (Yüzde),,TL,BDDK Aylık Bülten - Excel
2025-02-01,2025,2,13,Yabancı Para Pozisyonu,11,,Yabancı Para Net Genel Pozisyon / Yasal Özkaynak Standart Oranı (Yüzde),,Toplam,1.312897,1.312897,TL,BDDK Aylık Bülten - Excel
2025-03-01,2025,3,13,Yabancı Para Pozisyonu,1,,Döviz Varlıkları Toplamı,,Unnamed: 0,Sektör,,TL,BDDK Aylık Bülten - Excel
2025-03-01,2025,3,13,Yabancı Para Pozisyonu,1,,Döviz Varlıkları Toplamı,,Unnamed: 1,1,1.0,TL,BDDK Aylık Bülten - Excel
2025-03-01,2025,3,13,Yabancı Para Pozisyonu,1,,Döviz Varlıkları Toplamı,,"Yabancı Para Pozisyonu (milyon TL), Dönem:2025/3",Döviz Varlıkları Toplamı,,TL,BDDK Aylık Bülten - Excel
2025-03-01,2025,3,13,Yabancı Para Pozisyonu,1,,Döviz Varlıkları Toplamı,,Toplam,20497047.43417,20497047.43417,TL,BDDK Aylık Bülten - Excel
2025-03-01,2025,3,13,Yabancı Para Pozisyonu,2,,Bilanço İçi Varlıklar,,Unnamed: 0,Sektör,,TL,BDDK Aylık Bülten - Excel
2025-03-01,2025,3,13,Yabancı Para Pozisyonu,2,,Bilanço İçi Varlıklar,,Unnamed: 1,2,2.0,TL,BDDK Aylık Bülten - Excel
2025-03-01,2025,3,13,Yabancı Para Pozisyonu,2,,Bilanço İçi Varlıklar,,"Yabancı Para Pozisyonu (milyon TL), Dönem:2025/3",Bilanço İçi Varlıklar,,TL,BDDK Aylık Bülten - Excel
2025-03-01,2025,3,13,Yabancı Para Pozisyonu,2,,Bilanço İçi Varlıklar,,Toplam,14234535.6321,14234535.6321,TL,BDDK Aylık Bülten - Excel
2025-03-01,2025,3,13,Yabancı Para Pozisyonu,3,,Dövize Endeksli Varlıklar,,Unnamed: 0,Sektör,,TL,BDDK Aylık Bülten - Excel
2025-03-01,2025,3,13,Yabancı Para Pozisyonu,3,,Dövize Endeksli Varlıklar,,Unnamed: 1,3,3.0,TL,BDDK Aylık Bülten - Excel
2025-03-01,2025,3,13,Yabancı Para Pozisyonu,3,,Dövize Endeksli Varlıklar,,"Yabancı Para Pozisyonu (milyon TL), Dönem:2025/3",Dövize Endeksli Varlıklar,,TL,BDDK Aylık Bülten - Excel
2025-03-01,2025,3,13,Yabancı Para Pozisyonu,3,,Dövize Endeksli Varlıklar,,Toplam,6844.19812,6844.19812,TL,BDDK Aylık Bülten - Excel
2025-03-01,2025,3,13,Yabancı Para Pozisyonu,4,,Bilanço Dışı Varlıklar,,Unnamed: 0,Sektör,,TL,BDDK Aylık Bülten - Excel
2025-03-01,2025,3,13,Yabancı Para Pozisyonu,4,,Bilanço Dışı Varlıklar,,Unnamed: 1,4,4.0,TL,BDDK Aylık Bülten - Excel
2025-03-01,2025,3,13,Yabancı Para Pozisyonu,4,,Bilanço Dışı Varlıklar,,"Yabancı Para Pozisyonu (milyon TL), Dönem:2025/3",Bilanço Dışı Varlıklar,,TL,BDDK Aylık Bülten - Excel
2025-03-01,2025,3,13,Yabancı Para Pozisyonu,4,,Bilanço Dışı Varlıklar,,Toplam,6262511.80207,6262511.80207,TL,BDDK Aylık Bülten - Excel
2025-03-01,2025,3,13,Yabancı Para Pozisyonu,5,,Döviz Yükümlülükleri Toplamı,,Unnamed: 0,Sektör,,TL,BDDK Aylık Bülten - Excel
2025-03-01,2025,3,13,Yabancı Para Pozisyonu,5,,Döviz Yükümlülükleri Toplamı,,Unnamed: 1,5,5.0,TL,BDDK Aylık Bülten - Excel
2025-03-01,2025,3,13,Yabancı Para Pozisyonu,5,,Döviz Yükümlülükleri Toplamı,,"Yabancı Para Pozisyonu (milyon TL), Dönem:2025/3",Döviz Yükümlülükleri Toplamı,,TL,BDDK Aylık Bülten - Excel
2025-03-01,2025,3,13,Yabancı Para Pozisyonu,5,,Döviz Yükümlülükleri Toplamı,,Toplam,20406379.46801,20406379.46801,TL,BDDK Aylık Bülten - Excel
2025-03-01,2025,3,13,Yabancı Para Pozisyonu,6,,Bilanço İçi Yükümlülükler,,Unnamed: 0,Sektör,,TL,BDDK Aylık Bülten - Excel
2025-03-01,2025,3,13,Yabancı Para Pozisyonu,6,,Bilanço İçi Yükümlülükler,,Unnamed: 1,6,6.0,TL,BDDK Aylık Bülten - Excel
2025-03-01,2025,3,13,Yabancı Para Pozisyonu,6,,Bilanço İçi Yükümlülükler,,"Yabancı Para Pozisyonu (milyon TL), Dönem:2025/3",Bilanço İçi Yükümlülükler,,TL,BDDK Aylık Bülten - Excel
2025-03-01,2025,3,13,Yabancı Para Pozisyonu,6,,Bilanço İçi Yükümlülükler,,Toplam,15161249.04732,15161249.04732,TL,BDDK Aylık Bülten - Excel
2025-03-01,2025,3,13,Yabancı Para Pozisyonu,7,,Dövize Endeksli Yükümlülükler,,Unnamed: 0,Sektör,,TL,BDDK Aylık Bülten - Excel
2025-03-01,2025,3,13,Yabancı Para Pozisyonu,7,,Dövize Endeksli Yükümlülükler,,Unnamed: 1,7,7.0,TL,BDDK Aylık Bülten - Excel
2025-03-01,2025,3,13,Yabancı Para Pozisyonu,7,,Dövize Endeksli Yükümlülükler,,"Yabancı Para Pozisyonu (milyon TL), Dönem:2025/3",Dövize Endeksli Yükümlülükler,,TL,BDDK Aylık Bülten - Excel
2025-03-01,2025,3,13,Yabancı Para Pozisyonu,7,,Dövize Endeksli Yükümlülükler,,Toplam,1746.54911,1746.54911,TL,BDDK Aylık Bülten - Excel
2025-03-01,2025,3,13,Yabancı Para Pozisyonu,8,,Bilanço Dışı Yükümlülükler,,Unnamed: 0,Sektör,,TL,BDDK Aylık Bülten - Excel
2025-03-01,2025,3,13,Yabancı Para Pozisyonu,8,,Bilanço Dışı Yükümlülükler,,Unnamed: 1,8,8.0,TL,BDDK Aylık Bülten - Excel
2025-03-01,2025,3,13,Yabancı Para Pozisyonu,8,,Bilanço Dışı Yükümlülükler,,"Yabancı Para Pozisyonu (milyon TL), Dönem:2025/3",Bilanço Dışı Yükümlülükler,,TL,BDDK Aylık Bülten - Excel
2025-03-01,2025,3,13,Yabancı Para Pozisyonu,8,,Bilanço Dışı Yükümlülükler,,Toplam,5245130.42069,5245130.42069,TL,BDDK Aylık Bülten - Excel
2025-03-01,2025,3,13,Yabancı Para Pozisyonu,9,,Yabancı Para Net Genel Pozisyonu,,Unnamed: 0,Sektör,,TL,BDDK Aylık Bülten - Excel
2025-03-01,2025,3,13,Yabancı Para Pozisyonu,9,,Yabancı Para Net Genel Pozisyonu,,Unnamed: 1,9,9.0,TL,BDDK Aylık Bülten - Excel
2025-03-01,2025,3,13,Yabancı Para Pozisyonu,9,,Yabancı Para Net Genel Pozisyonu,,"Yabancı Para Pozisyonu (milyon TL), Dönem:2025/3",Yabancı Para Net Genel Pozisyonu,,TL,BDDK Aylık Bülten - Excel
2025-03-01,2025,3,13,Yabancı Para Pozisyonu,9,,Yabancı Para Net Genel Pozisyonu,,Toplam,90667.96616,90667.96616,TL,BDDK Aylık Bülten - Excel
2025-03-01,2025,3,13,Yabancı Para Pozisyonu,10,,Yasal Özkaynak,,Unnamed: 0,Sektör,,TL,BDDK Aylık Bülten - Excel
2025-03-01,2025,3,13,Yabancı Para Pozisyonu,10,,Yasal Özkaynak,,Unnamed: 1,10,10.0,TL,BDDK Aylık Bülten - Excel
2025-03-01,2025,3,13,Yabancı Para Pozisyonu,10,,Yasal Özkaynak,,"Yabancı Para Pozisyonu (milyon TL), Dönem:2025/3",Yasal Özkaynak,,TL,BDDK Aylık Bülten - Excel
2025-03-01,2025,3,13,Yabancı Para Pozisyonu,10,,Yasal Özkaynak,,Toplam,3776197.21029,3776197.21029,TL,BDDK Aylık Bülten - Excel
2025-03-01,2025,3,13,Yabancı Para Pozisyonu,11,,Yabancı Para Net Genel Pozisyon / Yasal Özkaynak Standart Oranı (Yüzde),,Unnamed: 0,Sektör,,TL,BDDK Aylık Bülten - Excel
2025-03-01,2025,3,13,Yabancı Para Pozisyonu,11,,Yabancı Para Net Genel Pozisyon / Yasal Özkaynak Standart Oranı (Yüzde),,Unnamed: 1,11,11.0,TL,BDDK Aylık Bülten - Excel
2025-03-01,2025,3,13,Yabancı Para Pozisyonu,11,,Yabancı Para Net Genel Pozisyon / Yasal Özkaynak Standart Oranı (Yüzde),,"Yabancı Para Pozisyonu (milyon TL), Dönem:2025/3",Yabancı Para Net Genel Pozisyon / Yasal Özkaynak Standart Oranı (Yüzde),,TL,BDDK Aylık Bülten - Excel
2025-03-01,2025,3,13,Yabancı Para Pozisyonu,11,,Yabancı Para Net Genel Pozisyon / Yasal Özkaynak Standart Oranı (Yüzde),,Toplam,2.401038,2.401038,TL,BDDK Aylık Bülten - Excel
2025-04-01,2025,4,13,Yabancı Para Pozisyonu,1,,Döviz Varlıkları Toplamı,,Unnamed: 0,Sektör,,TL,BDDK Aylık Bülten - Excel
2025-04-01,2025,4,13,Yabancı Para Pozisyonu,1,,Döviz Varlıkları Toplamı,,Unnamed: 1,1,1.0,TL,BDDK Aylık Bülten - Excel
2025-04-01,2025,4,13,Yabancı Para Pozisyonu,1,,Döviz Varlıkları Toplamı,,"Yabancı Para Pozisyonu (milyon TL), Dönem:2025/4",Döviz Varlıkları Toplamı,,TL,BDDK Aylık Bülten - Excel
2025-04-01,2025,4,13,Yabancı Para Pozisyonu,1,,Döviz Varlıkları Toplamı,,Toplam,21111912.97019,21111912.97019,TL,BDDK Aylık Bülten - Excel
2025-04-01,2025,4,13,Yabancı Para Pozisyonu,2,,Bilanço İçi Varlıklar,,Unnamed: 0,Sektör,,TL,BDDK Aylık Bülten - Excel
2025-04-01,2025,4,13,Yabancı Para Pozisyonu,2,,Bilanço İçi Varlıklar,,Unnamed: 1,2,2.0,TL,BDDK Aylık Bülten - Excel
2025-04-01,2025,4,13,Yabancı Para Pozisyonu,2,,Bilanço İçi Varlıklar,,"Yabancı Para Pozisyonu (milyon TL), Dönem:2025/4",Bilanço İçi Varlıklar,,TL,BDDK Aylık Bülten - Excel
2025-04-01,2025,4,13,Yabancı Para Pozisyonu,2,,Bilanço İçi Varlıklar,,Toplam,15085575.41518,15085575.41518,TL,BDDK Aylık Bülten - Excel
2025-04-01,2025,4,13,Yabancı Para Pozisyonu,3,,Dövize Endeksli Varlıklar,,Unnamed: 0,Sektör,,TL,BDDK Aylık Bülten - Excel
2025-04-01,2025,4,13,Yabancı Para Pozisyonu,3,,Dövize Endeksli Varlıklar,,Unnamed: 1,3,3.0,TL,BDDK Aylık Bülten - Excel
2025-04-01,2025,4,13,Yabancı Para Pozisyonu,3,,Dövize Endeksli Varlıklar,,"Yabancı Para Pozisyonu (milyon TL), Dönem:2025/4",Dövize Endeksli Varlıklar,,TL,BDDK Aylık Bülten - Excel
2025-04-01,2025,4,13,Yabancı Para Pozisyonu,3,,Dövize Endeksli Varlıklar,,Toplam,6806.9849,6806.9849,TL,BDDK Aylık Bülten - Excel
2025-04-01,2025,4,13,Yabancı Para Pozisyonu,4,,Bilanço Dışı Varlıklar,,Unnamed: 0,Sektör,,TL,BDDK Aylık Bülten - Excel
2025-04-01,2025,4,13,Yabancı Para Pozisyonu,4,,Bilanço Dışı Varlıklar,,Unnamed: 1,4,4.0,TL,BDDK Aylık Bülten - Excel
2025-04-01,2025,4,13,Yabancı Para Pozisyonu,4,,Bilanço Dışı Varlıklar,,"Yabancı Para Pozisyonu (milyon TL), Dönem:2025/4",Bilanço Dışı Varlıklar,,TL,BDDK Aylık Bülten - Excel
2025-04-01,2025,4,13,Yabancı Para Pozisyonu,4,,Bilanço Dışı Varlıklar,,Toplam,6026337.55501,6026337.55501,TL,BDDK Aylık Bülten - Excel
2025-04-01,2025,4,13,Yabancı Para Pozisyonu,5,,Döviz Yükümlülükleri Toplamı,,Unnamed: 0,Sektör,,TL,BDDK Aylık Bülten - Excel
2025-04-01,2025,4,13,Yabancı Para Pozisyonu,5,,Döviz Yükümlülükleri Toplamı,,Unnamed: 1,5,5.0,TL,BDDK Aylık Bülten - Excel
2025-04-01,2025,4,13,Yabancı Para Pozisyonu,5,,Döviz Yükümlülükleri Toplamı,,"Yabancı Para Pozisyonu (milyon TL), Dönem:2025/4",Döviz Yükümlülükleri Toplamı,,TL,BDDK Aylık Bülten - Excel
2025-04-01,2025,4,13,Yabancı Para Pozisyonu,5,,Döviz Yükümlülükleri Toplamı,,Toplam,21068434.4705,21068434.4705,TL,BDDK Aylık Bülten - Excel
2025-04-01,2025,4,13,Yabancı Para Pozisyonu,6,,Bilanço İçi Yükümlülükler,,Unnamed: 0,Sektör,,TL,BDDK Aylık Bülten - Excel
2025-04-01,2025,4,13,Yabancı Para Pozisyonu,6,,Bilanço İçi Yükümlülükler,,Unnamed: 1,6,6.0,TL,BDDK Aylık Bülten - Excel
2025-04-01,2025,4,13,Yabancı Para Pozisyonu,6,,Bilanço İçi Yükümlülükler,,"Yabancı Para Pozisyonu (milyon TL), Dönem:2025/4",Bilanço İçi Yükümlülükler,,TL,BDDK Aylık Bülten - Excel
2025-04-01,2025,4,13,Yabancı Para Pozisyonu,6,,Bilanço İçi Yükümlülükler,,Toplam,15934413.42646,15934413.42646,TL,BDDK Aylık Bülten - Excel
2025-04-01,2025,4,13,Yabancı Para Pozisyonu,7,,Dövize Endeksli Yükümlülükler,,Unnamed: 0,Sektör,,TL,BDDK Aylık Bülten - Excel
2025-04-01,2025,4,13,Yabancı Para Pozisyonu,7,,Dövize Endeksli Yükümlülükler,,Unnamed: 1,7,7.0,TL,BDDK Aylık Bülten - Excel
2025-04-01,2025,4,13,Yabancı Para Pozisyonu,7,,Dövize Endeksli Yükümlülükler,,"Yabancı Para Pozisyonu (milyon TL), Dönem:2025/4",Dövize Endeksli Yükümlülükler,,TL,BDDK Aylık Bülten - Excel
2025-04-01,2025,4,13,Yabancı Para Pozisyonu,7,,Dövize Endeksli Yükümlülükler,,Toplam,838.69711,838.69711,TL,BDDK Aylık Bülten - Excel
2025-04-01,2025,4,13,Yabancı Para Pozisyonu,8,,Bilanço Dışı Yükümlülükler,,Unnamed: 0,Sektör,,TL,BDDK Aylık Bülten - Excel
2025-04-01,2025,4,13,Yabancı Para Pozisyonu,8,,Bilanço Dışı Yükümlülükler,,Unnamed: 1,8,8.0,TL,BDDK Aylık Bülten - Excel
2025-04-01,2025,4,13,Yabancı Para Pozisyonu,8,,Bilanço Dışı Yükümlülükler,,"Yabancı Para Pozisyonu (milyon TL), Dönem:2025/4",Bilanço Dışı Yükümlülükler,,TL,BDDK Aylık Bülten - Excel
2025-04-01,2025,4,13,Yabancı Para Pozisyonu,8,,Bilanço Dışı Yükümlülükler,,Toplam,5134021.04404,5134021.04404,TL,BDDK Aylık Bülten - Excel
2025-04-01,2025,4,13,Yabancı Para Pozisyonu,9,,Yabancı Para Net Genel Pozisyonu,,Unnamed: 0,Sektör,,TL,BDDK Aylık Bülten - Excel
2025-04-01,2025,4,13,Yabancı Para Pozisyonu,9,,Yabancı Para Net Genel Pozisyonu,,Unnamed: 1,9,9.0,TL,BDDK Aylık Bülten - Excel
2025-04-01,2025,4,13,Yabancı Para Pozisyonu,9,,Yabancı Para Net Genel Pozisyonu,,"Yabancı Para Pozisyonu (milyon TL), Dönem:2025/4",Yabancı Para Net Genel Pozisyonu,,TL,BDDK Aylık Bülten - Excel
2025-04-01,2025,4,13,Yabancı Para Pozisyonu,9,,Yabancı Para Net Genel Pozisyonu,,Toplam,43478.49969,43478.49969,TL,BDDK Aylık Bülten - Excel
2025-04-01,2025,4,13,Yabancı Para Pozisyonu,10,,Yasal Özkaynak,,Unnamed: 0,Sektör,,TL,BDDK Aylık Bülten - Excel
2025-04-01,2025,4,13,Yabancı Para Pozisyonu,10,,Yasal Özkaynak,,Unnamed: 1,10,10.0,TL,BDDK Aylık Bülten - Excel
2025-04-01,2025,4,13,Yabancı Para Pozisyonu,10,,Yasal Özkaynak,,"Yabancı Para Pozisyonu (milyon TL), Dönem:2025/4",Yasal Özkaynak,,TL,BDDK Aylık Bülten - Excel
2025-04-01,2025,4,13,Yabancı Para Pozisyonu,10,,Yasal Özkaynak,,Toplam,3885420.98534,3885420.98534,TL,BDDK Aylık Bülten - Excel
2025-04-01,2025,4,13,Yabancı Para Pozisyonu,11,,Yabancı Para Net Genel Pozisyon / Yasal Özkaynak Standart Oranı (Yüzde),,Unnamed: 0,Sektör,,TL,BDDK Aylık Bülten - Excel
2025-04-01,2025,4,13,Yabancı Para Pozisyonu,11,,Yabancı Para Net Genel Pozisyon / Yasal Özkaynak Standart Oranı (Yüzde),,Unnamed: 1,11,11.0,TL,BDDK Aylık Bülten - Excel
2025-04-01,2025,4,13,Yabancı Para Pozisyonu,11,,Yabancı Para Net Genel Pozisyon / Yasal Özkaynak Standart Oranı (Yüzde),,"Yabancı Para Pozisyonu (milyon TL), Dönem:2025/4",Yabancı Para Net Genel Pozisyon / Yasal Özkaynak Standart Oranı (Yüzde),,TL,BDDK Aylık Bülten - Excel
2025-04-01,2025,4,13,Yabancı Para Pozisyonu,11,,Yabancı Para Net Genel Pozisyon / Yasal Özkaynak Standart Oranı (Yüzde),,Toplam,1.119016,1.119016,TL,BDDK Aylık Bülten - Excel
2025-05-01,2025,5,13,Yabancı Para Pozisyonu,1,,Döviz Varlıkları Toplamı,,Unnamed: 0,Sektör,,TL,BDDK Aylık Bülten - Excel
2025-05-01,2025,5,13,Yabancı Para Pozisyonu,1,,Döviz Varlıkları Toplamı,,Unnamed: 1,1,1.0,TL,BDDK Aylık Bülten - Excel
2025-05-01,2025,5,13,Yabancı Para Pozisyonu,1,,Döviz Varlıkları Toplamı,,"Yabancı Para Pozisyonu (milyon TL), Dönem:2025/5",Döviz Varlıkları Toplamı,,TL,BDDK Aylık Bülten - Excel
2025-05-01,2025,5,13,Yabancı Para Pozisyonu,1,,Döviz Varlıkları Toplamı,,Toplam,21306368.92617,21306368.92617,TL,BDDK Aylık Bülten - Excel
2025-05-01,2025,5,13,Yabancı Para Pozisyonu,2,,Bilanço İçi Varlıklar,,Unnamed: 0,Sektör,,TL,BDDK Aylık Bülten - Excel
2025-05-01,2025,5,13,Yabancı Para Pozisyonu,2,,Bilanço İçi Varlıklar,,Unnamed: 1,2,2.0,TL,BDDK Aylık Bülten - Excel
2025-05-01,2025,5,13,Yabancı Para Pozisyonu,2,,Bilanço İçi Varlıklar,,"Yabancı Para Pozisyonu (milyon TL), Dönem:2025/5",Bilanço İçi Varlıklar,,TL,BDDK Aylık Bülten - Excel
2025-05-01,2025,5,13,Yabancı Para Pozisyonu,2,,Bilanço İçi Varlıklar,,Toplam,15115176.59583,15115176.59583,TL,BDDK Aylık Bülten - Excel
2025-05-01,2025,5,13,Yabancı Para Pozisyonu,3,,Dövize Endeksli Varlıklar,,Unnamed: 0,Sektör,,TL,BDDK Aylık Bülten - Excel
2025-05-01,2025,5,13,Yabancı Para Pozisyonu,3,,Dövize Endeksli Varlıklar,,Unnamed: 1,3,3.0,TL,BDDK Aylık Bülten - Excel
2025-05-01,2025,5,13,Yabancı Para Pozisyonu,3,,Dövize Endeksli Varlıklar,,"Yabancı Para Pozisyonu (milyon TL), Dönem:2025/5",Dövize Endeksli Varlıklar,,TL,BDDK Aylık Bülten - Excel
2025-05-01,2025,5,13,Yabancı Para Pozisyonu,3,,Dövize Endeksli Varlıklar,,Toplam,6785.69266,6785.69266,TL,BDDK Aylık Bülten - Excel
2025-05-01,2025,5,13,Yabancı Para Pozisyonu,4,,Bilanço Dışı Varlıklar,,Unnamed: 0,Sektör,,TL,BDDK Aylık Bülten - Excel
2025-05-01,2025,5,13,Yabancı Para Pozisyonu,4,,Bilanço Dışı Varlıklar,,Unnamed: 1,4,4.0,TL,BDDK Aylık Bülten - Excel
2025-05-01,2025,5,13,Yabancı Para Pozisyonu,4,,Bilanço Dışı Varlıklar,,"Yabancı Para Pozisyonu (milyon TL), Dönem:2025/5",Bilanço Dışı Varlıklar,,TL,BDDK Aylık Bülten - Excel
2025-05-01,2025,5,13,Yabancı Para Pozisyonu,4,,Bilanço Dışı Varlıklar,,Toplam,6191192.33034,6191192.33034,TL,BDDK Aylık Bülten - Excel
2025-05-01,2025,5,13,Yabancı Para Pozisyonu,5,,Döviz Yükümlülükleri Toplamı,,Unnamed: 0,Sektör,,TL,BDDK Aylık Bülten - Excel
2025-05-01,2025,5,13,Yabancı Para Pozisyonu,5,,Döviz Yükümlülükleri Toplamı,,Unnamed: 1,5,5.0,TL,BDDK Aylık Bülten - Excel
2025-05-01,2025,5,13,Yabancı Para Pozisyonu,5,,Döviz Yükümlülükleri Toplamı,,"Yabancı Para Pozisyonu (milyon TL), Dönem:2025/5",Döviz Yükümlülükleri Toplamı,,TL,BDDK Aylık Bülten - Excel
2025-05-01,2025,5,13,Yabancı Para Pozisyonu,5,,Döviz Yükümlülükleri Toplamı,,Toplam,21231917.92946,21231917.92946,TL,BDDK Aylık Bülten - Excel
2025-05-01,2025,5,13,Yabancı Para Pozisyonu,6,,Bilanço İçi Yükümlülükler,,Unnamed: 0,Sektör,,TL,BDDK Aylık Bülten - Excel
2025-05-01,2025,5,13,Yabancı Para Pozisyonu,6,,Bilanço İçi Yükümlülükler,,Unnamed: 1,6,6.0,TL,BDDK Aylık Bülten - Excel
2025-05-01,2025,5,13,Yabancı Para Pozisyonu,6,,Bilanço İçi Yükümlülükler,,"Yabancı Para Pozisyonu (milyon TL), Dönem:2025/5",Bilanço İçi Yükümlülükler,,TL,BDDK Aylık Bülten - Excel
2025-05-01,2025,5,13,Yabancı Para Pozisyonu,6,,Bilanço İçi Yükümlülükler,,Toplam,16148895.07467,16148895.07467,TL,BDDK Aylık Bülten - Excel
2025-05-01,2025,5,13,Yabancı Para Pozisyonu,7,,Dövize Endeksli Yükümlülükler,,Unnamed: 0,Sektör,,TL,BDDK Aylık Bülten - Excel
2025-05-01,2025,5,13,Yabancı Para Pozisyonu,7,,Dövize Endeksli Yükümlülükler,,Unnamed: 1,7,7.0,TL,BDDK Aylık Bülten - Excel
2025-05-01,2025,5,13,Yabancı Para Pozisyonu,7,,Dövize Endeksli Yükümlülükler,,"Yabancı Para Pozisyonu (milyon TL), Dönem:2025/5",Dövize Endeksli Yükümlülükler,,TL,BDDK Aylık Bülten - Excel
2025-05-01,2025,5,13,Yabancı Para Pozisyonu,7,,Dövize Endeksli Yükümlülükler,,Toplam,527.34711,527.34711,TL,BDDK Aylık Bülten - Excel
2025-05-01,2025,5,13,Yabancı Para Pozisyonu,8,,Bilanço Dışı Yükümlülükler,,Unnamed: 0,Sektör,,TL,BDDK Aylık Bülten - Excel
2025-05-01,2025,5,13,Yabancı Para Pozisyonu,8,,Bilanço Dışı Yükümlülükler,,Unnamed: 1,8,8.0,TL,BDDK Aylık Bülten - Excel
2025-05-01,2025,5,13,Yabancı Para Pozisyonu,8,,Bilanço Dışı Yükümlülükler,,"Yabancı Para Pozisyonu (milyon TL), Dönem:2025/5",Bilanço Dışı Yükümlülükler,,TL,BDDK Aylık Bülten - Excel
2025-05-01,2025,5,13,Yabancı Para Pozisyonu,8,,Bilanço Dışı Yükümlülükler,,Toplam,5083022.85479,5083022.85479,TL,BDDK Aylık Bülten - Excel
2025-05-01,2025,5,13,Yabancı Para Pozisyonu,9,,Yabancı Para Net Genel Pozisyonu,,Unnamed: 0,Sektör,,TL,BDDK Aylık Bülten - Excel
2025-05-01,2025,5,13,Yabancı Para Pozisyonu,9,,Yabancı Para Net Genel Pozisyonu,,Unnamed: 1,9,9.0,TL,BDDK Aylık Bülten - Excel
2025-05-01,2025,5,13,Yabancı Para Pozisyonu,9,,Yabancı Para Net Genel Pozisyonu,,"Yabancı Para Pozisyonu (milyon TL), Dönem:2025/5",Yabancı Para Net Genel Pozisyonu,,TL,BDDK Aylık Bülten - Excel
2025-05-01,2025,5,13,Yabancı Para Pozisyonu,9,,Yabancı Para Net Genel Pozisyonu,,Toplam,74450.99671,74450.99671,TL,BDDK Aylık Bülten - Excel
2025-05-01,2025,5,13,Yabancı Para Pozisyonu,10,,Yasal Özkaynak,,Unnamed: 0,Sektör,,TL,BDDK Aylık Bülten - Excel
2025-05-01,2025,5,13,Yabancı Para Pozisyonu,10,,Yasal Özkaynak,,Unnamed: 1,10,10.0,TL,BDDK Aylık Bülten - Excel
2025-05-01,2025,5,13,Yabancı Para Pozisyonu,10,,Yasal Özkaynak,,"Yabancı Para Pozisyonu (milyon TL), Dönem:2025/5",Yasal Özkaynak,,TL,BDDK Aylık Bülten - Excel
2025-05-01,2025,5,13,Yabancı Para Pozisyonu,10,,Yasal Özkaynak,,Toplam,3945103.82396,3945103.82396,TL,BDDK Aylık Bülten - Excel
2025-05-01,2025,5,13,Yabancı Para Pozisyonu,11,,Yabancı Para Net Genel Pozisyon / Yasal Özkaynak Standart Oranı (Yüzde),,Unnamed: 0,Sektör,,TL,BDDK Aylık Bülten - Excel
2025-05-01,2025,5,13,Yabancı Para Pozisyonu,11,,Yabancı Para Net Genel Pozisyon / Yasal Özkaynak Standart Oranı (Yüzde),,Unnamed: 1,11,11.0,TL,BDDK Aylık Bülten - Excel
2025-05-01,2025,5,13,Yabancı Para Pozisyonu,11,,Yabancı Para Net Genel Pozisyon / Yasal Özkaynak Standart Oranı (Yüzde),,"Yabancı Para Pozisyonu (milyon TL), Dönem:2025/5",Yabancı Para Net Genel Pozisyon / Yasal Özkaynak Standart Oranı (Yüzde),,TL,BDDK Aylık Bülten - Excel
2025-05-01,2025,5,13,Yabancı Para Pozisyonu,11,,Yabancı Para Net Genel Pozisyon / Yasal Özkaynak Standart Oranı (Yüzde),,Toplam,1.887174,1.887174,TL,BDDK Aylık Bülten - Excel
2025-06-01,2025,6,13,Yabancı Para Pozisyonu,1,,Döviz Varlıkları Toplamı,,Unnamed: 0,Sektör,,TL,BDDK Aylık Bülten - Excel
2025-06-01,2025,6,13,Yabancı Para Pozisyonu,1,,Döviz Varlıkları Toplamı,,Unnamed: 1,1,1.0,TL,BDDK Aylık Bülten - Excel
2025-06-01,2025,6,13,Yabancı Para Pozisyonu,1,,Döviz Varlıkları Toplamı,,"Yabancı Para Pozisyonu (milyon TL), Dönem:2025/6",Döviz Varlıkları Toplamı,,TL,BDDK Aylık Bülten - Excel
2025-06-01,2025,6,13,Yabancı Para Pozisyonu,1,,Döviz Varlıkları Toplamı,,Toplam,22359774.16288,22359774.16288,TL,BDDK Aylık Bülten - Excel
2025-06-01,2025,6,13,Yabancı Para Pozisyonu,2,,Bilanço İçi Varlıklar,,Unnamed: 0,Sektör,,TL,BDDK Aylık Bülten - Excel
2025-06-01,2025,6,13,Yabancı Para Pozisyonu,2,,Bilanço İçi Varlıklar,,Unnamed: 1,2,2.0,TL,BDDK Aylık Bülten - Excel
2025-06-01,2025,6,13,Yabancı Para Pozisyonu,2,,Bilanço İçi Varlıklar,,"Yabancı Para Pozisyonu (milyon TL), Dönem:2025/6",Bilanço İçi Varlıklar,,TL,BDDK Aylık Bülten - Excel
2025-06-01,2025,6,13,Yabancı Para Pozisyonu,2,,Bilanço İçi Varlıklar,,Toplam,15920293.18328,15920293.18328,TL,BDDK Aylık Bülten - Excel
2025-06-01,2025,6,13,Yabancı Para Pozisyonu,3,,Dövize Endeksli Varlıklar,,Unnamed: 0,Sektör,,TL,BDDK Aylık Bülten - Excel
2025-06-01,2025,6,13,Yabancı Para Pozisyonu,3,,Dövize Endeksli Varlıklar,,Unnamed: 1,3,3.0,TL,BDDK Aylık Bülten - Excel
2025-06-01,2025,6,13,Yabancı Para Pozisyonu,3,,Dövize Endeksli Varlıklar,,"Yabancı Para Pozisyonu (milyon TL), Dönem:2025/6",Dövize Endeksli Varlıklar,,TL,BDDK Aylık Bülten - Excel
2025-06-01,2025,6,13,Yabancı Para Pozisyonu,3,,Dövize Endeksli Varlıklar,,Toplam,6894.79504,6894.79504,TL,BDDK Aylık Bülten - Excel
2025-06-01,2025,6,13,Yabancı Para Pozisyonu,4,,Bilanço Dışı Varlıklar,,Unnamed: 0,Sektör,,TL,BDDK Aylık Bülten - Excel
2025-06-01,2025,6,13,Yabancı Para Pozisyonu,4,,Bilanço Dışı Varlıklar,,Unnamed: 1,4,4.0,TL,BDDK Aylık Bülten - Excel
2025-06-01,2025,6,13,Yabancı Para Pozisyonu,4,,Bilanço Dışı Varlıklar,,"Yabancı Para Pozisyonu (milyon TL), Dönem:2025/6",Bilanço Dışı Varlıklar,,TL,BDDK Aylık Bülten - Excel
2025-06-01,2025,6,13,Yabancı Para Pozisyonu,4,,Bilanço Dışı Varlıklar,,Toplam,6439480.9796,6439480.9796,TL,BDDK Aylık Bülten - Excel
2025-06-01,2025,6,13,Yabancı Para Pozisyonu,5,,Döviz Yükümlülükleri Toplamı,,Unnamed: 0,Sektör,,TL,BDDK Aylık Bülten - Excel
2025-06-01,2025,6,13,Yabancı Para Pozisyonu,5,,Döviz Yükümlülükleri Toplamı,,Unnamed: 1,5,5.0,TL,BDDK Aylık Bülten - Excel
2025-06-01,2025,6,13,Yabancı Para Pozisyonu,5,,Döviz Yükümlülükleri Toplamı,,"Yabancı Para Pozisyonu (milyon TL), Dönem:2025/6",Döviz Yükümlülükleri Toplamı,,TL,BDDK Aylık Bülten - Excel
2025-06-01,2025,6,13,Yabancı Para Pozisyonu,5,,Döviz Yükümlülükleri Toplamı,,Toplam,22283976.85486,22283976.85486,TL,BDDK Aylık Bülten - Excel
2025-06-01,2025,6,13,Yabancı Para Pozisyonu,6,,Bilanço İçi Yükümlülükler,,Unnamed: 0,Sektör,,TL,BDDK Aylık Bülten - Excel
2025-06-01,2025,6,13,Yabancı Para Pozisyonu,6,,Bilanço İçi Yükümlülükler,,Unnamed: 1,6,6.0,TL,BDDK Aylık Bülten - Excel
2025-06-01,2025,6,13,Yabancı Para Pozisyonu,6,,Bilanço İçi Yükümlülükler,,"Yabancı Para Pozisyonu (milyon TL), Dönem:2025/6",Bilanço İçi Yükümlülükler,,TL,BDDK Aylık Bülten - Excel
2025-06-01,2025,6,13,Yabancı Para Pozisyonu,6,,Bilanço İçi Yükümlülükler,,Toplam,16862500.14989,16862500.14989,TL,BDDK Aylık Bülten - Excel
2025-06-01,2025,6,13,Yabancı Para Pozisyonu,7,,Dövize Endeksli Yükümlülükler,,Unnamed: 0,Sektör,,TL,BDDK Aylık Bülten - Excel
2025-06-01,2025,6,13,Yabancı Para Pozisyonu,7,,Dövize Endeksli Yükümlülükler,,Unnamed: 1,7,7.0,TL,BDDK Aylık Bülten - Excel
2025-06-01,2025,6,13,Yabancı Para Pozisyonu,7,,Dövize Endeksli Yükümlülükler,,"Yabancı Para Pozisyonu (milyon TL), Dönem:2025/6",Dövize Endeksli Yükümlülükler,,TL,BDDK Aylık Bülten - Excel
2025-06-01,2025,6,13,Yabancı Para Pozisyonu,7,,Dövize Endeksli Yükümlülükler,,Toplam,723.31311,723.31311,TL,BDDK Aylık Bülten - Excel
2025-06-01,2025,6,13,Yabancı Para Pozisyonu,8,,Bilanço Dışı Yükümlülükler,,Unnamed: 0,Sektör,,TL,BDDK Aylık Bülten - Excel
2025-06-01,2025,6,13,Yabancı Para Pozisyonu,8,,Bilanço Dışı Yükümlülükler,,Unnamed: 1,8,8.0,TL,BDDK Aylık Bülten - Excel
2025-06-01,2025,6,13,Yabancı Para Pozisyonu,8,,Bilanço Dışı Yükümlülükler,,"Yabancı Para Pozisyonu (milyon TL), Dönem:2025/6",Bilanço Dışı Yükümlülükler,,TL,BDDK Aylık Bülten - Excel
2025-06-01,2025,6,13,Yabancı Para Pozisyonu,8,,Bilanço Dışı Yükümlülükler,,Toplam,5421476.70497,5421476.70497,TL,BDDK Aylık Bülten - Excel
2025-06-01,2025,6,13,Yabancı Para Pozisyonu,9,,Yabancı Para Net Genel Pozisyonu,,Unnamed: 0,Sektör,,TL,BDDK Aylık Bülten - Excel
2025-06-01,2025,6,13,Yabancı Para Pozisyonu,9,,Yabancı Para Net Genel Pozisyonu,,Unnamed: 1,9,9.0,TL,BDDK Aylık Bülten - Excel
2025-06-01,2025,6,13,Yabancı Para Pozisyonu,9,,Yabancı Para Net Genel Pozisyonu,,"Yabancı Para Pozisyonu (milyon TL), Dönem:2025/6",Yabancı Para Net Genel Pozisyonu,,TL,BDDK Aylık Bülten - Excel
2025-06-01,2025,6,13,Yabancı Para Pozisyonu,9,,Yabancı Para Net Genel Pozisyonu,,Toplam,75797.30802,75797.30802,TL,BDDK Aylık Bülten - Excel
2025-06-01,2025,6,13,Yabancı Para Pozisyonu,10,,Yasal Özkaynak,,Unnamed: 0,Sektör,,TL,BDDK Aylık Bülten - Excel
2025-06-01,2025,6,13,Yabancı Para Pozisyonu,10,,Yasal Özkaynak,,Unnamed: 1,10,10.0,TL,BDDK Aylık Bülten - Excel
2025-06-01,2025,6,13,Yabancı Para Pozisyonu,10,,Yasal Özkaynak,,"Yabancı Para Pozisyonu (milyon TL), Dönem:2025/6",Yasal Özkaynak,,TL,BDDK Aylık Bülten - Excel
2025-06-01,2025,6,13,Yabancı Para Pozisyonu,10,,Yasal Özkaynak,,Toplam,4097094.5377,4097094.5377,TL,BDDK Aylık Bülten - Excel
2025-06-01,2025,6,13,Yabancı Para Pozisyonu,11,,Yabancı Para Net Genel Pozisyon / Yasal Özkaynak Standart Oranı (Yüzde),,Unnamed: 0,Sektör,,TL,BDDK Aylık Bülten - Excel
2025-06-01,2025,6,13,Yabancı Para Pozisyonu,11,,Yabancı Para Net Genel Pozisyon / Yasal Özkaynak Standart Oranı (Yüzde),,Unnamed: 1,11,11.0,TL,BDDK Aylık Bülten - Excel
2025-06-01,2025,6,13,Yabancı Para Pozisyonu,11,,Yabancı Para Net Genel Pozisyon / Yasal Özkaynak Standart Oranı (Yüzde),,"Yabancı Para Pozisyonu (milyon TL), Dönem:2025/6",Yabancı Para Net Genel Pozisyon / Yasal Özkaynak Standart Oranı (Yüzde),,TL,BDDK Aylık Bülten - Excel
2025-06-01,2025,6,13,Yabancı Para Pozisyonu,11,,Yabancı Para Net Genel Pozisyon / Yasal Özkaynak Standart Oranı (Yüzde),,Toplam,1.850025,1.850025,TL,BDDK Aylık Bülten - Excel
2025-07-01,2025,7,13,Yabancı Para Pozisyonu,1,,Döviz Varlıkları Toplamı,,Unnamed: 0,Sektör,,TL,BDDK Aylık Bülten - Excel
2025-07-01,2025,7,13,Yabancı Para Pozisyonu,1,,Döviz Varlıkları Toplamı,,Unnamed: 1,1,1.0,TL,BDDK Aylık Bülten - Excel
2025-07-01,2025,7,13,Yabancı Para Pozisyonu,1,,Döviz Varlıkları Toplamı,,"Yabancı Para Pozisyonu (milyon TL), Dönem:2025/7",Döviz Varlıkları Toplamı,,TL,BDDK Aylık Bülten - Excel
2025-07-01,2025,7,13,Yabancı Para Pozisyonu,1,,Döviz Varlıkları Toplamı,,Toplam,22610903.39545,22610903.39545,TL,BDDK Aylık Bülten - Excel
2025-07-01,2025,7,13,Yabancı Para Pozisyonu,2,,Bilanço İçi Varlıklar,,Unnamed: 0,Sektör,,TL,BDDK Aylık Bülten - Excel
2025-07-01,2025,7,13,Yabancı Para Pozisyonu,2,,Bilanço İçi Varlıklar,,Unnamed: 1,2,2.0,TL,BDDK Aylık Bülten - Excel
2025-07-01,2025,7,13,Yabancı Para Pozisyonu,2,,Bilanço İçi Varlıklar,,"Yabancı Para Pozisyonu (milyon TL), Dönem:2025/7",Bilanço İçi Varlıklar,,TL,BDDK Aylık Bülten - Excel
2025-07-01,2025,7,13,Yabancı Para Pozisyonu,2,,Bilanço İçi Varlıklar,,Toplam,15977107.32716,15977107.32716,TL,BDDK Aylık Bülten - Excel
2025-07-01,2025,7,13,Yabancı Para Pozisyonu,3,,Dövize Endeksli Varlıklar,,Unnamed: 0,Sektör,,TL,BDDK Aylık Bülten - Excel
2025-07-01,2025,7,13,Yabancı Para Pozisyonu,3,,Dövize Endeksli Varlıklar,,Unnamed: 1,3,3.0,TL,BDDK Aylık Bülten - Excel
2025-07-01,2025,7,13,Yabancı Para Pozisyonu,3,,Dövize Endeksli Varlıklar,,"Yabancı Para Pozisyonu (milyon TL), Dönem:2025/7",Dövize Endeksli Varlıklar,,TL,BDDK Aylık Bülten - Excel
2025-07-01,2025,7,13,Yabancı Para Pozisyonu,3,,Dövize Endeksli Varlıklar,,Toplam,6708.01115,6708.01115,TL,BDDK Aylık Bülten - Excel
2025-07-01,2025,7,13,Yabancı Para Pozisyonu,4,,Bilanço Dışı Varlıklar,,Unnamed: 0,Sektör,,TL,BDDK Aylık Bülten - Excel
2025-07-01,2025,7,13,Yabancı Para Pozisyonu,4,,Bilanço Dışı Varlıklar,,Unnamed: 1,4,4.0,TL,BDDK Aylık Bülten - Excel
2025-07-01,2025,7,13,Yabancı Para Pozisyonu,4,,Bilanço Dışı Varlıklar,,"Yabancı Para Pozisyonu (milyon TL), Dönem:2025/7",Bilanço Dışı Varlıklar,,TL,BDDK Aylık Bülten - Excel
2025-07-01,2025,7,13,Yabancı Para Pozisyonu,4,,Bilanço Dışı Varlıklar,,Toplam,6633796.06829,6633796.06829,TL,BDDK Aylık Bülten - Excel
2025-07-01,2025,7,13,Yabancı Para Pozisyonu,5,,Döviz Yükümlülükleri Toplamı,,Unnamed: 0,Sektör,,TL,BDDK Aylık Bülten - Excel
2025-07-01,2025,7,13,Yabancı Para Pozisyonu,5,,Döviz Yükümlülükleri Toplamı,,Unnamed: 1,5,5.0,TL,BDDK Aylık Bülten - Excel
2025-07-01,2025,7,13,Yabancı Para Pozisyonu,5,,Döviz Yükümlülükleri Toplamı,,"Yabancı Para Pozisyonu (milyon TL), Dönem:2025/7",Döviz Yükümlülükleri Toplamı,,TL,BDDK Aylık Bülten - Excel
2025-07-01,2025,7,13,Yabancı Para Pozisyonu,5,,Döviz Yükümlülükleri Toplamı,,Toplam,22549547.98603,22549547.98603,TL,BDDK Aylık Bülten - Excel
2025-07-01,2025,7,13,Yabancı Para Pozisyonu,6,,Bilanço İçi Yükümlülükler,,Unnamed: 0,Sektör,,TL,BDDK Aylık Bülten - Excel
2025-07-01,2025,7,13,Yabancı Para Pozisyonu,6,,Bilanço İçi Yükümlülükler,,Unnamed: 1,6,6.0,TL,BDDK Aylık Bülten - Excel
2025-07-01,2025,7,13,Yabancı Para Pozisyonu,6,,Bilanço İçi Yükümlülükler,,"Yabancı Para Pozisyonu (milyon TL), Dönem:2025/7",Bilanço İçi Yükümlülükler,,TL,BDDK Aylık Bülten - Excel
2025-07-01,2025,7,13,Yabancı Para Pozisyonu,6,,Bilanço İçi Yükümlülükler,,Toplam,17284651.16166,17284651.16166,TL,BDDK Aylık Bülten - Excel
2025-07-01,2025,7,13,Yabancı Para Pozisyonu,7,,Dövize Endeksli Yükümlülükler,,Unnamed: 0,Sektör,,TL,BDDK Aylık Bülten - Excel
2025-07-01,2025,7,13,Yabancı Para Pozisyonu,7,,Dövize Endeksli Yükümlülükler,,Unnamed: 1,7,7.0,TL,BDDK Aylık Bülten - Excel
2025-07-01,2025,7,13,Yabancı Para Pozisyonu,7,,Dövize Endeksli Yükümlülükler,,"Yabancı Para Pozisyonu (milyon TL), Dönem:2025/7",Dövize Endeksli Yükümlülükler,,TL,BDDK Aylık Bülten - Excel
2025-07-01,2025,7,13,Yabancı Para Pozisyonu,7,,Dövize Endeksli Yükümlülükler,,Toplam,681.12611,681.12611,TL,BDDK Aylık Bülten - Excel
2025-07-01,2025,7,13,Yabancı Para Pozisyonu,8,,Bilanço Dışı Yükümlülükler,,Unnamed: 0,Sektör,,TL,BDDK Aylık Bülten - Excel
2025-07-01,2025,7,13,Yabancı Para Pozisyonu,8,,Bilanço Dışı Yükümlülükler,,Unnamed: 1,8,8.0,TL,BDDK Aylık Bülten - Excel
2025-07-01,2025,7,13,Yabancı Para Pozisyonu,8,,Bilanço Dışı Yükümlülükler,,"Yabancı Para Pozisyonu (milyon TL), Dönem:2025/7",Bilanço Dışı Yükümlülükler,,TL,BDDK Aylık Bülten - Excel
2025-07-01,2025,7,13,Yabancı Para Pozisyonu,8,,Bilanço Dışı Yükümlülükler,,Toplam,5264896.82437,5264896.82437,TL,BDDK Aylık Bülten - Excel
2025-07-01,2025,7,13,Yabancı Para Pozisyonu,9,,Yabancı Para Net Genel Pozisyonu,,Unnamed: 0,Sektör,,TL,BDDK Aylık Bülten - Excel
2025-07-01,2025,7,13,Yabancı Para Pozisyonu,9,,Yabancı Para Net Genel Pozisyonu,,Unnamed: 1,9,9.0,TL,BDDK Aylık Bülten - Excel
2025-07-01,2025,7,13,Yabancı Para Pozisyonu,9,,Yabancı Para Net Genel Pozisyonu,,"Yabancı Para Pozisyonu (milyon TL), Dönem:2025/7",Yabancı Para Net Genel Pozisyonu,,TL,BDDK Aylık Bülten - Excel
2025-07-01,2025,7,13,Yabancı Para Pozisyonu,9,,Yabancı Para Net Genel Pozisyonu,,Toplam,61355.40942,61355.40942,TL,BDDK Aylık Bülten - Excel
2025-07-01,2025,7,13,Yabancı Para Pozisyonu,10,,Yasal Özkaynak,,Unnamed: 0,Sektör,,TL,BDDK Aylık Bülten - Excel
2025-07-01,2025,7,13,Yabancı Para Pozisyonu,10,,Yasal Özkaynak,,Unnamed: 1,10,10.0,TL,BDDK Aylık Bülten - Excel
2025-07-01,2025,7,13,Yabancı Para Pozisyonu,10,,Yasal Özkaynak,,"Yabancı Para Pozisyonu (milyon TL), Dönem:2025/7",Yasal Özkaynak,,TL,BDDK Aylık Bülten - Excel
2025-07-01,2025,7,13,Yabancı Para Pozisyonu,10,,Yasal Özkaynak,,Toplam,4299730.69681,4299730.69681,TL,BDDK Aylık Bülten - Excel
2025-07-01,2025,7,13,Yabancı Para Pozisyonu,11,,Yabancı Para Net Genel Pozisyon / Yasal Özkaynak Standart Oranı (Yüzde),,Unnamed: 0,Sektör,,TL,BDDK Aylık Bülten - Excel
2025-07-01,2025,7,13,Yabancı Para Pozisyonu,11,,Yabancı Para Net Genel Pozisyon / Yasal Özkaynak Standart Oranı (Yüzde),,Unnamed: 1,11,11.0,TL,BDDK Aylık Bülten - Excel
2025-07-01,2025,7,13,Yabancı Para Pozisyonu,11,,Yabancı Para Net Genel Pozisyon / Yasal Özkaynak Standart Oranı (Yüzde),,"Yabancı Para Pozisyonu (milyon TL), Dönem:2025/7",Yabancı Para Net Genel Pozisyon / Yasal Özkaynak Standart Oranı (Yüzde),,TL,BDDK Aylık Bülten - Excel
2025-07-01,2025,7,13,Yabancı Para Pozisyonu,11,,Yabancı Para Net Genel Pozisyon / Yasal Özkaynak Standart Oranı (Yüzde),,Toplam,1.426959,1.426959,TL,BDDK Aylık Bülten - Excel
2025-08-01,2025,8,13,Yabancı Para Pozisyonu,1,,Döviz Varlıkları Toplamı,,Unnamed: 0,Sektör,,TL,BDDK Aylık Bülten - Excel
2025-08-01,2025,8,13,Yabancı Para Pozisyonu,1,,Döviz Varlıkları Toplamı,,Unnamed: 1,1,1.0,TL,BDDK Aylık Bülten - Excel
2025-08-01,2025,8,13,Yabancı Para Pozisyonu,1,,Döviz Varlıkları Toplamı,,"Yabancı Para Pozisyonu (milyon TL), Dönem:2025/8",Döviz Varlıkları Toplamı,,TL,BDDK Aylık Bülten - Excel
2025-08-01,2025,8,13,Yabancı Para Pozisyonu,1,,Döviz Varlıkları Toplamı,,Toplam,22959991.90391,22959991.90391,TL,BDDK Aylık Bülten - Excel
2025-08-01,2025,8,13,Yabancı Para Pozisyonu,2,,Bilanço İçi Varlıklar,,Unnamed: 0,Sektör,,TL,BDDK Aylık Bülten - Excel
2025-08-01,2025,8,13,Yabancı Para Pozisyonu,2,,Bilanço İçi Varlıklar,,Unnamed: 1,2,2.0,TL,BDDK Aylık Bülten - Excel
2025-08-01,2025,8,13,Yabancı Para Pozisyonu,2,,Bilanço İçi Varlıklar,,"Yabancı Para Pozisyonu (milyon TL), Dönem:2025/8",Bilanço İçi Varlıklar,,TL,BDDK Aylık Bülten - Excel
2025-08-01,2025,8,13,Yabancı Para Pozisyonu,2,,Bilanço İçi Varlıklar,,Toplam,16228427.93484,16228427.93484,TL,BDDK Aylık Bülten - Excel
2025-08-01,2025,8,13,Yabancı Para Pozisyonu,3,,Dövize Endeksli Varlıklar,,Unnamed: 0,Sektör,,TL,BDDK Aylık Bülten - Excel
2025-08-01,2025,8,13,Yabancı Para Pozisyonu,3,,Dövize Endeksli Varlıklar,,Unnamed: 1,3,3.0,TL,BDDK Aylık Bülten - Excel
2025-08-01,2025,8,13,Yabancı Para Pozisyonu,3,,Dövize Endeksli Varlıklar,,"Yabancı Para Pozisyonu (milyon TL), Dönem:2025/8",Dövize Endeksli Varlıklar,,TL,BDDK Aylık Bülten - Excel
2025-08-01,2025,8,13,Yabancı Para Pozisyonu,3,,Dövize Endeksli Varlıklar,,Toplam,6653.55154,6653.55154,TL,BDDK Aylık Bülten - Excel
2025-08-01,2025,8,13,Yabancı Para Pozisyonu,4,,Bilanço Dışı Varlıklar,,Unnamed: 0,Sektör,,TL,BDDK Aylık Bülten - Excel
2025-08-01,2025,8,13,Yabancı Para Pozisyonu,4,,Bilanço Dışı Varlıklar,,Unnamed: 1,4,4.0,TL,BDDK Aylık Bülten - Excel
2025-08-01,2025,8,13,Yabancı Para Pozisyonu,4,,Bilanço Dışı Varlıklar,,"Yabancı Para Pozisyonu (milyon TL), Dönem:2025/8",Bilanço Dışı Varlıklar,,TL,BDDK Aylık Bülten - Excel
2025-08-01,2025,8,13,Yabancı Para Pozisyonu,4,,Bilanço Dışı Varlıklar,,Toplam,6731563.96907,6731563.96907,TL,BDDK Aylık Bülten - Excel
2025-08-01,2025,8,13,Yabancı Para Pozisyonu,5,,Döviz Yükümlülükleri Toplamı,,Unnamed: 0,Sektör,,TL,BDDK Aylık Bülten - Excel
2025-08-01,2025,8,13,Yabancı Para Pozisyonu,5,,Döviz Yükümlülükleri Toplamı,,Unnamed: 1,5,5.0,TL,BDDK Aylık Bülten - Excel
2025-08-01,2025,8,13,Yabancı Para Pozisyonu,5,,Döviz Yükümlülükleri Toplamı,,"Yabancı Para Pozisyonu (milyon TL), Dönem:2025/8",Döviz Yükümlülükleri Toplamı,,TL,BDDK Aylık Bülten - Excel
2025-08-01,2025,8,13,Yabancı Para Pozisyonu,5,,Döviz Yükümlülükleri Toplamı,,Toplam,22895656.1787,22895656.1787,TL,BDDK Aylık Bülten - Excel
2025-08-01,2025,8,13,Yabancı Para Pozisyonu,6,,Bilanço İçi Yükümlülükler,,Unnamed: 0,Sektör,,TL,BDDK Aylık Bülten - Excel
2025-08-01,2025,8,13,Yabancı Para Pozisyonu,6,,Bilanço İçi Yükümlülükler,,Unnamed: 1,6,6.0,TL,BDDK Aylık Bülten - Excel
2025-08-01,2025,8,13,Yabancı Para Pozisyonu,6,,Bilanço İçi Yükümlülükler,,"Yabancı Para Pozisyonu (milyon TL), Dönem:2025/8",Bilanço İçi Yükümlülükler,,TL,BDDK Aylık Bülten - Excel
2025-08-01,2025,8,13,Yabancı Para Pozisyonu,6,,Bilanço İçi Yükümlülükler,,Toplam,17715357.82459,17715357.82459,TL,BDDK Aylık Bülten - Excel
2025-08-01,2025,8,13,Yabancı Para Pozisyonu,7,,Dövize Endeksli Yükümlülükler,,Unnamed: 0,Sektör,,TL,BDDK Aylık Bülten - Excel
2025-08-01,2025,8,13,Yabancı Para Pozisyonu,7,,Dövize Endeksli Yükümlülükler,,Unnamed: 1,7,7.0,TL,BDDK Aylık Bülten - Excel
2025-08-01,2025,8,13,Yabancı Para Pozisyonu,7,,Dövize Endeksli Yükümlülükler,,"Yabancı Para Pozisyonu (milyon TL), Dönem:2025/8",Dövize Endeksli Yükümlülükler,,TL,BDDK Aylık Bülten - Excel
2025-08-01,2025,8,13,Yabancı Para Pozisyonu,7,,Dövize Endeksli Yükümlülükler,,Toplam,505.27211,505.27211,TL,BDDK Aylık Bülten - Excel
2025-08-01,2025,8,13,Yabancı Para Pozisyonu,8,,Bilanço Dışı Yükümlülükler,,Unnamed: 0,Sektör,,TL,BDDK Aylık Bülten - Excel
2025-08-01,2025,8,13,Yabancı Para Pozisyonu,8,,Bilanço Dışı Yükümlülükler,,Unnamed: 1,8,8.0,TL,BDDK Aylık Bülten - Excel
2025-08-01,2025,8,13,Yabancı Para Pozisyonu,8,,Bilanço Dışı Yükümlülükler,,"Yabancı Para Pozisyonu (milyon TL), Dönem:2025/8",Bilanço Dışı Yükümlülükler,,TL,BDDK Aylık Bülten - Excel
2025-08-01,2025,8,13,Yabancı Para Pozisyonu,8,,Bilanço Dışı Yükümlülükler,,Toplam,5180298.35411,5180298.35411,TL,BDDK Aylık Bülten - Excel
2025-08-01,2025,8,13,Yabancı Para Pozisyonu,9,,Yabancı Para Net Genel Pozisyonu,,Unnamed: 0,Sektör,,TL,BDDK Aylık Bülten - Excel
2025-08-01,2025,8,13,Yabancı Para Pozisyonu,9,,Yabancı Para Net Genel Pozisyonu,,Unnamed: 1,9,9.0,TL,BDDK Aylık Bülten - Excel
2025-08-01,2025,8,13,Yabancı Para Pozisyonu,9,,Yabancı Para Net Genel Pozisyonu,,"Yabancı Para Pozisyonu (milyon TL), Dönem:2025/8",Yabancı Para Net Genel Pozisyonu,,TL,BDDK Aylık Bülten - Excel
2025-08-01,2025,8,13,Yabancı Para Pozisyonu,9,,Yabancı Para Net Genel Pozisyonu,,Toplam,64335.72521,64335.72521,TL,BDDK Aylık Bülten - Excel
2025-08-01,2025,8,13,Yabancı Para Pozisyonu,10,,Yasal Özkaynak,,Unnamed: 0,Sektör,,TL,BDDK Aylık Bülten - Excel
2025-08-01,2025,8,13,Yabancı Para Pozisyonu,10,,Yasal Özkaynak,,Unnamed: 1,10,10.0,TL,BDDK Aylık Bülten - Excel
2025-08-01,2025,8,13,Yabancı Para Pozisyonu,10,,Yasal Özkaynak,,"Yabancı Para Pozisyonu (milyon TL), Dönem:2025/8",Yasal Özkaynak,,TL,BDDK Aylık Bülten - Excel
2025-08-01,2025,8,13,Yabancı Para Pozisyonu,10,,Yasal Özkaynak,,Toplam,4389966.36986,4389966.36986,TL,BDDK Aylık Bülten - Excel
2025-08-01,2025,8,13,Yabancı Para Pozisyonu,11,,Yabancı Para Net Genel Pozisyon / Yasal Özkaynak Standart Oranı (Yüzde),,Unnamed: 0,Sektör,,TL,BDDK Aylık Bülten - Excel
2025-08-01,2025,8,13,Yabancı Para Pozisyonu,11,,Yabancı Para Net Genel Pozisyon / Yasal Özkaynak Standart Oranı (Yüzde),,Unnamed: 1,11,11.0,TL,BDDK Aylık Bülten - Excel
2025-08-01,2025,8,13,Yabancı Para Pozisyonu,11,,Yabancı Para Net Genel Pozisyon / Yasal Özkaynak Standart Oranı (Yüzde),,"Yabancı Para Pozisyonu (milyon TL), Dönem:2025/8",Yabancı Para Net Genel Pozisyon / Yasal Özkaynak Standart Oranı (Yüzde),,TL,BDDK Aylık Bülten - Excel
2025-08-01,2025,8,13,Yabancı Para Pozisyonu,11,,Yabancı Para Net Genel Pozisyon / Yasal Özkaynak Standart Oranı (Yüzde),,Toplam,1.465517,1.465517,TL,BDDK Aylık Bülten - Excel
2025-09-01,2025,9,13,Yabancı Para Pozisyonu,1,,Döviz Varlıkları Toplamı,,Unnamed: 0,Sektör,,TL,BDDK Aylık Bülten - Excel
2025-09-01,2025,9,13,Yabancı Para Pozisyonu,1,,Döviz Varlıkları Toplamı,,Unnamed: 1,1,1.0,TL,BDDK Aylık Bülten - Excel
2025-09-01,2025,9,13,Yabancı Para Pozisyonu,1,,Döviz Varlıkları Toplamı,,"Yabancı Para Pozisyonu (milyon TL), Dönem:2025/9",Döviz Varlıkları Toplamı,,TL,BDDK Aylık Bülten - Excel
2025-09-01,2025,9,13,Yabancı Para Pozisyonu,1,,Döviz Varlıkları Toplamı,,Toplam,24343026.65528,24343026.65528,TL,BDDK Aylık Bülten - Excel
2025-09-01,2025,9,13,Yabancı Para Pozisyonu,2,,Bilanço İçi Varlıklar,,Unnamed: 0,Sektör,,TL,BDDK Aylık Bülten - Excel
2025-09-01,2025,9,13,Yabancı Para Pozisyonu,2,,Bilanço İçi Varlıklar,,Unnamed: 1,2,2.0,TL,BDDK Aylık Bülten - Excel
2025-09-01,2025,9,13,Yabancı Para Pozisyonu,2,,Bilanço İçi Varlıklar,,"Yabancı Para Pozisyonu (milyon TL), Dönem:2025/9",Bilanço İçi Varlıklar,,TL,BDDK Aylık Bülten - Excel
2025-09-01,2025,9,13,Yabancı Para Pozisyonu,2,,Bilanço İçi Varlıklar,,Toplam,17122566.09412,17122566.09412,TL,BDDK Aylık Bülten - Excel
2025-09-01,2025,9,13,Yabancı Para Pozisyonu,3,,Dövize Endeksli Varlıklar,,Unnamed: 0,Sektör,,TL,BDDK Aylık Bülten - Excel
2025-09-01,2025,9,13,Yabancı Para Pozisyonu,3,,Dövize Endeksli Varlıklar,,Unnamed: 1,3,3.0,TL,BDDK Aylık Bülten - Excel
2025-09-01,2025,9,13,Yabancı Para Pozisyonu,3,,Dövize Endeksli Varlıklar,,"Yabancı Para Pozisyonu (milyon TL), Dönem:2025/9",Dövize Endeksli Varlıklar,,TL,BDDK Aylık Bülten - Excel
2025-09-01,2025,9,13,Yabancı Para Pozisyonu,3,,Dövize Endeksli Varlıklar,,Toplam,6649.64567,6649.64567,TL,BDDK Aylık Bülten - Excel
2025-09-01,2025,9,13,Yabancı Para Pozisyonu,4,,Bilanço Dışı Varlıklar,,Unnamed: 0,Sektör,,TL,BDDK Aylık Bülten - Excel
2025-09-01,2025,9,13,Yabancı Para Pozisyonu,4,,Bilanço Dışı Varlıklar,,Unnamed: 1,4,4.0,TL,BDDK Aylık Bülten - Excel
2025-09-01,2025,9,13,Yabancı Para Pozisyonu,4,,Bilanço Dışı Varlıklar,,"Yabancı Para Pozisyonu (milyon TL), Dönem:2025/9",Bilanço Dışı Varlıklar,,TL,BDDK Aylık Bülten - Excel
2025-09-01,2025,9,13,Yabancı Para Pozisyonu,4,,Bilanço Dışı Varlıklar,,Toplam,7220460.56116,7220460.56116,TL,BDDK Aylık Bülten - Excel
2025-09-01,2025,9,13,Yabancı Para Pozisyonu,5,,Döviz Yükümlülükleri Toplamı,,Unnamed: 0,Sektör,,TL,BDDK Aylık Bülten - Excel
2025-09-01,2025,9,13,Yabancı Para Pozisyonu,5,,Döviz Yükümlülükleri Toplamı,,Unnamed: 1,5,5.0,TL,BDDK Aylık Bülten - Excel
2025-09-01,2025,9,13,Yabancı Para Pozisyonu,5,,Döviz Yükümlülükleri Toplamı,,"Yabancı Para Pozisyonu (milyon TL), Dönem:2025/9",Döviz Yükümlülükleri Toplamı,,TL,BDDK Aylık Bülten - Excel
2025-09-01,2025,9,13,Yabancı Para Pozisyonu,5,,Döviz Yükümlülükleri Toplamı,,Toplam,24260164.63274,24260164.63274,TL,BDDK Aylık Bülten - Excel
2025-09-01,2025,9,13,Yabancı Para Pozisyonu,6,,Bilanço İçi Yükümlülükler,,Unnamed: 0,Sektör,,TL,BDDK Aylık Bülten - Excel
2025-09-01,2025,9,13,Yabancı Para Pozisyonu,6,,Bilanço İçi Yükümlülükler,,Unnamed: 1,6,6.0,TL,BDDK Aylık Bülten - Excel
2025-09-01,2025,9,13,Yabancı Para Pozisyonu,6,,Bilanço İçi Yükümlülükler,,"Yabancı Para Pozisyonu (milyon TL), Dönem:2025/9",Bilanço İçi Yükümlülükler,,TL,BDDK Aylık Bülten - Excel
2025-09-01,2025,9,13,Yabancı Para Pozisyonu,6,,Bilanço İçi Yükümlülükler,,Toplam,18683161.28387,18683161.28387,TL,BDDK Aylık Bülten - Excel
2025-09-01,2025,9,13,Yabancı Para Pozisyonu,7,,Dövize Endeksli Yükümlülükler,,Unnamed: 0,Sektör,,TL,BDDK Aylık Bülten - Excel
2025-09-01,2025,9,13,Yabancı Para Pozisyonu,7,,Dövize Endeksli Yükümlülükler,,Unnamed: 1,7,7.0,TL,BDDK Aylık Bülten - Excel
2025-09-01,2025,9,13,Yabancı Para Pozisyonu,7,,Dövize Endeksli Yükümlülükler,,"Yabancı Para Pozisyonu (milyon TL), Dönem:2025/9",Dövize Endeksli Yükümlülükler,,TL,BDDK Aylık Bülten - Excel
2025-09-01,2025,9,13,Yabancı Para Pozisyonu,7,,Dövize Endeksli Yükümlülükler,,Toplam,779.366,779.366,TL,BDDK Aylık Bülten - Excel
2025-09-01,2025,9,13,Yabancı Para Pozisyonu,8,,Bilanço Dışı Yükümlülükler,,Unnamed: 0,Sektör,,TL,BDDK Aylık Bülten - Excel
2025-09-01,2025,9,13,Yabancı Para Pozisyonu,8,,Bilanço Dışı Yükümlülükler,,Unnamed: 1,8,8.0,TL,BDDK Aylık Bülten - Excel
2025-09-01,2025,9,13,Yabancı Para Pozisyonu,8,,Bilanço Dışı Yükümlülükler,,"Yabancı Para Pozisyonu (milyon TL), Dönem:2025/9",Bilanço Dışı Yükümlülükler,,TL,BDDK Aylık Bülten - Excel
2025-09-01,2025,9,13,Yabancı Para Pozisyonu,8,,Bilanço Dışı Yükümlülükler,,Toplam,5577003.34887,5577003.34887,TL,BDDK Aylık Bülten - Excel
2025-09-01,2025,9,13,Yabancı Para Pozisyonu,9,,Yabancı Para Net Genel Pozisyonu,,Unnamed: 0,Sektör,,TL,BDDK Aylık Bülten - Excel
2025-09-01,2025,9,13,Yabancı Para Pozisyonu,9,,Yabancı Para Net Genel Pozisyonu,,Unnamed: 1,9,9.0,TL,BDDK Aylık Bülten - Excel
2025-09-01,2025,9,13,Yabancı Para Pozisyonu,9,,Yabancı Para Net Genel Pozisyonu,,"Yabancı Para Pozisyonu (milyon TL), Dönem:2025/9",Yabancı Para Net Genel Pozisyonu,,TL,BDDK Aylık Bülten - Excel
2025-09-01,2025,9,13,Yabancı Para Pozisyonu,9,,Yabancı Para Net Genel Pozisyonu,,Toplam,82862.02254,82862.02254,TL,BDDK Aylık Bülten - Excel
2025-09-01,2025,9,13,Yabancı Para Pozisyonu,10,,Yasal Özkaynak,,Unnamed: 0,Sektör,,TL,BDDK Aylık Bülten - Excel
2025-09-01,2025,9,13,Yabancı Para Pozisyonu,10,,Yasal Özkaynak,,Unnamed: 1,10,10.0,TL,BDDK Aylık Bülten - Excel
2025-09-01,2025,9,13,Yabancı Para Pozisyonu,10,,Yasal Özkaynak,,"Yabancı Para Pozisyonu (milyon TL), Dönem:2025/9",Yasal Özkaynak,,TL,BDDK Aylık Bülten - Excel
2025-09-01,2025,9,13,Yabancı Para Pozisyonu,10,,Yasal Özkaynak,,Toplam,4565641.02515,4565641.02515,TL,BDDK Aylık Bülten - Excel
2025-09-01,2025,9,13,Yabancı Para Pozisyonu,11,,Yabancı Para Net Genel Pozisyon / Yasal Özkaynak Standart Oranı (Yüzde),,Unnamed: 0,Sektör,,TL,BDDK Aylık Bülten - Excel
2025-09-01,2025,9,13,Yabancı Para Pozisyonu,11,,Yabancı Para Net Genel Pozisyon / Yasal Özkaynak Standart Oranı (Yüzde),,Unnamed: 1,11,11.0,TL,BDDK Aylık Bülten - Excel
2025-09-01,2025,9,13,Yabancı Para Pozisyonu,11,,Yabancı Para Net Genel Pozisyon / Yasal Özkaynak Standart Oranı (Yüzde),,"Yabancı Para Pozisyonu (milyon TL), Dönem:2025/9",Yabancı Para Net Genel Pozisyon / Yasal Özkaynak Standart Oranı (Yüzde),,TL,BDDK Aylık Bülten - Excel
2025-09-01,2025,9,13,Yabancı Para Pozisyonu,11,,Yabancı Para Net Genel Pozisyon / Yasal Özkaynak Standart Oranı (Yüzde),,Toplam,1.814904,1.814904,TL,BDDK Aylık Bülten - Excel
2025-10-01,2025,10,13,Yabancı Para Pozisyonu,1,,Döviz Varlıkları Toplamı,,Unnamed: 0,Sektör,,TL,BDDK Aylık Bülten - Excel
2025-10-01,2025,10,13,Yabancı Para Pozisyonu,1,,Döviz Varlıkları Toplamı,,Unnamed: 1,1,1.0,TL,BDDK Aylık Bülten - Excel
2025-10-01,2025,10,13,Yabancı Para Pozisyonu,1,,Döviz Varlıkları Toplamı,,"Yabancı Para Pozisyonu (milyon TL), Dönem:2025/10",Döviz Varlıkları Toplamı,,TL,BDDK Aylık Bülten - Excel
2025-10-01,2025,10,13,Yabancı Para Pozisyonu,1,,Döviz Varlıkları Toplamı,,Toplam,25495790.4131,25495790.4131,TL,BDDK Aylık Bülten - Excel
2025-10-01,2025,10,13,Yabancı Para Pozisyonu,2,,Bilanço İçi Varlıklar,,Unnamed: 0,Sektör,,TL,BDDK Aylık Bülten - Excel
2025-10-01,2025,10,13,Yabancı Para Pozisyonu,2,,Bilanço İçi Varlıklar,,Unnamed: 1,2,2.0,TL,BDDK Aylık Bülten - Excel
2025-10-01,2025,10,13,Yabancı Para Pozisyonu,2,,Bilanço İçi Varlıklar,,"Yabancı Para Pozisyonu (milyon TL), Dönem:2025/10",Bilanço İçi Varlıklar,,TL,BDDK Aylık Bülten - Excel
2025-10-01,2025,10,13,Yabancı Para Pozisyonu,2,,Bilanço İçi Varlıklar,,Toplam,17487437.26115,17487437.26115,TL,BDDK Aylık Bülten - Excel
2025-10-01,2025,10,13,Yabancı Para Pozisyonu,3,,Dövize Endeksli Varlıklar,,Unnamed: 0,Sektör,,TL,BDDK Aylık Bülten - Excel
2025-10-01,2025,10,13,Yabancı Para Pozisyonu,3,,Dövize Endeksli Varlıklar,,Unnamed: 1,3,3.0,TL,BDDK Aylık Bülten - Excel
2025-10-01,2025,10,13,Yabancı Para Pozisyonu,3,,Dövize Endeksli Varlıklar,,"Yabancı Para Pozisyonu (milyon TL), Dönem:2025/10",Dövize Endeksli Varlıklar,,TL,BDDK Aylık Bülten - Excel
2025-10-01,2025,10,13,Yabancı Para Pozisyonu,3,,Dövize Endeksli Varlıklar,,Toplam,6576.80206,6576.80206,TL,BDDK Aylık Bülten - Excel
2025-10-01,2025,10,13,Yabancı Para Pozisyonu,4,,Bilanço Dışı Varlıklar,,Unnamed: 0,Sektör,,TL,BDDK Aylık Bülten - Excel
2025-10-01,2025,10,13,Yabancı Para Pozisyonu,4,,Bilanço Dışı Varlıklar,,Unnamed: 1,4,4.0,TL,BDDK Aylık Bülten - Excel
2025-10-01,2025,10,13,Yabancı Para Pozisyonu,4,,Bilanço Dışı Varlıklar,,"Yabancı Para Pozisyonu (milyon TL), Dönem:2025/10",Bilanço Dışı Varlıklar,,TL,BDDK Aylık Bülten - Excel
2025-10-01,2025,10,13,Yabancı Para Pozisyonu,4,,Bilanço Dışı Varlıklar,,Toplam,8008353.15195,8008353.15195,TL,BDDK Aylık Bülten - Excel
2025-10-01,2025,10,13,Yabancı Para Pozisyonu,5,,Döviz Yükümlülükleri Toplamı,,Unnamed: 0,Sektör,,TL,BDDK Aylık Bülten - Excel
2025-10-01,2025,10,13,Yabancı Para Pozisyonu,5,,Döviz Yükümlülükleri Toplamı,,Unnamed: 1,5,5.0,TL,BDDK Aylık Bülten - Excel
2025-10-01,2025,10,13,Yabancı Para Pozisyonu,5,,Döviz Yükümlülükleri Toplamı,,"Yabancı Para Pozisyonu (milyon TL), Dönem:2025/10",Döviz Yükümlülükleri Toplamı,,TL,BDDK Aylık Bülten - Excel
2025-10-01,2025,10,13,Yabancı Para Pozisyonu,5,,Döviz Yükümlülükleri Toplamı,,Toplam,25424116.56275,25424116.56275,TL,BDDK Aylık Bülten - Excel
2025-10-01,2025,10,13,Yabancı Para Pozisyonu,6,,Bilanço İçi Yükümlülükler,,Unnamed: 0,Sektör,,TL,BDDK Aylık Bülten - Excel
2025-10-01,2025,10,13,Yabancı Para Pozisyonu,6,,Bilanço İçi Yükümlülükler,,Unnamed: 1,6,6.0,TL,BDDK Aylık Bülten - Excel
2025-10-01,2025,10,13,Yabancı Para Pozisyonu,6,,Bilanço İçi Yükümlülükler,,"Yabancı Para Pozisyonu (milyon TL), Dönem:2025/10",Bilanço İçi Yükümlülükler,,TL,BDDK Aylık Bülten - Excel
2025-10-01,2025,10,13,Yabancı Para Pozisyonu,6,,Bilanço İçi Yükümlülükler,,Toplam,19139824.54699,19139824.54699,TL,BDDK Aylık Bülten - Excel
2025-10-01,2025,10,13,Yabancı Para Pozisyonu,7,,Dövize Endeksli Yükümlülükler,,Unnamed: 0,Sektör,,TL,BDDK Aylık Bülten - Excel
2025-10-01,2025,10,13,Yabancı Para Pozisyonu,7,,Dövize Endeksli Yükümlülükler,,Unnamed: 1,7,7.0,TL,BDDK Aylık Bülten - Excel
2025-10-01,2025,10,13,Yabancı Para Pozisyonu,7,,Dövize Endeksli Yükümlülükler,,"Yabancı Para Pozisyonu (milyon TL), Dönem:2025/10",Dövize Endeksli Yükümlülükler,,TL,BDDK Aylık Bülten - Excel
2025-10-01,2025,10,13,Yabancı Para Pozisyonu,7,,Dövize Endeksli Yükümlülükler,,Toplam,700.691,700.691,TL,BDDK Aylık Bülten - Excel
2025-10-01,2025,10,13,Yabancı Para Pozisyonu,8,,Bilanço Dışı Yükümlülükler,,Unnamed: 0,Sektör,,TL,BDDK Aylık Bülten - Excel
2025-10-01,2025,10,13,Yabancı Para Pozisyonu,8,,Bilanço Dışı Yükümlülükler,,Unnamed: 1,8,8.0,TL,BDDK Aylık Bülten - Excel
2025-10-01,2025,10,13,Yabancı Para Pozisyonu,8,,Bilanço Dışı Yükümlülükler,,"Yabancı Para Pozisyonu (milyon TL), Dönem:2025/10",Bilanço Dışı Yükümlülükler,,TL,BDDK Aylık Bülten - Excel
2025-10-01,2025,10,13,Yabancı Para Pozisyonu,8,,Bilanço Dışı Yükümlülükler,,Toplam,6284292.01576,6284292.01576,TL,BDDK Aylık Bülten - Excel
2025-10-01,2025,10,13,Yabancı Para Pozisyonu,9,,Yabancı Para Net Genel Pozisyonu,,Unnamed: 0,Sektör,,TL,BDDK Aylık Bülten - Excel
2025-10-01,2025,10,13,Yabancı Para Pozisyonu,9,,Yabancı Para Net Genel Pozisyonu,,Unnamed: 1,9,9.0,TL,BDDK Aylık Bülten - Excel
2025-10-01,2025,10,13,Yabancı Para Pozisyonu,9,,Yabancı Para Net Genel Pozisyonu,,"Yabancı Para Pozisyonu (milyon TL), Dönem:2025/10",Yabancı Para Net Genel Pozisyonu,,TL,BDDK Aylık Bülten - Excel
2025-10-01,2025,10,13,Yabancı Para Pozisyonu,9,,Yabancı Para Net Genel Pozisyonu,,Toplam,71673.85035,71673.85035,TL,BDDK Aylık Bülten - Excel
2025-10-01,2025,10,13,Yabancı Para Pozisyonu,10,,Yasal Özkaynak,,Unnamed: 0,Sektör,,TL,BDDK Aylık Bülten - Excel
2025-10-01,2025,10,13,Yabancı Para Pozisyonu,10,,Yasal Özkaynak,,Unnamed: 1,10,10.0,TL,BDDK Aylık Bülten - Excel
2025-10-01,2025,10,13,Yabancı Para Pozisyonu,10,,Yasal Özkaynak,,"Yabancı Para Pozisyonu (milyon TL), Dönem:2025/10",Yasal Özkaynak,,TL,BDDK Aylık Bülten - Excel
2025-10-01,2025,10,13,Yabancı Para Pozisyonu,10,,Yasal Özkaynak,,Toplam,4787399.12091,4787399.12091,TL,BDDK Aylık Bülten - Excel
2025-10-01,2025,10,13,Yabancı Para Pozisyonu,11,,Yabancı Para Net Genel Pozisyon / Yasal Özkaynak Standart Oranı (Yüzde),,Unnamed: 0,Sektör,,TL,BDDK Aylık Bülten - Excel
2025-10-01,2025,10,13,Yabancı Para Pozisyonu,11,,Yabancı Para Net Genel Pozisyon / Yasal Özkaynak Standart Oranı (Yüzde),,Unnamed: 1,11,11.0,TL,BDDK Aylık Bülten - Excel
2025-10-01,2025,10,13,Yabancı Para Pozisyonu,11,,Yabancı Para Net Genel Pozisyon / Yasal Özkaynak Standart Oranı (Yüzde),,"Yabancı Para Pozisyonu (milyon TL), Dönem:2025/10",Yabancı Para Net Genel Pozisyon / Yasal Özkaynak Standart Oranı (Yüzde),,TL,BDDK Aylık Bülten - Excel
2025-10-01,2025,10,13,Yabancı Para Pozisyonu,11,,Yabancı Para Net Genel Pozisyon / Yasal Özkaynak Standart Oranı (Yüzde),,Toplam,1.497135,1.497135,TL,BDDK Aylık Bülten - Excel
2025-11-01,2025,11,13,Yabancı Para Pozisyonu,1,,Döviz Varlıkları Toplamı,,Unnamed: 0,Sektör,,TL,BDDK Aylık Bülten - Excel
2025-11-01,2025,11,13,Yabancı Para Pozisyonu,1,,Döviz Varlıkları Toplamı,,Unnamed: 1,1,1.0,TL,BDDK Aylık Bülten - Excel
2025-11-01,2025,11,13,Yabancı Para Pozisyonu,1,,Döviz Varlıkları Toplamı,,"Yabancı Para Pozisyonu (milyon TL), Dönem:2025/11",Döviz Varlıkları Toplamı,,TL,BDDK Aylık Bülten - Excel
2025-11-01,2025,11,13,Yabancı Para Pozisyonu,1,,Döviz Varlıkları Toplamı,,Toplam,25976188.05074,25976188.05074,TL,BDDK Aylık Bülten - Excel
2025-11-01,2025,11,13,Yabancı Para Pozisyonu,2,,Bilanço İçi Varlıklar,,Unnamed: 0,Sektör,,TL,BDDK Aylık Bülten - Excel
2025-11-01,2025,11,13,Yabancı Para Pozisyonu,2,,Bilanço İçi Varlıklar,,Unnamed: 1,2,2.0,TL,BDDK Aylık Bülten - Excel
2025-11-01,2025,11,13,Yabancı Para Pozisyonu,2,,Bilanço İçi Varlıklar,,"Yabancı Para Pozisyonu (milyon TL), Dönem:2025/11",Bilanço İçi Varlıklar,,TL,BDDK Aylık Bülten - Excel
2025-11-01,2025,11,13,Yabancı Para Pozisyonu,2,,Bilanço İçi Varlıklar,,Toplam,17642352.4845,17642352.4845,TL,BDDK Aylık Bülten - Excel
2025-11-01,2025,11,13,Yabancı Para Pozisyonu,3,,Dövize Endeksli Varlıklar,,Unnamed: 0,Sektör,,TL,BDDK Aylık Bülten - Excel
2025-11-01,2025,11,13,Yabancı Para Pozisyonu,3,,Dövize Endeksli Varlıklar,,Unnamed: 1,3,3.0,TL,BDDK Aylık Bülten - Excel
2025-11-01,2025,11,13,Yabancı Para Pozisyonu,3,,Dövize Endeksli Varlıklar,,"Yabancı Para Pozisyonu (milyon TL), Dönem:2025/11",Dövize Endeksli Varlıklar,,TL,BDDK Aylık Bülten - Excel
2025-11-01,2025,11,13,Yabancı Para Pozisyonu,3,,Dövize Endeksli Varlıklar,,Toplam,6655.76812,6655.76812,TL,BDDK Aylık Bülten - Excel
2025-11-01,2025,11,13,Yabancı Para Pozisyonu,4,,Bilanço Dışı Varlıklar,,Unnamed: 0,Sektör,,TL,BDDK Aylık Bülten - Excel
2025-11-01,2025,11,13,Yabancı Para Pozisyonu,4,,Bilanço Dışı Varlıklar,,Unnamed: 1,4,4.0,TL,BDDK Aylık Bülten - Excel
2025-11-01,2025,11,13,Yabancı Para Pozisyonu,4,,Bilanço Dışı Varlıklar,,"Yabancı Para Pozisyonu (milyon TL), Dönem:2025/11",Bilanço Dışı Varlıklar,,TL,BDDK Aylık Bülten - Excel
2025-11-01,2025,11,13,Yabancı Para Pozisyonu,4,,Bilanço Dışı Varlıklar,,Toplam,8333835.56624,8333835.56624,TL,BDDK Aylık Bülten - Excel
2025-11-01,2025,11,13,Yabancı Para Pozisyonu,5,,Döviz Yükümlülükleri Toplamı,,Unnamed: 0,Sektör,,TL,BDDK Aylık Bülten - Excel
2025-11-01,2025,11,13,Yabancı Para Pozisyonu,5,,Döviz Yükümlülükleri Toplamı,,Unnamed: 1,5,5.0,TL,BDDK Aylık Bülten - Excel
2025-11-01,2025,11,13,Yabancı Para Pozisyonu,5,,Döviz Yükümlülükleri Toplamı,,"Yabancı Para Pozisyonu (milyon TL), Dönem:2025/11",Döviz Yükümlülükleri Toplamı,,TL,BDDK Aylık Bülten - Excel
2025-11-01,2025,11,13,Yabancı Para Pozisyonu,5,,Döviz Yükümlülükleri Toplamı,,Toplam,25955846.13452,25955846.13452,TL,BDDK Aylık Bülten - Excel
2025-11-01,2025,11,13,Yabancı Para Pozisyonu,6,,Bilanço İçi Yükümlülükler,,Unnamed: 0,Sektör,,TL,BDDK Aylık Bülten - Excel
2025-11-01,2025,11,13,Yabancı Para Pozisyonu,6,,Bilanço İçi Yükümlülükler,,Unnamed: 1,6,6.0,TL,BDDK Aylık Bülten - Excel
2025-11-01,2025,11,13,Yabancı Para Pozisyonu,6,,Bilanço İçi Yükümlülükler,,"Yabancı Para Pozisyonu (milyon TL), Dönem:2025/11",Bilanço İçi Yükümlülükler,,TL,BDDK Aylık Bülten - Excel
2025-11-01,2025,11,13,Yabancı Para Pozisyonu,6,,Bilanço İçi Yükümlülükler,,Toplam,19490186.77126,19490186.77126,TL,BDDK Aylık Bülten - Excel
2025-11-01,2025,11,13,Yabancı Para Pozisyonu,7,,Dövize Endeksli Yükümlülükler,,Unnamed: 0,Sektör,,TL,BDDK Aylık Bülten - Excel
2025-11-01,2025,11,13,Yabancı Para Pozisyonu,7,,Dövize Endeksli Yükümlülükler,,Unnamed: 1,7,7.0,TL,BDDK Aylık Bülten - Excel
2025-11-01,2025,11,13,Yabancı Para Pozisyonu,7,,Dövize Endeksli Yükümlülükler,,"Yabancı Para Pozisyonu (milyon TL), Dönem:2025/11",Dövize Endeksli Yükümlülükler,,TL,BDDK Aylık Bülten - Excel
2025-11-01,2025,11,13,Yabancı Para Pozisyonu,7,,Dövize Endeksli Yükümlülükler,,Toplam,593.361,593.361,TL,BDDK Aylık Bülten - Excel
2025-11-01,2025,11,13,Yabancı Para Pozisyonu,8,,Bilanço Dışı Yükümlülükler,,Unnamed: 0,Sektör,,TL,BDDK Aylık Bülten - Excel
2025-11-01,2025,11,13,Yabancı Para Pozisyonu,8,,Bilanço Dışı Yükümlülükler,,Unnamed: 1,8,8.0,TL,BDDK Aylık Bülten - Excel
2025-11-01,2025,11,13,Yabancı Para Pozisyonu,8,,Bilanço Dışı Yükümlülükler,,"Yabancı Para Pozisyonu (milyon TL), Dönem:2025/11",Bilanço Dışı Yükümlülükler,,TL,BDDK Aylık Bülten - Excel
2025-11-01,2025,11,13,Yabancı Para Pozisyonu,8,,Bilanço Dışı Yükümlülükler,,Toplam,6465659.36326,6465659.36326,TL,BDDK Aylık Bülten - Excel
2025-11-01,2025,11,13,Yabancı Para Pozisyonu,9,,Yabancı Para Net Genel Pozisyonu,,Unnamed: 0,Sektör,,TL,BDDK Aylık Bülten - Excel
2025-11-01,2025,11,13,Yabancı Para Pozisyonu,9,,Yabancı Para Net Genel Pozisyonu,,Unnamed: 1,9,9.0,TL,BDDK Aylık Bülten - Excel
2025-11-01,2025,11,13,Yabancı Para Pozisyonu,9,,Yabancı Para Net Genel Pozisyonu,,"Yabancı Para Pozisyonu (milyon TL), Dönem:2025/11",Yabancı Para Net Genel Pozisyonu,,TL,BDDK Aylık Bülten - Excel
2025-11-01,2025,11,13,Yabancı Para Pozisyonu,9,,Yabancı Para Net Genel Pozisyonu,,Toplam,20341.91622,20341.91622,TL,BDDK Aylık Bülten - Excel
2025-11-01,2025,11,13,Yabancı Para Pozisyonu,10,,Yasal Özkaynak,,Unnamed: 0,Sektör,,TL,BDDK Aylık Bülten - Excel
2025-11-01,2025,11,13,Yabancı Para Pozisyonu,10,,Yasal Özkaynak,,Unnamed: 1,10,10.0,TL,BDDK Aylık Bülten - Excel
2025-11-01,2025,11,13,Yabancı Para Pozisyonu,10,,Yasal Özkaynak,,"Yabancı Para Pozisyonu (milyon TL), Dönem:2025/11",Yasal Özkaynak,,TL,BDDK Aylık Bülten - Excel
2025-11-01,2025,11,13,Yabancı Para Pozisyonu,10,,Yasal Özkaynak,,Toplam,4885233.388,4885233.388,TL,BDDK Aylık Bülten - Excel
2025-11-01,2025,11,13,Yabancı Para Pozisyonu,11,,Yabancı Para Net Genel Pozisyon / Yasal Özkaynak Standart Oranı (Yüzde),,Unnamed: 0,Sektör,,TL,BDDK Aylık Bülten - Excel
2025-11-01,2025,11,13,Yabancı Para Pozisyonu,11,,Yabancı Para Net Genel Pozisyon / Yasal Özkaynak Standart Oranı (Yüzde),,Unnamed: 1,11,11.0,TL,BDDK Aylık Bülten - Excel
2025-11-01,2025,11,13,Yabancı Para Pozisyonu,11,,Yabancı Para Net Genel Pozisyon / Yasal Özkaynak Standart Oranı (Yüzde),,"Yabancı Para Pozisyonu (milyon TL), Dönem:2025/11",Yabancı Para Net Genel Pozisyon / Yasal Özkaynak Standart Oranı (Yüzde),,TL,BDDK Aylık Bülten - Excel
2025-11-01,2025,11,13,Yabancı Para Pozisyonu,11,,Yabancı Para Net Genel Pozisyon / Yasal Özkaynak Standart Oranı (Yüzde),,Toplam,0.416395,0.416395,TL,BDDK Aylık Bülten - Excel
2025-12-01,2025,12,13,Yabancı Para Pozisyonu,1,,Döviz Varlıkları Toplamı,,Unnamed: 0,Sektör,,TL,BDDK Aylık Bülten - Excel
2025-12-01,2025,12,13,Yabancı Para Pozisyonu,1,,Döviz Varlıkları Toplamı,,Unnamed: 1,1,1.0,TL,BDDK Aylık Bülten - Excel
2025-12-01,2025,12,13,Yabancı Para Pozisyonu,1,,Döviz Varlıkları Toplamı,,"Yabancı Para Pozisyonu (milyon TL), Dönem:2025/12",Döviz Varlıkları Toplamı,,TL,BDDK Aylık Bülten - Excel
2025-12-01,2025,12,13,Yabancı Para Pozisyonu,1,,Döviz Varlıkları Toplamı,,Toplam,26824289.06281,26824289.06281,TL,BDDK Aylık Bülten - Excel
2025-12-01,2025,12,13,Yabancı Para Pozisyonu,2,,Bilanço İçi Varlıklar,,Unnamed: 0,Sektör,,TL,BDDK Aylık Bülten - Excel
2025-12-01,2025,12,13,Yabancı Para Pozisyonu,2,,Bilanço İçi Varlıklar,,Unnamed: 1,2,2.0,TL,BDDK Aylık Bülten - Excel
2025-12-01,2025,12,13,Yabancı Para Pozisyonu,2,,Bilanço İçi Varlıklar,,"Yabancı Para Pozisyonu (milyon TL), Dönem:2025/12",Bilanço İçi Varlıklar,,TL,BDDK Aylık Bülten - Excel
2025-12-01,2025,12,13,Yabancı Para Pozisyonu,2,,Bilanço İçi Varlıklar,,Toplam,18199318.05032,18199318.05032,TL,BDDK Aylık Bülten - Excel
2025-12-01,2025,12,13,Yabancı Para Pozisyonu,3,,Dövize Endeksli Varlıklar,,Unnamed: 0,Sektör,,TL,BDDK Aylık Bülten - Excel
2025-12-01,2025,12,13,Yabancı Para Pozisyonu,3,,Dövize Endeksli Varlıklar,,Unnamed: 1,3,3.0,TL,BDDK Aylık Bülten - Excel
2025-12-01,2025,12,13,Yabancı Para Pozisyonu,3,,Dövize Endeksli Varlıklar,,"Yabancı Para Pozisyonu (milyon TL), Dönem:2025/12",Dövize Endeksli Varlıklar,,TL,BDDK Aylık Bülten - Excel
2025-12-01,2025,12,13,Yabancı Para Pozisyonu,3,,Dövize Endeksli Varlıklar,,Toplam,6216.20122,6216.20122,TL,BDDK Aylık Bülten - Excel
2025-12-01,2025,12,13,Yabancı Para Pozisyonu,4,,Bilanço Dışı Varlıklar,,Unnamed: 0,Sektör,,TL,BDDK Aylık Bülten - Excel
2025-12-01,2025,12,13,Yabancı Para Pozisyonu,4,,Bilanço Dışı Varlıklar,,Unnamed: 1,4,4.0,TL,BDDK Aylık Bülten - Excel
2025-12-01,2025,12,13,Yabancı Para Pozisyonu,4,,Bilanço Dışı Varlıklar,,"Yabancı Para Pozisyonu (milyon TL), Dönem:2025/12",Bilanço Dışı Varlıklar,,TL,BDDK Aylık Bülten - Excel
2025-12-01,2025,12,13,Yabancı Para Pozisyonu,4,,Bilanço Dışı Varlıklar,,Toplam,8624971.01249,8624971.01249,TL,BDDK Aylık Bülten - Excel
2025-12-01,2025,12,13,Yabancı Para Pozisyonu,5,,Döviz Yükümlülükleri Toplamı,,Unnamed: 0,Sektör,,TL,BDDK Aylık Bülten - Excel
2025-12-01,2025,12,13,Yabancı Para Pozisyonu,5,,Döviz Yükümlülükleri Toplamı,,Unnamed: 1,5,5.0,TL,BDDK Aylık Bülten - Excel
2025-12-01,2025,12,13,Yabancı Para Pozisyonu,5,,Döviz Yükümlülükleri Toplamı,,"Yabancı Para Pozisyonu (milyon TL), Dönem:2025/12",Döviz Yükümlülükleri Toplamı,,TL,BDDK Aylık Bülten - Excel
2025-12-01,2025,12,13,Yabancı Para Pozisyonu,5,,Döviz Yükümlülükleri Toplamı,,Toplam,26780957.44019,26780957.44019,TL,BDDK Aylık Bülten - Excel
2025-12-01,2025,12,13,Yabancı Para Pozisyonu,6,,Bilanço İçi Yükümlülükler,,Unnamed: 0,Sektör,,TL,BDDK Aylık Bülten - Excel
2025-12-01,2025,12,13,Yabancı Para Pozisyonu,6,,Bilanço İçi Yükümlülükler,,Unnamed: 1,6,6.0,TL,BDDK Aylık Bülten - Excel
2025-12-01,2025,12,13,Yabancı Para Pozisyonu,6,,Bilanço İçi Yükümlülükler,,"Yabancı Para Pozisyonu (milyon TL), Dönem:2025/12",Bilanço İçi Yükümlülükler,,TL,BDDK Aylık Bülten - Excel
2025-12-01,2025,12,13,Yabancı Para Pozisyonu,6,,Bilanço İçi Yükümlülükler,,Toplam,20231517.85162,20231517.85162,TL,BDDK Aylık Bülten - Excel
2025-12-01,2025,12,13,Yabancı Para Pozisyonu,7,,Dövize Endeksli Yükümlülükler,,Unnamed: 0,Sektör,,TL,BDDK Aylık Bülten - Excel
2025-12-01,2025,12,13,Yabancı Para Pozisyonu,7,,Dövize Endeksli Yükümlülükler,,Unnamed: 1,7,7.0,TL,BDDK Aylık Bülten - Excel
2025-12-01,2025,12,13,Yabancı Para Pozisyonu,7,,Dövize Endeksli Yükümlülükler,,"Yabancı Para Pozisyonu (milyon TL), Dönem:2025/12",Dövize Endeksli Yükümlülükler,,TL,BDDK Aylık Bülten - Excel
2025-12-01,2025,12,13,Yabancı Para Pozisyonu,7,,Dövize Endeksli Yükümlülükler,,Toplam,541.497,541.497,TL,BDDK Aylık Bülten - Excel
2025-12-01,2025,12,13,Yabancı Para Pozisyonu,8,,Bilanço Dışı Yükümlülükler,,Unnamed: 0,Sektör,,TL,BDDK Aylık Bülten - Excel
2025-12-01,2025,12,13,Yabancı Para Pozisyonu,8,,Bilanço Dışı Yükümlülükler,,Unnamed: 1,8,8.0,TL,BDDK Aylık Bülten - Excel
2025-12-01,2025,12,13,Yabancı Para Pozisyonu,8,,Bilanço Dışı Yükümlülükler,,"Yabancı Para Pozisyonu (milyon TL), Dönem:2025/12",Bilanço Dışı Yükümlülükler,,TL,BDDK Aylık Bülten - Excel
2025-12-01,2025,12,13,Yabancı Para Pozisyonu,8,,Bilanço Dışı Yükümlülükler,,Toplam,6549439.58857,6549439.58857,TL,BDDK Aylık Bülten - Excel
2025-12-01,2025,12,13,Yabancı Para Pozisyonu,9,,Yabancı Para Net Genel Pozisyonu,,Unnamed: 0,Sektör,,TL,BDDK Aylık Bülten - Excel
2025-12-01,2025,12,13,Yabancı Para Pozisyonu,9,,Yabancı Para Net Genel Pozisyonu,,Unnamed: 1,9,9.0,TL,BDDK Aylık Bülten - Excel
2025-12-01,2025,12,13,Yabancı Para Pozisyonu,9,,Yabancı Para Net Genel Pozisyonu,,"Yabancı Para Pozisyonu (milyon TL), Dönem:2025/12",Yabancı Para Net Genel Pozisyonu,,TL,BDDK Aylık Bülten - Excel
2025-12-01,2025,12,13,Yabancı Para Pozisyonu,9,,Yabancı Para Net Genel Pozisyonu,,Toplam,43331.62262,43331.62262,TL,BDDK Aylık Bülten - Excel
2025-12-01,2025,12,13,Yabancı Para Pozisyonu,10,,Yasal Özkaynak,,Unnamed: 0,Sektör,,TL,BDDK Aylık Bülten - Excel
2025-12-01,2025,12,13,Yabancı Para Pozisyonu,10,,Yasal Özkaynak,,Unnamed: 1,10,10.0,TL,BDDK Aylık Bülten - Excel
2025-12-01,2025,12,13,Yabancı Para Pozisyonu,10,,Yasal Özkaynak,,"Yabancı Para Pozisyonu (milyon TL), Dönem:2025/12",Yasal Özkaynak,,TL,BDDK Aylık Bülten - Excel
2025-12-01,2025,12,13,Yabancı Para Pozisyonu,10,,Yasal Özkaynak,,Toplam,5132074.08011,5132074.08011,TL,BDDK Aylık Bülten - Excel
2025-12-01,2025,12,13,Yabancı Para Pozisyonu,11,,Yabancı Para Net Genel Pozisyon / Yasal Özkaynak Standart Oranı (Yüzde),,Unnamed: 0,Sektör,,TL,BDDK Aylık Bülten - Excel
2025-12-01,2025,12,13,Yabancı Para Pozisyonu,11,,Yabancı Para Net Genel Pozisyon / Yasal Özkaynak Standart Oranı (Yüzde),,Unnamed: 1,11,11.0,TL,BDDK Aylık Bülten - Excel
2025-12-01,2025,12,13,Yabancı Para Pozisyonu,11,,Yabancı Para Net Genel Pozisyon / Yasal Özkaynak Standart Oranı (Yüzde),,"Yabancı Para Pozisyonu (milyon TL), Dönem:2025/12",Yabancı Para Net Genel Pozisyon / Yasal Özkaynak Standart Oranı (Yüzde),,TL,BDDK Aylık Bülten - Excel
2025-12-01,2025,12,13,Yabancı Para Pozisyonu,11,,Yabancı Para Net Genel Pozisyon / Yasal Özkaynak Standart Oranı (Yüzde),,Toplam,0.844329,0.844329,TL,BDDK Aylık Bülten - Excel
2026-01-01,2026,1,13,Yabancı Para Pozisyonu,1,,Döviz Varlıkları Toplamı,,Unnamed: 0,Sektör,,TL,BDDK Aylık Bülten - Excel
2026-01-01,2026,1,13,Yabancı Para Pozisyonu,1,,Döviz Varlıkları Toplamı,,Unnamed: 1,1,1.0,TL,BDDK Aylık Bülten - Excel
2026-01-01,2026,1,13,Yabancı Para Pozisyonu,1,,Döviz Varlıkları Toplamı,,"Yabancı Para Pozisyonu (milyon TL), Dönem:2026/1",Döviz Varlıkları Toplamı,,TL,BDDK Aylık Bülten - Excel
2026-01-01,2026,1,13,Yabancı Para Pozisyonu,1,,Döviz Varlıkları Toplamı,,Toplam,29833710.41297,29833710.41297,TL,BDDK Aylık Bülten - Excel
2026-01-01,2026,1,13,Yabancı Para Pozisyonu,2,,Bilanço İçi Varlıklar,,Unnamed: 0,Sektör,,TL,BDDK Aylık Bülten - Excel
2026-01-01,2026,1,13,Yabancı Para Pozisyonu,2,,Bilanço İçi Varlıklar,,Unnamed: 1,2,2.0,TL,BDDK Aylık Bülten - Excel
2026-01-01,2026,1,13,Yabancı Para Pozisyonu,2,,Bilanço İçi Varlıklar,,"Yabancı Para Pozisyonu (milyon TL), Dönem:2026/1",Bilanço İçi Varlıklar,,TL,BDDK Aylık Bülten - Excel
2026-01-01,2026,1,13,Yabancı Para Pozisyonu,2,,Bilanço İçi Varlıklar,,Toplam,19414578.57814,19414578.57814,TL,BDDK Aylık Bülten - Excel
2026-01-01,2026,1,13,Yabancı Para Pozisyonu,3,,Dövize Endeksli Varlıklar,,Unnamed: 0,Sektör,,TL,BDDK Aylık Bülten - Excel
2026-01-01,2026,1,13,Yabancı Para Pozisyonu,3,,Dövize Endeksli Varlıklar,,Unnamed: 1,3,3.0,TL,BDDK Aylık Bülten - Excel
2026-01-01,2026,1,13,Yabancı Para Pozisyonu,3,,Dövize Endeksli Varlıklar,,"Yabancı Para Pozisyonu (milyon TL), Dönem:2026/1",Dövize Endeksli Varlıklar,,TL,BDDK Aylık Bülten - Excel
2026-01-01,2026,1,13,Yabancı Para Pozisyonu,3,,Dövize Endeksli Varlıklar,,Toplam,6280.01891,6280.01891,TL,BDDK Aylık Bülten - Excel
2026-01-01,2026,1,13,Yabancı Para Pozisyonu,4,,Bilanço Dışı Varlıklar,,Unnamed: 0,Sektör,,TL,BDDK Aylık Bülten - Excel
2026-01-01,2026,1,13,Yabancı Para Pozisyonu,4,,Bilanço Dışı Varlıklar,,Unnamed: 1,4,4.0,TL,BDDK Aylık Bülten - Excel
2026-01-01,2026,1,13,Yabancı Para Pozisyonu,4,,Bilanço Dışı Varlıklar,,"Yabancı Para Pozisyonu (milyon TL), Dönem:2026/1",Bilanço Dışı Varlıklar,,TL,BDDK Aylık Bülten - Excel
2026-01-01,2026,1,13,Yabancı Para Pozisyonu,4,,Bilanço Dışı Varlıklar,,Toplam,10419131.83483,10419131.83483,TL,BDDK Aylık Bülten - Excel
2026-01-01,2026,1,13,Yabancı Para Pozisyonu,5,,Döviz Yükümlülükleri Toplamı,,Unnamed: 0,Sektör,,TL,BDDK Aylık Bülten - Excel
2026-01-01,2026,1,13,Yabancı Para Pozisyonu,5,,Döviz Yükümlülükleri Toplamı,,Unnamed: 1,5,5.0,TL,BDDK Aylık Bülten - Excel
2026-01-01,2026,1,13,Yabancı Para Pozisyonu,5,,Döviz Yükümlülükleri Toplamı,,"Yabancı Para Pozisyonu (milyon TL), Dönem:2026/1",Döviz Yükümlülükleri Toplamı,,TL,BDDK Aylık Bülten - Excel
2026-01-01,2026,1,13,Yabancı Para Pozisyonu,5,,Döviz Yükümlülükleri Toplamı,,Toplam,29841622.25832,29841622.25832,TL,BDDK Aylık Bülten - Excel
2026-01-01,2026,1,13,Yabancı Para Pozisyonu,6,,Bilanço İçi Yükümlülükler,,Unnamed: 0,Sektör,,TL,BDDK Aylık Bülten - Excel
2026-01-01,2026,1,13,Yabancı Para Pozisyonu,6,,Bilanço İçi Yükümlülükler,,Unnamed: 1,6,6.0,TL,BDDK Aylık Bülten - Excel
2026-01-01,2026,1,13,Yabancı Para Pozisyonu,6,,Bilanço İçi Yükümlülükler,,"Yabancı Para Pozisyonu (milyon TL), Dönem:2026/1",Bilanço İçi Yükümlülükler,,TL,BDDK Aylık Bülten - Excel
2026-01-01,2026,1,13,Yabancı Para Pozisyonu,6,,Bilanço İçi Yükümlülükler,,Toplam,21779430.00876,21779430.00876,TL,BDDK Aylık Bülten - Excel
2026-01-01,2026,1,13,Yabancı Para Pozisyonu,7,,Dövize Endeksli Yükümlülükler,,Unnamed: 0,Sektör,,TL,BDDK Aylık Bülten - Excel
2026-01-01,2026,1,13,Yabancı Para Pozisyonu,7,,Dövize Endeksli Yükümlülükler,,Unnamed: 1,7,7.0,TL,BDDK Aylık Bülten - Excel
2026-01-01,2026,1,13,Yabancı Para Pozisyonu,7,,Dövize Endeksli Yükümlülükler,,"Yabancı Para Pozisyonu (milyon TL), Dönem:2026/1",Dövize Endeksli Yükümlülükler,,TL,BDDK Aylık Bülten - Excel
2026-01-01,2026,1,13,Yabancı Para Pozisyonu,7,,Dövize Endeksli Yükümlülükler,,Toplam,584.424,584.424,TL,BDDK Aylık Bülten - Excel
2026-01-01,2026,1,13,Yabancı Para Pozisyonu,8,,Bilanço Dışı Yükümlülükler,,Unnamed: 0,Sektör,,TL,BDDK Aylık Bülten - Excel
2026-01-01,2026,1,13,Yabancı Para Pozisyonu,8,,Bilanço Dışı Yükümlülükler,,Unnamed: 1,8,8.0,TL,BDDK Aylık Bülten - Excel
2026-01-01,2026,1,13,Yabancı Para Pozisyonu,8,,Bilanço Dışı Yükümlülükler,,"Yabancı Para Pozisyonu (milyon TL), Dönem:2026/1",Bilanço Dışı Yükümlülükler,,TL,BDDK Aylık Bülten - Excel
2026-01-01,2026,1,13,Yabancı Para Pozisyonu,8,,Bilanço Dışı Yükümlülükler,,Toplam,8062192.24956,8062192.24956,TL,BDDK Aylık Bülten - Excel
2026-01-01,2026,1,13,Yabancı Para Pozisyonu,9,,Yabancı Para Net Genel Pozisyonu,,Unnamed: 0,Sektör,,TL,BDDK Aylık Bülten - Excel
2026-01-01,2026,1,13,Yabancı Para Pozisyonu,9,,Yabancı Para Net Genel Pozisyonu,,Unnamed: 1,9,9.0,TL,BDDK Aylık Bülten - Excel
2026-01-01,2026,1,13,Yabancı Para Pozisyonu,9,,Yabancı Para Net Genel Pozisyonu,,"Yabancı Para Pozisyonu (milyon TL), Dönem:2026/1",Yabancı Para Net Genel Pozisyonu,,TL,BDDK Aylık Bülten - Excel
2026-01-01,2026,1,13,Yabancı Para Pozisyonu,9,,Yabancı Para Net Genel Pozisyonu,,Toplam,-7911.84535,-7911.84535,TL,BDDK Aylık Bülten - Excel
2026-01-01,2026,1,13,Yabancı Para Pozisyonu,10,,Yasal Özkaynak,,Unnamed: 0,Sektör,,TL,BDDK Aylık Bülten - Excel
2026-01-01,2026,1,13,Yabancı Para Pozisyonu,10,,Yasal Özkaynak,,Unnamed: 1,10,10.0,TL,BDDK Aylık Bülten - Excel
2026-01-01,2026,1,13,Yabancı Para Pozisyonu,10,,Yasal Özkaynak,,"Yabancı Para Pozisyonu (milyon TL), Dönem:2026/1",Yasal Özkaynak,,TL,BDDK Aylık Bülten - Excel
2026-01-01,2026,1,13,Yabancı Para Pozisyonu,10,,Yasal Özkaynak,,Toplam,5355138.90039,5355138.90039,TL,BDDK Aylık Bülten - Excel
2026-01-01,2026,1,13,Yabancı Para Pozisyonu,11,,Yabancı Para Net Genel Pozisyon / Yasal Özkaynak Standart Oranı (Yüzde),,Unnamed: 0,Sektör,,TL,BDDK Aylık Bülten - Excel
2026-01-01,2026,1,13,Yabancı Para Pozisyonu,11,,Yabancı Para Net Genel Pozisyon / Yasal Özkaynak Standart Oranı (Yüzde),,Unnamed: 1,11,11.0,TL,BDDK Aylık Bülten - Excel
2026-01-01,2026,1,13,Yabancı Para Pozisyonu,11,,Yabancı Para Net Genel Pozisyon / Yasal Özkaynak Standart Oranı (Yüzde),,"Yabancı Para Pozisyonu (milyon TL), Dönem:2026/1",Yabancı Para Net Genel Pozisyon / Yasal Özkaynak Standart Oranı (Yüzde),,TL,BDDK Aylık Bülten - Excel
2026-01-01,2026,1,13,Yabancı Para Pozisyonu,11,,Yabancı Para Net Genel Pozisyon / Yasal Özkaynak Standart Oranı (Yüzde),,Toplam,-0.147743,-0.147743,TL,BDDK Aylık Bülten - Excel
2026-02-01,2026,2,13,Yabancı Para Pozisyonu,1,,Döviz Varlıkları Toplamı,,Unnamed: 0,Sektör,,TL,BDDK Aylık Bülten - Excel
2026-02-01,2026,2,13,Yabancı Para Pozisyonu,1,,Döviz Varlıkları Toplamı,,Unnamed: 1,1,1.0,TL,BDDK Aylık Bülten - Excel
2026-02-01,2026,2,13,Yabancı Para Pozisyonu,1,,Döviz Varlıkları Toplamı,,"Yabancı Para Pozisyonu (milyon TL), Dönem:2026/2",Döviz Varlıkları Toplamı,,TL,BDDK Aylık Bülten - Excel
2026-02-01,2026,2,13,Yabancı Para Pozisyonu,1,,Döviz Varlıkları Toplamı,,Toplam,29916969.85481,29916969.85481,TL,BDDK Aylık Bülten - Excel
2026-02-01,2026,2,13,Yabancı Para Pozisyonu,2,,Bilanço İçi Varlıklar,,Unnamed: 0,Sektör,,TL,BDDK Aylık Bülten - Excel
2026-02-01,2026,2,13,Yabancı Para Pozisyonu,2,,Bilanço İçi Varlıklar,,Unnamed: 1,2,2.0,TL,BDDK Aylık Bülten - Excel
2026-02-01,2026,2,13,Yabancı Para Pozisyonu,2,,Bilanço İçi Varlıklar,,"Yabancı Para Pozisyonu (milyon TL), Dönem:2026/2",Bilanço İçi Varlıklar,,TL,BDDK Aylık Bülten - Excel
2026-02-01,2026,2,13,Yabancı Para Pozisyonu,2,,Bilanço İçi Varlıklar,,Toplam,19224631.07097,19224631.07097,TL,BDDK Aylık Bülten - Excel
2026-02-01,2026,2,13,Yabancı Para Pozisyonu,3,,Dövize Endeksli Varlıklar,,Unnamed: 0,Sektör,,TL,BDDK Aylık Bülten - Excel
2026-02-01,2026,2,13,Yabancı Para Pozisyonu,3,,Dövize Endeksli Varlıklar,,Unnamed: 1,3,3.0,TL,BDDK Aylık Bülten - Excel
2026-02-01,2026,2,13,Yabancı Para Pozisyonu,3,,Dövize Endeksli Varlıklar,,"Yabancı Para Pozisyonu (milyon TL), Dönem:2026/2",Dövize Endeksli Varlıklar,,TL,BDDK Aylık Bülten - Excel
2026-02-01,2026,2,13,Yabancı Para Pozisyonu,3,,Dövize Endeksli Varlıklar,,Toplam,6216.74232,6216.74232,TL,BDDK Aylık Bülten - Excel
2026-02-01,2026,2,13,Yabancı Para Pozisyonu,4,,Bilanço Dışı Varlıklar,,Unnamed: 0,Sektör,,TL,BDDK Aylık Bülten - Excel
2026-02-01,2026,2,13,Yabancı Para Pozisyonu,4,,Bilanço Dışı Varlıklar,,Unnamed: 1,4,4.0,TL,BDDK Aylık Bülten - Excel
2026-02-01,2026,2,13,Yabancı Para Pozisyonu,4,,Bilanço Dışı Varlıklar,,"Yabancı Para Pozisyonu (milyon TL), Dönem:2026/2",Bilanço Dışı Varlıklar,,TL,BDDK Aylık Bülten - Excel
2026-02-01,2026,2,13,Yabancı Para Pozisyonu,4,,Bilanço Dışı Varlıklar,,Toplam,10692338.78384,10692338.78384,TL,BDDK Aylık Bülten - Excel
2026-02-01,2026,2,13,Yabancı Para Pozisyonu,5,,Döviz Yükümlülükleri Toplamı,,Unnamed: 0,Sektör,,TL,BDDK Aylık Bülten - Excel
2026-02-01,2026,2,13,Yabancı Para Pozisyonu,5,,Döviz Yükümlülükleri Toplamı,,Unnamed: 1,5,5.0,TL,BDDK Aylık Bülten - Excel
2026-02-01,2026,2,13,Yabancı Para Pozisyonu,5,,Döviz Yükümlülükleri Toplamı,,"Yabancı Para Pozisyonu (milyon TL), Dönem:2026/2",Döviz Yükümlülükleri Toplamı,,TL,BDDK Aylık Bülten - Excel
2026-02-01,2026,2,13,Yabancı Para Pozisyonu,5,,Döviz Yükümlülükleri Toplamı,,Toplam,29920674.74421,29920674.74421,TL,BDDK Aylık Bülten - Excel
2026-02-01,2026,2,13,Yabancı Para Pozisyonu,6,,Bilanço İçi Yükümlülükler,,Unnamed: 0,Sektör,,TL,BDDK Aylık Bülten - Excel
2026-02-01,2026,2,13,Yabancı Para Pozisyonu,6,,Bilanço İçi Yükümlülükler,,Unnamed: 1,6,6.0,TL,BDDK Aylık Bülten - Excel
2026-02-01,2026,2,13,Yabancı Para Pozisyonu,6,,Bilanço İçi Yükümlülükler,,"Yabancı Para Pozisyonu (milyon TL), Dönem:2026/2",Bilanço İçi Yükümlülükler,,TL,BDDK Aylık Bülten - Excel
2026-02-01,2026,2,13,Yabancı Para Pozisyonu,6,,Bilanço İçi Yükümlülükler,,Toplam,21664999.30826,21664999.30826,TL,BDDK Aylık Bülten - Excel
2026-02-01,2026,2,13,Yabancı Para Pozisyonu,7,,Dövize Endeksli Yükümlülükler,,Unnamed: 0,Sektör,,TL,BDDK Aylık Bülten - Excel
2026-02-01,2026,2,13,Yabancı Para Pozisyonu,7,,Dövize Endeksli Yükümlülükler,,Unnamed: 1,7,7.0,TL,BDDK Aylık Bülten - Excel
2026-02-01,2026,2,13,Yabancı Para Pozisyonu,7,,Dövize Endeksli Yükümlülükler,,"Yabancı Para Pozisyonu (milyon TL), Dönem:2026/2",Dövize Endeksli Yükümlülükler,,TL,BDDK Aylık Bülten - Excel
2026-02-01,2026,2,13,Yabancı Para Pozisyonu,7,,Dövize Endeksli Yükümlülükler,,Toplam,609.39,609.39,TL,BDDK Aylık Bülten - Excel
2026-02-01,2026,2,13,Yabancı Para Pozisyonu,8,,Bilanço Dışı Yükümlülükler,,Unnamed: 0,Sektör,,TL,BDDK Aylık Bülten - Excel
2026-02-01,2026,2,13,Yabancı Para Pozisyonu,8,,Bilanço Dışı Yükümlülükler,,Unnamed: 1,8,8.0,TL,BDDK Aylık Bülten - Excel
2026-02-01,2026,2,13,Yabancı Para Pozisyonu,8,,Bilanço Dışı Yükümlülükler,,"Yabancı Para Pozisyonu (milyon TL), Dönem:2026/2",Bilanço Dışı Yükümlülükler,,TL,BDDK Aylık Bülten - Excel
2026-02-01,2026,2,13,Yabancı Para Pozisyonu,8,,Bilanço Dışı Yükümlülükler,,Toplam,8255675.43595,8255675.43595,TL,BDDK Aylık Bülten - Excel
2026-02-01,2026,2,13,Yabancı Para Pozisyonu,9,,Yabancı Para Net Genel Pozisyonu,,Unnamed: 0,Sektör,,TL,BDDK Aylık Bülten - Excel
2026-02-01,2026,2,13,Yabancı Para Pozisyonu,9,,Yabancı Para Net Genel Pozisyonu,,Unnamed: 1,9,9.0,TL,BDDK Aylık Bülten - Excel
2026-02-01,2026,2,13,Yabancı Para Pozisyonu,9,,Yabancı Para Net Genel Pozisyonu,,"Yabancı Para Pozisyonu (milyon TL), Dönem:2026/2",Yabancı Para Net Genel Pozisyonu,,TL,BDDK Aylık Bülten - Excel
2026-02-01,2026,2,13,Yabancı Para Pozisyonu,9,,Yabancı Para Net Genel Pozisyonu,,Toplam,-3704.8894,-3704.8894,TL,BDDK Aylık Bülten - Excel
2026-02-01,2026,2,13,Yabancı Para Pozisyonu,10,,Yasal Özkaynak,,Unnamed: 0,Sektör,,TL,BDDK Aylık Bülten - Excel
2026-02-01,2026,2,13,Yabancı Para Pozisyonu,10,,Yasal Özkaynak,,Unnamed: 1,10,10.0,TL,BDDK Aylık Bülten - Excel
2026-02-01,2026,2,13,Yabancı Para Pozisyonu,10,,Yasal Özkaynak,,"Yabancı Para Pozisyonu (milyon TL), Dönem:2026/2",Yasal Özkaynak,,TL,BDDK Aylık Bülten - Excel
2026-02-01,2026,2,13,Yabancı Para Pozisyonu,10,,Yasal Özkaynak,,Toplam,5450693.62043,5450693.62043,TL,BDDK Aylık Bülten - Excel
2026-02-01,2026,2,13,Yabancı Para Pozisyonu,11,,Yabancı Para Net Genel Pozisyon / Yasal Özkaynak Standart Oranı (Yüzde),,Unnamed: 0,Sektör,,TL,BDDK Aylık Bülten - Excel
2026-02-01,2026,2,13,Yabancı Para Pozisyonu,11,,Yabancı Para Net Genel Pozisyon / Yasal Özkaynak Standart Oranı (Yüzde),,Unnamed: 1,11,11.0,TL,BDDK Aylık Bülten - Excel
2026-02-01,2026,2,13,Yabancı Para Pozisyonu,11,,Yabancı Para Net Genel Pozisyon / Yasal Özkaynak Standart Oranı (Yüzde),,"Yabancı Para Pozisyonu (milyon TL), Dönem:2026/2",Yabancı Para Net Genel Pozisyon / Yasal Özkaynak Standart Oranı (Yüzde),,TL,BDDK Aylık Bülten - Excel
2026-02-01,2026,2,13,Yabancı Para Pozisyonu,11,,Yabancı Para Net Genel Pozisyon / Yasal Özkaynak Standart Oranı (Yüzde),,Toplam,-0.06797,-0.06797,TL,BDDK Aylık Bülten - Excel
2026-03-01,2026,3,13,Yabancı Para Pozisyonu,1,,Döviz Varlıkları Toplamı,,Unnamed: 0,Sektör,,TL,BDDK Aylık Bülten - Excel
2026-03-01,2026,3,13,Yabancı Para Pozisyonu,1,,Döviz Varlıkları Toplamı,,Unnamed: 1,1,1.0,TL,BDDK Aylık Bülten - Excel
2026-03-01,2026,3,13,Yabancı Para Pozisyonu,1,,Döviz Varlıkları Toplamı,,"Yabancı Para Pozisyonu (milyon TL), Dönem:2026/3",Döviz Varlıkları Toplamı,,TL,BDDK Aylık Bülten - Excel
2026-03-01,2026,3,13,Yabancı Para Pozisyonu,1,,Döviz Varlıkları Toplamı,,Toplam,29998242.51392,29998242.51392,TL,BDDK Aylık Bülten - Excel
2026-03-01,2026,3,13,Yabancı Para Pozisyonu,2,,Bilanço İçi Varlıklar,,Unnamed: 0,Sektör,,TL,BDDK Aylık Bülten - Excel
2026-03-01,2026,3,13,Yabancı Para Pozisyonu,2,,Bilanço İçi Varlıklar,,Unnamed: 1,2,2.0,TL,BDDK Aylık Bülten - Excel
2026-03-01,2026,3,13,Yabancı Para Pozisyonu,2,,Bilanço İçi Varlıklar,,"Yabancı Para Pozisyonu (milyon TL), Dönem:2026/3",Bilanço İçi Varlıklar,,TL,BDDK Aylık Bülten - Excel
2026-03-01,2026,3,13,Yabancı Para Pozisyonu,2,,Bilanço İçi Varlıklar,,Toplam,19726005.48384,19726005.48384,TL,BDDK Aylık Bülten - Excel
2026-03-01,2026,3,13,Yabancı Para Pozisyonu,3,,Dövize Endeksli Varlıklar,,Unnamed: 0,Sektör,,TL,BDDK Aylık Bülten - Excel
2026-03-01,2026,3,13,Yabancı Para Pozisyonu,3,,Dövize Endeksli Varlıklar,,Unnamed: 1,3,3.0,TL,BDDK Aylık Bülten - Excel
2026-03-01,2026,3,13,Yabancı Para Pozisyonu,3,,Dövize Endeksli Varlıklar,,"Yabancı Para Pozisyonu (milyon TL), Dönem:2026/3",Dövize Endeksli Varlıklar,,TL,BDDK Aylık Bülten - Excel
2026-03-01,2026,3,13,Yabancı Para Pozisyonu,3,,Dövize Endeksli Varlıklar,,Toplam,6068.59555,6068.59555,TL,BDDK Aylık Bülten - Excel
2026-03-01,2026,3,13,Yabancı Para Pozisyonu,4,,Bilanço Dışı Varlıklar,,Unnamed: 0,Sektör,,TL,BDDK Aylık Bülten - Excel
2026-03-01,2026,3,13,Yabancı Para Pozisyonu,4,,Bilanço Dışı Varlıklar,,Unnamed: 1,4,4.0,TL,BDDK Aylık Bülten - Excel
2026-03-01,2026,3,13,Yabancı Para Pozisyonu,4,,Bilanço Dışı Varlıklar,,"Yabancı Para Pozisyonu (milyon TL), Dönem:2026/3",Bilanço Dışı Varlıklar,,TL,BDDK Aylık Bülten - Excel
2026-03-01,2026,3,13,Yabancı Para Pozisyonu,4,,Bilanço Dışı Varlıklar,,Toplam,10272237.03008,10272237.03008,TL,BDDK Aylık Bülten - Excel
2026-03-01,2026,3,13,Yabancı Para Pozisyonu,5,,Döviz Yükümlülükleri Toplamı,,Unnamed: 0,Sektör,,TL,BDDK Aylık Bülten - Excel
2026-03-01,2026,3,13,Yabancı Para Pozisyonu,5,,Döviz Yükümlülükleri Toplamı,,Unnamed: 1,5,5.0,TL,BDDK Aylık Bülten - Excel
2026-03-01,2026,3,13,Yabancı Para Pozisyonu,5,,Döviz Yükümlülükleri Toplamı,,"Yabancı Para Pozisyonu (milyon TL), Dönem:2026/3",Döviz Yükümlülükleri Toplamı,,TL,BDDK Aylık Bülten - Excel
2026-03-01,2026,3,13,Yabancı Para Pozisyonu,5,,Döviz Yükümlülükleri Toplamı,,Toplam,29979821.49147,29979821.49147,TL,BDDK Aylık Bülten - Excel
2026-03-01,2026,3,13,Yabancı Para Pozisyonu,6,,Bilanço İçi Yükümlülükler,,Unnamed: 0,Sektör,,TL,BDDK Aylık Bülten - Excel
2026-03-01,2026,3,13,Yabancı Para Pozisyonu,6,,Bilanço İçi Yükümlülükler,,Unnamed: 1,6,6.0,TL,BDDK Aylık Bülten - Excel
2026-03-01,2026,3,13,Yabancı Para Pozisyonu,6,,Bilanço İçi Yükümlülükler,,"Yabancı Para Pozisyonu (milyon TL), Dönem:2026/3",Bilanço İçi Yükümlülükler,,TL,BDDK Aylık Bülten - Excel
2026-03-01,2026,3,13,Yabancı Para Pozisyonu,6,,Bilanço İçi Yükümlülükler,,Toplam,21409565.83895,21409565.83895,TL,BDDK Aylık Bülten - Excel
2026-03-01,2026,3,13,Yabancı Para Pozisyonu,7,,Dövize Endeksli Yükümlülükler,,Unnamed: 0,Sektör,,TL,BDDK Aylık Bülten - Excel
2026-03-01,2026,3,13,Yabancı Para Pozisyonu,7,,Dövize Endeksli Yükümlülükler,,Unnamed: 1,7,7.0,TL,BDDK Aylık Bülten - Excel
2026-03-01,2026,3,13,Yabancı Para Pozisyonu,7,,Dövize Endeksli Yükümlülükler,,"Yabancı Para Pozisyonu (milyon TL), Dönem:2026/3",Dövize Endeksli Yükümlülükler,,TL,BDDK Aylık Bülten - Excel
2026-03-01,2026,3,13,Yabancı Para Pozisyonu,7,,Dövize Endeksli Yükümlülükler,,Toplam,648.758,648.758,TL,BDDK Aylık Bülten - Excel
2026-03-01,2026,3,13,Yabancı Para Pozisyonu,8,,Bilanço Dışı Yükümlülükler,,Unnamed: 0,Sektör,,TL,BDDK Aylık Bülten - Excel
2026-03-01,2026,3,13,Yabancı Para Pozisyonu,8,,Bilanço Dışı Yükümlülükler,,Unnamed: 1,8,8.0,TL,BDDK Aylık Bülten - Excel
2026-03-01,2026,3,13,Yabancı Para Pozisyonu,8,,Bilanço Dışı Yükümlülükler,,"Yabancı Para Pozisyonu (milyon TL), Dönem:2026/3",Bilanço Dışı Yükümlülükler,,TL,BDDK Aylık Bülten - Excel
2026-03-01,2026,3,13,Yabancı Para Pozisyonu,8,,Bilanço Dışı Yükümlülükler,,Toplam,8570255.65252,8570255.65252,TL,BDDK Aylık Bülten - Excel
2026-03-01,2026,3,13,Yabancı Para Pozisyonu,9,,Yabancı Para Net Genel Pozisyonu,,Unnamed: 0,Sektör,,TL,BDDK Aylık Bülten - Excel
2026-03-01,2026,3,13,Yabancı Para Pozisyonu,9,,Yabancı Para Net Genel Pozisyonu,,Unnamed: 1,9,9.0,TL,BDDK Aylık Bülten - Excel
2026-03-01,2026,3,13,Yabancı Para Pozisyonu,9,,Yabancı Para Net Genel Pozisyonu,,"Yabancı Para Pozisyonu (milyon TL), Dönem:2026/3",Yabancı Para Net Genel Pozisyonu,,TL,BDDK Aylık Bülten - Excel
2026-03-01,2026,3,13,Yabancı Para Pozisyonu,9,,Yabancı Para Net Genel Pozisyonu,,Toplam,18421.02245,18421.02245,TL,BDDK Aylık Bülten - Excel
2026-03-01,2026,3,13,Yabancı Para Pozisyonu,10,,Yasal Özkaynak,,Unnamed: 0,Sektör,,TL,BDDK Aylık Bülten - Excel
2026-03-01,2026,3,13,Yabancı Para Pozisyonu,10,,Yasal Özkaynak,,Unnamed: 1,10,10.0,TL,BDDK Aylık Bülten - Excel
2026-03-01,2026,3,13,Yabancı Para Pozisyonu,10,,Yasal Özkaynak,,"Yabancı Para Pozisyonu (milyon TL), Dönem:2026/3",Yasal Özkaynak,,TL,BDDK Aylık Bülten - Excel
2026-03-01,2026,3,13,Yabancı Para Pozisyonu,10,,Yasal Özkaynak,,Toplam,5544644.62101,5544644.62101,TL,BDDK Aylık Bülten - Excel
2026-03-01,2026,3,13,Yabancı Para Pozisyonu,11,,Yabancı Para Net Genel Pozisyon / Yasal Özkaynak Standart Oranı (Yüzde),,Unnamed: 0,Sektör,,TL,BDDK Aylık Bülten - Excel
2026-03-01,2026,3,13,Yabancı Para Pozisyonu,11,,Yabancı Para Net Genel Pozisyon / Yasal Özkaynak Standart Oranı (Yüzde),,Unnamed: 1,11,11.0,TL,BDDK Aylık Bülten - Excel
2026-03-01,2026,3,13,Yabancı Para Pozisyonu,11,,Yabancı Para Net Genel Pozisyon / Yasal Özkaynak Standart Oranı (Yüzde),,"Yabancı Para Pozisyonu (milyon TL), Dönem:2026/3",Yabancı Para Net Genel Pozisyon / Yasal Özkaynak Standart Oranı (Yüzde),,TL,BDDK Aylık Bülten - Excel
2026-03-01,2026,3,13,Yabancı Para Pozisyonu,11,,Yabancı Para Net Genel Pozisyon / Yasal Özkaynak Standart Oranı (Yüzde),,Toplam,0.33223,0.33223,TL,BDDK Aylık Bülten - Excel
2026-04-01,2026,4,13,Yabancı Para Pozisyonu,1,,Döviz Varlıkları Toplamı,,Unnamed: 0,Sektör,,TL,BDDK Aylık Bülten - Excel
2026-04-01,2026,4,13,Yabancı Para Pozisyonu,1,,Döviz Varlıkları Toplamı,,Unnamed: 1,1,1.0,TL,BDDK Aylık Bülten - Excel
2026-04-01,2026,4,13,Yabancı Para Pozisyonu,1,,Döviz Varlıkları Toplamı,,"Yabancı Para Pozisyonu (milyon TL), Dönem:2026/4",Döviz Varlıkları Toplamı,,TL,BDDK Aylık Bülten - Excel
2026-04-01,2026,4,13,Yabancı Para Pozisyonu,1,,Döviz Varlıkları Toplamı,,Toplam,30510644.01536,30510644.01536,TL,BDDK Aylık Bülten - Excel
2026-04-01,2026,4,13,Yabancı Para Pozisyonu,2,,Bilanço İçi Varlıklar,,Unnamed: 0,Sektör,,TL,BDDK Aylık Bülten - Excel
2026-04-01,2026,4,13,Yabancı Para Pozisyonu,2,,Bilanço İçi Varlıklar,,Unnamed: 1,2,2.0,TL,BDDK Aylık Bülten - Excel
2026-04-01,2026,4,13,Yabancı Para Pozisyonu,2,,Bilanço İçi Varlıklar,,"Yabancı Para Pozisyonu (milyon TL), Dönem:2026/4",Bilanço İçi Varlıklar,,TL,BDDK Aylık Bülten - Excel
2026-04-01,2026,4,13,Yabancı Para Pozisyonu,2,,Bilanço İçi Varlıklar,,Toplam,19597878.29198,19597878.29198,TL,BDDK Aylık Bülten - Excel
2026-04-01,2026,4,13,Yabancı Para Pozisyonu,3,,Dövize Endeksli Varlıklar,,Unnamed: 0,Sektör,,TL,BDDK Aylık Bülten - Excel
2026-04-01,2026,4,13,Yabancı Para Pozisyonu,3,,Dövize Endeksli Varlıklar,,Unnamed: 1,3,3.0,TL,BDDK Aylık Bülten - Excel
2026-04-01,2026,4,13,Yabancı Para Pozisyonu,3,,Dövize Endeksli Varlıklar,,"Yabancı Para Pozisyonu (milyon TL), Dönem:2026/4",Dövize Endeksli Varlıklar,,TL,BDDK Aylık Bülten - Excel
2026-04-01,2026,4,13,Yabancı Para Pozisyonu,3,,Dövize Endeksli Varlıklar,,Toplam,6295.13986,6295.13986,TL,BDDK Aylık Bülten - Excel
2026-04-01,2026,4,13,Yabancı Para Pozisyonu,4,,Bilanço Dışı Varlıklar,,Unnamed: 0,Sektör,,TL,BDDK Aylık Bülten - Excel
2026-04-01,2026,4,13,Yabancı Para Pozisyonu,4,,Bilanço Dışı Varlıklar,,Unnamed: 1,4,4.0,TL,BDDK Aylık Bülten - Excel
2026-04-01,2026,4,13,Yabancı Para Pozisyonu,4,,Bilanço Dışı Varlıklar,,"Yabancı Para Pozisyonu (milyon TL), Dönem:2026/4",Bilanço Dışı Varlıklar,,TL,BDDK Aylık Bülten - Excel
2026-04-01,2026,4,13,Yabancı Para Pozisyonu,4,,Bilanço Dışı Varlıklar,,Toplam,10912765.72338,10912765.72338,TL,BDDK Aylık Bülten - Excel
2026-04-01,2026,4,13,Yabancı Para Pozisyonu,5,,Döviz Yükümlülükleri Toplamı,,Unnamed: 0,Sektör,,TL,BDDK Aylık Bülten - Excel
2026-04-01,2026,4,13,Yabancı Para Pozisyonu,5,,Döviz Yükümlülükleri Toplamı,,Unnamed: 1,5,5.0,TL,BDDK Aylık Bülten - Excel
2026-04-01,2026,4,13,Yabancı Para Pozisyonu,5,,Döviz Yükümlülükleri Toplamı,,"Yabancı Para Pozisyonu (milyon TL), Dönem:2026/4",Döviz Yükümlülükleri Toplamı,,TL,BDDK Aylık Bülten - Excel
2026-04-01,2026,4,13,Yabancı Para Pozisyonu,5,,Döviz Yükümlülükleri Toplamı,,Toplam,30481867.75338,30481867.75338,TL,BDDK Aylık Bülten - Excel
2026-04-01,2026,4,13,Yabancı Para Pozisyonu,6,,Bilanço İçi Yükümlülükler,,Unnamed: 0,Sektör,,TL,BDDK Aylık Bülten - Excel
2026-04-01,2026,4,13,Yabancı Para Pozisyonu,6,,Bilanço İçi Yükümlülükler,,Unnamed: 1,6,6.0,TL,BDDK Aylık Bülten - Excel
2026-04-01,2026,4,13,Yabancı Para Pozisyonu,6,,Bilanço İçi Yükümlülükler,,"Yabancı Para Pozisyonu (milyon TL), Dönem:2026/4",Bilanço İçi Yükümlülükler,,TL,BDDK Aylık Bülten - Excel
2026-04-01,2026,4,13,Yabancı Para Pozisyonu,6,,Bilanço İçi Yükümlülükler,,Toplam,21741992.87111,21741992.87111,TL,BDDK Aylık Bülten - Excel
2026-04-01,2026,4,13,Yabancı Para Pozisyonu,7,,Dövize Endeksli Yükümlülükler,,Unnamed: 0,Sektör,,TL,BDDK Aylık Bülten - Excel
2026-04-01,2026,4,13,Yabancı Para Pozisyonu,7,,Dövize Endeksli Yükümlülükler,,Unnamed: 1,7,7.0,TL,BDDK Aylık Bülten - Excel
2026-04-01,2026,4,13,Yabancı Para Pozisyonu,7,,Dövize Endeksli Yükümlülükler,,"Yabancı Para Pozisyonu (milyon TL), Dönem:2026/4",Dövize Endeksli Yükümlülükler,,TL,BDDK Aylık Bülten - Excel
2026-04-01,2026,4,13,Yabancı Para Pozisyonu,7,,Dövize Endeksli Yükümlülükler,,Toplam,683.789,683.789,TL,BDDK Aylık Bülten - Excel
2026-04-01,2026,4,13,Yabancı Para Pozisyonu,8,,Bilanço Dışı Yükümlülükler,,Unnamed: 0,Sektör,,TL,BDDK Aylık Bülten - Excel
2026-04-01,2026,4,13,Yabancı Para Pozisyonu,8,,Bilanço Dışı Yükümlülükler,,Unnamed: 1,8,8.0,TL,BDDK Aylık Bülten - Excel
2026-04-01,2026,4,13,Yabancı Para Pozisyonu,8,,Bilanço Dışı Yükümlülükler,,"Yabancı Para Pozisyonu (milyon TL), Dönem:2026/4",Bilanço Dışı Yükümlülükler,,TL,BDDK Aylık Bülten - Excel
2026-04-01,2026,4,13,Yabancı Para Pozisyonu,8,,Bilanço Dışı Yükümlülükler,,Toplam,8739874.88227,8739874.88227,TL,BDDK Aylık Bülten - Excel
2026-04-01,2026,4,13,Yabancı Para Pozisyonu,9,,Yabancı Para Net Genel Pozisyonu,,Unnamed: 0,Sektör,,TL,BDDK Aylık Bülten - Excel
2026-04-01,2026,4,13,Yabancı Para Pozisyonu,9,,Yabancı Para Net Genel Pozisyonu,,Unnamed: 1,9,9.0,TL,BDDK Aylık Bülten - Excel
2026-04-01,2026,4,13,Yabancı Para Pozisyonu,9,,Yabancı Para Net Genel Pozisyonu,,"Yabancı Para Pozisyonu (milyon TL), Dönem:2026/4",Yabancı Para Net Genel Pozisyonu,,TL,BDDK Aylık Bülten - Excel
2026-04-01,2026,4,13,Yabancı Para Pozisyonu,9,,Yabancı Para Net Genel Pozisyonu,,Toplam,28776.26198,28776.26198,TL,BDDK Aylık Bülten - Excel
2026-04-01,2026,4,13,Yabancı Para Pozisyonu,10,,Yasal Özkaynak,,Unnamed: 0,Sektör,,TL,BDDK Aylık Bülten - Excel
2026-04-01,2026,4,13,Yabancı Para Pozisyonu,10,,Yasal Özkaynak,,Unnamed: 1,10,10.0,TL,BDDK Aylık Bülten - Excel
2026-04-01,2026,4,13,Yabancı Para Pozisyonu,10,,Yasal Özkaynak,,"Yabancı Para Pozisyonu (milyon TL), Dönem:2026/4",Yasal Özkaynak,,TL,BDDK Aylık Bülten - Excel
2026-04-01,2026,4,13,Yabancı Para Pozisyonu,10,,Yasal Özkaynak,,Toplam,5612681.28851,5612681.28851,TL,BDDK Aylık Bülten - Excel
2026-04-01,2026,4,13,Yabancı Para Pozisyonu,11,,Yabancı Para Net Genel Pozisyon / Yasal Özkaynak Standart Oranı (Yüzde),,Unnamed: 0,Sektör,,TL,BDDK Aylık Bülten - Excel
2026-04-01,2026,4,13,Yabancı Para Pozisyonu,11,,Yabancı Para Net Genel Pozisyon / Yasal Özkaynak Standart Oranı (Yüzde),,Unnamed: 1,11,11.0,TL,BDDK Aylık Bülten - Excel
2026-04-01,2026,4,13,Yabancı Para Pozisyonu,11,,Yabancı Para Net Genel Pozisyon / Yasal Özkaynak Standart Oranı (Yüzde),,"Yabancı Para Pozisyonu (milyon TL), Dönem:2026/4",Yabancı Para Net Genel Pozisyon / Yasal Özkaynak Standart Oranı (Yüzde),,TL,BDDK Aylık Bülten - Excel
2026-04-01,2026,4,13,Yabancı Para Pozisyonu,11,,Yabancı Para Net Genel Pozisyon / Yasal Özkaynak Standart Oranı (Yüzde),,Toplam,0.5127,0.5127,TL,BDDK Aylık Bülten - Excel
2026-05-01,2026,5,13,Yabancı Para Pozisyonu,1,,Döviz Varlıkları Toplamı,,Unnamed: 0,Sektör,,TL,BDDK Aylık Bülten - Excel
2026-05-01,2026,5,13,Yabancı Para Pozisyonu,1,,Döviz Varlıkları Toplamı,,Unnamed: 1,1,1.0,TL,BDDK Aylık Bülten - Excel
2026-05-01,2026,5,13,Yabancı Para Pozisyonu,1,,Döviz Varlıkları Toplamı,,"Yabancı Para Pozisyonu (milyon TL), Dönem:2026/5",Döviz Varlıkları Toplamı,,TL,BDDK Aylık Bülten - Excel
2026-05-01,2026,5,13,Yabancı Para Pozisyonu,1,,Döviz Varlıkları Toplamı,,Toplam,30531250.80487,30531250.80487,TL,BDDK Aylık Bülten - Excel
2026-05-01,2026,5,13,Yabancı Para Pozisyonu,2,,Bilanço İçi Varlıklar,,Unnamed: 0,Sektör,,TL,BDDK Aylık Bülten - Excel
2026-05-01,2026,5,13,Yabancı Para Pozisyonu,2,,Bilanço İçi Varlıklar,,Unnamed: 1,2,2.0,TL,BDDK Aylık Bülten - Excel
2026-05-01,2026,5,13,Yabancı Para Pozisyonu,2,,Bilanço İçi Varlıklar,,"Yabancı Para Pozisyonu (milyon TL), Dönem:2026/5",Bilanço İçi Varlıklar,,TL,BDDK Aylık Bülten - Excel
2026-05-01,2026,5,13,Yabancı Para Pozisyonu,2,,Bilanço İçi Varlıklar,,Toplam,20068813.9483,20068813.9483,TL,BDDK Aylık Bülten - Excel
2026-05-01,2026,5,13,Yabancı Para Pozisyonu,3,,Dövize Endeksli Varlıklar,,Unnamed: 0,Sektör,,TL,BDDK Aylık Bülten - Excel
2026-05-01,2026,5,13,Yabancı Para Pozisyonu,3,,Dövize Endeksli Varlıklar,,Unnamed: 1,3,3.0,TL,BDDK Aylık Bülten - Excel
2026-05-01,2026,5,13,Yabancı Para Pozisyonu,3,,Dövize Endeksli Varlıklar,,"Yabancı Para Pozisyonu (milyon TL), Dönem:2026/5",Dövize Endeksli Varlıklar,,TL,BDDK Aylık Bülten - Excel
2026-05-01,2026,5,13,Yabancı Para Pozisyonu,3,,Dövize Endeksli Varlıklar,,Toplam,6575.19989,6575.19989,TL,BDDK Aylık Bülten - Excel
2026-05-01,2026,5,13,Yabancı Para Pozisyonu,4,,Bilanço Dışı Varlıklar,,Unnamed: 0,Sektör,,TL,BDDK Aylık Bülten - Excel
2026-05-01,2026,5,13,Yabancı Para Pozisyonu,4,,Bilanço Dışı Varlıklar,,Unnamed: 1,4,4.0,TL,BDDK Aylık Bülten - Excel
2026-05-01,2026,5,13,Yabancı Para Pozisyonu,4,,Bilanço Dışı Varlıklar,,"Yabancı Para Pozisyonu (milyon TL), Dönem:2026/5",Bilanço Dışı Varlıklar,,TL,BDDK Aylık Bülten - Excel
2026-05-01,2026,5,13,Yabancı Para Pozisyonu,4,,Bilanço Dışı Varlıklar,,Toplam,10462436.85657,10462436.85657,TL,BDDK Aylık Bülten - Excel
2026-05-01,2026,5,13,Yabancı Para Pozisyonu,5,,Döviz Yükümlülükleri Toplamı,,Unnamed: 0,Sektör,,TL,BDDK Aylık Bülten - Excel
2026-05-01,2026,5,13,Yabancı Para Pozisyonu,5,,Döviz Yükümlülükleri Toplamı,,Unnamed: 1,5,5.0,TL,BDDK Aylık Bülten - Excel
2026-05-01,2026,5,13,Yabancı Para Pozisyonu,5,,Döviz Yükümlülükleri Toplamı,,"Yabancı Para Pozisyonu (milyon TL), Dönem:2026/5",Döviz Yükümlülükleri Toplamı,,TL,BDDK Aylık Bülten - Excel
2026-05-01,2026,5,13,Yabancı Para Pozisyonu,5,,Döviz Yükümlülükleri Toplamı,,Toplam,30468264.88276,30468264.88276,TL,BDDK Aylık Bülten - Excel
2026-05-01,2026,5,13,Yabancı Para Pozisyonu,6,,Bilanço İçi Yükümlülükler,,Unnamed: 0,Sektör,,TL,BDDK Aylık Bülten - Excel
2026-05-01,2026,5,13,Yabancı Para Pozisyonu,6,,Bilanço İçi Yükümlülükler,,Unnamed: 1,6,6.0,TL,BDDK Aylık Bülten - Excel
2026-05-01,2026,5,13,Yabancı Para Pozisyonu,6,,Bilanço İçi Yükümlülükler,,"Yabancı Para Pozisyonu (milyon TL), Dönem:2026/5",Bilanço İçi Yükümlülükler,,TL,BDDK Aylık Bülten - Excel
2026-05-01,2026,5,13,Yabancı Para Pozisyonu,6,,Bilanço İçi Yükümlülükler,,Toplam,22226807.51842,22226807.51842,TL,BDDK Aylık Bülten - Excel
2026-05-01,2026,5,13,Yabancı Para Pozisyonu,7,,Dövize Endeksli Yükümlülükler,,Unnamed: 0,Sektör,,TL,BDDK Aylık Bülten - Excel
2026-05-01,2026,5,13,Yabancı Para Pozisyonu,7,,Dövize Endeksli Yükümlülükler,,Unnamed: 1,7,7.0,TL,BDDK Aylık Bülten - Excel
2026-05-01,2026,5,13,Yabancı Para Pozisyonu,7,,Dövize Endeksli Yükümlülükler,,"Yabancı Para Pozisyonu (milyon TL), Dönem:2026/5",Dövize Endeksli Yükümlülükler,,TL,BDDK Aylık Bülten - Excel
2026-05-01,2026,5,13,Yabancı Para Pozisyonu,7,,Dövize Endeksli Yükümlülükler,,Toplam,25.304,25.304,TL,BDDK Aylık Bülten - Excel
2026-05-01,2026,5,13,Yabancı Para Pozisyonu,8,,Bilanço Dışı Yükümlülükler,,Unnamed: 0,Sektör,,TL,BDDK Aylık Bülten - Excel
2026-05-01,2026,5,13,Yabancı Para Pozisyonu,8,,Bilanço Dışı Yükümlülükler,,Unnamed: 1,8,8.0,TL,BDDK Aylık Bülten - Excel
2026-05-01,2026,5,13,Yabancı Para Pozisyonu,8,,Bilanço Dışı Yükümlülükler,,"Yabancı Para Pozisyonu (milyon TL), Dönem:2026/5",Bilanço Dışı Yükümlülükler,,TL,BDDK Aylık Bülten - Excel
2026-05-01,2026,5,13,Yabancı Para Pozisyonu,8,,Bilanço Dışı Yükümlülükler,,Toplam,8241457.36434,8241457.36434,TL,BDDK Aylık Bülten - Excel
2026-05-01,2026,5,13,Yabancı Para Pozisyonu,9,,Yabancı Para Net Genel Pozisyonu,,Unnamed: 0,Sektör,,TL,BDDK Aylık Bülten - Excel
2026-05-01,2026,5,13,Yabancı Para Pozisyonu,9,,Yabancı Para Net Genel Pozisyonu,,Unnamed: 1,9,9.0,TL,BDDK Aylık Bülten - Excel
2026-05-01,2026,5,13,Yabancı Para Pozisyonu,9,,Yabancı Para Net Genel Pozisyonu,,"Yabancı Para Pozisyonu (milyon TL), Dönem:2026/5",Yabancı Para Net Genel Pozisyonu,,TL,BDDK Aylık Bülten - Excel
2026-05-01,2026,5,13,Yabancı Para Pozisyonu,9,,Yabancı Para Net Genel Pozisyonu,,Toplam,62985.92211,62985.92211,TL,BDDK Aylık Bülten - Excel
2026-05-01,2026,5,13,Yabancı Para Pozisyonu,10,,Yasal Özkaynak,,Unnamed: 0,Sektör,,TL,BDDK Aylık Bülten - Excel
2026-05-01,2026,5,13,Yabancı Para Pozisyonu,10,,Yasal Özkaynak,,Unnamed: 1,10,10.0,TL,BDDK Aylık Bülten - Excel
2026-05-01,2026,5,13,Yabancı Para Pozisyonu,10,,Yasal Özkaynak,,"Yabancı Para Pozisyonu (milyon TL), Dönem:2026/5",Yasal Özkaynak,,TL,BDDK Aylık Bülten - Excel
2026-05-01,2026,5,13,Yabancı Para Pozisyonu,10,,Yasal Özkaynak,,Toplam,5664662.81073,5664662.81073,TL,BDDK Aylık Bülten - Excel
2026-05-01,2026,5,13,Yabancı Para Pozisyonu,11,,Yabancı Para Net Genel Pozisyon / Yasal Özkaynak Standart Oranı (Yüzde),,Unnamed: 0,Sektör,,TL,BDDK Aylık Bülten - Excel
2026-05-01,2026,5,13,Yabancı Para Pozisyonu,11,,Yabancı Para Net Genel Pozisyon / Yasal Özkaynak Standart Oranı (Yüzde),,Unnamed: 1,11,11.0,TL,BDDK Aylık Bülten - Excel
2026-05-01,2026,5,13,Yabancı Para Pozisyonu,11,,Yabancı Para Net Genel Pozisyon / Yasal Özkaynak Standart Oranı (Yüzde),,"Yabancı Para Pozisyonu (milyon TL), Dönem:2026/5",Yabancı Para Net Genel Pozisyon / Yasal Özkaynak Standart Oranı (Yüzde),,TL,BDDK Aylık Bülten - Excel
2026-05-01,2026,5,13,Yabancı Para Pozisyonu,11,,Yabancı Para Net Genel Pozisyon / Yasal Özkaynak Standart Oranı (Yüzde),,Toplam,1.111909,1.111909,TL,BDDK Aylık Bülten - Excel
2026-06-01,2026,6,13,Yabancı Para Pozisyonu,1,,Döviz Varlıkları Toplamı,,Unnamed: 0,Sektör,,TL,BDDK Aylık Bülten - Excel
2026-06-01,2026,6,13,Yabancı Para Pozisyonu,1,,Döviz Varlıkları Toplamı,,Unnamed: 1,1,1.0,TL,BDDK Aylık Bülten - Excel
2026-06-01,2026,6,13,Yabancı Para Pozisyonu,1,,Döviz Varlıkları Toplamı,,"Yabancı Para Pozisyonu (milyon TL), Dönem:2026/6",Döviz Varlıkları Toplamı,,TL,BDDK Aylık Bülten - Excel
2026-06-01,2026,6,13,Yabancı Para Pozisyonu,1,,Döviz Varlıkları Toplamı,,Toplam,30708910.73247,30708910.73247,TL,BDDK Aylık Bülten - Excel
2026-06-01,2026,6,13,Yabancı Para Pozisyonu,2,,Bilanço İçi Varlıklar,,Unnamed: 0,Sektör,,TL,BDDK Aylık Bülten - Excel
2026-06-01,2026,6,13,Yabancı Para Pozisyonu,2,,Bilanço İçi Varlıklar,,Unnamed: 1,2,2.0,TL,BDDK Aylık Bülten - Excel
2026-06-01,2026,6,13,Yabancı Para Pozisyonu,2,,Bilanço İçi Varlıklar,,"Yabancı Para Pozisyonu (milyon TL), Dönem:2026/6",Bilanço İçi Varlıklar,,TL,BDDK Aylık Bülten - Excel
2026-06-01,2026,6,13,Yabancı Para Pozisyonu,2,,Bilanço İçi Varlıklar,,Toplam,19635575.33909,19635575.33909,TL,BDDK Aylık Bülten - Excel
2026-06-01,2026,6,13,Yabancı Para Pozisyonu,3,,Dövize Endeksli Varlıklar,,Unnamed: 0,Sektör,,TL,BDDK Aylık Bülten - Excel
2026-06-01,2026,6,13,Yabancı Para Pozisyonu,3,,Dövize Endeksli Varlıklar,,Unnamed: 1,3,3.0,TL,BDDK Aylık Bülten - Excel
2026-06-01,2026,6,13,Yabancı Para Pozisyonu,3,,Dövize Endeksli Varlıklar,,"Yabancı Para Pozisyonu (milyon TL), Dönem:2026/6",Dövize Endeksli Varlıklar,,TL,BDDK Aylık Bülten - Excel
2026-06-01,2026,6,13,Yabancı Para Pozisyonu,3,,Dövize Endeksli Varlıklar,,Toplam,6196.21812,6196.21812,TL,BDDK Aylık Bülten - Excel
2026-06-01,2026,6,13,Yabancı Para Pozisyonu,4,,Bilanço Dışı Varlıklar,,Unnamed: 0,Sektör,,TL,BDDK Aylık Bülten - Excel
2026-06-01,2026,6,13,Yabancı Para Pozisyonu,4,,Bilanço Dışı Varlıklar,,Unnamed: 1,4,4.0,TL,BDDK Aylık Bülten - Excel
2026-06-01,2026,6,13,Yabancı Para Pozisyonu,4,,Bilanço Dışı Varlıklar,,"Yabancı Para Pozisyonu (milyon TL), Dönem:2026/6",Bilanço Dışı Varlıklar,,TL,BDDK Aylık Bülten - Excel
2026-06-01,2026,6,13,Yabancı Para Pozisyonu,4,,Bilanço Dışı Varlıklar,,Toplam,11073335.39338,11073335.39338,TL,BDDK Aylık Bülten - Excel
2026-06-01,2026,6,13,Yabancı Para Pozisyonu,5,,Döviz Yükümlülükleri Toplamı,,Unnamed: 0,Sektör,,TL,BDDK Aylık Bülten - Excel
2026-06-01,2026,6,13,Yabancı Para Pozisyonu,5,,Döviz Yükümlülükleri Toplamı,,Unnamed: 1,5,5.0,TL,BDDK Aylık Bülten - Excel
2026-06-01,2026,6,13,Yabancı Para Pozisyonu,5,,Döviz Yükümlülükleri Toplamı,,"Yabancı Para Pozisyonu (milyon TL), Dönem:2026/6",Döviz Yükümlülükleri Toplamı,,TL,BDDK Aylık Bülten - Excel
2026-06-01,2026,6,13,Yabancı Para Pozisyonu,5,,Döviz Yükümlülükleri Toplamı,,Toplam,30630264.94127,30630264.94127,TL,BDDK Aylık Bülten - Excel
2026-06-01,2026,6,13,Yabancı Para Pozisyonu,6,,Bilanço İçi Yükümlülükler,,Unnamed: 0,Sektör,,TL,BDDK Aylık Bülten - Excel
2026-06-01,2026,6,13,Yabancı Para Pozisyonu,6,,Bilanço İçi Yükümlülükler,,Unnamed: 1,6,6.0,TL,BDDK Aylık Bülten - Excel
2026-06-01,2026,6,13,Yabancı Para Pozisyonu,6,,Bilanço İçi Yükümlülükler,,"Yabancı Para Pozisyonu (milyon TL), Dönem:2026/6",Bilanço İçi Yükümlülükler,,TL,BDDK Aylık Bülten - Excel
2026-06-01,2026,6,13,Yabancı Para Pozisyonu,6,,Bilanço İçi Yükümlülükler,,Toplam,21995682.44919,21995682.44919,TL,BDDK Aylık Bülten - Excel
2026-06-01,2026,6,13,Yabancı Para Pozisyonu,7,,Dövize Endeksli Yükümlülükler,,Unnamed: 0,Sektör,,TL,BDDK Aylık Bülten - Excel
2026-06-01,2026,6,13,Yabancı Para Pozisyonu,7,,Dövize Endeksli Yükümlülükler,,Unnamed: 1,7,7.0,TL,BDDK Aylık Bülten - Excel
2026-06-01,2026,6,13,Yabancı Para Pozisyonu,7,,Dövize Endeksli Yükümlülükler,,"Yabancı Para Pozisyonu (milyon TL), Dönem:2026/6",Dövize Endeksli Yükümlülükler,,TL,BDDK Aylık Bülten - Excel
2026-06-01,2026,6,13,Yabancı Para Pozisyonu,7,,Dövize Endeksli Yükümlülükler,,Toplam,17.812,17.812,TL,BDDK Aylık Bülten - Excel
2026-06-01,2026,6,13,Yabancı Para Pozisyonu,8,,Bilanço Dışı Yükümlülükler,,Unnamed: 0,Sektör,,TL,BDDK Aylık Bülten - Excel
2026-06-01,2026,6,13,Yabancı Para Pozisyonu,8,,Bilanço Dışı Yükümlülükler,,Unnamed: 1,8,8.0,TL,BDDK Aylık Bülten - Excel
2026-06-01,2026,6,13,Yabancı Para Pozisyonu,8,,Bilanço Dışı Yükümlülükler,,"Yabancı Para Pozisyonu (milyon TL), Dönem:2026/6",Bilanço Dışı Yükümlülükler,,TL,BDDK Aylık Bülten - Excel
2026-06-01,2026,6,13,Yabancı Para Pozisyonu,8,,Bilanço Dışı Yükümlülükler,,Toplam,8634582.49208,8634582.49208,TL,BDDK Aylık Bülten - Excel
2026-06-01,2026,6,13,Yabancı Para Pozisyonu,9,,Yabancı Para Net Genel Pozisyonu,,Unnamed: 0,Sektör,,TL,BDDK Aylık Bülten - Excel
2026-06-01,2026,6,13,Yabancı Para Pozisyonu,9,,Yabancı Para Net Genel Pozisyonu,,Unnamed: 1,9,9.0,TL,BDDK Aylık Bülten - Excel
2026-06-01,2026,6,13,Yabancı Para Pozisyonu,9,,Yabancı Para Net Genel Pozisyonu,,"Yabancı Para Pozisyonu (milyon TL), Dönem:2026/6",Yabancı Para Net Genel Pozisyonu,,TL,BDDK Aylık Bülten - Excel
2026-06-01,2026,6,13,Yabancı Para Pozisyonu,9,,Yabancı Para Net Genel Pozisyonu,,Toplam,78645.7912,78645.7912,TL,BDDK Aylık Bülten - Excel
2026-06-01,2026,6,13,Yabancı Para Pozisyonu,10,,Yasal Özkaynak,,Unnamed: 0,Sektör,,TL,BDDK Aylık Bülten - Excel
2026-06-01,2026,6,13,Yabancı Para Pozisyonu,10,,Yasal Özkaynak,,Unnamed: 1,10,10.0,TL,BDDK Aylık Bülten - Excel
2026-06-01,2026,6,13,Yabancı Para Pozisyonu,10,,Yasal Özkaynak,,"Yabancı Para Pozisyonu (milyon TL), Dönem:2026/6",Yasal Özkaynak,,TL,BDDK Aylık Bülten - Excel
2026-06-01,2026,6,13,Yabancı Para Pozisyonu,10,,Yasal Özkaynak,,Toplam,5838279.6084,5838279.6084,TL,BDDK Aylık Bülten - Excel
2026-06-01,2026,6,13,Yabancı Para Pozisyonu,11,,Yabancı Para Net Genel Pozisyon / Yasal Özkaynak Standart Oranı (Yüzde),,Unnamed: 0,Sektör,,TL,BDDK Aylık Bülten - Excel
2026-06-01,2026,6,13,Yabancı Para Pozisyonu,11,,Yabancı Para Net Genel Pozisyon / Yasal Özkaynak Standart Oranı (Yüzde),,Unnamed: 1,11,11.0,TL,BDDK Aylık Bülten - Excel
2026-06-01,2026,6,13,Yabancı Para Pozisyonu,11,,Yabancı Para Net Genel Pozisyon / Yasal Özkaynak Standart Oranı (Yüzde),,"Yabancı Para Pozisyonu (milyon TL), Dönem:2026/6",Yabancı Para Net Genel Pozisyon / Yasal Özkaynak Standart Oranı (Yüzde),,TL,BDDK Aylık Bülten - Excel
2026-06-01,2026,6,13,Yabancı Para Pozisyonu,11,,Yabancı Para Net Genel Pozisyon / Yasal Özkaynak Standart Oranı (Yüzde),,Toplam,1.347071,1.347071,TL,BDDK Aylık Bülten - Excel
