date,report_date,dropdown_date,date_mismatch,year,month,day,donem_id,period_text,category_id,category,row_no,item,variable,value_raw,value,currency,source
2021-01-08,2021-01-08,2021-01-08,False,2021,1,8,367,Ocak/08 (1. Hafta),294,Bilanço Dışı İşlemler,1,Gayrinakdi Kredi ve Yükümlülükler,TOPLAM,"989.319,45",989319.45,TL,BDDK Haftalık Bülten
2021-01-08,2021-01-08,2021-01-08,False,2021,1,8,367,Ocak/08 (1. Hafta),294,Bilanço Dışı İşlemler,1,Gayrinakdi Kredi ve Yükümlülükler,TP,"391.239,23",391239.23,TL,BDDK Haftalık Bülten
2021-01-08,2021-01-08,2021-01-08,False,2021,1,8,367,Ocak/08 (1. Hafta),294,Bilanço Dışı İşlemler,1,Gayrinakdi Kredi ve Yükümlülükler,YP,"598.080,22",598080.22,TL,BDDK Haftalık Bülten
2021-01-08,2021-01-08,2021-01-08,False,2021,1,8,367,Ocak/08 (1. Hafta),294,Bilanço Dışı İşlemler,2,Taahhütler (3+4),TOPLAM,"4.933.137,60",4933137.6,TL,BDDK Haftalık Bülten
2021-01-08,2021-01-08,2021-01-08,False,2021,1,8,367,Ocak/08 (1. Hafta),294,Bilanço Dışı İşlemler,2,Taahhütler (3+4),TP,"1.713.538,43",1713538.43,TL,BDDK Haftalık Bülten
2021-01-08,2021-01-08,2021-01-08,False,2021,1,8,367,Ocak/08 (1. Hafta),294,Bilanço Dışı İşlemler,2,Taahhütler (3+4),YP,"3.219.599,17",3219599.17,TL,BDDK Haftalık Bülten
2021-01-08,2021-01-08,2021-01-08,False,2021,1,8,367,Ocak/08 (1. Hafta),294,Bilanço Dışı İşlemler,3,a) Türev Finansal Araçlar,TOPLAM,"3.909.552,38",3909552.38,TL,BDDK Haftalık Bülten
2021-01-08,2021-01-08,2021-01-08,False,2021,1,8,367,Ocak/08 (1. Hafta),294,Bilanço Dışı İşlemler,3,a) Türev Finansal Araçlar,TP,"990.367,10",990367.1,TL,BDDK Haftalık Bülten
2021-01-08,2021-01-08,2021-01-08,False,2021,1,8,367,Ocak/08 (1. Hafta),294,Bilanço Dışı İşlemler,3,a) Türev Finansal Araçlar,YP,"2.919.185,28",2919185.28,TL,BDDK Haftalık Bülten
2021-01-08,2021-01-08,2021-01-08,False,2021,1,8,367,Ocak/08 (1. Hafta),294,Bilanço Dışı İşlemler,4,b) Diğer,TOPLAM,"1.023.585,22",1023585.22,TL,BDDK Haftalık Bülten
2021-01-08,2021-01-08,2021-01-08,False,2021,1,8,367,Ocak/08 (1. Hafta),294,Bilanço Dışı İşlemler,4,b) Diğer,TP,"723.171,33",723171.33,TL,BDDK Haftalık Bülten
2021-01-08,2021-01-08,2021-01-08,False,2021,1,8,367,Ocak/08 (1. Hafta),294,Bilanço Dışı İşlemler,4,b) Diğer,YP,"300.413,89",300413.89,TL,BDDK Haftalık Bülten
2021-01-15,2021-01-15,2021-01-15,False,2021,1,15,368,Ocak/15 (2. Hafta),294,Bilanço Dışı İşlemler,1,Gayrinakdi Kredi ve Yükümlülükler,TOPLAM,"1.002.784,16",1002784.16,TL,BDDK Haftalık Bülten
2021-01-15,2021-01-15,2021-01-15,False,2021,1,15,368,Ocak/15 (2. Hafta),294,Bilanço Dışı İşlemler,1,Gayrinakdi Kredi ve Yükümlülükler,TP,"392.401,02",392401.02,TL,BDDK Haftalık Bülten
2021-01-15,2021-01-15,2021-01-15,False,2021,1,15,368,Ocak/15 (2. Hafta),294,Bilanço Dışı İşlemler,1,Gayrinakdi Kredi ve Yükümlülükler,YP,"610.383,14",610383.14,TL,BDDK Haftalık Bülten
2021-01-15,2021-01-15,2021-01-15,False,2021,1,15,368,Ocak/15 (2. Hafta),294,Bilanço Dışı İşlemler,2,Taahhütler (3+4),TOPLAM,"4.921.750,61",4921750.61,TL,BDDK Haftalık Bülten
2021-01-15,2021-01-15,2021-01-15,False,2021,1,15,368,Ocak/15 (2. Hafta),294,Bilanço Dışı İşlemler,2,Taahhütler (3+4),TP,"1.718.830,14",1718830.14,TL,BDDK Haftalık Bülten
2021-01-15,2021-01-15,2021-01-15,False,2021,1,15,368,Ocak/15 (2. Hafta),294,Bilanço Dışı İşlemler,2,Taahhütler (3+4),YP,"3.202.920,48",3202920.48,TL,BDDK Haftalık Bülten
2021-01-15,2021-01-15,2021-01-15,False,2021,1,15,368,Ocak/15 (2. Hafta),294,Bilanço Dışı İşlemler,3,a) Türev Finansal Araçlar,TOPLAM,"3.909.612,24",3909612.24,TL,BDDK Haftalık Bülten
2021-01-15,2021-01-15,2021-01-15,False,2021,1,15,368,Ocak/15 (2. Hafta),294,Bilanço Dışı İşlemler,3,a) Türev Finansal Araçlar,TP,"989.196,08",989196.08,TL,BDDK Haftalık Bülten
2021-01-15,2021-01-15,2021-01-15,False,2021,1,15,368,Ocak/15 (2. Hafta),294,Bilanço Dışı İşlemler,3,a) Türev Finansal Araçlar,YP,"2.920.416,16",2920416.16,TL,BDDK Haftalık Bülten
2021-01-15,2021-01-15,2021-01-15,False,2021,1,15,368,Ocak/15 (2. Hafta),294,Bilanço Dışı İşlemler,4,b) Diğer,TOPLAM,"1.012.138,37",1012138.37,TL,BDDK Haftalık Bülten
2021-01-15,2021-01-15,2021-01-15,False,2021,1,15,368,Ocak/15 (2. Hafta),294,Bilanço Dışı İşlemler,4,b) Diğer,TP,"729.634,06",729634.06,TL,BDDK Haftalık Bülten
2021-01-15,2021-01-15,2021-01-15,False,2021,1,15,368,Ocak/15 (2. Hafta),294,Bilanço Dışı İşlemler,4,b) Diğer,YP,"282.504,32",282504.32,TL,BDDK Haftalık Bülten
2021-01-22,2021-01-22,2021-01-22,False,2021,1,22,369,Ocak/22 (3. Hafta),294,Bilanço Dışı İşlemler,1,Gayrinakdi Kredi ve Yükümlülükler,TOPLAM,"1.004.536,09",1004536.09,TL,BDDK Haftalık Bülten
2021-01-22,2021-01-22,2021-01-22,False,2021,1,22,369,Ocak/22 (3. Hafta),294,Bilanço Dışı İşlemler,1,Gayrinakdi Kredi ve Yükümlülükler,TP,"394.353,40",394353.4,TL,BDDK Haftalık Bülten
2021-01-22,2021-01-22,2021-01-22,False,2021,1,22,369,Ocak/22 (3. Hafta),294,Bilanço Dışı İşlemler,1,Gayrinakdi Kredi ve Yükümlülükler,YP,"610.182,70",610182.7,TL,BDDK Haftalık Bülten
2021-01-22,2021-01-22,2021-01-22,False,2021,1,22,369,Ocak/22 (3. Hafta),294,Bilanço Dışı İşlemler,2,Taahhütler (3+4),TOPLAM,"4.985.250,73",4985250.73,TL,BDDK Haftalık Bülten
2021-01-22,2021-01-22,2021-01-22,False,2021,1,22,369,Ocak/22 (3. Hafta),294,Bilanço Dışı İşlemler,2,Taahhütler (3+4),TP,"1.732.586,41",1732586.41,TL,BDDK Haftalık Bülten
2021-01-22,2021-01-22,2021-01-22,False,2021,1,22,369,Ocak/22 (3. Hafta),294,Bilanço Dışı İşlemler,2,Taahhütler (3+4),YP,"3.252.664,32",3252664.32,TL,BDDK Haftalık Bülten
2021-01-22,2021-01-22,2021-01-22,False,2021,1,22,369,Ocak/22 (3. Hafta),294,Bilanço Dışı İşlemler,3,a) Türev Finansal Araçlar,TOPLAM,"3.943.539,99",3943539.99,TL,BDDK Haftalık Bülten
2021-01-22,2021-01-22,2021-01-22,False,2021,1,22,369,Ocak/22 (3. Hafta),294,Bilanço Dışı İşlemler,3,a) Türev Finansal Araçlar,TP,"991.773,51",991773.51,TL,BDDK Haftalık Bülten
2021-01-22,2021-01-22,2021-01-22,False,2021,1,22,369,Ocak/22 (3. Hafta),294,Bilanço Dışı İşlemler,3,a) Türev Finansal Araçlar,YP,"2.951.766,49",2951766.49,TL,BDDK Haftalık Bülten
2021-01-22,2021-01-22,2021-01-22,False,2021,1,22,369,Ocak/22 (3. Hafta),294,Bilanço Dışı İşlemler,4,b) Diğer,TOPLAM,"1.041.710,74",1041710.74,TL,BDDK Haftalık Bülten
2021-01-22,2021-01-22,2021-01-22,False,2021,1,22,369,Ocak/22 (3. Hafta),294,Bilanço Dışı İşlemler,4,b) Diğer,TP,"740.812,91",740812.91,TL,BDDK Haftalık Bülten
2021-01-22,2021-01-22,2021-01-22,False,2021,1,22,369,Ocak/22 (3. Hafta),294,Bilanço Dışı İşlemler,4,b) Diğer,YP,"300.897,83",300897.83,TL,BDDK Haftalık Bülten
2021-01-29,2021-01-29,2021-01-29,False,2021,1,29,370,Ocak/29 (4. Hafta),294,Bilanço Dışı İşlemler,1,Gayrinakdi Kredi ve Yükümlülükler,TOPLAM,"1.001.507,25",1001507.25,TL,BDDK Haftalık Bülten
2021-01-29,2021-01-29,2021-01-29,False,2021,1,29,370,Ocak/29 (4. Hafta),294,Bilanço Dışı İşlemler,1,Gayrinakdi Kredi ve Yükümlülükler,TP,"394.602,32",394602.32,TL,BDDK Haftalık Bülten
2021-01-29,2021-01-29,2021-01-29,False,2021,1,29,370,Ocak/29 (4. Hafta),294,Bilanço Dışı İşlemler,1,Gayrinakdi Kredi ve Yükümlülükler,YP,"606.904,93",606904.93,TL,BDDK Haftalık Bülten
2021-01-29,2021-01-29,2021-01-29,False,2021,1,29,370,Ocak/29 (4. Hafta),294,Bilanço Dışı İşlemler,2,Taahhütler (3+4),TOPLAM,"4.938.109,69",4938109.69,TL,BDDK Haftalık Bülten
2021-01-29,2021-01-29,2021-01-29,False,2021,1,29,370,Ocak/29 (4. Hafta),294,Bilanço Dışı İşlemler,2,Taahhütler (3+4),TP,"1.735.933,47",1735933.47,TL,BDDK Haftalık Bülten
2021-01-29,2021-01-29,2021-01-29,False,2021,1,29,370,Ocak/29 (4. Hafta),294,Bilanço Dışı İşlemler,2,Taahhütler (3+4),YP,"3.202.176,22",3202176.22,TL,BDDK Haftalık Bülten
2021-01-29,2021-01-29,2021-01-29,False,2021,1,29,370,Ocak/29 (4. Hafta),294,Bilanço Dışı İşlemler,3,a) Türev Finansal Araçlar,TOPLAM,"3.872.784,42",3872784.42,TL,BDDK Haftalık Bülten
2021-01-29,2021-01-29,2021-01-29,False,2021,1,29,370,Ocak/29 (4. Hafta),294,Bilanço Dışı İşlemler,3,a) Türev Finansal Araçlar,TP,"982.540,63",982540.63,TL,BDDK Haftalık Bülten
2021-01-29,2021-01-29,2021-01-29,False,2021,1,29,370,Ocak/29 (4. Hafta),294,Bilanço Dışı İşlemler,3,a) Türev Finansal Araçlar,YP,"2.890.243,78",2890243.78,TL,BDDK Haftalık Bülten
2021-01-29,2021-01-29,2021-01-29,False,2021,1,29,370,Ocak/29 (4. Hafta),294,Bilanço Dışı İşlemler,4,b) Diğer,TOPLAM,"1.065.325,27",1065325.27,TL,BDDK Haftalık Bülten
2021-01-29,2021-01-29,2021-01-29,False,2021,1,29,370,Ocak/29 (4. Hafta),294,Bilanço Dışı İşlemler,4,b) Diğer,TP,"753.392,84",753392.84,TL,BDDK Haftalık Bülten
2021-01-29,2021-01-29,2021-01-29,False,2021,1,29,370,Ocak/29 (4. Hafta),294,Bilanço Dışı İşlemler,4,b) Diğer,YP,"311.932,43",311932.43,TL,BDDK Haftalık Bülten
2021-02-05,2021-02-05,2021-02-05,False,2021,2,5,371,Şubat/05 (5. Hafta),294,Bilanço Dışı İşlemler,1,Gayrinakdi Kredi ve Yükümlülükler,TOPLAM,"979.072,65",979072.65,TL,BDDK Haftalık Bülten
2021-02-05,2021-02-05,2021-02-05,False,2021,2,5,371,Şubat/05 (5. Hafta),294,Bilanço Dışı İşlemler,1,Gayrinakdi Kredi ve Yükümlülükler,TP,"393.492,78",393492.78,TL,BDDK Haftalık Bülten
2021-02-05,2021-02-05,2021-02-05,False,2021,2,5,371,Şubat/05 (5. Hafta),294,Bilanço Dışı İşlemler,1,Gayrinakdi Kredi ve Yükümlülükler,YP,"585.579,87",585579.87,TL,BDDK Haftalık Bülten
2021-02-05,2021-02-05,2021-02-05,False,2021,2,5,371,Şubat/05 (5. Hafta),294,Bilanço Dışı İşlemler,2,Taahhütler (3+4),TOPLAM,"4.857.945,99",4857945.99,TL,BDDK Haftalık Bülten
2021-02-05,2021-02-05,2021-02-05,False,2021,2,5,371,Şubat/05 (5. Hafta),294,Bilanço Dışı İşlemler,2,Taahhütler (3+4),TP,"1.743.517,50",1743517.5,TL,BDDK Haftalık Bülten
2021-02-05,2021-02-05,2021-02-05,False,2021,2,5,371,Şubat/05 (5. Hafta),294,Bilanço Dışı İşlemler,2,Taahhütler (3+4),YP,"3.114.428,49",3114428.49,TL,BDDK Haftalık Bülten
2021-02-05,2021-02-05,2021-02-05,False,2021,2,5,371,Şubat/05 (5. Hafta),294,Bilanço Dışı İşlemler,3,a) Türev Finansal Araçlar,TOPLAM,"3.792.664,55",3792664.55,TL,BDDK Haftalık Bülten
2021-02-05,2021-02-05,2021-02-05,False,2021,2,5,371,Şubat/05 (5. Hafta),294,Bilanço Dışı İşlemler,3,a) Türev Finansal Araçlar,TP,"987.336,43",987336.43,TL,BDDK Haftalık Bülten
2021-02-05,2021-02-05,2021-02-05,False,2021,2,5,371,Şubat/05 (5. Hafta),294,Bilanço Dışı İşlemler,3,a) Türev Finansal Araçlar,YP,"2.805.328,12",2805328.12,TL,BDDK Haftalık Bülten
2021-02-05,2021-02-05,2021-02-05,False,2021,2,5,371,Şubat/05 (5. Hafta),294,Bilanço Dışı İşlemler,4,b) Diğer,TOPLAM,"1.065.281,44",1065281.44,TL,BDDK Haftalık Bülten
2021-02-05,2021-02-05,2021-02-05,False,2021,2,5,371,Şubat/05 (5. Hafta),294,Bilanço Dışı İşlemler,4,b) Diğer,TP,"756.181,07",756181.07,TL,BDDK Haftalık Bülten
2021-02-05,2021-02-05,2021-02-05,False,2021,2,5,371,Şubat/05 (5. Hafta),294,Bilanço Dışı İşlemler,4,b) Diğer,YP,"309.100,37",309100.37,TL,BDDK Haftalık Bülten
2021-02-12,2021-02-12,2021-02-12,False,2021,2,12,372,Şubat/12 (6. Hafta),294,Bilanço Dışı İşlemler,1,Gayrinakdi Kredi ve Yükümlülükler,TOPLAM,"983.695,71",983695.71,TL,BDDK Haftalık Bülten
2021-02-12,2021-02-12,2021-02-12,False,2021,2,12,372,Şubat/12 (6. Hafta),294,Bilanço Dışı İşlemler,1,Gayrinakdi Kredi ve Yükümlülükler,TP,"393.110,87",393110.87,TL,BDDK Haftalık Bülten
2021-02-12,2021-02-12,2021-02-12,False,2021,2,12,372,Şubat/12 (6. Hafta),294,Bilanço Dışı İşlemler,1,Gayrinakdi Kredi ve Yükümlülükler,YP,"590.584,84",590584.84,TL,BDDK Haftalık Bülten
2021-02-12,2021-02-12,2021-02-12,False,2021,2,12,372,Şubat/12 (6. Hafta),294,Bilanço Dışı İşlemler,2,Taahhütler (3+4),TOPLAM,"4.785.541,67",4785541.67,TL,BDDK Haftalık Bülten
2021-02-12,2021-02-12,2021-02-12,False,2021,2,12,372,Şubat/12 (6. Hafta),294,Bilanço Dışı İşlemler,2,Taahhütler (3+4),TP,"1.736.711,25",1736711.25,TL,BDDK Haftalık Bülten
2021-02-12,2021-02-12,2021-02-12,False,2021,2,12,372,Şubat/12 (6. Hafta),294,Bilanço Dışı İşlemler,2,Taahhütler (3+4),YP,"3.048.830,42",3048830.42,TL,BDDK Haftalık Bülten
2021-02-12,2021-02-12,2021-02-12,False,2021,2,12,372,Şubat/12 (6. Hafta),294,Bilanço Dışı İşlemler,3,a) Türev Finansal Araçlar,TOPLAM,"3.770.137,16",3770137.16,TL,BDDK Haftalık Bülten
2021-02-12,2021-02-12,2021-02-12,False,2021,2,12,372,Şubat/12 (6. Hafta),294,Bilanço Dışı İşlemler,3,a) Türev Finansal Araçlar,TP,"987.156,92",987156.92,TL,BDDK Haftalık Bülten
2021-02-12,2021-02-12,2021-02-12,False,2021,2,12,372,Şubat/12 (6. Hafta),294,Bilanço Dışı İşlemler,3,a) Türev Finansal Araçlar,YP,"2.782.980,24",2782980.24,TL,BDDK Haftalık Bülten
2021-02-12,2021-02-12,2021-02-12,False,2021,2,12,372,Şubat/12 (6. Hafta),294,Bilanço Dışı İşlemler,4,b) Diğer,TOPLAM,"1.015.404,51",1015404.51,TL,BDDK Haftalık Bülten
2021-02-12,2021-02-12,2021-02-12,False,2021,2,12,372,Şubat/12 (6. Hafta),294,Bilanço Dışı İşlemler,4,b) Diğer,TP,"749.554,33",749554.33,TL,BDDK Haftalık Bülten
2021-02-12,2021-02-12,2021-02-12,False,2021,2,12,372,Şubat/12 (6. Hafta),294,Bilanço Dışı İşlemler,4,b) Diğer,YP,"265.850,18",265850.18,TL,BDDK Haftalık Bülten
2021-02-19,2021-02-19,2021-02-19,False,2021,2,19,373,Şubat/19 (7. Hafta),294,Bilanço Dışı İşlemler,1,Gayrinakdi Kredi ve Yükümlülükler,TOPLAM,"985.172,13",985172.13,TL,BDDK Haftalık Bülten
2021-02-19,2021-02-19,2021-02-19,False,2021,2,19,373,Şubat/19 (7. Hafta),294,Bilanço Dışı İşlemler,1,Gayrinakdi Kredi ve Yükümlülükler,TP,"395.226,36",395226.36,TL,BDDK Haftalık Bülten
2021-02-19,2021-02-19,2021-02-19,False,2021,2,19,373,Şubat/19 (7. Hafta),294,Bilanço Dışı İşlemler,1,Gayrinakdi Kredi ve Yükümlülükler,YP,"589.945,77",589945.77,TL,BDDK Haftalık Bülten
2021-02-19,2021-02-19,2021-02-19,False,2021,2,19,373,Şubat/19 (7. Hafta),294,Bilanço Dışı İşlemler,2,Taahhütler (3+4),TOPLAM,"4.790.436,59",4790436.59,TL,BDDK Haftalık Bülten
2021-02-19,2021-02-19,2021-02-19,False,2021,2,19,373,Şubat/19 (7. Hafta),294,Bilanço Dışı İşlemler,2,Taahhütler (3+4),TP,"1.722.186,15",1722186.15,TL,BDDK Haftalık Bülten
2021-02-19,2021-02-19,2021-02-19,False,2021,2,19,373,Şubat/19 (7. Hafta),294,Bilanço Dışı İşlemler,2,Taahhütler (3+4),YP,"3.068.250,44",3068250.44,TL,BDDK Haftalık Bülten
2021-02-19,2021-02-19,2021-02-19,False,2021,2,19,373,Şubat/19 (7. Hafta),294,Bilanço Dışı İşlemler,3,a) Türev Finansal Araçlar,TOPLAM,"3.754.018,72",3754018.72,TL,BDDK Haftalık Bülten
2021-02-19,2021-02-19,2021-02-19,False,2021,2,19,373,Şubat/19 (7. Hafta),294,Bilanço Dışı İşlemler,3,a) Türev Finansal Araçlar,TP,"973.260,41",973260.41,TL,BDDK Haftalık Bülten
2021-02-19,2021-02-19,2021-02-19,False,2021,2,19,373,Şubat/19 (7. Hafta),294,Bilanço Dışı İşlemler,3,a) Türev Finansal Araçlar,YP,"2.780.758,31",2780758.31,TL,BDDK Haftalık Bülten
2021-02-19,2021-02-19,2021-02-19,False,2021,2,19,373,Şubat/19 (7. Hafta),294,Bilanço Dışı İşlemler,4,b) Diğer,TOPLAM,"1.036.417,87",1036417.87,TL,BDDK Haftalık Bülten
2021-02-19,2021-02-19,2021-02-19,False,2021,2,19,373,Şubat/19 (7. Hafta),294,Bilanço Dışı İşlemler,4,b) Diğer,TP,"748.925,74",748925.74,TL,BDDK Haftalık Bülten
2021-02-19,2021-02-19,2021-02-19,False,2021,2,19,373,Şubat/19 (7. Hafta),294,Bilanço Dışı İşlemler,4,b) Diğer,YP,"287.492,14",287492.14,TL,BDDK Haftalık Bülten
2021-02-26,2021-02-26,2021-02-26,False,2021,2,26,374,Şubat/26 (8. Hafta),294,Bilanço Dışı İşlemler,1,Gayrinakdi Kredi ve Yükümlülükler,TOPLAM,"1.027.717,27",1027717.27,TL,BDDK Haftalık Bülten
2021-02-26,2021-02-26,2021-02-26,False,2021,2,26,374,Şubat/26 (8. Hafta),294,Bilanço Dışı İşlemler,1,Gayrinakdi Kredi ve Yükümlülükler,TP,"398.352,46",398352.46,TL,BDDK Haftalık Bülten
2021-02-26,2021-02-26,2021-02-26,False,2021,2,26,374,Şubat/26 (8. Hafta),294,Bilanço Dışı İşlemler,1,Gayrinakdi Kredi ve Yükümlülükler,YP,"629.364,80",629364.8,TL,BDDK Haftalık Bülten
2021-02-26,2021-02-26,2021-02-26,False,2021,2,26,374,Şubat/26 (8. Hafta),294,Bilanço Dışı İşlemler,2,Taahhütler (3+4),TOPLAM,"4.998.129,97",4998129.97,TL,BDDK Haftalık Bülten
2021-02-26,2021-02-26,2021-02-26,False,2021,2,26,374,Şubat/26 (8. Hafta),294,Bilanço Dışı İşlemler,2,Taahhütler (3+4),TP,"1.753.317,93",1753317.93,TL,BDDK Haftalık Bülten
2021-02-26,2021-02-26,2021-02-26,False,2021,2,26,374,Şubat/26 (8. Hafta),294,Bilanço Dışı İşlemler,2,Taahhütler (3+4),YP,"3.244.812,03",3244812.03,TL,BDDK Haftalık Bülten
2021-02-26,2021-02-26,2021-02-26,False,2021,2,26,374,Şubat/26 (8. Hafta),294,Bilanço Dışı İşlemler,3,a) Türev Finansal Araçlar,TOPLAM,"3.886.028,17",3886028.17,TL,BDDK Haftalık Bülten
2021-02-26,2021-02-26,2021-02-26,False,2021,2,26,374,Şubat/26 (8. Hafta),294,Bilanço Dışı İşlemler,3,a) Türev Finansal Araçlar,TP,"967.311,08",967311.08,TL,BDDK Haftalık Bülten
2021-02-26,2021-02-26,2021-02-26,False,2021,2,26,374,Şubat/26 (8. Hafta),294,Bilanço Dışı İşlemler,3,a) Türev Finansal Araçlar,YP,"2.918.717,09",2918717.09,TL,BDDK Haftalık Bülten
2021-02-26,2021-02-26,2021-02-26,False,2021,2,26,374,Şubat/26 (8. Hafta),294,Bilanço Dışı İşlemler,4,b) Diğer,TOPLAM,"1.112.101,80",1112101.8,TL,BDDK Haftalık Bülten
2021-02-26,2021-02-26,2021-02-26,False,2021,2,26,374,Şubat/26 (8. Hafta),294,Bilanço Dışı İşlemler,4,b) Diğer,TP,"786.006,86",786006.86,TL,BDDK Haftalık Bülten
2021-02-26,2021-02-26,2021-02-26,False,2021,2,26,374,Şubat/26 (8. Hafta),294,Bilanço Dışı İşlemler,4,b) Diğer,YP,"326.094,94",326094.94,TL,BDDK Haftalık Bülten
2021-03-05,2021-03-05,2021-03-05,False,2021,3,5,375,Mart/05 (9. Hafta),294,Bilanço Dışı İşlemler,1,Gayrinakdi Kredi ve Yükümlülükler,TOPLAM,"1.043.021,94",1043021.94,TL,BDDK Haftalık Bülten
2021-03-05,2021-03-05,2021-03-05,False,2021,3,5,375,Mart/05 (9. Hafta),294,Bilanço Dışı İşlemler,1,Gayrinakdi Kredi ve Yükümlülükler,TP,"400.991,30",400991.3,TL,BDDK Haftalık Bülten
2021-03-05,2021-03-05,2021-03-05,False,2021,3,5,375,Mart/05 (9. Hafta),294,Bilanço Dışı İşlemler,1,Gayrinakdi Kredi ve Yükümlülükler,YP,"642.030,64",642030.64,TL,BDDK Haftalık Bülten
2021-03-05,2021-03-05,2021-03-05,False,2021,3,5,375,Mart/05 (9. Hafta),294,Bilanço Dışı İşlemler,2,Taahhütler (3+4),TOPLAM,"5.053.386,30",5053386.3,TL,BDDK Haftalık Bülten
2021-03-05,2021-03-05,2021-03-05,False,2021,3,5,375,Mart/05 (9. Hafta),294,Bilanço Dışı İşlemler,2,Taahhütler (3+4),TP,"1.761.954,95",1761954.95,TL,BDDK Haftalık Bülten
2021-03-05,2021-03-05,2021-03-05,False,2021,3,5,375,Mart/05 (9. Hafta),294,Bilanço Dışı İşlemler,2,Taahhütler (3+4),YP,"3.291.431,34",3291431.34,TL,BDDK Haftalık Bülten
2021-03-05,2021-03-05,2021-03-05,False,2021,3,5,375,Mart/05 (9. Hafta),294,Bilanço Dışı İşlemler,3,a) Türev Finansal Araçlar,TOPLAM,"3.928.130,29",3928130.29,TL,BDDK Haftalık Bülten
2021-03-05,2021-03-05,2021-03-05,False,2021,3,5,375,Mart/05 (9. Hafta),294,Bilanço Dışı İşlemler,3,a) Türev Finansal Araçlar,TP,"978.043,13",978043.13,TL,BDDK Haftalık Bülten
2021-03-05,2021-03-05,2021-03-05,False,2021,3,5,375,Mart/05 (9. Hafta),294,Bilanço Dışı İşlemler,3,a) Türev Finansal Araçlar,YP,"2.950.087,16",2950087.16,TL,BDDK Haftalık Bülten
2021-03-05,2021-03-05,2021-03-05,False,2021,3,5,375,Mart/05 (9. Hafta),294,Bilanço Dışı İşlemler,4,b) Diğer,TOPLAM,"1.125.256,01",1125256.01,TL,BDDK Haftalık Bülten
2021-03-05,2021-03-05,2021-03-05,False,2021,3,5,375,Mart/05 (9. Hafta),294,Bilanço Dışı İşlemler,4,b) Diğer,TP,"783.911,82",783911.82,TL,BDDK Haftalık Bülten
2021-03-05,2021-03-05,2021-03-05,False,2021,3,5,375,Mart/05 (9. Hafta),294,Bilanço Dışı İşlemler,4,b) Diğer,YP,"341.344,18",341344.18,TL,BDDK Haftalık Bülten
2021-03-12,2021-03-12,2021-03-12,False,2021,3,12,376,Mart/12 (10. Hafta),294,Bilanço Dışı İşlemler,1,Gayrinakdi Kredi ve Yükümlülükler,TOPLAM,"1.051.170,37",1051170.37,TL,BDDK Haftalık Bülten
2021-03-12,2021-03-12,2021-03-12,False,2021,3,12,376,Mart/12 (10. Hafta),294,Bilanço Dışı İşlemler,1,Gayrinakdi Kredi ve Yükümlülükler,TP,"402.374,42",402374.42,TL,BDDK Haftalık Bülten
2021-03-12,2021-03-12,2021-03-12,False,2021,3,12,376,Mart/12 (10. Hafta),294,Bilanço Dışı İşlemler,1,Gayrinakdi Kredi ve Yükümlülükler,YP,"648.795,96",648795.96,TL,BDDK Haftalık Bülten
2021-03-12,2021-03-12,2021-03-12,False,2021,3,12,376,Mart/12 (10. Hafta),294,Bilanço Dışı İşlemler,2,Taahhütler (3+4),TOPLAM,"4.996.609,57",4996609.57,TL,BDDK Haftalık Bülten
2021-03-12,2021-03-12,2021-03-12,False,2021,3,12,376,Mart/12 (10. Hafta),294,Bilanço Dışı İşlemler,2,Taahhütler (3+4),TP,"1.766.549,39",1766549.39,TL,BDDK Haftalık Bülten
2021-03-12,2021-03-12,2021-03-12,False,2021,3,12,376,Mart/12 (10. Hafta),294,Bilanço Dışı İşlemler,2,Taahhütler (3+4),YP,"3.230.060,18",3230060.18,TL,BDDK Haftalık Bülten
2021-03-12,2021-03-12,2021-03-12,False,2021,3,12,376,Mart/12 (10. Hafta),294,Bilanço Dışı İşlemler,3,a) Türev Finansal Araçlar,TOPLAM,"3.915.020,25",3915020.25,TL,BDDK Haftalık Bülten
2021-03-12,2021-03-12,2021-03-12,False,2021,3,12,376,Mart/12 (10. Hafta),294,Bilanço Dışı İşlemler,3,a) Türev Finansal Araçlar,TP,"984.374,44",984374.44,TL,BDDK Haftalık Bülten
2021-03-12,2021-03-12,2021-03-12,False,2021,3,12,376,Mart/12 (10. Hafta),294,Bilanço Dışı İşlemler,3,a) Türev Finansal Araçlar,YP,"2.930.645,81",2930645.81,TL,BDDK Haftalık Bülten
2021-03-12,2021-03-12,2021-03-12,False,2021,3,12,376,Mart/12 (10. Hafta),294,Bilanço Dışı İşlemler,4,b) Diğer,TOPLAM,"1.081.589,32",1081589.32,TL,BDDK Haftalık Bülten
2021-03-12,2021-03-12,2021-03-12,False,2021,3,12,376,Mart/12 (10. Hafta),294,Bilanço Dışı İşlemler,4,b) Diğer,TP,"782.174,96",782174.96,TL,BDDK Haftalık Bülten
2021-03-12,2021-03-12,2021-03-12,False,2021,3,12,376,Mart/12 (10. Hafta),294,Bilanço Dışı İşlemler,4,b) Diğer,YP,"299.414,37",299414.37,TL,BDDK Haftalık Bülten
2021-03-19,2021-03-19,2021-03-19,False,2021,3,19,377,Mart/19 (11. Hafta),294,Bilanço Dışı İşlemler,1,Gayrinakdi Kredi ve Yükümlülükler,TOPLAM,"1.034.163,96",1034163.96,TL,BDDK Haftalık Bülten
2021-03-19,2021-03-19,2021-03-19,False,2021,3,19,377,Mart/19 (11. Hafta),294,Bilanço Dışı İşlemler,1,Gayrinakdi Kredi ve Yükümlülükler,TP,"405.263,42",405263.42,TL,BDDK Haftalık Bülten
2021-03-19,2021-03-19,2021-03-19,False,2021,3,19,377,Mart/19 (11. Hafta),294,Bilanço Dışı İşlemler,1,Gayrinakdi Kredi ve Yükümlülükler,YP,"628.900,55",628900.55,TL,BDDK Haftalık Bülten
2021-03-19,2021-03-19,2021-03-19,False,2021,3,19,377,Mart/19 (11. Hafta),294,Bilanço Dışı İşlemler,2,Taahhütler (3+4),TOPLAM,"5.036.552,71",5036552.71,TL,BDDK Haftalık Bülten
2021-03-19,2021-03-19,2021-03-19,False,2021,3,19,377,Mart/19 (11. Hafta),294,Bilanço Dışı İşlemler,2,Taahhütler (3+4),TP,"1.817.494,78",1817494.78,TL,BDDK Haftalık Bülten
2021-03-19,2021-03-19,2021-03-19,False,2021,3,19,377,Mart/19 (11. Hafta),294,Bilanço Dışı İşlemler,2,Taahhütler (3+4),YP,"3.219.057,92",3219057.92,TL,BDDK Haftalık Bülten
2021-03-19,2021-03-19,2021-03-19,False,2021,3,19,377,Mart/19 (11. Hafta),294,Bilanço Dışı İşlemler,3,a) Türev Finansal Araçlar,TOPLAM,"3.906.397,18",3906397.18,TL,BDDK Haftalık Bülten
2021-03-19,2021-03-19,2021-03-19,False,2021,3,19,377,Mart/19 (11. Hafta),294,Bilanço Dışı İşlemler,3,a) Türev Finansal Araçlar,TP,"1.016.448,85",1016448.85,TL,BDDK Haftalık Bülten
2021-03-19,2021-03-19,2021-03-19,False,2021,3,19,377,Mart/19 (11. Hafta),294,Bilanço Dışı İşlemler,3,a) Türev Finansal Araçlar,YP,"2.889.948,33",2889948.33,TL,BDDK Haftalık Bülten
2021-03-19,2021-03-19,2021-03-19,False,2021,3,19,377,Mart/19 (11. Hafta),294,Bilanço Dışı İşlemler,4,b) Diğer,TOPLAM,"1.130.155,52",1130155.52,TL,BDDK Haftalık Bülten
2021-03-19,2021-03-19,2021-03-19,False,2021,3,19,377,Mart/19 (11. Hafta),294,Bilanço Dışı İşlemler,4,b) Diğer,TP,"801.045,93",801045.93,TL,BDDK Haftalık Bülten
2021-03-19,2021-03-19,2021-03-19,False,2021,3,19,377,Mart/19 (11. Hafta),294,Bilanço Dışı İşlemler,4,b) Diğer,YP,"329.109,59",329109.59,TL,BDDK Haftalık Bülten
2021-03-26,2021-03-26,2021-03-26,False,2021,3,26,378,Mart/26 (12. Hafta),294,Bilanço Dışı İşlemler,1,Gayrinakdi Kredi ve Yükümlülükler,TOPLAM,"1.099.236,17",1099236.17,TL,BDDK Haftalık Bülten
2021-03-26,2021-03-26,2021-03-26,False,2021,3,26,378,Mart/26 (12. Hafta),294,Bilanço Dışı İşlemler,1,Gayrinakdi Kredi ve Yükümlülükler,TP,"407.635,76",407635.76,TL,BDDK Haftalık Bülten
2021-03-26,2021-03-26,2021-03-26,False,2021,3,26,378,Mart/26 (12. Hafta),294,Bilanço Dışı İşlemler,1,Gayrinakdi Kredi ve Yükümlülükler,YP,"691.600,41",691600.41,TL,BDDK Haftalık Bülten
2021-03-26,2021-03-26,2021-03-26,False,2021,3,26,378,Mart/26 (12. Hafta),294,Bilanço Dışı İşlemler,2,Taahhütler (3+4),TOPLAM,"5.256.689,07",5256689.07,TL,BDDK Haftalık Bülten
2021-03-26,2021-03-26,2021-03-26,False,2021,3,26,378,Mart/26 (12. Hafta),294,Bilanço Dışı İşlemler,2,Taahhütler (3+4),TP,"1.800.118,96",1800118.96,TL,BDDK Haftalık Bülten
2021-03-26,2021-03-26,2021-03-26,False,2021,3,26,378,Mart/26 (12. Hafta),294,Bilanço Dışı İşlemler,2,Taahhütler (3+4),YP,"3.456.570,11",3456570.11,TL,BDDK Haftalık Bülten
2021-03-26,2021-03-26,2021-03-26,False,2021,3,26,378,Mart/26 (12. Hafta),294,Bilanço Dışı İşlemler,3,a) Türev Finansal Araçlar,TOPLAM,"4.130.953,95",4130953.95,TL,BDDK Haftalık Bülten
2021-03-26,2021-03-26,2021-03-26,False,2021,3,26,378,Mart/26 (12. Hafta),294,Bilanço Dışı İşlemler,3,a) Türev Finansal Araçlar,TP,"1.000.816,66",1000816.66,TL,BDDK Haftalık Bülten
2021-03-26,2021-03-26,2021-03-26,False,2021,3,26,378,Mart/26 (12. Hafta),294,Bilanço Dışı İşlemler,3,a) Türev Finansal Araçlar,YP,"3.130.137,29",3130137.29,TL,BDDK Haftalık Bülten
2021-03-26,2021-03-26,2021-03-26,False,2021,3,26,378,Mart/26 (12. Hafta),294,Bilanço Dışı İşlemler,4,b) Diğer,TOPLAM,"1.125.735,12",1125735.12,TL,BDDK Haftalık Bülten
2021-03-26,2021-03-26,2021-03-26,False,2021,3,26,378,Mart/26 (12. Hafta),294,Bilanço Dışı İşlemler,4,b) Diğer,TP,"799.302,30",799302.3,TL,BDDK Haftalık Bülten
2021-03-26,2021-03-26,2021-03-26,False,2021,3,26,378,Mart/26 (12. Hafta),294,Bilanço Dışı İşlemler,4,b) Diğer,YP,"326.432,82",326432.82,TL,BDDK Haftalık Bülten
2021-04-02,2021-04-02,2021-04-02,False,2021,4,2,379,Nisan/02 (13. Hafta),294,Bilanço Dışı İşlemler,1,Gayrinakdi Kredi ve Yükümlülükler,TOPLAM,"1.105.308,92",1105308.92,TL,BDDK Haftalık Bülten
2021-04-02,2021-04-02,2021-04-02,False,2021,4,2,379,Nisan/02 (13. Hafta),294,Bilanço Dışı İşlemler,1,Gayrinakdi Kredi ve Yükümlülükler,TP,"407.805,38",407805.38,TL,BDDK Haftalık Bülten
2021-04-02,2021-04-02,2021-04-02,False,2021,4,2,379,Nisan/02 (13. Hafta),294,Bilanço Dışı İşlemler,1,Gayrinakdi Kredi ve Yükümlülükler,YP,"697.503,54",697503.54,TL,BDDK Haftalık Bülten
2021-04-02,2021-04-02,2021-04-02,False,2021,4,2,379,Nisan/02 (13. Hafta),294,Bilanço Dışı İşlemler,2,Taahhütler (3+4),TOPLAM,"5.197.222,29",5197222.29,TL,BDDK Haftalık Bülten
2021-04-02,2021-04-02,2021-04-02,False,2021,4,2,379,Nisan/02 (13. Hafta),294,Bilanço Dışı İşlemler,2,Taahhütler (3+4),TP,"1.781.084,39",1781084.39,TL,BDDK Haftalık Bülten
2021-04-02,2021-04-02,2021-04-02,False,2021,4,2,379,Nisan/02 (13. Hafta),294,Bilanço Dışı İşlemler,2,Taahhütler (3+4),YP,"3.416.137,89",3416137.89,TL,BDDK Haftalık Bülten
2021-04-02,2021-04-02,2021-04-02,False,2021,4,2,379,Nisan/02 (13. Hafta),294,Bilanço Dışı İşlemler,3,a) Türev Finansal Araçlar,TOPLAM,"4.077.723,54",4077723.54,TL,BDDK Haftalık Bülten
2021-04-02,2021-04-02,2021-04-02,False,2021,4,2,379,Nisan/02 (13. Hafta),294,Bilanço Dışı İşlemler,3,a) Türev Finansal Araçlar,TP,"986.061,79",986061.79,TL,BDDK Haftalık Bülten
2021-04-02,2021-04-02,2021-04-02,False,2021,4,2,379,Nisan/02 (13. Hafta),294,Bilanço Dışı İşlemler,3,a) Türev Finansal Araçlar,YP,"3.091.661,76",3091661.76,TL,BDDK Haftalık Bülten
2021-04-02,2021-04-02,2021-04-02,False,2021,4,2,379,Nisan/02 (13. Hafta),294,Bilanço Dışı İşlemler,4,b) Diğer,TOPLAM,"1.119.498,74",1119498.74,TL,BDDK Haftalık Bülten
2021-04-02,2021-04-02,2021-04-02,False,2021,4,2,379,Nisan/02 (13. Hafta),294,Bilanço Dışı İşlemler,4,b) Diğer,TP,"795.022,61",795022.61,TL,BDDK Haftalık Bülten
2021-04-02,2021-04-02,2021-04-02,False,2021,4,2,379,Nisan/02 (13. Hafta),294,Bilanço Dışı İşlemler,4,b) Diğer,YP,"324.476,13",324476.13,TL,BDDK Haftalık Bülten
2021-04-09,2021-04-09,2021-04-09,False,2021,4,9,380,Nisan/09 (14. Hafta),294,Bilanço Dışı İşlemler,1,Gayrinakdi Kredi ve Yükümlülükler,TOPLAM,"1.118.376,55",1118376.55,TL,BDDK Haftalık Bülten
2021-04-09,2021-04-09,2021-04-09,False,2021,4,9,380,Nisan/09 (14. Hafta),294,Bilanço Dışı İşlemler,1,Gayrinakdi Kredi ve Yükümlülükler,TP,"410.206,68",410206.68,TL,BDDK Haftalık Bülten
2021-04-09,2021-04-09,2021-04-09,False,2021,4,9,380,Nisan/09 (14. Hafta),294,Bilanço Dışı İşlemler,1,Gayrinakdi Kredi ve Yükümlülükler,YP,"708.169,87",708169.87,TL,BDDK Haftalık Bülten
2021-04-09,2021-04-09,2021-04-09,False,2021,4,9,380,Nisan/09 (14. Hafta),294,Bilanço Dışı İşlemler,2,Taahhütler (3+4),TOPLAM,"5.194.389,30",5194389.3,TL,BDDK Haftalık Bülten
2021-04-09,2021-04-09,2021-04-09,False,2021,4,9,380,Nisan/09 (14. Hafta),294,Bilanço Dışı İşlemler,2,Taahhütler (3+4),TP,"1.751.884,70",1751884.7,TL,BDDK Haftalık Bülten
2021-04-09,2021-04-09,2021-04-09,False,2021,4,9,380,Nisan/09 (14. Hafta),294,Bilanço Dışı İşlemler,2,Taahhütler (3+4),YP,"3.442.504,59",3442504.59,TL,BDDK Haftalık Bülten
2021-04-09,2021-04-09,2021-04-09,False,2021,4,9,380,Nisan/09 (14. Hafta),294,Bilanço Dışı İşlemler,3,a) Türev Finansal Araçlar,TOPLAM,"4.084.336,34",4084336.34,TL,BDDK Haftalık Bülten
2021-04-09,2021-04-09,2021-04-09,False,2021,4,9,380,Nisan/09 (14. Hafta),294,Bilanço Dışı İşlemler,3,a) Türev Finansal Araçlar,TP,"967.756,61",967756.61,TL,BDDK Haftalık Bülten
2021-04-09,2021-04-09,2021-04-09,False,2021,4,9,380,Nisan/09 (14. Hafta),294,Bilanço Dışı İşlemler,3,a) Türev Finansal Araçlar,YP,"3.116.579,73",3116579.73,TL,BDDK Haftalık Bülten
2021-04-09,2021-04-09,2021-04-09,False,2021,4,9,380,Nisan/09 (14. Hafta),294,Bilanço Dışı İşlemler,4,b) Diğer,TOPLAM,"1.110.052,96",1110052.96,TL,BDDK Haftalık Bülten
2021-04-09,2021-04-09,2021-04-09,False,2021,4,9,380,Nisan/09 (14. Hafta),294,Bilanço Dışı İşlemler,4,b) Diğer,TP,"784.128,09",784128.09,TL,BDDK Haftalık Bülten
2021-04-09,2021-04-09,2021-04-09,False,2021,4,9,380,Nisan/09 (14. Hafta),294,Bilanço Dışı İşlemler,4,b) Diğer,YP,"325.924,86",325924.86,TL,BDDK Haftalık Bülten
2021-04-16,2021-04-16,2021-04-16,False,2021,4,16,381,Nisan/16 (15. Hafta),294,Bilanço Dışı İşlemler,1,Gayrinakdi Kredi ve Yükümlülükler,TOPLAM,"1.112.193,04",1112193.04,TL,BDDK Haftalık Bülten
2021-04-16,2021-04-16,2021-04-16,False,2021,4,16,381,Nisan/16 (15. Hafta),294,Bilanço Dışı İşlemler,1,Gayrinakdi Kredi ve Yükümlülükler,TP,"411.714,54",411714.54,TL,BDDK Haftalık Bülten
2021-04-16,2021-04-16,2021-04-16,False,2021,4,16,381,Nisan/16 (15. Hafta),294,Bilanço Dışı İşlemler,1,Gayrinakdi Kredi ve Yükümlülükler,YP,"700.478,50",700478.5,TL,BDDK Haftalık Bülten
2021-04-16,2021-04-16,2021-04-16,False,2021,4,16,381,Nisan/16 (15. Hafta),294,Bilanço Dışı İşlemler,2,Taahhütler (3+4),TOPLAM,"5.177.144,73",5177144.73,TL,BDDK Haftalık Bülten
2021-04-16,2021-04-16,2021-04-16,False,2021,4,16,381,Nisan/16 (15. Hafta),294,Bilanço Dışı İşlemler,2,Taahhütler (3+4),TP,"1.768.105,98",1768105.98,TL,BDDK Haftalık Bülten
2021-04-16,2021-04-16,2021-04-16,False,2021,4,16,381,Nisan/16 (15. Hafta),294,Bilanço Dışı İşlemler,2,Taahhütler (3+4),YP,"3.409.038,76",3409038.76,TL,BDDK Haftalık Bülten
2021-04-16,2021-04-16,2021-04-16,False,2021,4,16,381,Nisan/16 (15. Hafta),294,Bilanço Dışı İşlemler,3,a) Türev Finansal Araçlar,TOPLAM,"4.060.919,96",4060919.96,TL,BDDK Haftalık Bülten
2021-04-16,2021-04-16,2021-04-16,False,2021,4,16,381,Nisan/16 (15. Hafta),294,Bilanço Dışı İşlemler,3,a) Türev Finansal Araçlar,TP,"973.611,00",973611.0,TL,BDDK Haftalık Bülten
2021-04-16,2021-04-16,2021-04-16,False,2021,4,16,381,Nisan/16 (15. Hafta),294,Bilanço Dışı İşlemler,3,a) Türev Finansal Araçlar,YP,"3.087.308,97",3087308.97,TL,BDDK Haftalık Bülten
2021-04-16,2021-04-16,2021-04-16,False,2021,4,16,381,Nisan/16 (15. Hafta),294,Bilanço Dışı İşlemler,4,b) Diğer,TOPLAM,"1.116.224,77",1116224.77,TL,BDDK Haftalık Bülten
2021-04-16,2021-04-16,2021-04-16,False,2021,4,16,381,Nisan/16 (15. Hafta),294,Bilanço Dışı İşlemler,4,b) Diğer,TP,"794.494,98",794494.98,TL,BDDK Haftalık Bülten
2021-04-16,2021-04-16,2021-04-16,False,2021,4,16,381,Nisan/16 (15. Hafta),294,Bilanço Dışı İşlemler,4,b) Diğer,YP,"321.729,79",321729.79,TL,BDDK Haftalık Bülten
2021-04-22,2021-04-22,2021-04-22,False,2021,4,22,382,Nisan/22 (16. Hafta),294,Bilanço Dışı İşlemler,1,Gayrinakdi Kredi ve Yükümlülükler,TOPLAM,"1.132.658,93",1132658.93,TL,BDDK Haftalık Bülten
2021-04-22,2021-04-22,2021-04-22,False,2021,4,22,382,Nisan/22 (16. Hafta),294,Bilanço Dışı İşlemler,1,Gayrinakdi Kredi ve Yükümlülükler,TP,"413.044,93",413044.93,TL,BDDK Haftalık Bülten
2021-04-22,2021-04-22,2021-04-22,False,2021,4,22,382,Nisan/22 (16. Hafta),294,Bilanço Dışı İşlemler,1,Gayrinakdi Kredi ve Yükümlülükler,YP,"719.613,99",719613.99,TL,BDDK Haftalık Bülten
2021-04-22,2021-04-22,2021-04-22,False,2021,4,22,382,Nisan/22 (16. Hafta),294,Bilanço Dışı İşlemler,2,Taahhütler (3+4),TOPLAM,"5.334.371,10",5334371.1,TL,BDDK Haftalık Bülten
2021-04-22,2021-04-22,2021-04-22,False,2021,4,22,382,Nisan/22 (16. Hafta),294,Bilanço Dışı İşlemler,2,Taahhütler (3+4),TP,"1.775.576,65",1775576.65,TL,BDDK Haftalık Bülten
2021-04-22,2021-04-22,2021-04-22,False,2021,4,22,382,Nisan/22 (16. Hafta),294,Bilanço Dışı İşlemler,2,Taahhütler (3+4),YP,"3.558.794,46",3558794.46,TL,BDDK Haftalık Bülten
2021-04-22,2021-04-22,2021-04-22,False,2021,4,22,382,Nisan/22 (16. Hafta),294,Bilanço Dışı İşlemler,3,a) Türev Finansal Araçlar,TOPLAM,"4.165.640,57",4165640.57,TL,BDDK Haftalık Bülten
2021-04-22,2021-04-22,2021-04-22,False,2021,4,22,382,Nisan/22 (16. Hafta),294,Bilanço Dışı İşlemler,3,a) Türev Finansal Araçlar,TP,"970.168,57",970168.57,TL,BDDK Haftalık Bülten
2021-04-22,2021-04-22,2021-04-22,False,2021,4,22,382,Nisan/22 (16. Hafta),294,Bilanço Dışı İşlemler,3,a) Türev Finansal Araçlar,YP,"3.195.472,00",3195472.0,TL,BDDK Haftalık Bülten
2021-04-22,2021-04-22,2021-04-22,False,2021,4,22,382,Nisan/22 (16. Hafta),294,Bilanço Dışı İşlemler,4,b) Diğer,TOPLAM,"1.168.730,53",1168730.53,TL,BDDK Haftalık Bülten
2021-04-22,2021-04-22,2021-04-22,False,2021,4,22,382,Nisan/22 (16. Hafta),294,Bilanço Dışı İşlemler,4,b) Diğer,TP,"805.408,08",805408.08,TL,BDDK Haftalık Bülten
2021-04-22,2021-04-22,2021-04-22,False,2021,4,22,382,Nisan/22 (16. Hafta),294,Bilanço Dışı İşlemler,4,b) Diğer,YP,"363.322,45",363322.45,TL,BDDK Haftalık Bülten
2021-04-30,2021-04-30,2021-04-30,False,2021,4,30,383,Nisan/30 (17. Hafta),294,Bilanço Dışı İşlemler,1,Gayrinakdi Kredi ve Yükümlülükler,TOPLAM,"1.137.512,43",1137512.43,TL,BDDK Haftalık Bülten
2021-04-30,2021-04-30,2021-04-30,False,2021,4,30,383,Nisan/30 (17. Hafta),294,Bilanço Dışı İşlemler,1,Gayrinakdi Kredi ve Yükümlülükler,TP,"413.825,27",413825.27,TL,BDDK Haftalık Bülten
2021-04-30,2021-04-30,2021-04-30,False,2021,4,30,383,Nisan/30 (17. Hafta),294,Bilanço Dışı İşlemler,1,Gayrinakdi Kredi ve Yükümlülükler,YP,"723.687,16",723687.16,TL,BDDK Haftalık Bülten
2021-04-30,2021-04-30,2021-04-30,False,2021,4,30,383,Nisan/30 (17. Hafta),294,Bilanço Dışı İşlemler,2,Taahhütler (3+4),TOPLAM,"5.239.777,97",5239777.97,TL,BDDK Haftalık Bülten
2021-04-30,2021-04-30,2021-04-30,False,2021,4,30,383,Nisan/30 (17. Hafta),294,Bilanço Dışı İşlemler,2,Taahhütler (3+4),TP,"1.767.752,11",1767752.11,TL,BDDK Haftalık Bülten
2021-04-30,2021-04-30,2021-04-30,False,2021,4,30,383,Nisan/30 (17. Hafta),294,Bilanço Dışı İşlemler,2,Taahhütler (3+4),YP,"3.472.025,85",3472025.85,TL,BDDK Haftalık Bülten
2021-04-30,2021-04-30,2021-04-30,False,2021,4,30,383,Nisan/30 (17. Hafta),294,Bilanço Dışı İşlemler,3,a) Türev Finansal Araçlar,TOPLAM,"4.101.191,91",4101191.91,TL,BDDK Haftalık Bülten
2021-04-30,2021-04-30,2021-04-30,False,2021,4,30,383,Nisan/30 (17. Hafta),294,Bilanço Dışı İşlemler,3,a) Türev Finansal Araçlar,TP,"964.195,57",964195.57,TL,BDDK Haftalık Bülten
2021-04-30,2021-04-30,2021-04-30,False,2021,4,30,383,Nisan/30 (17. Hafta),294,Bilanço Dışı İşlemler,3,a) Türev Finansal Araçlar,YP,"3.136.996,34",3136996.34,TL,BDDK Haftalık Bülten
2021-04-30,2021-04-30,2021-04-30,False,2021,4,30,383,Nisan/30 (17. Hafta),294,Bilanço Dışı İşlemler,4,b) Diğer,TOPLAM,"1.138.586,06",1138586.06,TL,BDDK Haftalık Bülten
2021-04-30,2021-04-30,2021-04-30,False,2021,4,30,383,Nisan/30 (17. Hafta),294,Bilanço Dışı İşlemler,4,b) Diğer,TP,"803.556,55",803556.55,TL,BDDK Haftalık Bülten
2021-04-30,2021-04-30,2021-04-30,False,2021,4,30,383,Nisan/30 (17. Hafta),294,Bilanço Dışı İşlemler,4,b) Diğer,YP,"335.029,52",335029.52,TL,BDDK Haftalık Bülten
2021-05-07,2021-05-07,2021-05-07,False,2021,5,7,384,Mayıs/07 (18. Hafta),294,Bilanço Dışı İşlemler,1,Gayrinakdi Kredi ve Yükümlülükler,TOPLAM,"1.142.553,14",1142553.14,TL,BDDK Haftalık Bülten
2021-05-07,2021-05-07,2021-05-07,False,2021,5,7,384,Mayıs/07 (18. Hafta),294,Bilanço Dışı İşlemler,1,Gayrinakdi Kredi ve Yükümlülükler,TP,"414.895,85",414895.85,TL,BDDK Haftalık Bülten
2021-05-07,2021-05-07,2021-05-07,False,2021,5,7,384,Mayıs/07 (18. Hafta),294,Bilanço Dışı İşlemler,1,Gayrinakdi Kredi ve Yükümlülükler,YP,"727.657,29",727657.29,TL,BDDK Haftalık Bülten
2021-05-07,2021-05-07,2021-05-07,False,2021,5,7,384,Mayıs/07 (18. Hafta),294,Bilanço Dışı İşlemler,2,Taahhütler (3+4),TOPLAM,"5.221.696,16",5221696.16,TL,BDDK Haftalık Bülten
2021-05-07,2021-05-07,2021-05-07,False,2021,5,7,384,Mayıs/07 (18. Hafta),294,Bilanço Dışı İşlemler,2,Taahhütler (3+4),TP,"1.747.080,22",1747080.22,TL,BDDK Haftalık Bülten
2021-05-07,2021-05-07,2021-05-07,False,2021,5,7,384,Mayıs/07 (18. Hafta),294,Bilanço Dışı İşlemler,2,Taahhütler (3+4),YP,"3.474.615,94",3474615.94,TL,BDDK Haftalık Bülten
2021-05-07,2021-05-07,2021-05-07,False,2021,5,7,384,Mayıs/07 (18. Hafta),294,Bilanço Dışı İşlemler,3,a) Türev Finansal Araçlar,TOPLAM,"4.088.219,83",4088219.83,TL,BDDK Haftalık Bülten
2021-05-07,2021-05-07,2021-05-07,False,2021,5,7,384,Mayıs/07 (18. Hafta),294,Bilanço Dışı İşlemler,3,a) Türev Finansal Araçlar,TP,"941.659,75",941659.75,TL,BDDK Haftalık Bülten
2021-05-07,2021-05-07,2021-05-07,False,2021,5,7,384,Mayıs/07 (18. Hafta),294,Bilanço Dışı İşlemler,3,a) Türev Finansal Araçlar,YP,"3.146.560,09",3146560.09,TL,BDDK Haftalık Bülten
2021-05-07,2021-05-07,2021-05-07,False,2021,5,7,384,Mayıs/07 (18. Hafta),294,Bilanço Dışı İşlemler,4,b) Diğer,TOPLAM,"1.133.476,32",1133476.32,TL,BDDK Haftalık Bülten
2021-05-07,2021-05-07,2021-05-07,False,2021,5,7,384,Mayıs/07 (18. Hafta),294,Bilanço Dışı İşlemler,4,b) Diğer,TP,"805.420,47",805420.47,TL,BDDK Haftalık Bülten
2021-05-07,2021-05-07,2021-05-07,False,2021,5,7,384,Mayıs/07 (18. Hafta),294,Bilanço Dışı İşlemler,4,b) Diğer,YP,"328.055,85",328055.85,TL,BDDK Haftalık Bülten
2021-05-12,2021-05-12,2021-05-12,False,2021,5,12,385,Mayıs/12 (19. Hafta),294,Bilanço Dışı İşlemler,1,Gayrinakdi Kredi ve Yükümlülükler,TOPLAM,"1.148.034,15",1148034.15,TL,BDDK Haftalık Bülten
2021-05-12,2021-05-12,2021-05-12,False,2021,5,12,385,Mayıs/12 (19. Hafta),294,Bilanço Dışı İşlemler,1,Gayrinakdi Kredi ve Yükümlülükler,TP,"414.396,36",414396.36,TL,BDDK Haftalık Bülten
2021-05-12,2021-05-12,2021-05-12,False,2021,5,12,385,Mayıs/12 (19. Hafta),294,Bilanço Dışı İşlemler,1,Gayrinakdi Kredi ve Yükümlülükler,YP,"733.637,80",733637.8,TL,BDDK Haftalık Bülten
2021-05-12,2021-05-12,2021-05-12,False,2021,5,12,385,Mayıs/12 (19. Hafta),294,Bilanço Dışı İşlemler,2,Taahhütler (3+4),TOPLAM,"5.318.215,25",5318215.25,TL,BDDK Haftalık Bülten
2021-05-12,2021-05-12,2021-05-12,False,2021,5,12,385,Mayıs/12 (19. Hafta),294,Bilanço Dışı İşlemler,2,Taahhütler (3+4),TP,"1.776.405,35",1776405.35,TL,BDDK Haftalık Bülten
2021-05-12,2021-05-12,2021-05-12,False,2021,5,12,385,Mayıs/12 (19. Hafta),294,Bilanço Dışı İşlemler,2,Taahhütler (3+4),YP,"3.541.809,90",3541809.9,TL,BDDK Haftalık Bülten
2021-05-12,2021-05-12,2021-05-12,False,2021,5,12,385,Mayıs/12 (19. Hafta),294,Bilanço Dışı İşlemler,3,a) Türev Finansal Araçlar,TOPLAM,"4.158.917,73",4158917.73,TL,BDDK Haftalık Bülten
2021-05-12,2021-05-12,2021-05-12,False,2021,5,12,385,Mayıs/12 (19. Hafta),294,Bilanço Dışı İşlemler,3,a) Türev Finansal Araçlar,TP,"956.513,49",956513.49,TL,BDDK Haftalık Bülten
2021-05-12,2021-05-12,2021-05-12,False,2021,5,12,385,Mayıs/12 (19. Hafta),294,Bilanço Dışı İşlemler,3,a) Türev Finansal Araçlar,YP,"3.202.404,24",3202404.24,TL,BDDK Haftalık Bülten
2021-05-12,2021-05-12,2021-05-12,False,2021,5,12,385,Mayıs/12 (19. Hafta),294,Bilanço Dışı İşlemler,4,b) Diğer,TOPLAM,"1.159.297,52",1159297.52,TL,BDDK Haftalık Bülten
2021-05-12,2021-05-12,2021-05-12,False,2021,5,12,385,Mayıs/12 (19. Hafta),294,Bilanço Dışı İşlemler,4,b) Diğer,TP,"819.891,87",819891.87,TL,BDDK Haftalık Bülten
2021-05-12,2021-05-12,2021-05-12,False,2021,5,12,385,Mayıs/12 (19. Hafta),294,Bilanço Dışı İşlemler,4,b) Diğer,YP,"339.405,66",339405.66,TL,BDDK Haftalık Bülten
2021-05-21,2021-05-21,2021-05-21,False,2021,5,21,386,Mayıs/21 (20. Hafta),294,Bilanço Dışı İşlemler,1,Gayrinakdi Kredi ve Yükümlülükler,TOPLAM,"1.157.463,93",1157463.93,TL,BDDK Haftalık Bülten
2021-05-21,2021-05-21,2021-05-21,False,2021,5,21,386,Mayıs/21 (20. Hafta),294,Bilanço Dışı İşlemler,1,Gayrinakdi Kredi ve Yükümlülükler,TP,"416.801,78",416801.78,TL,BDDK Haftalık Bülten
2021-05-21,2021-05-21,2021-05-21,False,2021,5,21,386,Mayıs/21 (20. Hafta),294,Bilanço Dışı İşlemler,1,Gayrinakdi Kredi ve Yükümlülükler,YP,"740.662,15",740662.15,TL,BDDK Haftalık Bülten
2021-05-21,2021-05-21,2021-05-21,False,2021,5,21,386,Mayıs/21 (20. Hafta),294,Bilanço Dışı İşlemler,2,Taahhütler (3+4),TOPLAM,"5.306.591,66",5306591.66,TL,BDDK Haftalık Bülten
2021-05-21,2021-05-21,2021-05-21,False,2021,5,21,386,Mayıs/21 (20. Hafta),294,Bilanço Dışı İşlemler,2,Taahhütler (3+4),TP,"1.772.951,69",1772951.69,TL,BDDK Haftalık Bülten
2021-05-21,2021-05-21,2021-05-21,False,2021,5,21,386,Mayıs/21 (20. Hafta),294,Bilanço Dışı İşlemler,2,Taahhütler (3+4),YP,"3.533.639,97",3533639.97,TL,BDDK Haftalık Bülten
2021-05-21,2021-05-21,2021-05-21,False,2021,5,21,386,Mayıs/21 (20. Hafta),294,Bilanço Dışı İşlemler,3,a) Türev Finansal Araçlar,TOPLAM,"4.150.880,34",4150880.34,TL,BDDK Haftalık Bülten
2021-05-21,2021-05-21,2021-05-21,False,2021,5,21,386,Mayıs/21 (20. Hafta),294,Bilanço Dışı İşlemler,3,a) Türev Finansal Araçlar,TP,"953.250,99",953250.99,TL,BDDK Haftalık Bülten
2021-05-21,2021-05-21,2021-05-21,False,2021,5,21,386,Mayıs/21 (20. Hafta),294,Bilanço Dışı İşlemler,3,a) Türev Finansal Araçlar,YP,"3.197.629,35",3197629.35,TL,BDDK Haftalık Bülten
2021-05-21,2021-05-21,2021-05-21,False,2021,5,21,386,Mayıs/21 (20. Hafta),294,Bilanço Dışı İşlemler,4,b) Diğer,TOPLAM,"1.155.711,32",1155711.32,TL,BDDK Haftalık Bülten
2021-05-21,2021-05-21,2021-05-21,False,2021,5,21,386,Mayıs/21 (20. Hafta),294,Bilanço Dışı İşlemler,4,b) Diğer,TP,"819.700,70",819700.7,TL,BDDK Haftalık Bülten
2021-05-21,2021-05-21,2021-05-21,False,2021,5,21,386,Mayıs/21 (20. Hafta),294,Bilanço Dışı İşlemler,4,b) Diğer,YP,"336.010,62",336010.62,TL,BDDK Haftalık Bülten
2021-05-28,2021-05-28,2021-05-28,False,2021,5,28,387,Mayıs/28 (21. Hafta),294,Bilanço Dışı İşlemler,1,Gayrinakdi Kredi ve Yükümlülükler,TOPLAM,"1.177.263,79",1177263.79,TL,BDDK Haftalık Bülten
2021-05-28,2021-05-28,2021-05-28,False,2021,5,28,387,Mayıs/28 (21. Hafta),294,Bilanço Dışı İşlemler,1,Gayrinakdi Kredi ve Yükümlülükler,TP,"420.068,08",420068.08,TL,BDDK Haftalık Bülten
2021-05-28,2021-05-28,2021-05-28,False,2021,5,28,387,Mayıs/28 (21. Hafta),294,Bilanço Dışı İşlemler,1,Gayrinakdi Kredi ve Yükümlülükler,YP,"757.195,71",757195.71,TL,BDDK Haftalık Bülten
2021-05-28,2021-05-28,2021-05-28,False,2021,5,28,387,Mayıs/28 (21. Hafta),294,Bilanço Dışı İşlemler,2,Taahhütler (3+4),TOPLAM,"5.284.476,02",5284476.02,TL,BDDK Haftalık Bülten
2021-05-28,2021-05-28,2021-05-28,False,2021,5,28,387,Mayıs/28 (21. Hafta),294,Bilanço Dışı İşlemler,2,Taahhütler (3+4),TP,"1.767.330,83",1767330.83,TL,BDDK Haftalık Bülten
2021-05-28,2021-05-28,2021-05-28,False,2021,5,28,387,Mayıs/28 (21. Hafta),294,Bilanço Dışı İşlemler,2,Taahhütler (3+4),YP,"3.517.145,19",3517145.19,TL,BDDK Haftalık Bülten
2021-05-28,2021-05-28,2021-05-28,False,2021,5,28,387,Mayıs/28 (21. Hafta),294,Bilanço Dışı İşlemler,3,a) Türev Finansal Araçlar,TOPLAM,"4.121.488,56",4121488.56,TL,BDDK Haftalık Bülten
2021-05-28,2021-05-28,2021-05-28,False,2021,5,28,387,Mayıs/28 (21. Hafta),294,Bilanço Dışı İşlemler,3,a) Türev Finansal Araçlar,TP,"944.558,33",944558.33,TL,BDDK Haftalık Bülten
2021-05-28,2021-05-28,2021-05-28,False,2021,5,28,387,Mayıs/28 (21. Hafta),294,Bilanço Dışı İşlemler,3,a) Türev Finansal Araçlar,YP,"3.176.930,23",3176930.23,TL,BDDK Haftalık Bülten
2021-05-28,2021-05-28,2021-05-28,False,2021,5,28,387,Mayıs/28 (21. Hafta),294,Bilanço Dışı İşlemler,4,b) Diğer,TOPLAM,"1.162.987,46",1162987.46,TL,BDDK Haftalık Bülten
2021-05-28,2021-05-28,2021-05-28,False,2021,5,28,387,Mayıs/28 (21. Hafta),294,Bilanço Dışı İşlemler,4,b) Diğer,TP,"822.772,50",822772.5,TL,BDDK Haftalık Bülten
2021-05-28,2021-05-28,2021-05-28,False,2021,5,28,387,Mayıs/28 (21. Hafta),294,Bilanço Dışı İşlemler,4,b) Diğer,YP,"340.214,96",340214.96,TL,BDDK Haftalık Bülten
2021-06-04,2021-06-04,2021-06-04,False,2021,6,4,388,Haziran/04 (22. Hafta),294,Bilanço Dışı İşlemler,1,Gayrinakdi Kredi ve Yükümlülükler,TOPLAM,"1.189.895,85",1189895.85,TL,BDDK Haftalık Bülten
2021-06-04,2021-06-04,2021-06-04,False,2021,6,4,388,Haziran/04 (22. Hafta),294,Bilanço Dışı İşlemler,1,Gayrinakdi Kredi ve Yükümlülükler,TP,"422.396,62",422396.62,TL,BDDK Haftalık Bülten
2021-06-04,2021-06-04,2021-06-04,False,2021,6,4,388,Haziran/04 (22. Hafta),294,Bilanço Dışı İşlemler,1,Gayrinakdi Kredi ve Yükümlülükler,YP,"767.499,23",767499.23,TL,BDDK Haftalık Bülten
2021-06-04,2021-06-04,2021-06-04,False,2021,6,4,388,Haziran/04 (22. Hafta),294,Bilanço Dışı İşlemler,2,Taahhütler (3+4),TOPLAM,"5.413.991,38",5413991.38,TL,BDDK Haftalık Bülten
2021-06-04,2021-06-04,2021-06-04,False,2021,6,4,388,Haziran/04 (22. Hafta),294,Bilanço Dışı İşlemler,2,Taahhütler (3+4),TP,"1.800.906,58",1800906.58,TL,BDDK Haftalık Bülten
2021-06-04,2021-06-04,2021-06-04,False,2021,6,4,388,Haziran/04 (22. Hafta),294,Bilanço Dışı İşlemler,2,Taahhütler (3+4),YP,"3.613.084,81",3613084.81,TL,BDDK Haftalık Bülten
2021-06-04,2021-06-04,2021-06-04,False,2021,6,4,388,Haziran/04 (22. Hafta),294,Bilanço Dışı İşlemler,3,a) Türev Finansal Araçlar,TOPLAM,"4.243.510,92",4243510.92,TL,BDDK Haftalık Bülten
2021-06-04,2021-06-04,2021-06-04,False,2021,6,4,388,Haziran/04 (22. Hafta),294,Bilanço Dışı İşlemler,3,a) Türev Finansal Araçlar,TP,"975.686,75",975686.75,TL,BDDK Haftalık Bülten
2021-06-04,2021-06-04,2021-06-04,False,2021,6,4,388,Haziran/04 (22. Hafta),294,Bilanço Dışı İşlemler,3,a) Türev Finansal Araçlar,YP,"3.267.824,17",3267824.17,TL,BDDK Haftalık Bülten
2021-06-04,2021-06-04,2021-06-04,False,2021,6,4,388,Haziran/04 (22. Hafta),294,Bilanço Dışı İşlemler,4,b) Diğer,TOPLAM,"1.170.480,46",1170480.46,TL,BDDK Haftalık Bülten
2021-06-04,2021-06-04,2021-06-04,False,2021,6,4,388,Haziran/04 (22. Hafta),294,Bilanço Dışı İşlemler,4,b) Diğer,TP,"825.219,82",825219.82,TL,BDDK Haftalık Bülten
2021-06-04,2021-06-04,2021-06-04,False,2021,6,4,388,Haziran/04 (22. Hafta),294,Bilanço Dışı İşlemler,4,b) Diğer,YP,"345.260,64",345260.64,TL,BDDK Haftalık Bülten
2021-06-11,2021-06-11,2021-06-11,False,2021,6,11,389,Haziran/11 (23. Hafta),294,Bilanço Dışı İşlemler,1,Gayrinakdi Kredi ve Yükümlülükler,TOPLAM,"1.167.400,80",1167400.8,TL,BDDK Haftalık Bülten
2021-06-11,2021-06-11,2021-06-11,False,2021,6,11,389,Haziran/11 (23. Hafta),294,Bilanço Dışı İşlemler,1,Gayrinakdi Kredi ve Yükümlülükler,TP,"425.277,74",425277.74,TL,BDDK Haftalık Bülten
2021-06-11,2021-06-11,2021-06-11,False,2021,6,11,389,Haziran/11 (23. Hafta),294,Bilanço Dışı İşlemler,1,Gayrinakdi Kredi ve Yükümlülükler,YP,"742.123,06",742123.06,TL,BDDK Haftalık Bülten
2021-06-11,2021-06-11,2021-06-11,False,2021,6,11,389,Haziran/11 (23. Hafta),294,Bilanço Dışı İşlemler,2,Taahhütler (3+4),TOPLAM,"5.369.386,50",5369386.5,TL,BDDK Haftalık Bülten
2021-06-11,2021-06-11,2021-06-11,False,2021,6,11,389,Haziran/11 (23. Hafta),294,Bilanço Dışı İşlemler,2,Taahhütler (3+4),TP,"1.828.804,98",1828804.98,TL,BDDK Haftalık Bülten
2021-06-11,2021-06-11,2021-06-11,False,2021,6,11,389,Haziran/11 (23. Hafta),294,Bilanço Dışı İşlemler,2,Taahhütler (3+4),YP,"3.540.581,52",3540581.52,TL,BDDK Haftalık Bülten
2021-06-11,2021-06-11,2021-06-11,False,2021,6,11,389,Haziran/11 (23. Hafta),294,Bilanço Dışı İşlemler,3,a) Türev Finansal Araçlar,TOPLAM,"4.184.318,96",4184318.96,TL,BDDK Haftalık Bülten
2021-06-11,2021-06-11,2021-06-11,False,2021,6,11,389,Haziran/11 (23. Hafta),294,Bilanço Dışı İşlemler,3,a) Türev Finansal Araçlar,TP,"991.313,32",991313.32,TL,BDDK Haftalık Bülten
2021-06-11,2021-06-11,2021-06-11,False,2021,6,11,389,Haziran/11 (23. Hafta),294,Bilanço Dışı İşlemler,3,a) Türev Finansal Araçlar,YP,"3.193.005,65",3193005.65,TL,BDDK Haftalık Bülten
2021-06-11,2021-06-11,2021-06-11,False,2021,6,11,389,Haziran/11 (23. Hafta),294,Bilanço Dışı İşlemler,4,b) Diğer,TOPLAM,"1.185.067,53",1185067.53,TL,BDDK Haftalık Bülten
2021-06-11,2021-06-11,2021-06-11,False,2021,6,11,389,Haziran/11 (23. Hafta),294,Bilanço Dışı İşlemler,4,b) Diğer,TP,"837.491,66",837491.66,TL,BDDK Haftalık Bülten
2021-06-11,2021-06-11,2021-06-11,False,2021,6,11,389,Haziran/11 (23. Hafta),294,Bilanço Dışı İşlemler,4,b) Diğer,YP,"347.575,87",347575.87,TL,BDDK Haftalık Bülten
2021-06-18,2021-06-18,2021-06-18,False,2021,6,18,390,Haziran/18 (24. Hafta),294,Bilanço Dışı İşlemler,1,Gayrinakdi Kredi ve Yükümlülükler,TOPLAM,"1.187.417,54",1187417.54,TL,BDDK Haftalık Bülten
2021-06-18,2021-06-18,2021-06-18,False,2021,6,18,390,Haziran/18 (24. Hafta),294,Bilanço Dışı İşlemler,1,Gayrinakdi Kredi ve Yükümlülükler,TP,"425.921,94",425921.94,TL,BDDK Haftalık Bülten
2021-06-18,2021-06-18,2021-06-18,False,2021,6,18,390,Haziran/18 (24. Hafta),294,Bilanço Dışı İşlemler,1,Gayrinakdi Kredi ve Yükümlülükler,YP,"761.495,60",761495.6,TL,BDDK Haftalık Bülten
2021-06-18,2021-06-18,2021-06-18,False,2021,6,18,390,Haziran/18 (24. Hafta),294,Bilanço Dışı İşlemler,2,Taahhütler (3+4),TOPLAM,"5.461.283,74",5461283.74,TL,BDDK Haftalık Bülten
2021-06-18,2021-06-18,2021-06-18,False,2021,6,18,390,Haziran/18 (24. Hafta),294,Bilanço Dışı İşlemler,2,Taahhütler (3+4),TP,"1.831.275,12",1831275.12,TL,BDDK Haftalık Bülten
2021-06-18,2021-06-18,2021-06-18,False,2021,6,18,390,Haziran/18 (24. Hafta),294,Bilanço Dışı İşlemler,2,Taahhütler (3+4),YP,"3.630.008,62",3630008.62,TL,BDDK Haftalık Bülten
2021-06-18,2021-06-18,2021-06-18,False,2021,6,18,390,Haziran/18 (24. Hafta),294,Bilanço Dışı İşlemler,3,a) Türev Finansal Araçlar,TOPLAM,"4.259.779,16",4259779.16,TL,BDDK Haftalık Bülten
2021-06-18,2021-06-18,2021-06-18,False,2021,6,18,390,Haziran/18 (24. Hafta),294,Bilanço Dışı İşlemler,3,a) Türev Finansal Araçlar,TP,"995.321,85",995321.85,TL,BDDK Haftalık Bülten
2021-06-18,2021-06-18,2021-06-18,False,2021,6,18,390,Haziran/18 (24. Hafta),294,Bilanço Dışı İşlemler,3,a) Türev Finansal Araçlar,YP,"3.264.457,31",3264457.31,TL,BDDK Haftalık Bülten
2021-06-18,2021-06-18,2021-06-18,False,2021,6,18,390,Haziran/18 (24. Hafta),294,Bilanço Dışı İşlemler,4,b) Diğer,TOPLAM,"1.201.504,58",1201504.58,TL,BDDK Haftalık Bülten
2021-06-18,2021-06-18,2021-06-18,False,2021,6,18,390,Haziran/18 (24. Hafta),294,Bilanço Dışı İşlemler,4,b) Diğer,TP,"835.953,27",835953.27,TL,BDDK Haftalık Bülten
2021-06-18,2021-06-18,2021-06-18,False,2021,6,18,390,Haziran/18 (24. Hafta),294,Bilanço Dışı İşlemler,4,b) Diğer,YP,"365.551,31",365551.31,TL,BDDK Haftalık Bülten
2021-06-25,2021-06-25,2021-06-25,False,2021,6,25,391,Haziran/25 (25. Hafta),294,Bilanço Dışı İşlemler,1,Gayrinakdi Kredi ve Yükümlülükler,TOPLAM,"1.194.858,60",1194858.6,TL,BDDK Haftalık Bülten
2021-06-25,2021-06-25,2021-06-25,False,2021,6,25,391,Haziran/25 (25. Hafta),294,Bilanço Dışı İşlemler,1,Gayrinakdi Kredi ve Yükümlülükler,TP,"428.628,63",428628.63,TL,BDDK Haftalık Bülten
2021-06-25,2021-06-25,2021-06-25,False,2021,6,25,391,Haziran/25 (25. Hafta),294,Bilanço Dışı İşlemler,1,Gayrinakdi Kredi ve Yükümlülükler,YP,"766.229,97",766229.97,TL,BDDK Haftalık Bülten
2021-06-25,2021-06-25,2021-06-25,False,2021,6,25,391,Haziran/25 (25. Hafta),294,Bilanço Dışı İşlemler,2,Taahhütler (3+4),TOPLAM,"5.434.880,80",5434880.8,TL,BDDK Haftalık Bülten
2021-06-25,2021-06-25,2021-06-25,False,2021,6,25,391,Haziran/25 (25. Hafta),294,Bilanço Dışı İşlemler,2,Taahhütler (3+4),TP,"1.859.354,52",1859354.52,TL,BDDK Haftalık Bülten
2021-06-25,2021-06-25,2021-06-25,False,2021,6,25,391,Haziran/25 (25. Hafta),294,Bilanço Dışı İşlemler,2,Taahhütler (3+4),YP,"3.575.526,28",3575526.28,TL,BDDK Haftalık Bülten
2021-06-25,2021-06-25,2021-06-25,False,2021,6,25,391,Haziran/25 (25. Hafta),294,Bilanço Dışı İşlemler,3,a) Türev Finansal Araçlar,TOPLAM,"4.256.940,49",4256940.49,TL,BDDK Haftalık Bülten
2021-06-25,2021-06-25,2021-06-25,False,2021,6,25,391,Haziran/25 (25. Hafta),294,Bilanço Dışı İşlemler,3,a) Türev Finansal Araçlar,TP,"1.014.226,80",1014226.8,TL,BDDK Haftalık Bülten
2021-06-25,2021-06-25,2021-06-25,False,2021,6,25,391,Haziran/25 (25. Hafta),294,Bilanço Dışı İşlemler,3,a) Türev Finansal Araçlar,YP,"3.242.713,69",3242713.69,TL,BDDK Haftalık Bülten
2021-06-25,2021-06-25,2021-06-25,False,2021,6,25,391,Haziran/25 (25. Hafta),294,Bilanço Dışı İşlemler,4,b) Diğer,TOPLAM,"1.177.940,31",1177940.31,TL,BDDK Haftalık Bülten
2021-06-25,2021-06-25,2021-06-25,False,2021,6,25,391,Haziran/25 (25. Hafta),294,Bilanço Dışı İşlemler,4,b) Diğer,TP,"845.127,71",845127.71,TL,BDDK Haftalık Bülten
2021-06-25,2021-06-25,2021-06-25,False,2021,6,25,391,Haziran/25 (25. Hafta),294,Bilanço Dışı İşlemler,4,b) Diğer,YP,"332.812,59",332812.59,TL,BDDK Haftalık Bülten
2021-07-02,2021-07-02,2021-07-02,False,2021,7,2,392,Temmuz/02 (26. Hafta),294,Bilanço Dışı İşlemler,1,Gayrinakdi Kredi ve Yükümlülükler,TOPLAM,"1.186.747,24",1186747.24,TL,BDDK Haftalık Bülten
2021-07-02,2021-07-02,2021-07-02,False,2021,7,2,392,Temmuz/02 (26. Hafta),294,Bilanço Dışı İşlemler,1,Gayrinakdi Kredi ve Yükümlülükler,TP,"428.458,71",428458.71,TL,BDDK Haftalık Bülten
2021-07-02,2021-07-02,2021-07-02,False,2021,7,2,392,Temmuz/02 (26. Hafta),294,Bilanço Dışı İşlemler,1,Gayrinakdi Kredi ve Yükümlülükler,YP,"758.288,53",758288.53,TL,BDDK Haftalık Bülten
2021-07-02,2021-07-02,2021-07-02,False,2021,7,2,392,Temmuz/02 (26. Hafta),294,Bilanço Dışı İşlemler,2,Taahhütler (3+4),TOPLAM,"5.251.832,34",5251832.34,TL,BDDK Haftalık Bülten
2021-07-02,2021-07-02,2021-07-02,False,2021,7,2,392,Temmuz/02 (26. Hafta),294,Bilanço Dışı İşlemler,2,Taahhütler (3+4),TP,"1.811.210,96",1811210.96,TL,BDDK Haftalık Bülten
2021-07-02,2021-07-02,2021-07-02,False,2021,7,2,392,Temmuz/02 (26. Hafta),294,Bilanço Dışı İşlemler,2,Taahhütler (3+4),YP,"3.440.621,38",3440621.38,TL,BDDK Haftalık Bülten
2021-07-02,2021-07-02,2021-07-02,False,2021,7,2,392,Temmuz/02 (26. Hafta),294,Bilanço Dışı İşlemler,3,a) Türev Finansal Araçlar,TOPLAM,"4.130.631,26",4130631.26,TL,BDDK Haftalık Bülten
2021-07-02,2021-07-02,2021-07-02,False,2021,7,2,392,Temmuz/02 (26. Hafta),294,Bilanço Dışı İşlemler,3,a) Türev Finansal Araçlar,TP,"987.340,32",987340.32,TL,BDDK Haftalık Bülten
2021-07-02,2021-07-02,2021-07-02,False,2021,7,2,392,Temmuz/02 (26. Hafta),294,Bilanço Dışı İşlemler,3,a) Türev Finansal Araçlar,YP,"3.143.290,94",3143290.94,TL,BDDK Haftalık Bülten
2021-07-02,2021-07-02,2021-07-02,False,2021,7,2,392,Temmuz/02 (26. Hafta),294,Bilanço Dışı İşlemler,4,b) Diğer,TOPLAM,"1.121.201,08",1121201.08,TL,BDDK Haftalık Bülten
2021-07-02,2021-07-02,2021-07-02,False,2021,7,2,392,Temmuz/02 (26. Hafta),294,Bilanço Dışı İşlemler,4,b) Diğer,TP,"823.870,64",823870.64,TL,BDDK Haftalık Bülten
2021-07-02,2021-07-02,2021-07-02,False,2021,7,2,392,Temmuz/02 (26. Hafta),294,Bilanço Dışı İşlemler,4,b) Diğer,YP,"297.330,44",297330.44,TL,BDDK Haftalık Bülten
2021-07-09,2021-07-09,2021-07-09,False,2021,7,9,393,Temmuz/09 (27. Hafta),294,Bilanço Dışı İşlemler,1,Gayrinakdi Kredi ve Yükümlülükler,TOPLAM,"1.190.404,83",1190404.83,TL,BDDK Haftalık Bülten
2021-07-09,2021-07-09,2021-07-09,False,2021,7,9,393,Temmuz/09 (27. Hafta),294,Bilanço Dışı İşlemler,1,Gayrinakdi Kredi ve Yükümlülükler,TP,"430.675,65",430675.65,TL,BDDK Haftalık Bülten
2021-07-09,2021-07-09,2021-07-09,False,2021,7,9,393,Temmuz/09 (27. Hafta),294,Bilanço Dışı İşlemler,1,Gayrinakdi Kredi ve Yükümlülükler,YP,"759.729,18",759729.18,TL,BDDK Haftalık Bülten
2021-07-09,2021-07-09,2021-07-09,False,2021,7,9,393,Temmuz/09 (27. Hafta),294,Bilanço Dışı İşlemler,2,Taahhütler (3+4),TOPLAM,"5.393.246,20",5393246.2,TL,BDDK Haftalık Bülten
2021-07-09,2021-07-09,2021-07-09,False,2021,7,9,393,Temmuz/09 (27. Hafta),294,Bilanço Dışı İşlemler,2,Taahhütler (3+4),TP,"1.854.620,37",1854620.37,TL,BDDK Haftalık Bülten
2021-07-09,2021-07-09,2021-07-09,False,2021,7,9,393,Temmuz/09 (27. Hafta),294,Bilanço Dışı İşlemler,2,Taahhütler (3+4),YP,"3.538.625,83",3538625.83,TL,BDDK Haftalık Bülten
2021-07-09,2021-07-09,2021-07-09,False,2021,7,9,393,Temmuz/09 (27. Hafta),294,Bilanço Dışı İşlemler,3,a) Türev Finansal Araçlar,TOPLAM,"4.209.571,09",4209571.09,TL,BDDK Haftalık Bülten
2021-07-09,2021-07-09,2021-07-09,False,2021,7,9,393,Temmuz/09 (27. Hafta),294,Bilanço Dışı İşlemler,3,a) Türev Finansal Araçlar,TP,"1.007.389,18",1007389.18,TL,BDDK Haftalık Bülten
2021-07-09,2021-07-09,2021-07-09,False,2021,7,9,393,Temmuz/09 (27. Hafta),294,Bilanço Dışı İşlemler,3,a) Türev Finansal Araçlar,YP,"3.202.181,91",3202181.91,TL,BDDK Haftalık Bülten
2021-07-09,2021-07-09,2021-07-09,False,2021,7,9,393,Temmuz/09 (27. Hafta),294,Bilanço Dışı İşlemler,4,b) Diğer,TOPLAM,"1.183.675,11",1183675.11,TL,BDDK Haftalık Bülten
2021-07-09,2021-07-09,2021-07-09,False,2021,7,9,393,Temmuz/09 (27. Hafta),294,Bilanço Dışı İşlemler,4,b) Diğer,TP,"847.231,19",847231.19,TL,BDDK Haftalık Bülten
2021-07-09,2021-07-09,2021-07-09,False,2021,7,9,393,Temmuz/09 (27. Hafta),294,Bilanço Dışı İşlemler,4,b) Diğer,YP,"336.443,91",336443.91,TL,BDDK Haftalık Bülten
2021-07-16,2021-07-16,2021-07-16,False,2021,7,16,394,Temmuz/16 (28. Hafta),294,Bilanço Dışı İşlemler,1,Gayrinakdi Kredi ve Yükümlülükler,TOPLAM,"1.185.199,28",1185199.28,TL,BDDK Haftalık Bülten
2021-07-16,2021-07-16,2021-07-16,False,2021,7,16,394,Temmuz/16 (28. Hafta),294,Bilanço Dışı İşlemler,1,Gayrinakdi Kredi ve Yükümlülükler,TP,"433.930,49",433930.49,TL,BDDK Haftalık Bülten
2021-07-16,2021-07-16,2021-07-16,False,2021,7,16,394,Temmuz/16 (28. Hafta),294,Bilanço Dışı İşlemler,1,Gayrinakdi Kredi ve Yükümlülükler,YP,"751.268,78",751268.78,TL,BDDK Haftalık Bülten
2021-07-16,2021-07-16,2021-07-16,False,2021,7,16,394,Temmuz/16 (28. Hafta),294,Bilanço Dışı İşlemler,2,Taahhütler (3+4),TOPLAM,"5.322.943,11",5322943.11,TL,BDDK Haftalık Bülten
2021-07-16,2021-07-16,2021-07-16,False,2021,7,16,394,Temmuz/16 (28. Hafta),294,Bilanço Dışı İşlemler,2,Taahhütler (3+4),TP,"1.842.043,14",1842043.14,TL,BDDK Haftalık Bülten
2021-07-16,2021-07-16,2021-07-16,False,2021,7,16,394,Temmuz/16 (28. Hafta),294,Bilanço Dışı İşlemler,2,Taahhütler (3+4),YP,"3.480.899,96",3480899.96,TL,BDDK Haftalık Bülten
2021-07-16,2021-07-16,2021-07-16,False,2021,7,16,394,Temmuz/16 (28. Hafta),294,Bilanço Dışı İşlemler,3,a) Türev Finansal Araçlar,TOPLAM,"4.166.321,56",4166321.56,TL,BDDK Haftalık Bülten
2021-07-16,2021-07-16,2021-07-16,False,2021,7,16,394,Temmuz/16 (28. Hafta),294,Bilanço Dışı İşlemler,3,a) Türev Finansal Araçlar,TP,"996.740,83",996740.83,TL,BDDK Haftalık Bülten
2021-07-16,2021-07-16,2021-07-16,False,2021,7,16,394,Temmuz/16 (28. Hafta),294,Bilanço Dışı İşlemler,3,a) Türev Finansal Araçlar,YP,"3.169.580,73",3169580.73,TL,BDDK Haftalık Bülten
2021-07-16,2021-07-16,2021-07-16,False,2021,7,16,394,Temmuz/16 (28. Hafta),294,Bilanço Dışı İşlemler,4,b) Diğer,TOPLAM,"1.156.621,55",1156621.55,TL,BDDK Haftalık Bülten
2021-07-16,2021-07-16,2021-07-16,False,2021,7,16,394,Temmuz/16 (28. Hafta),294,Bilanço Dışı İşlemler,4,b) Diğer,TP,"845.302,31",845302.31,TL,BDDK Haftalık Bülten
2021-07-16,2021-07-16,2021-07-16,False,2021,7,16,394,Temmuz/16 (28. Hafta),294,Bilanço Dışı İşlemler,4,b) Diğer,YP,"311.319,24",311319.24,TL,BDDK Haftalık Bülten
2021-07-19,2021-07-19,2021-07-19,False,2021,7,19,395,Temmuz/19 (29. Hafta),294,Bilanço Dışı İşlemler,1,Gayrinakdi Kredi ve Yükümlülükler,TOPLAM,"1.181.421,79",1181421.79,TL,BDDK Haftalık Bülten
2021-07-19,2021-07-19,2021-07-19,False,2021,7,19,395,Temmuz/19 (29. Hafta),294,Bilanço Dışı İşlemler,1,Gayrinakdi Kredi ve Yükümlülükler,TP,"433.127,85",433127.85,TL,BDDK Haftalık Bülten
2021-07-19,2021-07-19,2021-07-19,False,2021,7,19,395,Temmuz/19 (29. Hafta),294,Bilanço Dışı İşlemler,1,Gayrinakdi Kredi ve Yükümlülükler,YP,"748.293,94",748293.94,TL,BDDK Haftalık Bülten
2021-07-19,2021-07-19,2021-07-19,False,2021,7,19,395,Temmuz/19 (29. Hafta),294,Bilanço Dışı İşlemler,2,Taahhütler (3+4),TOPLAM,"5.313.875,36",5313875.36,TL,BDDK Haftalık Bülten
2021-07-19,2021-07-19,2021-07-19,False,2021,7,19,395,Temmuz/19 (29. Hafta),294,Bilanço Dışı İşlemler,2,Taahhütler (3+4),TP,"1.825.660,91",1825660.91,TL,BDDK Haftalık Bülten
2021-07-19,2021-07-19,2021-07-19,False,2021,7,19,395,Temmuz/19 (29. Hafta),294,Bilanço Dışı İşlemler,2,Taahhütler (3+4),YP,"3.488.214,45",3488214.45,TL,BDDK Haftalık Bülten
2021-07-19,2021-07-19,2021-07-19,False,2021,7,19,395,Temmuz/19 (29. Hafta),294,Bilanço Dışı İşlemler,3,a) Türev Finansal Araçlar,TOPLAM,"4.169.153,39",4169153.39,TL,BDDK Haftalık Bülten
2021-07-19,2021-07-19,2021-07-19,False,2021,7,19,395,Temmuz/19 (29. Hafta),294,Bilanço Dışı İşlemler,3,a) Türev Finansal Araçlar,TP,"995.722,76",995722.76,TL,BDDK Haftalık Bülten
2021-07-19,2021-07-19,2021-07-19,False,2021,7,19,395,Temmuz/19 (29. Hafta),294,Bilanço Dışı İşlemler,3,a) Türev Finansal Araçlar,YP,"3.173.430,63",3173430.63,TL,BDDK Haftalık Bülten
2021-07-19,2021-07-19,2021-07-19,False,2021,7,19,395,Temmuz/19 (29. Hafta),294,Bilanço Dışı İşlemler,4,b) Diğer,TOPLAM,"1.144.721,97",1144721.97,TL,BDDK Haftalık Bülten
2021-07-19,2021-07-19,2021-07-19,False,2021,7,19,395,Temmuz/19 (29. Hafta),294,Bilanço Dışı İşlemler,4,b) Diğer,TP,"829.938,15",829938.15,TL,BDDK Haftalık Bülten
2021-07-19,2021-07-19,2021-07-19,False,2021,7,19,395,Temmuz/19 (29. Hafta),294,Bilanço Dışı İşlemler,4,b) Diğer,YP,"314.783,83",314783.83,TL,BDDK Haftalık Bülten
2021-07-30,2021-07-30,2021-07-30,False,2021,7,30,396,Temmuz/30 (30. Hafta),294,Bilanço Dışı İşlemler,1,Gayrinakdi Kredi ve Yükümlülükler,TOPLAM,"1.176.123,99",1176123.99,TL,BDDK Haftalık Bülten
2021-07-30,2021-07-30,2021-07-30,False,2021,7,30,396,Temmuz/30 (30. Hafta),294,Bilanço Dışı İşlemler,1,Gayrinakdi Kredi ve Yükümlülükler,TP,"434.281,02",434281.02,TL,BDDK Haftalık Bülten
2021-07-30,2021-07-30,2021-07-30,False,2021,7,30,396,Temmuz/30 (30. Hafta),294,Bilanço Dışı İşlemler,1,Gayrinakdi Kredi ve Yükümlülükler,YP,"741.842,97",741842.97,TL,BDDK Haftalık Bülten
2021-07-30,2021-07-30,2021-07-30,False,2021,7,30,396,Temmuz/30 (30. Hafta),294,Bilanço Dışı İşlemler,2,Taahhütler (3+4),TOPLAM,"5.360.324,71",5360324.71,TL,BDDK Haftalık Bülten
2021-07-30,2021-07-30,2021-07-30,False,2021,7,30,396,Temmuz/30 (30. Hafta),294,Bilanço Dışı İşlemler,2,Taahhütler (3+4),TP,"1.876.490,67",1876490.67,TL,BDDK Haftalık Bülten
2021-07-30,2021-07-30,2021-07-30,False,2021,7,30,396,Temmuz/30 (30. Hafta),294,Bilanço Dışı İşlemler,2,Taahhütler (3+4),YP,"3.483.834,04",3483834.04,TL,BDDK Haftalık Bülten
2021-07-30,2021-07-30,2021-07-30,False,2021,7,30,396,Temmuz/30 (30. Hafta),294,Bilanço Dışı İşlemler,3,a) Türev Finansal Araçlar,TOPLAM,"4.157.611,35",4157611.35,TL,BDDK Haftalık Bülten
2021-07-30,2021-07-30,2021-07-30,False,2021,7,30,396,Temmuz/30 (30. Hafta),294,Bilanço Dışı İşlemler,3,a) Türev Finansal Araçlar,TP,"1.015.379,15",1015379.15,TL,BDDK Haftalık Bülten
2021-07-30,2021-07-30,2021-07-30,False,2021,7,30,396,Temmuz/30 (30. Hafta),294,Bilanço Dışı İşlemler,3,a) Türev Finansal Araçlar,YP,"3.142.232,19",3142232.19,TL,BDDK Haftalık Bülten
2021-07-30,2021-07-30,2021-07-30,False,2021,7,30,396,Temmuz/30 (30. Hafta),294,Bilanço Dışı İşlemler,4,b) Diğer,TOPLAM,"1.202.713,36",1202713.36,TL,BDDK Haftalık Bülten
2021-07-30,2021-07-30,2021-07-30,False,2021,7,30,396,Temmuz/30 (30. Hafta),294,Bilanço Dışı İşlemler,4,b) Diğer,TP,"861.111,52",861111.52,TL,BDDK Haftalık Bülten
2021-07-30,2021-07-30,2021-07-30,False,2021,7,30,396,Temmuz/30 (30. Hafta),294,Bilanço Dışı İşlemler,4,b) Diğer,YP,"341.601,84",341601.84,TL,BDDK Haftalık Bülten
2021-08-06,2021-08-06,2021-08-06,False,2021,8,6,397,Ağustos/06 (31. Hafta),294,Bilanço Dışı İşlemler,1,Gayrinakdi Kredi ve Yükümlülükler,TOPLAM,"1.194.559,45",1194559.45,TL,BDDK Haftalık Bülten
2021-08-06,2021-08-06,2021-08-06,False,2021,8,6,397,Ağustos/06 (31. Hafta),294,Bilanço Dışı İşlemler,1,Gayrinakdi Kredi ve Yükümlülükler,TP,"436.818,65",436818.65,TL,BDDK Haftalık Bülten
2021-08-06,2021-08-06,2021-08-06,False,2021,8,6,397,Ağustos/06 (31. Hafta),294,Bilanço Dışı İşlemler,1,Gayrinakdi Kredi ve Yükümlülükler,YP,"757.740,80",757740.8,TL,BDDK Haftalık Bülten
2021-08-06,2021-08-06,2021-08-06,False,2021,8,6,397,Ağustos/06 (31. Hafta),294,Bilanço Dışı İşlemler,2,Taahhütler (3+4),TOPLAM,"5.404.187,61",5404187.61,TL,BDDK Haftalık Bülten
2021-08-06,2021-08-06,2021-08-06,False,2021,8,6,397,Ağustos/06 (31. Hafta),294,Bilanço Dışı İşlemler,2,Taahhütler (3+4),TP,"1.891.590,64",1891590.64,TL,BDDK Haftalık Bülten
2021-08-06,2021-08-06,2021-08-06,False,2021,8,6,397,Ağustos/06 (31. Hafta),294,Bilanço Dışı İşlemler,2,Taahhütler (3+4),YP,"3.512.596,97",3512596.97,TL,BDDK Haftalık Bülten
2021-08-06,2021-08-06,2021-08-06,False,2021,8,6,397,Ağustos/06 (31. Hafta),294,Bilanço Dışı İşlemler,3,a) Türev Finansal Araçlar,TOPLAM,"4.227.991,02",4227991.02,TL,BDDK Haftalık Bülten
2021-08-06,2021-08-06,2021-08-06,False,2021,8,6,397,Ağustos/06 (31. Hafta),294,Bilanço Dışı İşlemler,3,a) Türev Finansal Araçlar,TP,"1.031.666,60",1031666.6,TL,BDDK Haftalık Bülten
2021-08-06,2021-08-06,2021-08-06,False,2021,8,6,397,Ağustos/06 (31. Hafta),294,Bilanço Dışı İşlemler,3,a) Türev Finansal Araçlar,YP,"3.196.324,43",3196324.43,TL,BDDK Haftalık Bülten
2021-08-06,2021-08-06,2021-08-06,False,2021,8,6,397,Ağustos/06 (31. Hafta),294,Bilanço Dışı İşlemler,4,b) Diğer,TOPLAM,"1.176.196,59",1176196.59,TL,BDDK Haftalık Bülten
2021-08-06,2021-08-06,2021-08-06,False,2021,8,6,397,Ağustos/06 (31. Hafta),294,Bilanço Dışı İşlemler,4,b) Diğer,TP,"859.924,05",859924.05,TL,BDDK Haftalık Bülten
2021-08-06,2021-08-06,2021-08-06,False,2021,8,6,397,Ağustos/06 (31. Hafta),294,Bilanço Dışı İşlemler,4,b) Diğer,YP,"316.272,54",316272.54,TL,BDDK Haftalık Bülten
2021-08-13,2021-08-13,2021-08-13,False,2021,8,13,398,Ağustos/13 (32. Hafta),294,Bilanço Dışı İşlemler,1,Gayrinakdi Kredi ve Yükümlülükler,TOPLAM,"1.196.027,11",1196027.11,TL,BDDK Haftalık Bülten
2021-08-13,2021-08-13,2021-08-13,False,2021,8,13,398,Ağustos/13 (32. Hafta),294,Bilanço Dışı İşlemler,1,Gayrinakdi Kredi ve Yükümlülükler,TP,"438.505,77",438505.77,TL,BDDK Haftalık Bülten
2021-08-13,2021-08-13,2021-08-13,False,2021,8,13,398,Ağustos/13 (32. Hafta),294,Bilanço Dışı İşlemler,1,Gayrinakdi Kredi ve Yükümlülükler,YP,"757.521,34",757521.34,TL,BDDK Haftalık Bülten
2021-08-13,2021-08-13,2021-08-13,False,2021,8,13,398,Ağustos/13 (32. Hafta),294,Bilanço Dışı İşlemler,2,Taahhütler (3+4),TOPLAM,"5.358.389,18",5358389.18,TL,BDDK Haftalık Bülten
2021-08-13,2021-08-13,2021-08-13,False,2021,8,13,398,Ağustos/13 (32. Hafta),294,Bilanço Dışı İşlemler,2,Taahhütler (3+4),TP,"1.887.411,59",1887411.59,TL,BDDK Haftalık Bülten
2021-08-13,2021-08-13,2021-08-13,False,2021,8,13,398,Ağustos/13 (32. Hafta),294,Bilanço Dışı İşlemler,2,Taahhütler (3+4),YP,"3.470.977,59",3470977.59,TL,BDDK Haftalık Bülten
2021-08-13,2021-08-13,2021-08-13,False,2021,8,13,398,Ağustos/13 (32. Hafta),294,Bilanço Dışı İşlemler,3,a) Türev Finansal Araçlar,TOPLAM,"4.189.479,10",4189479.1,TL,BDDK Haftalık Bülten
2021-08-13,2021-08-13,2021-08-13,False,2021,8,13,398,Ağustos/13 (32. Hafta),294,Bilanço Dışı İşlemler,3,a) Türev Finansal Araçlar,TP,"1.025.424,03",1025424.03,TL,BDDK Haftalık Bülten
2021-08-13,2021-08-13,2021-08-13,False,2021,8,13,398,Ağustos/13 (32. Hafta),294,Bilanço Dışı İşlemler,3,a) Türev Finansal Araçlar,YP,"3.164.055,07",3164055.07,TL,BDDK Haftalık Bülten
2021-08-13,2021-08-13,2021-08-13,False,2021,8,13,398,Ağustos/13 (32. Hafta),294,Bilanço Dışı İşlemler,4,b) Diğer,TOPLAM,"1.168.910,08",1168910.08,TL,BDDK Haftalık Bülten
2021-08-13,2021-08-13,2021-08-13,False,2021,8,13,398,Ağustos/13 (32. Hafta),294,Bilanço Dışı İşlemler,4,b) Diğer,TP,"861.987,57",861987.57,TL,BDDK Haftalık Bülten
2021-08-13,2021-08-13,2021-08-13,False,2021,8,13,398,Ağustos/13 (32. Hafta),294,Bilanço Dışı İşlemler,4,b) Diğer,YP,"306.922,51",306922.51,TL,BDDK Haftalık Bülten
2021-08-20,2021-08-20,2021-08-20,False,2021,8,20,399,Ağustos/20 (33. Hafta),294,Bilanço Dışı İşlemler,1,Gayrinakdi Kredi ve Yükümlülükler,TOPLAM,"1.197.276,18",1197276.18,TL,BDDK Haftalık Bülten
2021-08-20,2021-08-20,2021-08-20,False,2021,8,20,399,Ağustos/20 (33. Hafta),294,Bilanço Dışı İşlemler,1,Gayrinakdi Kredi ve Yükümlülükler,TP,"442.191,99",442191.99,TL,BDDK Haftalık Bülten
2021-08-20,2021-08-20,2021-08-20,False,2021,8,20,399,Ağustos/20 (33. Hafta),294,Bilanço Dışı İşlemler,1,Gayrinakdi Kredi ve Yükümlülükler,YP,"755.084,19",755084.19,TL,BDDK Haftalık Bülten
2021-08-20,2021-08-20,2021-08-20,False,2021,8,20,399,Ağustos/20 (33. Hafta),294,Bilanço Dışı İşlemler,2,Taahhütler (3+4),TOPLAM,"5.378.808,40",5378808.4,TL,BDDK Haftalık Bülten
2021-08-20,2021-08-20,2021-08-20,False,2021,8,20,399,Ağustos/20 (33. Hafta),294,Bilanço Dışı İşlemler,2,Taahhütler (3+4),TP,"1.901.460,09",1901460.09,TL,BDDK Haftalık Bülten
2021-08-20,2021-08-20,2021-08-20,False,2021,8,20,399,Ağustos/20 (33. Hafta),294,Bilanço Dışı İşlemler,2,Taahhütler (3+4),YP,"3.477.348,30",3477348.3,TL,BDDK Haftalık Bülten
2021-08-20,2021-08-20,2021-08-20,False,2021,8,20,399,Ağustos/20 (33. Hafta),294,Bilanço Dışı İşlemler,3,a) Türev Finansal Araçlar,TOPLAM,"4.197.940,24",4197940.24,TL,BDDK Haftalık Bülten
2021-08-20,2021-08-20,2021-08-20,False,2021,8,20,399,Ağustos/20 (33. Hafta),294,Bilanço Dışı İşlemler,3,a) Türev Finansal Araçlar,TP,"1.038.286,51",1038286.51,TL,BDDK Haftalık Bülten
2021-08-20,2021-08-20,2021-08-20,False,2021,8,20,399,Ağustos/20 (33. Hafta),294,Bilanço Dışı İşlemler,3,a) Türev Finansal Araçlar,YP,"3.159.653,73",3159653.73,TL,BDDK Haftalık Bülten
2021-08-20,2021-08-20,2021-08-20,False,2021,8,20,399,Ağustos/20 (33. Hafta),294,Bilanço Dışı İşlemler,4,b) Diğer,TOPLAM,"1.180.868,16",1180868.16,TL,BDDK Haftalık Bülten
2021-08-20,2021-08-20,2021-08-20,False,2021,8,20,399,Ağustos/20 (33. Hafta),294,Bilanço Dışı İşlemler,4,b) Diğer,TP,"863.173,59",863173.59,TL,BDDK Haftalık Bülten
2021-08-20,2021-08-20,2021-08-20,False,2021,8,20,399,Ağustos/20 (33. Hafta),294,Bilanço Dışı İşlemler,4,b) Diğer,YP,"317.694,57",317694.57,TL,BDDK Haftalık Bülten
2021-08-27,2021-08-27,2021-08-27,False,2021,8,27,400,Ağustos/27 (34. Hafta),294,Bilanço Dışı İşlemler,1,Gayrinakdi Kredi ve Yükümlülükler,TOPLAM,"1.190.974,25",1190974.25,TL,BDDK Haftalık Bülten
2021-08-27,2021-08-27,2021-08-27,False,2021,8,27,400,Ağustos/27 (34. Hafta),294,Bilanço Dışı İşlemler,1,Gayrinakdi Kredi ve Yükümlülükler,TP,"444.434,93",444434.93,TL,BDDK Haftalık Bülten
2021-08-27,2021-08-27,2021-08-27,False,2021,8,27,400,Ağustos/27 (34. Hafta),294,Bilanço Dışı İşlemler,1,Gayrinakdi Kredi ve Yükümlülükler,YP,"746.539,31",746539.31,TL,BDDK Haftalık Bülten
2021-08-27,2021-08-27,2021-08-27,False,2021,8,27,400,Ağustos/27 (34. Hafta),294,Bilanço Dışı İşlemler,2,Taahhütler (3+4),TOPLAM,"5.452.146,28",5452146.28,TL,BDDK Haftalık Bülten
2021-08-27,2021-08-27,2021-08-27,False,2021,8,27,400,Ağustos/27 (34. Hafta),294,Bilanço Dışı İşlemler,2,Taahhütler (3+4),TP,"1.930.439,86",1930439.86,TL,BDDK Haftalık Bülten
2021-08-27,2021-08-27,2021-08-27,False,2021,8,27,400,Ağustos/27 (34. Hafta),294,Bilanço Dışı İşlemler,2,Taahhütler (3+4),YP,"3.521.706,41",3521706.41,TL,BDDK Haftalık Bülten
2021-08-27,2021-08-27,2021-08-27,False,2021,8,27,400,Ağustos/27 (34. Hafta),294,Bilanço Dışı İşlemler,3,a) Türev Finansal Araçlar,TOPLAM,"4.229.455,27",4229455.27,TL,BDDK Haftalık Bülten
2021-08-27,2021-08-27,2021-08-27,False,2021,8,27,400,Ağustos/27 (34. Hafta),294,Bilanço Dışı İşlemler,3,a) Türev Finansal Araçlar,TP,"1.057.495,51",1057495.51,TL,BDDK Haftalık Bülten
2021-08-27,2021-08-27,2021-08-27,False,2021,8,27,400,Ağustos/27 (34. Hafta),294,Bilanço Dışı İşlemler,3,a) Türev Finansal Araçlar,YP,"3.171.959,76",3171959.76,TL,BDDK Haftalık Bülten
2021-08-27,2021-08-27,2021-08-27,False,2021,8,27,400,Ağustos/27 (34. Hafta),294,Bilanço Dışı İşlemler,4,b) Diğer,TOPLAM,"1.222.691,01",1222691.01,TL,BDDK Haftalık Bülten
2021-08-27,2021-08-27,2021-08-27,False,2021,8,27,400,Ağustos/27 (34. Hafta),294,Bilanço Dışı İşlemler,4,b) Diğer,TP,"872.944,36",872944.36,TL,BDDK Haftalık Bülten
2021-08-27,2021-08-27,2021-08-27,False,2021,8,27,400,Ağustos/27 (34. Hafta),294,Bilanço Dışı İşlemler,4,b) Diğer,YP,"349.746,65",349746.65,TL,BDDK Haftalık Bülten
2021-09-03,2021-09-03,2021-09-03,False,2021,9,3,401,Eylül/03 (35. Hafta),294,Bilanço Dışı İşlemler,1,Gayrinakdi Kredi ve Yükümlülükler,TOPLAM,"1.186.723,21",1186723.21,TL,BDDK Haftalık Bülten
2021-09-03,2021-09-03,2021-09-03,False,2021,9,3,401,Eylül/03 (35. Hafta),294,Bilanço Dışı İşlemler,1,Gayrinakdi Kredi ve Yükümlülükler,TP,"445.094,86",445094.86,TL,BDDK Haftalık Bülten
2021-09-03,2021-09-03,2021-09-03,False,2021,9,3,401,Eylül/03 (35. Hafta),294,Bilanço Dışı İşlemler,1,Gayrinakdi Kredi ve Yükümlülükler,YP,"741.628,34",741628.34,TL,BDDK Haftalık Bülten
2021-09-03,2021-09-03,2021-09-03,False,2021,9,3,401,Eylül/03 (35. Hafta),294,Bilanço Dışı İşlemler,2,Taahhütler (3+4),TOPLAM,"5.313.927,69",5313927.69,TL,BDDK Haftalık Bülten
2021-09-03,2021-09-03,2021-09-03,False,2021,9,3,401,Eylül/03 (35. Hafta),294,Bilanço Dışı İşlemler,2,Taahhütler (3+4),TP,"1.913.109,63",1913109.63,TL,BDDK Haftalık Bülten
2021-09-03,2021-09-03,2021-09-03,False,2021,9,3,401,Eylül/03 (35. Hafta),294,Bilanço Dışı İşlemler,2,Taahhütler (3+4),YP,"3.400.818,05",3400818.05,TL,BDDK Haftalık Bülten
2021-09-03,2021-09-03,2021-09-03,False,2021,9,3,401,Eylül/03 (35. Hafta),294,Bilanço Dışı İşlemler,3,a) Türev Finansal Araçlar,TOPLAM,"4.151.346,67",4151346.67,TL,BDDK Haftalık Bülten
2021-09-03,2021-09-03,2021-09-03,False,2021,9,3,401,Eylül/03 (35. Hafta),294,Bilanço Dışı İşlemler,3,a) Türev Finansal Araçlar,TP,"1.047.458,29",1047458.29,TL,BDDK Haftalık Bülten
2021-09-03,2021-09-03,2021-09-03,False,2021,9,3,401,Eylül/03 (35. Hafta),294,Bilanço Dışı İşlemler,3,a) Türev Finansal Araçlar,YP,"3.103.888,38",3103888.38,TL,BDDK Haftalık Bülten
2021-09-03,2021-09-03,2021-09-03,False,2021,9,3,401,Eylül/03 (35. Hafta),294,Bilanço Dışı İşlemler,4,b) Diğer,TOPLAM,"1.162.581,01",1162581.01,TL,BDDK Haftalık Bülten
2021-09-03,2021-09-03,2021-09-03,False,2021,9,3,401,Eylül/03 (35. Hafta),294,Bilanço Dışı İşlemler,4,b) Diğer,TP,"865.651,34",865651.34,TL,BDDK Haftalık Bülten
2021-09-03,2021-09-03,2021-09-03,False,2021,9,3,401,Eylül/03 (35. Hafta),294,Bilanço Dışı İşlemler,4,b) Diğer,YP,"296.929,67",296929.67,TL,BDDK Haftalık Bülten
2021-09-10,2021-09-10,2021-09-10,False,2021,9,10,402,Eylül/10 (36. Hafta),294,Bilanço Dışı İşlemler,1,Gayrinakdi Kredi ve Yükümlülükler,TOPLAM,"1.203.270,83",1203270.83,TL,BDDK Haftalık Bülten
2021-09-10,2021-09-10,2021-09-10,False,2021,9,10,402,Eylül/10 (36. Hafta),294,Bilanço Dışı İşlemler,1,Gayrinakdi Kredi ve Yükümlülükler,TP,"448.563,00",448563.0,TL,BDDK Haftalık Bülten
2021-09-10,2021-09-10,2021-09-10,False,2021,9,10,402,Eylül/10 (36. Hafta),294,Bilanço Dışı İşlemler,1,Gayrinakdi Kredi ve Yükümlülükler,YP,"754.707,83",754707.83,TL,BDDK Haftalık Bülten
2021-09-10,2021-09-10,2021-09-10,False,2021,9,10,402,Eylül/10 (36. Hafta),294,Bilanço Dışı İşlemler,2,Taahhütler (3+4),TOPLAM,"5.475.200,18",5475200.18,TL,BDDK Haftalık Bülten
2021-09-10,2021-09-10,2021-09-10,False,2021,9,10,402,Eylül/10 (36. Hafta),294,Bilanço Dışı İşlemler,2,Taahhütler (3+4),TP,"1.953.612,26",1953612.26,TL,BDDK Haftalık Bülten
2021-09-10,2021-09-10,2021-09-10,False,2021,9,10,402,Eylül/10 (36. Hafta),294,Bilanço Dışı İşlemler,2,Taahhütler (3+4),YP,"3.521.587,92",3521587.92,TL,BDDK Haftalık Bülten
2021-09-10,2021-09-10,2021-09-10,False,2021,9,10,402,Eylül/10 (36. Hafta),294,Bilanço Dışı İşlemler,3,a) Türev Finansal Araçlar,TOPLAM,"4.268.634,37",4268634.37,TL,BDDK Haftalık Bülten
2021-09-10,2021-09-10,2021-09-10,False,2021,9,10,402,Eylül/10 (36. Hafta),294,Bilanço Dışı İşlemler,3,a) Türev Finansal Araçlar,TP,"1.071.939,18",1071939.18,TL,BDDK Haftalık Bülten
2021-09-10,2021-09-10,2021-09-10,False,2021,9,10,402,Eylül/10 (36. Hafta),294,Bilanço Dışı İşlemler,3,a) Türev Finansal Araçlar,YP,"3.196.695,19",3196695.19,TL,BDDK Haftalık Bülten
2021-09-10,2021-09-10,2021-09-10,False,2021,9,10,402,Eylül/10 (36. Hafta),294,Bilanço Dışı İşlemler,4,b) Diğer,TOPLAM,"1.206.565,80",1206565.8,TL,BDDK Haftalık Bülten
2021-09-10,2021-09-10,2021-09-10,False,2021,9,10,402,Eylül/10 (36. Hafta),294,Bilanço Dışı İşlemler,4,b) Diğer,TP,"881.673,08",881673.08,TL,BDDK Haftalık Bülten
2021-09-10,2021-09-10,2021-09-10,False,2021,9,10,402,Eylül/10 (36. Hafta),294,Bilanço Dışı İşlemler,4,b) Diğer,YP,"324.892,73",324892.73,TL,BDDK Haftalık Bülten
2021-09-17,2021-09-17,2021-09-17,False,2021,9,17,403,Eylül/17 (37. Hafta),294,Bilanço Dışı İşlemler,1,Gayrinakdi Kredi ve Yükümlülükler,TOPLAM,"1.216.326,33",1216326.33,TL,BDDK Haftalık Bülten
2021-09-17,2021-09-17,2021-09-17,False,2021,9,17,403,Eylül/17 (37. Hafta),294,Bilanço Dışı İşlemler,1,Gayrinakdi Kredi ve Yükümlülükler,TP,"450.466,26",450466.26,TL,BDDK Haftalık Bülten
2021-09-17,2021-09-17,2021-09-17,False,2021,9,17,403,Eylül/17 (37. Hafta),294,Bilanço Dışı İşlemler,1,Gayrinakdi Kredi ve Yükümlülükler,YP,"765.860,07",765860.07,TL,BDDK Haftalık Bülten
2021-09-17,2021-09-17,2021-09-17,False,2021,9,17,403,Eylül/17 (37. Hafta),294,Bilanço Dışı İşlemler,2,Taahhütler (3+4),TOPLAM,"5.566.881,99",5566881.99,TL,BDDK Haftalık Bülten
2021-09-17,2021-09-17,2021-09-17,False,2021,9,17,403,Eylül/17 (37. Hafta),294,Bilanço Dışı İşlemler,2,Taahhütler (3+4),TP,"1.979.726,32",1979726.32,TL,BDDK Haftalık Bülten
2021-09-17,2021-09-17,2021-09-17,False,2021,9,17,403,Eylül/17 (37. Hafta),294,Bilanço Dışı İşlemler,2,Taahhütler (3+4),YP,"3.587.155,67",3587155.67,TL,BDDK Haftalık Bülten
2021-09-17,2021-09-17,2021-09-17,False,2021,9,17,403,Eylül/17 (37. Hafta),294,Bilanço Dışı İşlemler,3,a) Türev Finansal Araçlar,TOPLAM,"4.344.029,09",4344029.09,TL,BDDK Haftalık Bülten
2021-09-17,2021-09-17,2021-09-17,False,2021,9,17,403,Eylül/17 (37. Hafta),294,Bilanço Dışı İşlemler,3,a) Türev Finansal Araçlar,TP,"1.082.684,36",1082684.36,TL,BDDK Haftalık Bülten
2021-09-17,2021-09-17,2021-09-17,False,2021,9,17,403,Eylül/17 (37. Hafta),294,Bilanço Dışı İşlemler,3,a) Türev Finansal Araçlar,YP,"3.261.344,73",3261344.73,TL,BDDK Haftalık Bülten
2021-09-17,2021-09-17,2021-09-17,False,2021,9,17,403,Eylül/17 (37. Hafta),294,Bilanço Dışı İşlemler,4,b) Diğer,TOPLAM,"1.222.852,90",1222852.9,TL,BDDK Haftalık Bülten
2021-09-17,2021-09-17,2021-09-17,False,2021,9,17,403,Eylül/17 (37. Hafta),294,Bilanço Dışı İşlemler,4,b) Diğer,TP,"897.041,96",897041.96,TL,BDDK Haftalık Bülten
2021-09-17,2021-09-17,2021-09-17,False,2021,9,17,403,Eylül/17 (37. Hafta),294,Bilanço Dışı İşlemler,4,b) Diğer,YP,"325.810,94",325810.94,TL,BDDK Haftalık Bülten
2021-09-24,2021-09-24,2021-09-24,False,2021,9,24,404,Eylül/24 (38. Hafta),294,Bilanço Dışı İşlemler,1,Gayrinakdi Kredi ve Yükümlülükler,TOPLAM,"1.243.123,93",1243123.93,TL,BDDK Haftalık Bülten
2021-09-24,2021-09-24,2021-09-24,False,2021,9,24,404,Eylül/24 (38. Hafta),294,Bilanço Dışı İşlemler,1,Gayrinakdi Kredi ve Yükümlülükler,TP,"452.130,88",452130.88,TL,BDDK Haftalık Bülten
2021-09-24,2021-09-24,2021-09-24,False,2021,9,24,404,Eylül/24 (38. Hafta),294,Bilanço Dışı İşlemler,1,Gayrinakdi Kredi ve Yükümlülükler,YP,"790.993,04",790993.04,TL,BDDK Haftalık Bülten
2021-09-24,2021-09-24,2021-09-24,False,2021,9,24,404,Eylül/24 (38. Hafta),294,Bilanço Dışı İşlemler,2,Taahhütler (3+4),TOPLAM,"5.738.627,41",5738627.41,TL,BDDK Haftalık Bülten
2021-09-24,2021-09-24,2021-09-24,False,2021,9,24,404,Eylül/24 (38. Hafta),294,Bilanço Dışı İşlemler,2,Taahhütler (3+4),TP,"2.008.097,16",2008097.16,TL,BDDK Haftalık Bülten
2021-09-24,2021-09-24,2021-09-24,False,2021,9,24,404,Eylül/24 (38. Hafta),294,Bilanço Dışı İşlemler,2,Taahhütler (3+4),YP,"3.730.530,25",3730530.25,TL,BDDK Haftalık Bülten
2021-09-24,2021-09-24,2021-09-24,False,2021,9,24,404,Eylül/24 (38. Hafta),294,Bilanço Dışı İşlemler,3,a) Türev Finansal Araçlar,TOPLAM,"4.463.570,82",4463570.82,TL,BDDK Haftalık Bülten
2021-09-24,2021-09-24,2021-09-24,False,2021,9,24,404,Eylül/24 (38. Hafta),294,Bilanço Dışı İşlemler,3,a) Türev Finansal Araçlar,TP,"1.101.890,52",1101890.52,TL,BDDK Haftalık Bülten
2021-09-24,2021-09-24,2021-09-24,False,2021,9,24,404,Eylül/24 (38. Hafta),294,Bilanço Dışı İşlemler,3,a) Türev Finansal Araçlar,YP,"3.361.680,29",3361680.29,TL,BDDK Haftalık Bülten
2021-09-24,2021-09-24,2021-09-24,False,2021,9,24,404,Eylül/24 (38. Hafta),294,Bilanço Dışı İşlemler,4,b) Diğer,TOPLAM,"1.275.056,59",1275056.59,TL,BDDK Haftalık Bülten
2021-09-24,2021-09-24,2021-09-24,False,2021,9,24,404,Eylül/24 (38. Hafta),294,Bilanço Dışı İşlemler,4,b) Diğer,TP,"906.206,64",906206.64,TL,BDDK Haftalık Bülten
2021-09-24,2021-09-24,2021-09-24,False,2021,9,24,404,Eylül/24 (38. Hafta),294,Bilanço Dışı İşlemler,4,b) Diğer,YP,"368.849,95",368849.95,TL,BDDK Haftalık Bülten
2021-10-01,2021-10-01,2021-10-01,False,2021,10,1,405,Ekim/01 (39. Hafta),294,Bilanço Dışı İşlemler,1,Gayrinakdi Kredi ve Yükümlülükler,TOPLAM,"1.241.476,94",1241476.94,TL,BDDK Haftalık Bülten
2021-10-01,2021-10-01,2021-10-01,False,2021,10,1,405,Ekim/01 (39. Hafta),294,Bilanço Dışı İşlemler,1,Gayrinakdi Kredi ve Yükümlülükler,TP,"454.184,11",454184.11,TL,BDDK Haftalık Bülten
2021-10-01,2021-10-01,2021-10-01,False,2021,10,1,405,Ekim/01 (39. Hafta),294,Bilanço Dışı İşlemler,1,Gayrinakdi Kredi ve Yükümlülükler,YP,"787.292,84",787292.84,TL,BDDK Haftalık Bülten
2021-10-01,2021-10-01,2021-10-01,False,2021,10,1,405,Ekim/01 (39. Hafta),294,Bilanço Dışı İşlemler,2,Taahhütler (3+4),TOPLAM,"5.623.203,95",5623203.95,TL,BDDK Haftalık Bülten
2021-10-01,2021-10-01,2021-10-01,False,2021,10,1,405,Ekim/01 (39. Hafta),294,Bilanço Dışı İşlemler,2,Taahhütler (3+4),TP,"1.965.782,78",1965782.78,TL,BDDK Haftalık Bülten
2021-10-01,2021-10-01,2021-10-01,False,2021,10,1,405,Ekim/01 (39. Hafta),294,Bilanço Dışı İşlemler,2,Taahhütler (3+4),YP,"3.657.421,17",3657421.17,TL,BDDK Haftalık Bülten
2021-10-01,2021-10-01,2021-10-01,False,2021,10,1,405,Ekim/01 (39. Hafta),294,Bilanço Dışı İşlemler,3,a) Türev Finansal Araçlar,TOPLAM,"4.390.122,18",4390122.18,TL,BDDK Haftalık Bülten
2021-10-01,2021-10-01,2021-10-01,False,2021,10,1,405,Ekim/01 (39. Hafta),294,Bilanço Dışı İşlemler,3,a) Türev Finansal Araçlar,TP,"1.079.017,78",1079017.78,TL,BDDK Haftalık Bülten
2021-10-01,2021-10-01,2021-10-01,False,2021,10,1,405,Ekim/01 (39. Hafta),294,Bilanço Dışı İşlemler,3,a) Türev Finansal Araçlar,YP,"3.311.104,40",3311104.4,TL,BDDK Haftalık Bülten
2021-10-01,2021-10-01,2021-10-01,False,2021,10,1,405,Ekim/01 (39. Hafta),294,Bilanço Dışı İşlemler,4,b) Diğer,TOPLAM,"1.233.081,77",1233081.77,TL,BDDK Haftalık Bülten
2021-10-01,2021-10-01,2021-10-01,False,2021,10,1,405,Ekim/01 (39. Hafta),294,Bilanço Dışı İşlemler,4,b) Diğer,TP,"886.765,00",886765.0,TL,BDDK Haftalık Bülten
2021-10-01,2021-10-01,2021-10-01,False,2021,10,1,405,Ekim/01 (39. Hafta),294,Bilanço Dışı İşlemler,4,b) Diğer,YP,"346.316,77",346316.77,TL,BDDK Haftalık Bülten
2021-10-08,2021-10-08,2021-10-08,False,2021,10,8,406,Ekim/08 (40. Hafta),294,Bilanço Dışı İşlemler,1,Gayrinakdi Kredi ve Yükümlülükler,TOPLAM,"1.242.483,65",1242483.65,TL,BDDK Haftalık Bülten
2021-10-08,2021-10-08,2021-10-08,False,2021,10,8,406,Ekim/08 (40. Hafta),294,Bilanço Dışı İşlemler,1,Gayrinakdi Kredi ve Yükümlülükler,TP,"455.353,81",455353.81,TL,BDDK Haftalık Bülten
2021-10-08,2021-10-08,2021-10-08,False,2021,10,8,406,Ekim/08 (40. Hafta),294,Bilanço Dışı İşlemler,1,Gayrinakdi Kredi ve Yükümlülükler,YP,"787.129,84",787129.84,TL,BDDK Haftalık Bülten
2021-10-08,2021-10-08,2021-10-08,False,2021,10,8,406,Ekim/08 (40. Hafta),294,Bilanço Dışı İşlemler,2,Taahhütler (3+4),TOPLAM,"5.556.873,69",5556873.69,TL,BDDK Haftalık Bülten
2021-10-08,2021-10-08,2021-10-08,False,2021,10,8,406,Ekim/08 (40. Hafta),294,Bilanço Dışı İşlemler,2,Taahhütler (3+4),TP,"1.969.253,22",1969253.22,TL,BDDK Haftalık Bülten
2021-10-08,2021-10-08,2021-10-08,False,2021,10,8,406,Ekim/08 (40. Hafta),294,Bilanço Dışı İşlemler,2,Taahhütler (3+4),YP,"3.587.620,47",3587620.47,TL,BDDK Haftalık Bülten
2021-10-08,2021-10-08,2021-10-08,False,2021,10,8,406,Ekim/08 (40. Hafta),294,Bilanço Dışı İşlemler,3,a) Türev Finansal Araçlar,TOPLAM,"4.361.744,30",4361744.3,TL,BDDK Haftalık Bülten
2021-10-08,2021-10-08,2021-10-08,False,2021,10,8,406,Ekim/08 (40. Hafta),294,Bilanço Dışı İşlemler,3,a) Türev Finansal Araçlar,TP,"1.076.422,87",1076422.87,TL,BDDK Haftalık Bülten
2021-10-08,2021-10-08,2021-10-08,False,2021,10,8,406,Ekim/08 (40. Hafta),294,Bilanço Dışı İşlemler,3,a) Türev Finansal Araçlar,YP,"3.285.321,43",3285321.43,TL,BDDK Haftalık Bülten
2021-10-08,2021-10-08,2021-10-08,False,2021,10,8,406,Ekim/08 (40. Hafta),294,Bilanço Dışı İşlemler,4,b) Diğer,TOPLAM,"1.195.129,39",1195129.39,TL,BDDK Haftalık Bülten
2021-10-08,2021-10-08,2021-10-08,False,2021,10,8,406,Ekim/08 (40. Hafta),294,Bilanço Dışı İşlemler,4,b) Diğer,TP,"892.830,35",892830.35,TL,BDDK Haftalık Bülten
2021-10-08,2021-10-08,2021-10-08,False,2021,10,8,406,Ekim/08 (40. Hafta),294,Bilanço Dışı İşlemler,4,b) Diğer,YP,"302.299,04",302299.04,TL,BDDK Haftalık Bülten
2021-10-15,2021-10-15,2021-10-15,False,2021,10,15,407,Ekim/15 (41. Hafta),294,Bilanço Dışı İşlemler,1,Gayrinakdi Kredi ve Yükümlülükler,TOPLAM,"1.276.222,82",1276222.82,TL,BDDK Haftalık Bülten
2021-10-15,2021-10-15,2021-10-15,False,2021,10,15,407,Ekim/15 (41. Hafta),294,Bilanço Dışı İşlemler,1,Gayrinakdi Kredi ve Yükümlülükler,TP,"458.418,58",458418.58,TL,BDDK Haftalık Bülten
2021-10-15,2021-10-15,2021-10-15,False,2021,10,15,407,Ekim/15 (41. Hafta),294,Bilanço Dışı İşlemler,1,Gayrinakdi Kredi ve Yükümlülükler,YP,"817.804,23",817804.23,TL,BDDK Haftalık Bülten
2021-10-15,2021-10-15,2021-10-15,False,2021,10,15,407,Ekim/15 (41. Hafta),294,Bilanço Dışı İşlemler,2,Taahhütler (3+4),TOPLAM,"5.762.046,90",5762046.9,TL,BDDK Haftalık Bülten
2021-10-15,2021-10-15,2021-10-15,False,2021,10,15,407,Ekim/15 (41. Hafta),294,Bilanço Dışı İşlemler,2,Taahhütler (3+4),TP,"2.009.948,10",2009948.1,TL,BDDK Haftalık Bülten
2021-10-15,2021-10-15,2021-10-15,False,2021,10,15,407,Ekim/15 (41. Hafta),294,Bilanço Dışı İşlemler,2,Taahhütler (3+4),YP,"3.752.098,80",3752098.8,TL,BDDK Haftalık Bülten
2021-10-15,2021-10-15,2021-10-15,False,2021,10,15,407,Ekim/15 (41. Hafta),294,Bilanço Dışı İşlemler,3,a) Türev Finansal Araçlar,TOPLAM,"4.511.991,18",4511991.18,TL,BDDK Haftalık Bülten
2021-10-15,2021-10-15,2021-10-15,False,2021,10,15,407,Ekim/15 (41. Hafta),294,Bilanço Dışı İşlemler,3,a) Türev Finansal Araçlar,TP,"1.103.596,60",1103596.6,TL,BDDK Haftalık Bülten
2021-10-15,2021-10-15,2021-10-15,False,2021,10,15,407,Ekim/15 (41. Hafta),294,Bilanço Dışı İşlemler,3,a) Türev Finansal Araçlar,YP,"3.408.394,58",3408394.58,TL,BDDK Haftalık Bülten
2021-10-15,2021-10-15,2021-10-15,False,2021,10,15,407,Ekim/15 (41. Hafta),294,Bilanço Dışı İşlemler,4,b) Diğer,TOPLAM,"1.250.055,72",1250055.72,TL,BDDK Haftalık Bülten
2021-10-15,2021-10-15,2021-10-15,False,2021,10,15,407,Ekim/15 (41. Hafta),294,Bilanço Dışı İşlemler,4,b) Diğer,TP,"906.351,50",906351.5,TL,BDDK Haftalık Bülten
2021-10-15,2021-10-15,2021-10-15,False,2021,10,15,407,Ekim/15 (41. Hafta),294,Bilanço Dışı İşlemler,4,b) Diğer,YP,"343.704,22",343704.22,TL,BDDK Haftalık Bülten
2021-10-22,2021-10-22,2021-10-22,False,2021,10,22,408,Ekim/22 (42. Hafta),294,Bilanço Dışı İşlemler,1,Gayrinakdi Kredi ve Yükümlülükler,TOPLAM,"1.313.962,06",1313962.06,TL,BDDK Haftalık Bülten
2021-10-22,2021-10-22,2021-10-22,False,2021,10,22,408,Ekim/22 (42. Hafta),294,Bilanço Dışı İşlemler,1,Gayrinakdi Kredi ve Yükümlülükler,TP,"461.360,87",461360.87,TL,BDDK Haftalık Bülten
2021-10-22,2021-10-22,2021-10-22,False,2021,10,22,408,Ekim/22 (42. Hafta),294,Bilanço Dışı İşlemler,1,Gayrinakdi Kredi ve Yükümlülükler,YP,"852.601,19",852601.19,TL,BDDK Haftalık Bülten
2021-10-22,2021-10-22,2021-10-22,False,2021,10,22,408,Ekim/22 (42. Hafta),294,Bilanço Dışı İşlemler,2,Taahhütler (3+4),TOPLAM,"6.025.522,31",6025522.31,TL,BDDK Haftalık Bülten
2021-10-22,2021-10-22,2021-10-22,False,2021,10,22,408,Ekim/22 (42. Hafta),294,Bilanço Dışı İşlemler,2,Taahhütler (3+4),TP,"2.051.644,42",2051644.42,TL,BDDK Haftalık Bülten
2021-10-22,2021-10-22,2021-10-22,False,2021,10,22,408,Ekim/22 (42. Hafta),294,Bilanço Dışı İşlemler,2,Taahhütler (3+4),YP,"3.973.877,89",3973877.89,TL,BDDK Haftalık Bülten
2021-10-22,2021-10-22,2021-10-22,False,2021,10,22,408,Ekim/22 (42. Hafta),294,Bilanço Dışı İşlemler,3,a) Türev Finansal Araçlar,TOPLAM,"4.701.118,76",4701118.76,TL,BDDK Haftalık Bülten
2021-10-22,2021-10-22,2021-10-22,False,2021,10,22,408,Ekim/22 (42. Hafta),294,Bilanço Dışı İşlemler,3,a) Türev Finansal Araçlar,TP,"1.130.927,39",1130927.39,TL,BDDK Haftalık Bülten
2021-10-22,2021-10-22,2021-10-22,False,2021,10,22,408,Ekim/22 (42. Hafta),294,Bilanço Dışı İşlemler,3,a) Türev Finansal Araçlar,YP,"3.570.191,37",3570191.37,TL,BDDK Haftalık Bülten
2021-10-22,2021-10-22,2021-10-22,False,2021,10,22,408,Ekim/22 (42. Hafta),294,Bilanço Dışı İşlemler,4,b) Diğer,TOPLAM,"1.324.403,55",1324403.55,TL,BDDK Haftalık Bülten
2021-10-22,2021-10-22,2021-10-22,False,2021,10,22,408,Ekim/22 (42. Hafta),294,Bilanço Dışı İşlemler,4,b) Diğer,TP,"920.717,03",920717.03,TL,BDDK Haftalık Bülten
2021-10-22,2021-10-22,2021-10-22,False,2021,10,22,408,Ekim/22 (42. Hafta),294,Bilanço Dışı İşlemler,4,b) Diğer,YP,"403.686,53",403686.53,TL,BDDK Haftalık Bülten
2021-10-28,2021-10-28,2021-10-28,False,2021,10,28,409,Ekim/28 (43. Hafta),294,Bilanço Dışı İşlemler,1,Gayrinakdi Kredi ve Yükümlülükler,TOPLAM,"1.318.178,52",1318178.52,TL,BDDK Haftalık Bülten
2021-10-28,2021-10-28,2021-10-28,False,2021,10,28,409,Ekim/28 (43. Hafta),294,Bilanço Dışı İşlemler,1,Gayrinakdi Kredi ve Yükümlülükler,TP,"466.361,26",466361.26,TL,BDDK Haftalık Bülten
2021-10-28,2021-10-28,2021-10-28,False,2021,10,28,409,Ekim/28 (43. Hafta),294,Bilanço Dışı İşlemler,1,Gayrinakdi Kredi ve Yükümlülükler,YP,"851.817,26",851817.26,TL,BDDK Haftalık Bülten
2021-10-28,2021-10-28,2021-10-28,False,2021,10,28,409,Ekim/28 (43. Hafta),294,Bilanço Dışı İşlemler,2,Taahhütler (3+4),TOPLAM,"5.969.932,53",5969932.53,TL,BDDK Haftalık Bülten
2021-10-28,2021-10-28,2021-10-28,False,2021,10,28,409,Ekim/28 (43. Hafta),294,Bilanço Dışı İşlemler,2,Taahhütler (3+4),TP,"2.029.906,74",2029906.74,TL,BDDK Haftalık Bülten
2021-10-28,2021-10-28,2021-10-28,False,2021,10,28,409,Ekim/28 (43. Hafta),294,Bilanço Dışı İşlemler,2,Taahhütler (3+4),YP,"3.940.025,79",3940025.79,TL,BDDK Haftalık Bülten
2021-10-28,2021-10-28,2021-10-28,False,2021,10,28,409,Ekim/28 (43. Hafta),294,Bilanço Dışı İşlemler,3,a) Türev Finansal Araçlar,TOPLAM,"4.710.648,74",4710648.74,TL,BDDK Haftalık Bülten
2021-10-28,2021-10-28,2021-10-28,False,2021,10,28,409,Ekim/28 (43. Hafta),294,Bilanço Dışı İşlemler,3,a) Türev Finansal Araçlar,TP,"1.137.434,97",1137434.97,TL,BDDK Haftalık Bülten
2021-10-28,2021-10-28,2021-10-28,False,2021,10,28,409,Ekim/28 (43. Hafta),294,Bilanço Dışı İşlemler,3,a) Türev Finansal Araçlar,YP,"3.573.213,77",3573213.77,TL,BDDK Haftalık Bülten
2021-10-28,2021-10-28,2021-10-28,False,2021,10,28,409,Ekim/28 (43. Hafta),294,Bilanço Dışı İşlemler,4,b) Diğer,TOPLAM,"1.259.283,79",1259283.79,TL,BDDK Haftalık Bülten
2021-10-28,2021-10-28,2021-10-28,False,2021,10,28,409,Ekim/28 (43. Hafta),294,Bilanço Dışı İşlemler,4,b) Diğer,TP,"892.471,77",892471.77,TL,BDDK Haftalık Bülten
2021-10-28,2021-10-28,2021-10-28,False,2021,10,28,409,Ekim/28 (43. Hafta),294,Bilanço Dışı İşlemler,4,b) Diğer,YP,"366.812,02",366812.02,TL,BDDK Haftalık Bülten
2021-11-05,2021-11-05,2021-11-05,False,2021,11,5,410,Kasım/05 (44. Hafta),294,Bilanço Dışı İşlemler,1,Gayrinakdi Kredi ve Yükümlülükler,TOPLAM,"1.331.575,90",1331575.9,TL,BDDK Haftalık Bülten
2021-11-05,2021-11-05,2021-11-05,False,2021,11,5,410,Kasım/05 (44. Hafta),294,Bilanço Dışı İşlemler,1,Gayrinakdi Kredi ve Yükümlülükler,TP,"469.092,48",469092.48,TL,BDDK Haftalık Bülten
2021-11-05,2021-11-05,2021-11-05,False,2021,11,5,410,Kasım/05 (44. Hafta),294,Bilanço Dışı İşlemler,1,Gayrinakdi Kredi ve Yükümlülükler,YP,"862.483,43",862483.43,TL,BDDK Haftalık Bülten
2021-11-05,2021-11-05,2021-11-05,False,2021,11,5,410,Kasım/05 (44. Hafta),294,Bilanço Dışı İşlemler,2,Taahhütler (3+4),TOPLAM,"6.038.574,81",6038574.81,TL,BDDK Haftalık Bülten
2021-11-05,2021-11-05,2021-11-05,False,2021,11,5,410,Kasım/05 (44. Hafta),294,Bilanço Dışı İşlemler,2,Taahhütler (3+4),TP,"2.036.080,03",2036080.03,TL,BDDK Haftalık Bülten
2021-11-05,2021-11-05,2021-11-05,False,2021,11,5,410,Kasım/05 (44. Hafta),294,Bilanço Dışı İşlemler,2,Taahhütler (3+4),YP,"4.002.494,78",4002494.78,TL,BDDK Haftalık Bülten
2021-11-05,2021-11-05,2021-11-05,False,2021,11,5,410,Kasım/05 (44. Hafta),294,Bilanço Dışı İşlemler,3,a) Türev Finansal Araçlar,TOPLAM,"4.733.336,04",4733336.04,TL,BDDK Haftalık Bülten
2021-11-05,2021-11-05,2021-11-05,False,2021,11,5,410,Kasım/05 (44. Hafta),294,Bilanço Dışı İşlemler,3,a) Türev Finansal Araçlar,TP,"1.131.810,71",1131810.71,TL,BDDK Haftalık Bülten
2021-11-05,2021-11-05,2021-11-05,False,2021,11,5,410,Kasım/05 (44. Hafta),294,Bilanço Dışı İşlemler,3,a) Türev Finansal Araçlar,YP,"3.601.525,33",3601525.33,TL,BDDK Haftalık Bülten
2021-11-05,2021-11-05,2021-11-05,False,2021,11,5,410,Kasım/05 (44. Hafta),294,Bilanço Dışı İşlemler,4,b) Diğer,TOPLAM,"1.305.238,77",1305238.77,TL,BDDK Haftalık Bülten
2021-11-05,2021-11-05,2021-11-05,False,2021,11,5,410,Kasım/05 (44. Hafta),294,Bilanço Dışı İşlemler,4,b) Diğer,TP,"904.269,32",904269.32,TL,BDDK Haftalık Bülten
2021-11-05,2021-11-05,2021-11-05,False,2021,11,5,410,Kasım/05 (44. Hafta),294,Bilanço Dışı İşlemler,4,b) Diğer,YP,"400.969,45",400969.45,TL,BDDK Haftalık Bülten
2021-11-12,2021-11-12,2021-11-12,False,2021,11,12,411,Kasım/12 (45. Hafta),294,Bilanço Dışı İşlemler,1,Gayrinakdi Kredi ve Yükümlülükler,TOPLAM,"1.354.527,50",1354527.5,TL,BDDK Haftalık Bülten
2021-11-12,2021-11-12,2021-11-12,False,2021,11,12,411,Kasım/12 (45. Hafta),294,Bilanço Dışı İşlemler,1,Gayrinakdi Kredi ve Yükümlülükler,TP,"472.519,33",472519.33,TL,BDDK Haftalık Bülten
2021-11-12,2021-11-12,2021-11-12,False,2021,11,12,411,Kasım/12 (45. Hafta),294,Bilanço Dışı İşlemler,1,Gayrinakdi Kredi ve Yükümlülükler,YP,"882.008,18",882008.18,TL,BDDK Haftalık Bülten
2021-11-12,2021-11-12,2021-11-12,False,2021,11,12,411,Kasım/12 (45. Hafta),294,Bilanço Dışı İşlemler,2,Taahhütler (3+4),TOPLAM,"5.988.414,76",5988414.76,TL,BDDK Haftalık Bülten
2021-11-12,2021-11-12,2021-11-12,False,2021,11,12,411,Kasım/12 (45. Hafta),294,Bilanço Dışı İşlemler,2,Taahhütler (3+4),TP,"1.996.847,21",1996847.21,TL,BDDK Haftalık Bülten
2021-11-12,2021-11-12,2021-11-12,False,2021,11,12,411,Kasım/12 (45. Hafta),294,Bilanço Dışı İşlemler,2,Taahhütler (3+4),YP,"3.991.567,55",3991567.55,TL,BDDK Haftalık Bülten
2021-11-12,2021-11-12,2021-11-12,False,2021,11,12,411,Kasım/12 (45. Hafta),294,Bilanço Dışı İşlemler,3,a) Türev Finansal Araçlar,TOPLAM,"4.717.200,02",4717200.02,TL,BDDK Haftalık Bülten
2021-11-12,2021-11-12,2021-11-12,False,2021,11,12,411,Kasım/12 (45. Hafta),294,Bilanço Dışı İşlemler,3,a) Türev Finansal Araçlar,TP,"1.095.244,49",1095244.49,TL,BDDK Haftalık Bülten
2021-11-12,2021-11-12,2021-11-12,False,2021,11,12,411,Kasım/12 (45. Hafta),294,Bilanço Dışı İşlemler,3,a) Türev Finansal Araçlar,YP,"3.621.955,53",3621955.53,TL,BDDK Haftalık Bülten
2021-11-12,2021-11-12,2021-11-12,False,2021,11,12,411,Kasım/12 (45. Hafta),294,Bilanço Dışı İşlemler,4,b) Diğer,TOPLAM,"1.271.214,74",1271214.74,TL,BDDK Haftalık Bülten
2021-11-12,2021-11-12,2021-11-12,False,2021,11,12,411,Kasım/12 (45. Hafta),294,Bilanço Dışı İşlemler,4,b) Diğer,TP,"901.602,72",901602.72,TL,BDDK Haftalık Bülten
2021-11-12,2021-11-12,2021-11-12,False,2021,11,12,411,Kasım/12 (45. Hafta),294,Bilanço Dışı İşlemler,4,b) Diğer,YP,"369.612,02",369612.02,TL,BDDK Haftalık Bülten
2021-11-19,2021-11-19,2021-11-19,False,2021,11,19,412,Kasım/19 (46. Hafta),294,Bilanço Dışı İşlemler,1,Gayrinakdi Kredi ve Yükümlülükler,TOPLAM,"1.458.538,71",1458538.71,TL,BDDK Haftalık Bülten
2021-11-19,2021-11-19,2021-11-19,False,2021,11,19,412,Kasım/19 (46. Hafta),294,Bilanço Dışı İşlemler,1,Gayrinakdi Kredi ve Yükümlülükler,TP,"479.742,11",479742.11,TL,BDDK Haftalık Bülten
2021-11-19,2021-11-19,2021-11-19,False,2021,11,19,412,Kasım/19 (46. Hafta),294,Bilanço Dışı İşlemler,1,Gayrinakdi Kredi ve Yükümlülükler,YP,"978.796,59",978796.59,TL,BDDK Haftalık Bülten
2021-11-19,2021-11-19,2021-11-19,False,2021,11,19,412,Kasım/19 (46. Hafta),294,Bilanço Dışı İşlemler,2,Taahhütler (3+4),TOPLAM,"6.407.589,63",6407589.63,TL,BDDK Haftalık Bülten
2021-11-19,2021-11-19,2021-11-19,False,2021,11,19,412,Kasım/19 (46. Hafta),294,Bilanço Dışı İşlemler,2,Taahhütler (3+4),TP,"2.032.102,03",2032102.03,TL,BDDK Haftalık Bülten
2021-11-19,2021-11-19,2021-11-19,False,2021,11,19,412,Kasım/19 (46. Hafta),294,Bilanço Dışı İşlemler,2,Taahhütler (3+4),YP,"4.375.487,60",4375487.6,TL,BDDK Haftalık Bülten
2021-11-19,2021-11-19,2021-11-19,False,2021,11,19,412,Kasım/19 (46. Hafta),294,Bilanço Dışı İşlemler,3,a) Türev Finansal Araçlar,TOPLAM,"5.063.145,61",5063145.61,TL,BDDK Haftalık Bülten
2021-11-19,2021-11-19,2021-11-19,False,2021,11,19,412,Kasım/19 (46. Hafta),294,Bilanço Dışı İşlemler,3,a) Türev Finansal Araçlar,TP,"1.103.968,13",1103968.13,TL,BDDK Haftalık Bülten
2021-11-19,2021-11-19,2021-11-19,False,2021,11,19,412,Kasım/19 (46. Hafta),294,Bilanço Dışı İşlemler,3,a) Türev Finansal Araçlar,YP,"3.959.177,48",3959177.48,TL,BDDK Haftalık Bülten
2021-11-19,2021-11-19,2021-11-19,False,2021,11,19,412,Kasım/19 (46. Hafta),294,Bilanço Dışı İşlemler,4,b) Diğer,TOPLAM,"1.344.444,02",1344444.02,TL,BDDK Haftalık Bülten
2021-11-19,2021-11-19,2021-11-19,False,2021,11,19,412,Kasım/19 (46. Hafta),294,Bilanço Dışı İşlemler,4,b) Diğer,TP,"928.133,90",928133.9,TL,BDDK Haftalık Bülten
2021-11-19,2021-11-19,2021-11-19,False,2021,11,19,412,Kasım/19 (46. Hafta),294,Bilanço Dışı İşlemler,4,b) Diğer,YP,"416.310,11",416310.11,TL,BDDK Haftalık Bülten
2021-11-26,2021-11-26,2021-11-26,False,2021,11,26,413,Kasım/26 (47. Hafta),294,Bilanço Dışı İşlemler,1,Gayrinakdi Kredi ve Yükümlülükler,TOPLAM,"1.584.856,17",1584856.17,TL,BDDK Haftalık Bülten
2021-11-26,2021-11-26,2021-11-26,False,2021,11,26,413,Kasım/26 (47. Hafta),294,Bilanço Dışı İşlemler,1,Gayrinakdi Kredi ve Yükümlülükler,TP,"494.753,15",494753.15,TL,BDDK Haftalık Bülten
2021-11-26,2021-11-26,2021-11-26,False,2021,11,26,413,Kasım/26 (47. Hafta),294,Bilanço Dışı İşlemler,1,Gayrinakdi Kredi ve Yükümlülükler,YP,"1.090.103,02",1090103.02,TL,BDDK Haftalık Bülten
2021-11-26,2021-11-26,2021-11-26,False,2021,11,26,413,Kasım/26 (47. Hafta),294,Bilanço Dışı İşlemler,2,Taahhütler (3+4),TOPLAM,"6.952.551,18",6952551.18,TL,BDDK Haftalık Bülten
2021-11-26,2021-11-26,2021-11-26,False,2021,11,26,413,Kasım/26 (47. Hafta),294,Bilanço Dışı İşlemler,2,Taahhütler (3+4),TP,"2.091.598,86",2091598.86,TL,BDDK Haftalık Bülten
2021-11-26,2021-11-26,2021-11-26,False,2021,11,26,413,Kasım/26 (47. Hafta),294,Bilanço Dışı İşlemler,2,Taahhütler (3+4),YP,"4.860.952,32",4860952.32,TL,BDDK Haftalık Bülten
2021-11-26,2021-11-26,2021-11-26,False,2021,11,26,413,Kasım/26 (47. Hafta),294,Bilanço Dışı İşlemler,3,a) Türev Finansal Araçlar,TOPLAM,"5.543.490,46",5543490.46,TL,BDDK Haftalık Bülten
2021-11-26,2021-11-26,2021-11-26,False,2021,11,26,413,Kasım/26 (47. Hafta),294,Bilanço Dışı İşlemler,3,a) Türev Finansal Araçlar,TP,"1.149.369,98",1149369.98,TL,BDDK Haftalık Bülten
2021-11-26,2021-11-26,2021-11-26,False,2021,11,26,413,Kasım/26 (47. Hafta),294,Bilanço Dışı İşlemler,3,a) Türev Finansal Araçlar,YP,"4.394.120,47",4394120.47,TL,BDDK Haftalık Bülten
2021-11-26,2021-11-26,2021-11-26,False,2021,11,26,413,Kasım/26 (47. Hafta),294,Bilanço Dışı İşlemler,4,b) Diğer,TOPLAM,"1.409.060,72",1409060.72,TL,BDDK Haftalık Bülten
2021-11-26,2021-11-26,2021-11-26,False,2021,11,26,413,Kasım/26 (47. Hafta),294,Bilanço Dışı İşlemler,4,b) Diğer,TP,"942.228,88",942228.88,TL,BDDK Haftalık Bülten
2021-11-26,2021-11-26,2021-11-26,False,2021,11,26,413,Kasım/26 (47. Hafta),294,Bilanço Dışı İşlemler,4,b) Diğer,YP,"466.831,84",466831.84,TL,BDDK Haftalık Bülten
2021-12-03,2021-12-03,2021-12-03,False,2021,12,3,414,Aralık/03 (48. Hafta),294,Bilanço Dışı İşlemler,1,Gayrinakdi Kredi ve Yükümlülükler,TOPLAM,"1.703.144,79",1703144.79,TL,BDDK Haftalık Bülten
2021-12-03,2021-12-03,2021-12-03,False,2021,12,3,414,Aralık/03 (48. Hafta),294,Bilanço Dışı İşlemler,1,Gayrinakdi Kredi ve Yükümlülükler,TP,"501.712,71",501712.71,TL,BDDK Haftalık Bülten
2021-12-03,2021-12-03,2021-12-03,False,2021,12,3,414,Aralık/03 (48. Hafta),294,Bilanço Dışı İşlemler,1,Gayrinakdi Kredi ve Yükümlülükler,YP,"1.201.432,08",1201432.08,TL,BDDK Haftalık Bülten
2021-12-03,2021-12-03,2021-12-03,False,2021,12,3,414,Aralık/03 (48. Hafta),294,Bilanço Dışı İşlemler,2,Taahhütler (3+4),TOPLAM,"7.512.406,69",7512406.69,TL,BDDK Haftalık Bülten
2021-12-03,2021-12-03,2021-12-03,False,2021,12,3,414,Aralık/03 (48. Hafta),294,Bilanço Dışı İşlemler,2,Taahhütler (3+4),TP,"2.127.809,97",2127809.97,TL,BDDK Haftalık Bülten
2021-12-03,2021-12-03,2021-12-03,False,2021,12,3,414,Aralık/03 (48. Hafta),294,Bilanço Dışı İşlemler,2,Taahhütler (3+4),YP,"5.384.596,72",5384596.72,TL,BDDK Haftalık Bülten
2021-12-03,2021-12-03,2021-12-03,False,2021,12,3,414,Aralık/03 (48. Hafta),294,Bilanço Dışı İşlemler,3,a) Türev Finansal Araçlar,TOPLAM,"6.053.862,33",6053862.33,TL,BDDK Haftalık Bülten
2021-12-03,2021-12-03,2021-12-03,False,2021,12,3,414,Aralık/03 (48. Hafta),294,Bilanço Dışı İşlemler,3,a) Türev Finansal Araçlar,TP,"1.180.182,34",1180182.34,TL,BDDK Haftalık Bülten
2021-12-03,2021-12-03,2021-12-03,False,2021,12,3,414,Aralık/03 (48. Hafta),294,Bilanço Dışı İşlemler,3,a) Türev Finansal Araçlar,YP,"4.873.679,99",4873679.99,TL,BDDK Haftalık Bülten
2021-12-03,2021-12-03,2021-12-03,False,2021,12,3,414,Aralık/03 (48. Hafta),294,Bilanço Dışı İşlemler,4,b) Diğer,TOPLAM,"1.458.544,36",1458544.36,TL,BDDK Haftalık Bülten
2021-12-03,2021-12-03,2021-12-03,False,2021,12,3,414,Aralık/03 (48. Hafta),294,Bilanço Dışı İşlemler,4,b) Diğer,TP,"947.627,62",947627.62,TL,BDDK Haftalık Bülten
2021-12-03,2021-12-03,2021-12-03,False,2021,12,3,414,Aralık/03 (48. Hafta),294,Bilanço Dışı İşlemler,4,b) Diğer,YP,"510.916,73",510916.73,TL,BDDK Haftalık Bülten
2021-12-10,2021-12-10,2021-12-10,False,2021,12,10,415,Aralık/10 (49. Hafta),294,Bilanço Dışı İşlemler,1,Gayrinakdi Kredi ve Yükümlülükler,TOPLAM,"1.718.358,19",1718358.19,TL,BDDK Haftalık Bülten
2021-12-10,2021-12-10,2021-12-10,False,2021,12,10,415,Aralık/10 (49. Hafta),294,Bilanço Dışı İşlemler,1,Gayrinakdi Kredi ve Yükümlülükler,TP,"508.055,25",508055.25,TL,BDDK Haftalık Bülten
2021-12-10,2021-12-10,2021-12-10,False,2021,12,10,415,Aralık/10 (49. Hafta),294,Bilanço Dışı İşlemler,1,Gayrinakdi Kredi ve Yükümlülükler,YP,"1.210.302,94",1210302.94,TL,BDDK Haftalık Bülten
2021-12-10,2021-12-10,2021-12-10,False,2021,12,10,415,Aralık/10 (49. Hafta),294,Bilanço Dışı İşlemler,2,Taahhütler (3+4),TOPLAM,"7.731.748,87",7731748.87,TL,BDDK Haftalık Bülten
2021-12-10,2021-12-10,2021-12-10,False,2021,12,10,415,Aralık/10 (49. Hafta),294,Bilanço Dışı İşlemler,2,Taahhütler (3+4),TP,"2.219.104,97",2219104.97,TL,BDDK Haftalık Bülten
2021-12-10,2021-12-10,2021-12-10,False,2021,12,10,415,Aralık/10 (49. Hafta),294,Bilanço Dışı İşlemler,2,Taahhütler (3+4),YP,"5.512.643,90",5512643.9,TL,BDDK Haftalık Bülten
2021-12-10,2021-12-10,2021-12-10,False,2021,12,10,415,Aralık/10 (49. Hafta),294,Bilanço Dışı İşlemler,3,a) Türev Finansal Araçlar,TOPLAM,"6.202.640,86",6202640.86,TL,BDDK Haftalık Bülten
2021-12-10,2021-12-10,2021-12-10,False,2021,12,10,415,Aralık/10 (49. Hafta),294,Bilanço Dışı İşlemler,3,a) Türev Finansal Araçlar,TP,"1.238.121,46",1238121.46,TL,BDDK Haftalık Bülten
2021-12-10,2021-12-10,2021-12-10,False,2021,12,10,415,Aralık/10 (49. Hafta),294,Bilanço Dışı İşlemler,3,a) Türev Finansal Araçlar,YP,"4.964.519,40",4964519.4,TL,BDDK Haftalık Bülten
2021-12-10,2021-12-10,2021-12-10,False,2021,12,10,415,Aralık/10 (49. Hafta),294,Bilanço Dışı İşlemler,4,b) Diğer,TOPLAM,"1.529.108,01",1529108.01,TL,BDDK Haftalık Bülten
2021-12-10,2021-12-10,2021-12-10,False,2021,12,10,415,Aralık/10 (49. Hafta),294,Bilanço Dışı İşlemler,4,b) Diğer,TP,"980.983,51",980983.51,TL,BDDK Haftalık Bülten
2021-12-10,2021-12-10,2021-12-10,False,2021,12,10,415,Aralık/10 (49. Hafta),294,Bilanço Dışı İşlemler,4,b) Diğer,YP,"548.124,50",548124.5,TL,BDDK Haftalık Bülten
2021-12-17,2021-12-17,2021-12-17,False,2021,12,17,416,Aralık/17 (50. Hafta),294,Bilanço Dışı İşlemler,1,Gayrinakdi Kredi ve Yükümlülükler,TOPLAM,"1.942.980,14",1942980.14,TL,BDDK Haftalık Bülten
2021-12-17,2021-12-17,2021-12-17,False,2021,12,17,416,Aralık/17 (50. Hafta),294,Bilanço Dışı İşlemler,1,Gayrinakdi Kredi ve Yükümlülükler,TP,"524.087,72",524087.72,TL,BDDK Haftalık Bülten
2021-12-17,2021-12-17,2021-12-17,False,2021,12,17,416,Aralık/17 (50. Hafta),294,Bilanço Dışı İşlemler,1,Gayrinakdi Kredi ve Yükümlülükler,YP,"1.418.892,43",1418892.43,TL,BDDK Haftalık Bülten
2021-12-17,2021-12-17,2021-12-17,False,2021,12,17,416,Aralık/17 (50. Hafta),294,Bilanço Dışı İşlemler,2,Taahhütler (3+4),TOPLAM,"8.929.991,73",8929991.73,TL,BDDK Haftalık Bülten
2021-12-17,2021-12-17,2021-12-17,False,2021,12,17,416,Aralık/17 (50. Hafta),294,Bilanço Dışı İşlemler,2,Taahhütler (3+4),TP,"2.430.775,83",2430775.83,TL,BDDK Haftalık Bülten
2021-12-17,2021-12-17,2021-12-17,False,2021,12,17,416,Aralık/17 (50. Hafta),294,Bilanço Dışı İşlemler,2,Taahhütler (3+4),YP,"6.499.215,90",6499215.9,TL,BDDK Haftalık Bülten
2021-12-17,2021-12-17,2021-12-17,False,2021,12,17,416,Aralık/17 (50. Hafta),294,Bilanço Dışı İşlemler,3,a) Türev Finansal Araçlar,TOPLAM,"7.005.228,73",7005228.73,TL,BDDK Haftalık Bülten
2021-12-17,2021-12-17,2021-12-17,False,2021,12,17,416,Aralık/17 (50. Hafta),294,Bilanço Dışı İşlemler,3,a) Türev Finansal Araçlar,TP,"1.296.211,39",1296211.39,TL,BDDK Haftalık Bülten
2021-12-17,2021-12-17,2021-12-17,False,2021,12,17,416,Aralık/17 (50. Hafta),294,Bilanço Dışı İşlemler,3,a) Türev Finansal Araçlar,YP,"5.709.017,34",5709017.34,TL,BDDK Haftalık Bülten
2021-12-17,2021-12-17,2021-12-17,False,2021,12,17,416,Aralık/17 (50. Hafta),294,Bilanço Dışı İşlemler,4,b) Diğer,TOPLAM,"1.924.763,00",1924763.0,TL,BDDK Haftalık Bülten
2021-12-17,2021-12-17,2021-12-17,False,2021,12,17,416,Aralık/17 (50. Hafta),294,Bilanço Dışı İşlemler,4,b) Diğer,TP,"1.134.564,44",1134564.44,TL,BDDK Haftalık Bülten
2021-12-17,2021-12-17,2021-12-17,False,2021,12,17,416,Aralık/17 (50. Hafta),294,Bilanço Dışı İşlemler,4,b) Diğer,YP,"790.198,56",790198.56,TL,BDDK Haftalık Bülten
2021-12-24,2021-12-24,2021-12-24,False,2021,12,24,417,Aralık/24 (51. Hafta),294,Bilanço Dışı İşlemler,1,Gayrinakdi Kredi ve Yükümlülükler,TOPLAM,"1.536.469,96",1536469.96,TL,BDDK Haftalık Bülten
2021-12-24,2021-12-24,2021-12-24,False,2021,12,24,417,Aralık/24 (51. Hafta),294,Bilanço Dışı İşlemler,1,Gayrinakdi Kredi ve Yükümlülükler,TP,"521.789,62",521789.62,TL,BDDK Haftalık Bülten
2021-12-24,2021-12-24,2021-12-24,False,2021,12,24,417,Aralık/24 (51. Hafta),294,Bilanço Dışı İşlemler,1,Gayrinakdi Kredi ve Yükümlülükler,YP,"1.014.680,34",1014680.34,TL,BDDK Haftalık Bülten
2021-12-24,2021-12-24,2021-12-24,False,2021,12,24,417,Aralık/24 (51. Hafta),294,Bilanço Dışı İşlemler,2,Taahhütler (3+4),TOPLAM,"6.961.879,27",6961879.27,TL,BDDK Haftalık Bülten
2021-12-24,2021-12-24,2021-12-24,False,2021,12,24,417,Aralık/24 (51. Hafta),294,Bilanço Dışı İşlemler,2,Taahhütler (3+4),TP,"2.371.799,77",2371799.77,TL,BDDK Haftalık Bülten
2021-12-24,2021-12-24,2021-12-24,False,2021,12,24,417,Aralık/24 (51. Hafta),294,Bilanço Dışı İşlemler,2,Taahhütler (3+4),YP,"4.590.079,50",4590079.5,TL,BDDK Haftalık Bülten
2021-12-24,2021-12-24,2021-12-24,False,2021,12,24,417,Aralık/24 (51. Hafta),294,Bilanço Dışı İşlemler,3,a) Türev Finansal Araçlar,TOPLAM,"5.555.748,71",5555748.71,TL,BDDK Haftalık Bülten
2021-12-24,2021-12-24,2021-12-24,False,2021,12,24,417,Aralık/24 (51. Hafta),294,Bilanço Dışı İşlemler,3,a) Türev Finansal Araçlar,TP,"1.390.347,45",1390347.45,TL,BDDK Haftalık Bülten
2021-12-24,2021-12-24,2021-12-24,False,2021,12,24,417,Aralık/24 (51. Hafta),294,Bilanço Dışı İşlemler,3,a) Türev Finansal Araçlar,YP,"4.165.401,26",4165401.26,TL,BDDK Haftalık Bülten
2021-12-24,2021-12-24,2021-12-24,False,2021,12,24,417,Aralık/24 (51. Hafta),294,Bilanço Dışı İşlemler,4,b) Diğer,TOPLAM,"1.406.130,56",1406130.56,TL,BDDK Haftalık Bülten
2021-12-24,2021-12-24,2021-12-24,False,2021,12,24,417,Aralık/24 (51. Hafta),294,Bilanço Dışı İşlemler,4,b) Diğer,TP,"981.452,31",981452.31,TL,BDDK Haftalık Bülten
2021-12-24,2021-12-24,2021-12-24,False,2021,12,24,417,Aralık/24 (51. Hafta),294,Bilanço Dışı İşlemler,4,b) Diğer,YP,"424.678,24",424678.24,TL,BDDK Haftalık Bülten
2021-12-31,2021-12-31,2021-12-31,False,2021,12,31,418,Aralık/31 (52. Hafta),294,Bilanço Dışı İşlemler,1,Gayrinakdi Kredi ve Yükümlülükler,TOPLAM,"1.672.971,60",1672971.6,TL,BDDK Haftalık Bülten
2021-12-31,2021-12-31,2021-12-31,False,2021,12,31,418,Aralık/31 (52. Hafta),294,Bilanço Dışı İşlemler,1,Gayrinakdi Kredi ve Yükümlülükler,TP,"517.413,38",517413.38,TL,BDDK Haftalık Bülten
2021-12-31,2021-12-31,2021-12-31,False,2021,12,31,418,Aralık/31 (52. Hafta),294,Bilanço Dışı İşlemler,1,Gayrinakdi Kredi ve Yükümlülükler,YP,"1.155.558,22",1155558.22,TL,BDDK Haftalık Bülten
2021-12-31,2021-12-31,2021-12-31,False,2021,12,31,418,Aralık/31 (52. Hafta),294,Bilanço Dışı İşlemler,2,Taahhütler (3+4),TOPLAM,"7.652.565,27",7652565.27,TL,BDDK Haftalık Bülten
2021-12-31,2021-12-31,2021-12-31,False,2021,12,31,418,Aralık/31 (52. Hafta),294,Bilanço Dışı İşlemler,2,Taahhütler (3+4),TP,"2.355.847,07",2355847.07,TL,BDDK Haftalık Bülten
2021-12-31,2021-12-31,2021-12-31,False,2021,12,31,418,Aralık/31 (52. Hafta),294,Bilanço Dışı İşlemler,2,Taahhütler (3+4),YP,"5.296.718,20",5296718.2,TL,BDDK Haftalık Bülten
2021-12-31,2021-12-31,2021-12-31,False,2021,12,31,418,Aralık/31 (52. Hafta),294,Bilanço Dışı İşlemler,3,a) Türev Finansal Araçlar,TOPLAM,"6.197.162,28",6197162.28,TL,BDDK Haftalık Bülten
2021-12-31,2021-12-31,2021-12-31,False,2021,12,31,418,Aralık/31 (52. Hafta),294,Bilanço Dışı İşlemler,3,a) Türev Finansal Araçlar,TP,"1.375.972,99",1375972.99,TL,BDDK Haftalık Bülten
2021-12-31,2021-12-31,2021-12-31,False,2021,12,31,418,Aralık/31 (52. Hafta),294,Bilanço Dışı İşlemler,3,a) Türev Finansal Araçlar,YP,"4.821.189,29",4821189.29,TL,BDDK Haftalık Bülten
2021-12-31,2021-12-31,2021-12-31,False,2021,12,31,418,Aralık/31 (52. Hafta),294,Bilanço Dışı İşlemler,4,b) Diğer,TOPLAM,"1.455.402,99",1455402.99,TL,BDDK Haftalık Bülten
2021-12-31,2021-12-31,2021-12-31,False,2021,12,31,418,Aralık/31 (52. Hafta),294,Bilanço Dışı İşlemler,4,b) Diğer,TP,"979.874,08",979874.08,TL,BDDK Haftalık Bülten
2021-12-31,2021-12-31,2021-12-31,False,2021,12,31,418,Aralık/31 (52. Hafta),294,Bilanço Dışı İşlemler,4,b) Diğer,YP,"475.528,91",475528.91,TL,BDDK Haftalık Bülten
2022-01-07,2022-01-07,2022-01-07,False,2022,1,7,419,Ocak/07 (1. Hafta),294,Bilanço Dışı İşlemler,1,Gayrinakdi Kredi ve Yükümlülükler,TOPLAM,"1.708.411,00",1708411.0,TL,BDDK Haftalık Bülten
2022-01-07,2022-01-07,2022-01-07,False,2022,1,7,419,Ocak/07 (1. Hafta),294,Bilanço Dışı İşlemler,1,Gayrinakdi Kredi ve Yükümlülükler,TP,"516.948,85",516948.85,TL,BDDK Haftalık Bülten
2022-01-07,2022-01-07,2022-01-07,False,2022,1,7,419,Ocak/07 (1. Hafta),294,Bilanço Dışı İşlemler,1,Gayrinakdi Kredi ve Yükümlülükler,YP,"1.191.462,14",1191462.14,TL,BDDK Haftalık Bülten
2022-01-07,2022-01-07,2022-01-07,False,2022,1,7,419,Ocak/07 (1. Hafta),294,Bilanço Dışı İşlemler,2,Taahhütler (3+4),TOPLAM,"7.878.687,81",7878687.81,TL,BDDK Haftalık Bülten
2022-01-07,2022-01-07,2022-01-07,False,2022,1,7,419,Ocak/07 (1. Hafta),294,Bilanço Dışı İşlemler,2,Taahhütler (3+4),TP,"2.381.860,48",2381860.48,TL,BDDK Haftalık Bülten
2022-01-07,2022-01-07,2022-01-07,False,2022,1,7,419,Ocak/07 (1. Hafta),294,Bilanço Dışı İşlemler,2,Taahhütler (3+4),YP,"5.496.827,33",5496827.33,TL,BDDK Haftalık Bülten
2022-01-07,2022-01-07,2022-01-07,False,2022,1,7,419,Ocak/07 (1. Hafta),294,Bilanço Dışı İşlemler,3,a) Türev Finansal Araçlar,TOPLAM,"6.368.369,80",6368369.8,TL,BDDK Haftalık Bülten
2022-01-07,2022-01-07,2022-01-07,False,2022,1,7,419,Ocak/07 (1. Hafta),294,Bilanço Dışı İşlemler,3,a) Türev Finansal Araçlar,TP,"1.386.140,16",1386140.16,TL,BDDK Haftalık Bülten
2022-01-07,2022-01-07,2022-01-07,False,2022,1,7,419,Ocak/07 (1. Hafta),294,Bilanço Dışı İşlemler,3,a) Türev Finansal Araçlar,YP,"4.982.229,64",4982229.64,TL,BDDK Haftalık Bülten
2022-01-07,2022-01-07,2022-01-07,False,2022,1,7,419,Ocak/07 (1. Hafta),294,Bilanço Dışı İşlemler,4,b) Diğer,TOPLAM,"1.510.318,01",1510318.01,TL,BDDK Haftalık Bülten
2022-01-07,2022-01-07,2022-01-07,False,2022,1,7,419,Ocak/07 (1. Hafta),294,Bilanço Dışı İşlemler,4,b) Diğer,TP,"995.720,31",995720.31,TL,BDDK Haftalık Bülten
2022-01-07,2022-01-07,2022-01-07,False,2022,1,7,419,Ocak/07 (1. Hafta),294,Bilanço Dışı İşlemler,4,b) Diğer,YP,"514.597,70",514597.7,TL,BDDK Haftalık Bülten
2022-01-14,2022-01-14,2022-01-14,False,2022,1,14,420,Ocak/14 (2. Hafta),294,Bilanço Dışı İşlemler,1,Gayrinakdi Kredi ve Yükümlülükler,TOPLAM,"1.697.865,09",1697865.09,TL,BDDK Haftalık Bülten
2022-01-14,2022-01-14,2022-01-14,False,2022,1,14,420,Ocak/14 (2. Hafta),294,Bilanço Dışı İşlemler,1,Gayrinakdi Kredi ve Yükümlülükler,TP,"523.542,66",523542.66,TL,BDDK Haftalık Bülten
2022-01-14,2022-01-14,2022-01-14,False,2022,1,14,420,Ocak/14 (2. Hafta),294,Bilanço Dışı İşlemler,1,Gayrinakdi Kredi ve Yükümlülükler,YP,"1.174.322,43",1174322.43,TL,BDDK Haftalık Bülten
2022-01-14,2022-01-14,2022-01-14,False,2022,1,14,420,Ocak/14 (2. Hafta),294,Bilanço Dışı İşlemler,2,Taahhütler (3+4),TOPLAM,"7.762.082,84",7762082.84,TL,BDDK Haftalık Bülten
2022-01-14,2022-01-14,2022-01-14,False,2022,1,14,420,Ocak/14 (2. Hafta),294,Bilanço Dışı İşlemler,2,Taahhütler (3+4),TP,"2.375.128,58",2375128.58,TL,BDDK Haftalık Bülten
2022-01-14,2022-01-14,2022-01-14,False,2022,1,14,420,Ocak/14 (2. Hafta),294,Bilanço Dışı İşlemler,2,Taahhütler (3+4),YP,"5.386.954,26",5386954.26,TL,BDDK Haftalık Bülten
2022-01-14,2022-01-14,2022-01-14,False,2022,1,14,420,Ocak/14 (2. Hafta),294,Bilanço Dışı İşlemler,3,a) Türev Finansal Araçlar,TOPLAM,"6.294.069,71",6294069.71,TL,BDDK Haftalık Bülten
2022-01-14,2022-01-14,2022-01-14,False,2022,1,14,420,Ocak/14 (2. Hafta),294,Bilanço Dışı İşlemler,3,a) Türev Finansal Araçlar,TP,"1.405.469,70",1405469.7,TL,BDDK Haftalık Bülten
2022-01-14,2022-01-14,2022-01-14,False,2022,1,14,420,Ocak/14 (2. Hafta),294,Bilanço Dışı İşlemler,3,a) Türev Finansal Araçlar,YP,"4.888.600,01",4888600.01,TL,BDDK Haftalık Bülten
2022-01-14,2022-01-14,2022-01-14,False,2022,1,14,420,Ocak/14 (2. Hafta),294,Bilanço Dışı İşlemler,4,b) Diğer,TOPLAM,"1.468.013,13",1468013.13,TL,BDDK Haftalık Bülten
2022-01-14,2022-01-14,2022-01-14,False,2022,1,14,420,Ocak/14 (2. Hafta),294,Bilanço Dışı İşlemler,4,b) Diğer,TP,"969.658,88",969658.88,TL,BDDK Haftalık Bülten
2022-01-14,2022-01-14,2022-01-14,False,2022,1,14,420,Ocak/14 (2. Hafta),294,Bilanço Dışı İşlemler,4,b) Diğer,YP,"498.354,25",498354.25,TL,BDDK Haftalık Bülten
2022-01-21,2022-01-21,2022-01-21,False,2022,1,21,421,Ocak/21 (3. Hafta),294,Bilanço Dışı İşlemler,1,Gayrinakdi Kredi ve Yükümlülükler,TOPLAM,"1.686.462,34",1686462.34,TL,BDDK Haftalık Bülten
2022-01-21,2022-01-21,2022-01-21,False,2022,1,21,421,Ocak/21 (3. Hafta),294,Bilanço Dışı İşlemler,1,Gayrinakdi Kredi ve Yükümlülükler,TP,"531.624,18",531624.18,TL,BDDK Haftalık Bülten
2022-01-21,2022-01-21,2022-01-21,False,2022,1,21,421,Ocak/21 (3. Hafta),294,Bilanço Dışı İşlemler,1,Gayrinakdi Kredi ve Yükümlülükler,YP,"1.154.838,16",1154838.16,TL,BDDK Haftalık Bülten
2022-01-21,2022-01-21,2022-01-21,False,2022,1,21,421,Ocak/21 (3. Hafta),294,Bilanço Dışı İşlemler,2,Taahhütler (3+4),TOPLAM,"7.782.516,38",7782516.38,TL,BDDK Haftalık Bülten
2022-01-21,2022-01-21,2022-01-21,False,2022,1,21,421,Ocak/21 (3. Hafta),294,Bilanço Dışı İşlemler,2,Taahhütler (3+4),TP,"2.466.787,72",2466787.72,TL,BDDK Haftalık Bülten
2022-01-21,2022-01-21,2022-01-21,False,2022,1,21,421,Ocak/21 (3. Hafta),294,Bilanço Dışı İşlemler,2,Taahhütler (3+4),YP,"5.315.728,67",5315728.67,TL,BDDK Haftalık Bülten
2022-01-21,2022-01-21,2022-01-21,False,2022,1,21,421,Ocak/21 (3. Hafta),294,Bilanço Dışı İşlemler,3,a) Türev Finansal Araçlar,TOPLAM,"6.296.948,50",6296948.5,TL,BDDK Haftalık Bülten
2022-01-21,2022-01-21,2022-01-21,False,2022,1,21,421,Ocak/21 (3. Hafta),294,Bilanço Dışı İşlemler,3,a) Türev Finansal Araçlar,TP,"1.458.359,79",1458359.79,TL,BDDK Haftalık Bülten
2022-01-21,2022-01-21,2022-01-21,False,2022,1,21,421,Ocak/21 (3. Hafta),294,Bilanço Dışı İşlemler,3,a) Türev Finansal Araçlar,YP,"4.838.588,71",4838588.71,TL,BDDK Haftalık Bülten
2022-01-21,2022-01-21,2022-01-21,False,2022,1,21,421,Ocak/21 (3. Hafta),294,Bilanço Dışı İşlemler,4,b) Diğer,TOPLAM,"1.485.567,88",1485567.88,TL,BDDK Haftalık Bülten
2022-01-21,2022-01-21,2022-01-21,False,2022,1,21,421,Ocak/21 (3. Hafta),294,Bilanço Dışı İşlemler,4,b) Diğer,TP,"1.008.427,93",1008427.93,TL,BDDK Haftalık Bülten
2022-01-21,2022-01-21,2022-01-21,False,2022,1,21,421,Ocak/21 (3. Hafta),294,Bilanço Dışı İşlemler,4,b) Diğer,YP,"477.139,96",477139.96,TL,BDDK Haftalık Bülten
2022-01-28,2022-01-28,2022-01-28,False,2022,1,28,422,Ocak/28 (4. Hafta),294,Bilanço Dışı İşlemler,1,Gayrinakdi Kredi ve Yükümlülükler,TOPLAM,"1.707.615,97",1707615.97,TL,BDDK Haftalık Bülten
2022-01-28,2022-01-28,2022-01-28,False,2022,1,28,422,Ocak/28 (4. Hafta),294,Bilanço Dışı İşlemler,1,Gayrinakdi Kredi ve Yükümlülükler,TP,"544.078,87",544078.87,TL,BDDK Haftalık Bülten
2022-01-28,2022-01-28,2022-01-28,False,2022,1,28,422,Ocak/28 (4. Hafta),294,Bilanço Dışı İşlemler,1,Gayrinakdi Kredi ve Yükümlülükler,YP,"1.163.537,10",1163537.1,TL,BDDK Haftalık Bülten
2022-01-28,2022-01-28,2022-01-28,False,2022,1,28,422,Ocak/28 (4. Hafta),294,Bilanço Dışı İşlemler,2,Taahhütler (3+4),TOPLAM,"7.895.472,55",7895472.55,TL,BDDK Haftalık Bülten
2022-01-28,2022-01-28,2022-01-28,False,2022,1,28,422,Ocak/28 (4. Hafta),294,Bilanço Dışı İşlemler,2,Taahhütler (3+4),TP,"2.488.155,46",2488155.46,TL,BDDK Haftalık Bülten
2022-01-28,2022-01-28,2022-01-28,False,2022,1,28,422,Ocak/28 (4. Hafta),294,Bilanço Dışı İşlemler,2,Taahhütler (3+4),YP,"5.407.317,09",5407317.09,TL,BDDK Haftalık Bülten
2022-01-28,2022-01-28,2022-01-28,False,2022,1,28,422,Ocak/28 (4. Hafta),294,Bilanço Dışı İşlemler,3,a) Türev Finansal Araçlar,TOPLAM,"6.317.224,48",6317224.48,TL,BDDK Haftalık Bülten
2022-01-28,2022-01-28,2022-01-28,False,2022,1,28,422,Ocak/28 (4. Hafta),294,Bilanço Dışı İşlemler,3,a) Türev Finansal Araçlar,TP,"1.459.170,03",1459170.03,TL,BDDK Haftalık Bülten
2022-01-28,2022-01-28,2022-01-28,False,2022,1,28,422,Ocak/28 (4. Hafta),294,Bilanço Dışı İşlemler,3,a) Türev Finansal Araçlar,YP,"4.858.054,46",4858054.46,TL,BDDK Haftalık Bülten
2022-01-28,2022-01-28,2022-01-28,False,2022,1,28,422,Ocak/28 (4. Hafta),294,Bilanço Dışı İşlemler,4,b) Diğer,TOPLAM,"1.578.248,06",1578248.06,TL,BDDK Haftalık Bülten
2022-01-28,2022-01-28,2022-01-28,False,2022,1,28,422,Ocak/28 (4. Hafta),294,Bilanço Dışı İşlemler,4,b) Diğer,TP,"1.028.985,43",1028985.43,TL,BDDK Haftalık Bülten
2022-01-28,2022-01-28,2022-01-28,False,2022,1,28,422,Ocak/28 (4. Hafta),294,Bilanço Dışı İşlemler,4,b) Diğer,YP,"549.262,63",549262.63,TL,BDDK Haftalık Bülten
2022-02-04,2022-02-04,2022-02-04,False,2022,2,4,423,Şubat/04 (5. Hafta),294,Bilanço Dışı İşlemler,1,Gayrinakdi Kredi ve Yükümlülükler,TOPLAM,"1.711.195,37",1711195.37,TL,BDDK Haftalık Bülten
2022-02-04,2022-02-04,2022-02-04,False,2022,2,4,423,Şubat/04 (5. Hafta),294,Bilanço Dışı İşlemler,1,Gayrinakdi Kredi ve Yükümlülükler,TP,"549.104,94",549104.94,TL,BDDK Haftalık Bülten
2022-02-04,2022-02-04,2022-02-04,False,2022,2,4,423,Şubat/04 (5. Hafta),294,Bilanço Dışı İşlemler,1,Gayrinakdi Kredi ve Yükümlülükler,YP,"1.162.090,43",1162090.43,TL,BDDK Haftalık Bülten
2022-02-04,2022-02-04,2022-02-04,False,2022,2,4,423,Şubat/04 (5. Hafta),294,Bilanço Dışı İşlemler,2,Taahhütler (3+4),TOPLAM,"7.850.261,56",7850261.56,TL,BDDK Haftalık Bülten
2022-02-04,2022-02-04,2022-02-04,False,2022,2,4,423,Şubat/04 (5. Hafta),294,Bilanço Dışı İşlemler,2,Taahhütler (3+4),TP,"2.518.749,02",2518749.02,TL,BDDK Haftalık Bülten
2022-02-04,2022-02-04,2022-02-04,False,2022,2,4,423,Şubat/04 (5. Hafta),294,Bilanço Dışı İşlemler,2,Taahhütler (3+4),YP,"5.331.512,55",5331512.55,TL,BDDK Haftalık Bülten
2022-02-04,2022-02-04,2022-02-04,False,2022,2,4,423,Şubat/04 (5. Hafta),294,Bilanço Dışı İşlemler,3,a) Türev Finansal Araçlar,TOPLAM,"6.258.518,74",6258518.74,TL,BDDK Haftalık Bülten
2022-02-04,2022-02-04,2022-02-04,False,2022,2,4,423,Şubat/04 (5. Hafta),294,Bilanço Dışı İşlemler,3,a) Türev Finansal Araçlar,TP,"1.471.641,12",1471641.12,TL,BDDK Haftalık Bülten
2022-02-04,2022-02-04,2022-02-04,False,2022,2,4,423,Şubat/04 (5. Hafta),294,Bilanço Dışı İşlemler,3,a) Türev Finansal Araçlar,YP,"4.786.877,63",4786877.63,TL,BDDK Haftalık Bülten
2022-02-04,2022-02-04,2022-02-04,False,2022,2,4,423,Şubat/04 (5. Hafta),294,Bilanço Dışı İşlemler,4,b) Diğer,TOPLAM,"1.591.742,82",1591742.82,TL,BDDK Haftalık Bülten
2022-02-04,2022-02-04,2022-02-04,False,2022,2,4,423,Şubat/04 (5. Hafta),294,Bilanço Dışı İşlemler,4,b) Diğer,TP,"1.047.107,90",1047107.9,TL,BDDK Haftalık Bülten
2022-02-04,2022-02-04,2022-02-04,False,2022,2,4,423,Şubat/04 (5. Hafta),294,Bilanço Dışı İşlemler,4,b) Diğer,YP,"544.634,92",544634.92,TL,BDDK Haftalık Bülten
2022-02-11,2022-02-11,2022-02-11,False,2022,2,11,424,Şubat/11 (6. Hafta),294,Bilanço Dışı İşlemler,1,Gayrinakdi Kredi ve Yükümlülükler,TOPLAM,"1.710.947,00",1710947.0,TL,BDDK Haftalık Bülten
2022-02-11,2022-02-11,2022-02-11,False,2022,2,11,424,Şubat/11 (6. Hafta),294,Bilanço Dışı İşlemler,1,Gayrinakdi Kredi ve Yükümlülükler,TP,"553.263,76",553263.76,TL,BDDK Haftalık Bülten
2022-02-11,2022-02-11,2022-02-11,False,2022,2,11,424,Şubat/11 (6. Hafta),294,Bilanço Dışı İşlemler,1,Gayrinakdi Kredi ve Yükümlülükler,YP,"1.157.683,24",1157683.24,TL,BDDK Haftalık Bülten
2022-02-11,2022-02-11,2022-02-11,False,2022,2,11,424,Şubat/11 (6. Hafta),294,Bilanço Dışı İşlemler,2,Taahhütler (3+4),TOPLAM,"7.828.837,88",7828837.88,TL,BDDK Haftalık Bülten
2022-02-11,2022-02-11,2022-02-11,False,2022,2,11,424,Şubat/11 (6. Hafta),294,Bilanço Dışı İşlemler,2,Taahhütler (3+4),TP,"2.520.215,58",2520215.58,TL,BDDK Haftalık Bülten
2022-02-11,2022-02-11,2022-02-11,False,2022,2,11,424,Şubat/11 (6. Hafta),294,Bilanço Dışı İşlemler,2,Taahhütler (3+4),YP,"5.308.622,30",5308622.3,TL,BDDK Haftalık Bülten
2022-02-11,2022-02-11,2022-02-11,False,2022,2,11,424,Şubat/11 (6. Hafta),294,Bilanço Dışı İşlemler,3,a) Türev Finansal Araçlar,TOPLAM,"6.207.498,95",6207498.95,TL,BDDK Haftalık Bülten
2022-02-11,2022-02-11,2022-02-11,False,2022,2,11,424,Şubat/11 (6. Hafta),294,Bilanço Dışı İşlemler,3,a) Türev Finansal Araçlar,TP,"1.456.957,85",1456957.85,TL,BDDK Haftalık Bülten
2022-02-11,2022-02-11,2022-02-11,False,2022,2,11,424,Şubat/11 (6. Hafta),294,Bilanço Dışı İşlemler,3,a) Türev Finansal Araçlar,YP,"4.750.541,10",4750541.1,TL,BDDK Haftalık Bülten
2022-02-11,2022-02-11,2022-02-11,False,2022,2,11,424,Şubat/11 (6. Hafta),294,Bilanço Dışı İşlemler,4,b) Diğer,TOPLAM,"1.621.338,93",1621338.93,TL,BDDK Haftalık Bülten
2022-02-11,2022-02-11,2022-02-11,False,2022,2,11,424,Şubat/11 (6. Hafta),294,Bilanço Dışı İşlemler,4,b) Diğer,TP,"1.063.257,73",1063257.73,TL,BDDK Haftalık Bülten
2022-02-11,2022-02-11,2022-02-11,False,2022,2,11,424,Şubat/11 (6. Hafta),294,Bilanço Dışı İşlemler,4,b) Diğer,YP,"558.081,20",558081.2,TL,BDDK Haftalık Bülten
2022-02-18,2022-02-18,2022-02-18,False,2022,2,18,425,Şubat/18 (7. Hafta),294,Bilanço Dışı İşlemler,1,Gayrinakdi Kredi ve Yükümlülükler,TOPLAM,"1.735.065,88",1735065.88,TL,BDDK Haftalık Bülten
2022-02-18,2022-02-18,2022-02-18,False,2022,2,18,425,Şubat/18 (7. Hafta),294,Bilanço Dışı İşlemler,1,Gayrinakdi Kredi ve Yükümlülükler,TP,"562.047,83",562047.83,TL,BDDK Haftalık Bülten
2022-02-18,2022-02-18,2022-02-18,False,2022,2,18,425,Şubat/18 (7. Hafta),294,Bilanço Dışı İşlemler,1,Gayrinakdi Kredi ve Yükümlülükler,YP,"1.173.018,05",1173018.05,TL,BDDK Haftalık Bülten
2022-02-18,2022-02-18,2022-02-18,False,2022,2,18,425,Şubat/18 (7. Hafta),294,Bilanço Dışı İşlemler,2,Taahhütler (3+4),TOPLAM,"7.757.817,88",7757817.88,TL,BDDK Haftalık Bülten
2022-02-18,2022-02-18,2022-02-18,False,2022,2,18,425,Şubat/18 (7. Hafta),294,Bilanço Dışı İşlemler,2,Taahhütler (3+4),TP,"2.506.781,08",2506781.08,TL,BDDK Haftalık Bülten
2022-02-18,2022-02-18,2022-02-18,False,2022,2,18,425,Şubat/18 (7. Hafta),294,Bilanço Dışı İşlemler,2,Taahhütler (3+4),YP,"5.251.036,79",5251036.79,TL,BDDK Haftalık Bülten
2022-02-18,2022-02-18,2022-02-18,False,2022,2,18,425,Şubat/18 (7. Hafta),294,Bilanço Dışı İşlemler,3,a) Türev Finansal Araçlar,TOPLAM,"6.177.825,05",6177825.05,TL,BDDK Haftalık Bülten
2022-02-18,2022-02-18,2022-02-18,False,2022,2,18,425,Şubat/18 (7. Hafta),294,Bilanço Dışı İşlemler,3,a) Türev Finansal Araçlar,TP,"1.438.331,51",1438331.51,TL,BDDK Haftalık Bülten
2022-02-18,2022-02-18,2022-02-18,False,2022,2,18,425,Şubat/18 (7. Hafta),294,Bilanço Dışı İşlemler,3,a) Türev Finansal Araçlar,YP,"4.739.493,54",4739493.54,TL,BDDK Haftalık Bülten
2022-02-18,2022-02-18,2022-02-18,False,2022,2,18,425,Şubat/18 (7. Hafta),294,Bilanço Dışı İşlemler,4,b) Diğer,TOPLAM,"1.579.992,82",1579992.82,TL,BDDK Haftalık Bülten
2022-02-18,2022-02-18,2022-02-18,False,2022,2,18,425,Şubat/18 (7. Hafta),294,Bilanço Dışı İşlemler,4,b) Diğer,TP,"1.068.449,57",1068449.57,TL,BDDK Haftalık Bülten
2022-02-18,2022-02-18,2022-02-18,False,2022,2,18,425,Şubat/18 (7. Hafta),294,Bilanço Dışı İşlemler,4,b) Diğer,YP,"511.543,25",511543.25,TL,BDDK Haftalık Bülten
2022-02-25,2022-02-25,2022-02-25,False,2022,2,25,426,Şubat/25 (8. Hafta),294,Bilanço Dışı İşlemler,1,Gayrinakdi Kredi ve Yükümlülükler,TOPLAM,"1.779.814,45",1779814.45,TL,BDDK Haftalık Bülten
2022-02-25,2022-02-25,2022-02-25,False,2022,2,25,426,Şubat/25 (8. Hafta),294,Bilanço Dışı İşlemler,1,Gayrinakdi Kredi ve Yükümlülükler,TP,"571.910,08",571910.08,TL,BDDK Haftalık Bülten
2022-02-25,2022-02-25,2022-02-25,False,2022,2,25,426,Şubat/25 (8. Hafta),294,Bilanço Dışı İşlemler,1,Gayrinakdi Kredi ve Yükümlülükler,YP,"1.207.904,37",1207904.37,TL,BDDK Haftalık Bülten
2022-02-25,2022-02-25,2022-02-25,False,2022,2,25,426,Şubat/25 (8. Hafta),294,Bilanço Dışı İşlemler,2,Taahhütler (3+4),TOPLAM,"8.158.597,30",8158597.3,TL,BDDK Haftalık Bülten
2022-02-25,2022-02-25,2022-02-25,False,2022,2,25,426,Şubat/25 (8. Hafta),294,Bilanço Dışı İşlemler,2,Taahhütler (3+4),TP,"2.585.969,75",2585969.75,TL,BDDK Haftalık Bülten
2022-02-25,2022-02-25,2022-02-25,False,2022,2,25,426,Şubat/25 (8. Hafta),294,Bilanço Dışı İşlemler,2,Taahhütler (3+4),YP,"5.572.627,55",5572627.55,TL,BDDK Haftalık Bülten
2022-02-25,2022-02-25,2022-02-25,False,2022,2,25,426,Şubat/25 (8. Hafta),294,Bilanço Dışı İşlemler,3,a) Türev Finansal Araçlar,TOPLAM,"6.348.281,35",6348281.35,TL,BDDK Haftalık Bülten
2022-02-25,2022-02-25,2022-02-25,False,2022,2,25,426,Şubat/25 (8. Hafta),294,Bilanço Dışı İşlemler,3,a) Türev Finansal Araçlar,TP,"1.451.424,89",1451424.89,TL,BDDK Haftalık Bülten
2022-02-25,2022-02-25,2022-02-25,False,2022,2,25,426,Şubat/25 (8. Hafta),294,Bilanço Dışı İşlemler,3,a) Türev Finansal Araçlar,YP,"4.896.856,45",4896856.45,TL,BDDK Haftalık Bülten
2022-02-25,2022-02-25,2022-02-25,False,2022,2,25,426,Şubat/25 (8. Hafta),294,Bilanço Dışı İşlemler,4,b) Diğer,TOPLAM,"1.810.315,96",1810315.96,TL,BDDK Haftalık Bülten
2022-02-25,2022-02-25,2022-02-25,False,2022,2,25,426,Şubat/25 (8. Hafta),294,Bilanço Dışı İşlemler,4,b) Diğer,TP,"1.134.544,86",1134544.86,TL,BDDK Haftalık Bülten
2022-02-25,2022-02-25,2022-02-25,False,2022,2,25,426,Şubat/25 (8. Hafta),294,Bilanço Dışı İşlemler,4,b) Diğer,YP,"675.771,10",675771.1,TL,BDDK Haftalık Bülten
2022-03-04,2022-03-04,2022-03-04,False,2022,3,4,427,Mart/04 (9. Hafta),294,Bilanço Dışı İşlemler,1,Gayrinakdi Kredi ve Yükümlülükler,TOPLAM,"1.799.747,41",1799747.41,TL,BDDK Haftalık Bülten
2022-03-04,2022-03-04,2022-03-04,False,2022,3,4,427,Mart/04 (9. Hafta),294,Bilanço Dışı İşlemler,1,Gayrinakdi Kredi ve Yükümlülükler,TP,"583.062,66",583062.66,TL,BDDK Haftalık Bülten
2022-03-04,2022-03-04,2022-03-04,False,2022,3,4,427,Mart/04 (9. Hafta),294,Bilanço Dışı İşlemler,1,Gayrinakdi Kredi ve Yükümlülükler,YP,"1.216.684,75",1216684.75,TL,BDDK Haftalık Bülten
2022-03-04,2022-03-04,2022-03-04,False,2022,3,4,427,Mart/04 (9. Hafta),294,Bilanço Dışı İşlemler,2,Taahhütler (3+4),TOPLAM,"8.138.603,61",8138603.61,TL,BDDK Haftalık Bülten
2022-03-04,2022-03-04,2022-03-04,False,2022,3,4,427,Mart/04 (9. Hafta),294,Bilanço Dışı İşlemler,2,Taahhütler (3+4),TP,"2.587.560,06",2587560.06,TL,BDDK Haftalık Bülten
2022-03-04,2022-03-04,2022-03-04,False,2022,3,4,427,Mart/04 (9. Hafta),294,Bilanço Dışı İşlemler,2,Taahhütler (3+4),YP,"5.551.043,55",5551043.55,TL,BDDK Haftalık Bülten
2022-03-04,2022-03-04,2022-03-04,False,2022,3,4,427,Mart/04 (9. Hafta),294,Bilanço Dışı İşlemler,3,a) Türev Finansal Araçlar,TOPLAM,"6.383.255,73",6383255.73,TL,BDDK Haftalık Bülten
2022-03-04,2022-03-04,2022-03-04,False,2022,3,4,427,Mart/04 (9. Hafta),294,Bilanço Dışı İşlemler,3,a) Türev Finansal Araçlar,TP,"1.450.545,20",1450545.2,TL,BDDK Haftalık Bülten
2022-03-04,2022-03-04,2022-03-04,False,2022,3,4,427,Mart/04 (9. Hafta),294,Bilanço Dışı İşlemler,3,a) Türev Finansal Araçlar,YP,"4.932.710,53",4932710.53,TL,BDDK Haftalık Bülten
2022-03-04,2022-03-04,2022-03-04,False,2022,3,4,427,Mart/04 (9. Hafta),294,Bilanço Dışı İşlemler,4,b) Diğer,TOPLAM,"1.755.347,88",1755347.88,TL,BDDK Haftalık Bülten
2022-03-04,2022-03-04,2022-03-04,False,2022,3,4,427,Mart/04 (9. Hafta),294,Bilanço Dışı İşlemler,4,b) Diğer,TP,"1.137.014,86",1137014.86,TL,BDDK Haftalık Bülten
2022-03-04,2022-03-04,2022-03-04,False,2022,3,4,427,Mart/04 (9. Hafta),294,Bilanço Dışı İşlemler,4,b) Diğer,YP,"618.333,02",618333.02,TL,BDDK Haftalık Bülten
2022-03-11,2022-03-11,2022-03-11,False,2022,3,11,428,Mart/11 (10. Hafta),294,Bilanço Dışı İşlemler,1,Gayrinakdi Kredi ve Yükümlülükler,TOPLAM,"1.880.529,04",1880529.04,TL,BDDK Haftalık Bülten
2022-03-11,2022-03-11,2022-03-11,False,2022,3,11,428,Mart/11 (10. Hafta),294,Bilanço Dışı İşlemler,1,Gayrinakdi Kredi ve Yükümlülükler,TP,"596.767,31",596767.31,TL,BDDK Haftalık Bülten
2022-03-11,2022-03-11,2022-03-11,False,2022,3,11,428,Mart/11 (10. Hafta),294,Bilanço Dışı İşlemler,1,Gayrinakdi Kredi ve Yükümlülükler,YP,"1.283.761,73",1283761.73,TL,BDDK Haftalık Bülten
2022-03-11,2022-03-11,2022-03-11,False,2022,3,11,428,Mart/11 (10. Hafta),294,Bilanço Dışı İşlemler,2,Taahhütler (3+4),TOPLAM,"8.512.259,36",8512259.36,TL,BDDK Haftalık Bülten
2022-03-11,2022-03-11,2022-03-11,False,2022,3,11,428,Mart/11 (10. Hafta),294,Bilanço Dışı İşlemler,2,Taahhütler (3+4),TP,"2.655.321,36",2655321.36,TL,BDDK Haftalık Bülten
2022-03-11,2022-03-11,2022-03-11,False,2022,3,11,428,Mart/11 (10. Hafta),294,Bilanço Dışı İşlemler,2,Taahhütler (3+4),YP,"5.856.938,01",5856938.01,TL,BDDK Haftalık Bülten
2022-03-11,2022-03-11,2022-03-11,False,2022,3,11,428,Mart/11 (10. Hafta),294,Bilanço Dışı İşlemler,3,a) Türev Finansal Araçlar,TOPLAM,"6.612.261,57",6612261.57,TL,BDDK Haftalık Bülten
2022-03-11,2022-03-11,2022-03-11,False,2022,3,11,428,Mart/11 (10. Hafta),294,Bilanço Dışı İşlemler,3,a) Türev Finansal Araçlar,TP,"1.468.277,71",1468277.71,TL,BDDK Haftalık Bülten
2022-03-11,2022-03-11,2022-03-11,False,2022,3,11,428,Mart/11 (10. Hafta),294,Bilanço Dışı İşlemler,3,a) Türev Finansal Araçlar,YP,"5.143.983,86",5143983.86,TL,BDDK Haftalık Bülten
2022-03-11,2022-03-11,2022-03-11,False,2022,3,11,428,Mart/11 (10. Hafta),294,Bilanço Dışı İşlemler,4,b) Diğer,TOPLAM,"1.899.997,79",1899997.79,TL,BDDK Haftalık Bülten
2022-03-11,2022-03-11,2022-03-11,False,2022,3,11,428,Mart/11 (10. Hafta),294,Bilanço Dışı İşlemler,4,b) Diğer,TP,"1.187.043,65",1187043.65,TL,BDDK Haftalık Bülten
2022-03-11,2022-03-11,2022-03-11,False,2022,3,11,428,Mart/11 (10. Hafta),294,Bilanço Dışı İşlemler,4,b) Diğer,YP,"712.954,15",712954.15,TL,BDDK Haftalık Bülten
2022-03-18,2022-03-18,2022-03-18,False,2022,3,18,429,Mart/18 (11. Hafta),294,Bilanço Dışı İşlemler,1,Gayrinakdi Kredi ve Yükümlülükler,TOPLAM,"1.899.183,20",1899183.2,TL,BDDK Haftalık Bülten
2022-03-18,2022-03-18,2022-03-18,False,2022,3,18,429,Mart/18 (11. Hafta),294,Bilanço Dışı İşlemler,1,Gayrinakdi Kredi ve Yükümlülükler,TP,"607.150,58",607150.58,TL,BDDK Haftalık Bülten
2022-03-18,2022-03-18,2022-03-18,False,2022,3,18,429,Mart/18 (11. Hafta),294,Bilanço Dışı İşlemler,1,Gayrinakdi Kredi ve Yükümlülükler,YP,"1.292.032,62",1292032.62,TL,BDDK Haftalık Bülten
2022-03-18,2022-03-18,2022-03-18,False,2022,3,18,429,Mart/18 (11. Hafta),294,Bilanço Dışı İşlemler,2,Taahhütler (3+4),TOPLAM,"8.459.738,69",8459738.69,TL,BDDK Haftalık Bülten
2022-03-18,2022-03-18,2022-03-18,False,2022,3,18,429,Mart/18 (11. Hafta),294,Bilanço Dışı İşlemler,2,Taahhütler (3+4),TP,"2.685.848,50",2685848.5,TL,BDDK Haftalık Bülten
2022-03-18,2022-03-18,2022-03-18,False,2022,3,18,429,Mart/18 (11. Hafta),294,Bilanço Dışı İşlemler,2,Taahhütler (3+4),YP,"5.773.890,19",5773890.19,TL,BDDK Haftalık Bülten
2022-03-18,2022-03-18,2022-03-18,False,2022,3,18,429,Mart/18 (11. Hafta),294,Bilanço Dışı İşlemler,3,a) Türev Finansal Araçlar,TOPLAM,"6.641.529,64",6641529.64,TL,BDDK Haftalık Bülten
2022-03-18,2022-03-18,2022-03-18,False,2022,3,18,429,Mart/18 (11. Hafta),294,Bilanço Dışı İşlemler,3,a) Türev Finansal Araçlar,TP,"1.515.973,40",1515973.4,TL,BDDK Haftalık Bülten
2022-03-18,2022-03-18,2022-03-18,False,2022,3,18,429,Mart/18 (11. Hafta),294,Bilanço Dışı İşlemler,3,a) Türev Finansal Araçlar,YP,"5.125.556,24",5125556.24,TL,BDDK Haftalık Bülten
2022-03-18,2022-03-18,2022-03-18,False,2022,3,18,429,Mart/18 (11. Hafta),294,Bilanço Dışı İşlemler,4,b) Diğer,TOPLAM,"1.818.209,05",1818209.05,TL,BDDK Haftalık Bülten
2022-03-18,2022-03-18,2022-03-18,False,2022,3,18,429,Mart/18 (11. Hafta),294,Bilanço Dışı İşlemler,4,b) Diğer,TP,"1.169.875,10",1169875.1,TL,BDDK Haftalık Bülten
2022-03-18,2022-03-18,2022-03-18,False,2022,3,18,429,Mart/18 (11. Hafta),294,Bilanço Dışı İşlemler,4,b) Diğer,YP,"648.333,95",648333.95,TL,BDDK Haftalık Bülten
2022-03-25,2022-03-25,2022-03-25,False,2022,3,25,430,Mart/25 (12. Hafta),294,Bilanço Dışı İşlemler,1,Gayrinakdi Kredi ve Yükümlülükler,TOPLAM,"1.923.039,04",1923039.04,TL,BDDK Haftalık Bülten
2022-03-25,2022-03-25,2022-03-25,False,2022,3,25,430,Mart/25 (12. Hafta),294,Bilanço Dışı İşlemler,1,Gayrinakdi Kredi ve Yükümlülükler,TP,"621.715,84",621715.84,TL,BDDK Haftalık Bülten
2022-03-25,2022-03-25,2022-03-25,False,2022,3,25,430,Mart/25 (12. Hafta),294,Bilanço Dışı İşlemler,1,Gayrinakdi Kredi ve Yükümlülükler,YP,"1.301.323,20",1301323.2,TL,BDDK Haftalık Bülten
2022-03-25,2022-03-25,2022-03-25,False,2022,3,25,430,Mart/25 (12. Hafta),294,Bilanço Dışı İşlemler,2,Taahhütler (3+4),TOPLAM,"8.486.316,89",8486316.89,TL,BDDK Haftalık Bülten
2022-03-25,2022-03-25,2022-03-25,False,2022,3,25,430,Mart/25 (12. Hafta),294,Bilanço Dışı İşlemler,2,Taahhütler (3+4),TP,"2.694.331,12",2694331.12,TL,BDDK Haftalık Bülten
2022-03-25,2022-03-25,2022-03-25,False,2022,3,25,430,Mart/25 (12. Hafta),294,Bilanço Dışı İşlemler,2,Taahhütler (3+4),YP,"5.791.985,78",5791985.78,TL,BDDK Haftalık Bülten
2022-03-25,2022-03-25,2022-03-25,False,2022,3,25,430,Mart/25 (12. Hafta),294,Bilanço Dışı İşlemler,3,a) Türev Finansal Araçlar,TOPLAM,"6.667.008,98",6667008.98,TL,BDDK Haftalık Bülten
2022-03-25,2022-03-25,2022-03-25,False,2022,3,25,430,Mart/25 (12. Hafta),294,Bilanço Dışı İşlemler,3,a) Türev Finansal Araçlar,TP,"1.512.218,57",1512218.57,TL,BDDK Haftalık Bülten
2022-03-25,2022-03-25,2022-03-25,False,2022,3,25,430,Mart/25 (12. Hafta),294,Bilanço Dışı İşlemler,3,a) Türev Finansal Araçlar,YP,"5.154.790,41",5154790.41,TL,BDDK Haftalık Bülten
2022-03-25,2022-03-25,2022-03-25,False,2022,3,25,430,Mart/25 (12. Hafta),294,Bilanço Dışı İşlemler,4,b) Diğer,TOPLAM,"1.819.307,91",1819307.91,TL,BDDK Haftalık Bülten
2022-03-25,2022-03-25,2022-03-25,False,2022,3,25,430,Mart/25 (12. Hafta),294,Bilanço Dışı İşlemler,4,b) Diğer,TP,"1.182.112,55",1182112.55,TL,BDDK Haftalık Bülten
2022-03-25,2022-03-25,2022-03-25,False,2022,3,25,430,Mart/25 (12. Hafta),294,Bilanço Dışı İşlemler,4,b) Diğer,YP,"637.195,37",637195.37,TL,BDDK Haftalık Bülten
2022-04-01,2022-04-01,2022-04-01,False,2022,4,1,431,Nisan/01 (13. Hafta),294,Bilanço Dışı İşlemler,1,Gayrinakdi Kredi ve Yükümlülükler,TOPLAM,"1.920.902,12",1920902.12,TL,BDDK Haftalık Bülten
2022-04-01,2022-04-01,2022-04-01,False,2022,4,1,431,Nisan/01 (13. Hafta),294,Bilanço Dışı İşlemler,1,Gayrinakdi Kredi ve Yükümlülükler,TP,"631.577,83",631577.83,TL,BDDK Haftalık Bülten
2022-04-01,2022-04-01,2022-04-01,False,2022,4,1,431,Nisan/01 (13. Hafta),294,Bilanço Dışı İşlemler,1,Gayrinakdi Kredi ve Yükümlülükler,YP,"1.289.324,30",1289324.3,TL,BDDK Haftalık Bülten
2022-04-01,2022-04-01,2022-04-01,False,2022,4,1,431,Nisan/01 (13. Hafta),294,Bilanço Dışı İşlemler,2,Taahhütler (3+4),TOPLAM,"8.455.763,35",8455763.35,TL,BDDK Haftalık Bülten
2022-04-01,2022-04-01,2022-04-01,False,2022,4,1,431,Nisan/01 (13. Hafta),294,Bilanço Dışı İşlemler,2,Taahhütler (3+4),TP,"2.712.682,80",2712682.8,TL,BDDK Haftalık Bülten
2022-04-01,2022-04-01,2022-04-01,False,2022,4,1,431,Nisan/01 (13. Hafta),294,Bilanço Dışı İşlemler,2,Taahhütler (3+4),YP,"5.743.080,55",5743080.55,TL,BDDK Haftalık Bülten
2022-04-01,2022-04-01,2022-04-01,False,2022,4,1,431,Nisan/01 (13. Hafta),294,Bilanço Dışı İşlemler,3,a) Türev Finansal Araçlar,TOPLAM,"6.639.479,10",6639479.1,TL,BDDK Haftalık Bülten
2022-04-01,2022-04-01,2022-04-01,False,2022,4,1,431,Nisan/01 (13. Hafta),294,Bilanço Dışı İşlemler,3,a) Türev Finansal Araçlar,TP,"1.530.364,67",1530364.67,TL,BDDK Haftalık Bülten
2022-04-01,2022-04-01,2022-04-01,False,2022,4,1,431,Nisan/01 (13. Hafta),294,Bilanço Dışı İşlemler,3,a) Türev Finansal Araçlar,YP,"5.109.114,43",5109114.43,TL,BDDK Haftalık Bülten
2022-04-01,2022-04-01,2022-04-01,False,2022,4,1,431,Nisan/01 (13. Hafta),294,Bilanço Dışı İşlemler,4,b) Diğer,TOPLAM,"1.816.284,25",1816284.25,TL,BDDK Haftalık Bülten
2022-04-01,2022-04-01,2022-04-01,False,2022,4,1,431,Nisan/01 (13. Hafta),294,Bilanço Dışı İşlemler,4,b) Diğer,TP,"1.182.318,14",1182318.14,TL,BDDK Haftalık Bülten
2022-04-01,2022-04-01,2022-04-01,False,2022,4,1,431,Nisan/01 (13. Hafta),294,Bilanço Dışı İşlemler,4,b) Diğer,YP,"633.966,11",633966.11,TL,BDDK Haftalık Bülten
2022-04-08,2022-04-08,2022-04-08,False,2022,4,8,432,Nisan/08 (14. Hafta),294,Bilanço Dışı İşlemler,1,Gayrinakdi Kredi ve Yükümlülükler,TOPLAM,"1.925.009,06",1925009.06,TL,BDDK Haftalık Bülten
2022-04-08,2022-04-08,2022-04-08,False,2022,4,8,432,Nisan/08 (14. Hafta),294,Bilanço Dışı İşlemler,1,Gayrinakdi Kredi ve Yükümlülükler,TP,"635.221,43",635221.43,TL,BDDK Haftalık Bülten
2022-04-08,2022-04-08,2022-04-08,False,2022,4,8,432,Nisan/08 (14. Hafta),294,Bilanço Dışı İşlemler,1,Gayrinakdi Kredi ve Yükümlülükler,YP,"1.289.787,63",1289787.63,TL,BDDK Haftalık Bülten
2022-04-08,2022-04-08,2022-04-08,False,2022,4,8,432,Nisan/08 (14. Hafta),294,Bilanço Dışı İşlemler,2,Taahhütler (3+4),TOPLAM,"8.448.963,86",8448963.86,TL,BDDK Haftalık Bülten
2022-04-08,2022-04-08,2022-04-08,False,2022,4,8,432,Nisan/08 (14. Hafta),294,Bilanço Dışı İşlemler,2,Taahhütler (3+4),TP,"2.717.906,60",2717906.6,TL,BDDK Haftalık Bülten
2022-04-08,2022-04-08,2022-04-08,False,2022,4,8,432,Nisan/08 (14. Hafta),294,Bilanço Dışı İşlemler,2,Taahhütler (3+4),YP,"5.731.057,27",5731057.27,TL,BDDK Haftalık Bülten
2022-04-08,2022-04-08,2022-04-08,False,2022,4,8,432,Nisan/08 (14. Hafta),294,Bilanço Dışı İşlemler,3,a) Türev Finansal Araçlar,TOPLAM,"6.650.608,10",6650608.1,TL,BDDK Haftalık Bülten
2022-04-08,2022-04-08,2022-04-08,False,2022,4,8,432,Nisan/08 (14. Hafta),294,Bilanço Dışı İşlemler,3,a) Türev Finansal Araçlar,TP,"1.536.585,03",1536585.03,TL,BDDK Haftalık Bülten
2022-04-08,2022-04-08,2022-04-08,False,2022,4,8,432,Nisan/08 (14. Hafta),294,Bilanço Dışı İşlemler,3,a) Türev Finansal Araçlar,YP,"5.114.023,07",5114023.07,TL,BDDK Haftalık Bülten
2022-04-08,2022-04-08,2022-04-08,False,2022,4,8,432,Nisan/08 (14. Hafta),294,Bilanço Dışı İşlemler,4,b) Diğer,TOPLAM,"1.798.355,76",1798355.76,TL,BDDK Haftalık Bülten
2022-04-08,2022-04-08,2022-04-08,False,2022,4,8,432,Nisan/08 (14. Hafta),294,Bilanço Dışı İşlemler,4,b) Diğer,TP,"1.181.321,57",1181321.57,TL,BDDK Haftalık Bülten
2022-04-08,2022-04-08,2022-04-08,False,2022,4,8,432,Nisan/08 (14. Hafta),294,Bilanço Dışı İşlemler,4,b) Diğer,YP,"617.034,19",617034.19,TL,BDDK Haftalık Bülten
2022-04-15,2022-04-15,2022-04-15,False,2022,4,15,433,Nisan/15 (15. Hafta),294,Bilanço Dışı İşlemler,1,Gayrinakdi Kredi ve Yükümlülükler,TOPLAM,"1.923.646,90",1923646.9,TL,BDDK Haftalık Bülten
2022-04-15,2022-04-15,2022-04-15,False,2022,4,15,433,Nisan/15 (15. Hafta),294,Bilanço Dışı İşlemler,1,Gayrinakdi Kredi ve Yükümlülükler,TP,"647.891,67",647891.67,TL,BDDK Haftalık Bülten
2022-04-15,2022-04-15,2022-04-15,False,2022,4,15,433,Nisan/15 (15. Hafta),294,Bilanço Dışı İşlemler,1,Gayrinakdi Kredi ve Yükümlülükler,YP,"1.275.755,23",1275755.23,TL,BDDK Haftalık Bülten
2022-04-15,2022-04-15,2022-04-15,False,2022,4,15,433,Nisan/15 (15. Hafta),294,Bilanço Dışı İşlemler,2,Taahhütler (3+4),TOPLAM,"8.295.365,26",8295365.26,TL,BDDK Haftalık Bülten
2022-04-15,2022-04-15,2022-04-15,False,2022,4,15,433,Nisan/15 (15. Hafta),294,Bilanço Dışı İşlemler,2,Taahhütler (3+4),TP,"2.680.994,14",2680994.14,TL,BDDK Haftalık Bülten
2022-04-15,2022-04-15,2022-04-15,False,2022,4,15,433,Nisan/15 (15. Hafta),294,Bilanço Dışı İşlemler,2,Taahhütler (3+4),YP,"5.614.371,12",5614371.12,TL,BDDK Haftalık Bülten
2022-04-15,2022-04-15,2022-04-15,False,2022,4,15,433,Nisan/15 (15. Hafta),294,Bilanço Dışı İşlemler,3,a) Türev Finansal Araçlar,TOPLAM,"6.547.447,28",6547447.28,TL,BDDK Haftalık Bülten
2022-04-15,2022-04-15,2022-04-15,False,2022,4,15,433,Nisan/15 (15. Hafta),294,Bilanço Dışı İşlemler,3,a) Türev Finansal Araçlar,TP,"1.516.017,36",1516017.36,TL,BDDK Haftalık Bülten
2022-04-15,2022-04-15,2022-04-15,False,2022,4,15,433,Nisan/15 (15. Hafta),294,Bilanço Dışı İşlemler,3,a) Türev Finansal Araçlar,YP,"5.031.429,92",5031429.92,TL,BDDK Haftalık Bülten
2022-04-15,2022-04-15,2022-04-15,False,2022,4,15,433,Nisan/15 (15. Hafta),294,Bilanço Dışı İşlemler,4,b) Diğer,TOPLAM,"1.747.917,98",1747917.98,TL,BDDK Haftalık Bülten
2022-04-15,2022-04-15,2022-04-15,False,2022,4,15,433,Nisan/15 (15. Hafta),294,Bilanço Dışı İşlemler,4,b) Diğer,TP,"1.164.976,77",1164976.77,TL,BDDK Haftalık Bülten
2022-04-15,2022-04-15,2022-04-15,False,2022,4,15,433,Nisan/15 (15. Hafta),294,Bilanço Dışı İşlemler,4,b) Diğer,YP,"582.941,21",582941.21,TL,BDDK Haftalık Bülten
2022-04-22,2022-04-22,2022-04-22,False,2022,4,22,434,Nisan/22 (16. Hafta),294,Bilanço Dışı İşlemler,1,Gayrinakdi Kredi ve Yükümlülükler,TOPLAM,"1.954.378,98",1954378.98,TL,BDDK Haftalık Bülten
2022-04-22,2022-04-22,2022-04-22,False,2022,4,22,434,Nisan/22 (16. Hafta),294,Bilanço Dışı İşlemler,1,Gayrinakdi Kredi ve Yükümlülükler,TP,"663.884,63",663884.63,TL,BDDK Haftalık Bülten
2022-04-22,2022-04-22,2022-04-22,False,2022,4,22,434,Nisan/22 (16. Hafta),294,Bilanço Dışı İşlemler,1,Gayrinakdi Kredi ve Yükümlülükler,YP,"1.290.494,35",1290494.35,TL,BDDK Haftalık Bülten
2022-04-22,2022-04-22,2022-04-22,False,2022,4,22,434,Nisan/22 (16. Hafta),294,Bilanço Dışı İşlemler,2,Taahhütler (3+4),TOPLAM,"8.590.897,68",8590897.68,TL,BDDK Haftalık Bülten
2022-04-22,2022-04-22,2022-04-22,False,2022,4,22,434,Nisan/22 (16. Hafta),294,Bilanço Dışı İşlemler,2,Taahhütler (3+4),TP,"2.781.522,70",2781522.7,TL,BDDK Haftalık Bülten
2022-04-22,2022-04-22,2022-04-22,False,2022,4,22,434,Nisan/22 (16. Hafta),294,Bilanço Dışı İşlemler,2,Taahhütler (3+4),YP,"5.809.374,99",5809374.99,TL,BDDK Haftalık Bülten
2022-04-22,2022-04-22,2022-04-22,False,2022,4,22,434,Nisan/22 (16. Hafta),294,Bilanço Dışı İşlemler,3,a) Türev Finansal Araçlar,TOPLAM,"6.618.003,46",6618003.46,TL,BDDK Haftalık Bülten
2022-04-22,2022-04-22,2022-04-22,False,2022,4,22,434,Nisan/22 (16. Hafta),294,Bilanço Dışı İşlemler,3,a) Türev Finansal Araçlar,TP,"1.545.573,07",1545573.07,TL,BDDK Haftalık Bülten
2022-04-22,2022-04-22,2022-04-22,False,2022,4,22,434,Nisan/22 (16. Hafta),294,Bilanço Dışı İşlemler,3,a) Türev Finansal Araçlar,YP,"5.072.430,39",5072430.39,TL,BDDK Haftalık Bülten
2022-04-22,2022-04-22,2022-04-22,False,2022,4,22,434,Nisan/22 (16. Hafta),294,Bilanço Dışı İşlemler,4,b) Diğer,TOPLAM,"1.972.894,23",1972894.23,TL,BDDK Haftalık Bülten
2022-04-22,2022-04-22,2022-04-22,False,2022,4,22,434,Nisan/22 (16. Hafta),294,Bilanço Dışı İşlemler,4,b) Diğer,TP,"1.235.949,63",1235949.63,TL,BDDK Haftalık Bülten
2022-04-22,2022-04-22,2022-04-22,False,2022,4,22,434,Nisan/22 (16. Hafta),294,Bilanço Dışı İşlemler,4,b) Diğer,YP,"736.944,60",736944.6,TL,BDDK Haftalık Bülten
2022-04-29,2022-04-29,2022-04-29,False,2022,4,29,435,Nisan/29 (17. Hafta),294,Bilanço Dışı İşlemler,1,Gayrinakdi Kredi ve Yükümlülükler,TOPLAM,"1.963.539,23",1963539.23,TL,BDDK Haftalık Bülten
2022-04-29,2022-04-29,2022-04-29,False,2022,4,29,435,Nisan/29 (17. Hafta),294,Bilanço Dışı İşlemler,1,Gayrinakdi Kredi ve Yükümlülükler,TP,"678.991,32",678991.32,TL,BDDK Haftalık Bülten
2022-04-29,2022-04-29,2022-04-29,False,2022,4,29,435,Nisan/29 (17. Hafta),294,Bilanço Dışı İşlemler,1,Gayrinakdi Kredi ve Yükümlülükler,YP,"1.284.547,91",1284547.91,TL,BDDK Haftalık Bülten
2022-04-29,2022-04-29,2022-04-29,False,2022,4,29,435,Nisan/29 (17. Hafta),294,Bilanço Dışı İşlemler,2,Taahhütler (3+4),TOPLAM,"8.691.811,60",8691811.6,TL,BDDK Haftalık Bülten
2022-04-29,2022-04-29,2022-04-29,False,2022,4,29,435,Nisan/29 (17. Hafta),294,Bilanço Dışı İşlemler,2,Taahhütler (3+4),TP,"2.839.172,84",2839172.84,TL,BDDK Haftalık Bülten
2022-04-29,2022-04-29,2022-04-29,False,2022,4,29,435,Nisan/29 (17. Hafta),294,Bilanço Dışı İşlemler,2,Taahhütler (3+4),YP,"5.852.638,75",5852638.75,TL,BDDK Haftalık Bülten
2022-04-29,2022-04-29,2022-04-29,False,2022,4,29,435,Nisan/29 (17. Hafta),294,Bilanço Dışı İşlemler,3,a) Türev Finansal Araçlar,TOPLAM,"6.678.286,96",6678286.96,TL,BDDK Haftalık Bülten
2022-04-29,2022-04-29,2022-04-29,False,2022,4,29,435,Nisan/29 (17. Hafta),294,Bilanço Dışı İşlemler,3,a) Türev Finansal Araçlar,TP,"1.567.021,42",1567021.42,TL,BDDK Haftalık Bülten
2022-04-29,2022-04-29,2022-04-29,False,2022,4,29,435,Nisan/29 (17. Hafta),294,Bilanço Dışı İşlemler,3,a) Türev Finansal Araçlar,YP,"5.111.265,54",5111265.54,TL,BDDK Haftalık Bülten
2022-04-29,2022-04-29,2022-04-29,False,2022,4,29,435,Nisan/29 (17. Hafta),294,Bilanço Dışı İşlemler,4,b) Diğer,TOPLAM,"2.013.524,64",2013524.64,TL,BDDK Haftalık Bülten
2022-04-29,2022-04-29,2022-04-29,False,2022,4,29,435,Nisan/29 (17. Hafta),294,Bilanço Dışı İşlemler,4,b) Diğer,TP,"1.272.151,42",1272151.42,TL,BDDK Haftalık Bülten
2022-04-29,2022-04-29,2022-04-29,False,2022,4,29,435,Nisan/29 (17. Hafta),294,Bilanço Dışı İşlemler,4,b) Diğer,YP,"741.373,21",741373.21,TL,BDDK Haftalık Bülten
2022-05-06,2022-05-06,2022-05-06,False,2022,5,6,436,Mayıs/06 (18. Hafta),294,Bilanço Dışı İşlemler,1,Gayrinakdi Kredi ve Yükümlülükler,TOPLAM,"1.960.593,48",1960593.48,TL,BDDK Haftalık Bülten
2022-05-06,2022-05-06,2022-05-06,False,2022,5,6,436,Mayıs/06 (18. Hafta),294,Bilanço Dışı İşlemler,1,Gayrinakdi Kredi ve Yükümlülükler,TP,"677.770,04",677770.04,TL,BDDK Haftalık Bülten
2022-05-06,2022-05-06,2022-05-06,False,2022,5,6,436,Mayıs/06 (18. Hafta),294,Bilanço Dışı İşlemler,1,Gayrinakdi Kredi ve Yükümlülükler,YP,"1.282.823,44",1282823.44,TL,BDDK Haftalık Bülten
2022-05-06,2022-05-06,2022-05-06,False,2022,5,6,436,Mayıs/06 (18. Hafta),294,Bilanço Dışı İşlemler,2,Taahhütler (3+4),TOPLAM,"8.476.444,33",8476444.33,TL,BDDK Haftalık Bülten
2022-05-06,2022-05-06,2022-05-06,False,2022,5,6,436,Mayıs/06 (18. Hafta),294,Bilanço Dışı İşlemler,2,Taahhütler (3+4),TP,"2.763.740,23",2763740.23,TL,BDDK Haftalık Bülten
2022-05-06,2022-05-06,2022-05-06,False,2022,5,6,436,Mayıs/06 (18. Hafta),294,Bilanço Dışı İşlemler,2,Taahhütler (3+4),YP,"5.712.704,10",5712704.1,TL,BDDK Haftalık Bülten
2022-05-06,2022-05-06,2022-05-06,False,2022,5,6,436,Mayıs/06 (18. Hafta),294,Bilanço Dışı İşlemler,3,a) Türev Finansal Araçlar,TOPLAM,"6.517.116,23",6517116.23,TL,BDDK Haftalık Bülten
2022-05-06,2022-05-06,2022-05-06,False,2022,5,6,436,Mayıs/06 (18. Hafta),294,Bilanço Dışı İşlemler,3,a) Türev Finansal Araçlar,TP,"1.514.082,66",1514082.66,TL,BDDK Haftalık Bülten
2022-05-06,2022-05-06,2022-05-06,False,2022,5,6,436,Mayıs/06 (18. Hafta),294,Bilanço Dışı İşlemler,3,a) Türev Finansal Araçlar,YP,"5.003.033,57",5003033.57,TL,BDDK Haftalık Bülten
2022-05-06,2022-05-06,2022-05-06,False,2022,5,6,436,Mayıs/06 (18. Hafta),294,Bilanço Dışı İşlemler,4,b) Diğer,TOPLAM,"1.959.328,10",1959328.1,TL,BDDK Haftalık Bülten
2022-05-06,2022-05-06,2022-05-06,False,2022,5,6,436,Mayıs/06 (18. Hafta),294,Bilanço Dışı İşlemler,4,b) Diğer,TP,"1.249.657,56",1249657.56,TL,BDDK Haftalık Bülten
2022-05-06,2022-05-06,2022-05-06,False,2022,5,6,436,Mayıs/06 (18. Hafta),294,Bilanço Dışı İşlemler,4,b) Diğer,YP,"709.670,54",709670.54,TL,BDDK Haftalık Bülten
2022-05-13,2022-05-13,2022-05-13,False,2022,5,13,437,Mayıs/13 (19. Hafta),294,Bilanço Dışı İşlemler,1,Gayrinakdi Kredi ve Yükümlülükler,TOPLAM,"2.010.756,71",2010756.71,TL,BDDK Haftalık Bülten
2022-05-13,2022-05-13,2022-05-13,False,2022,5,13,437,Mayıs/13 (19. Hafta),294,Bilanço Dışı İşlemler,1,Gayrinakdi Kredi ve Yükümlülükler,TP,"696.004,17",696004.17,TL,BDDK Haftalık Bülten
2022-05-13,2022-05-13,2022-05-13,False,2022,5,13,437,Mayıs/13 (19. Hafta),294,Bilanço Dışı İşlemler,1,Gayrinakdi Kredi ve Yükümlülükler,YP,"1.314.752,54",1314752.54,TL,BDDK Haftalık Bülten
2022-05-13,2022-05-13,2022-05-13,False,2022,5,13,437,Mayıs/13 (19. Hafta),294,Bilanço Dışı İşlemler,2,Taahhütler (3+4),TOPLAM,"8.770.573,70",8770573.7,TL,BDDK Haftalık Bülten
2022-05-13,2022-05-13,2022-05-13,False,2022,5,13,437,Mayıs/13 (19. Hafta),294,Bilanço Dışı İşlemler,2,Taahhütler (3+4),TP,"2.881.261,44",2881261.44,TL,BDDK Haftalık Bülten
2022-05-13,2022-05-13,2022-05-13,False,2022,5,13,437,Mayıs/13 (19. Hafta),294,Bilanço Dışı İşlemler,2,Taahhütler (3+4),YP,"5.889.312,25",5889312.25,TL,BDDK Haftalık Bülten
2022-05-13,2022-05-13,2022-05-13,False,2022,5,13,437,Mayıs/13 (19. Hafta),294,Bilanço Dışı İşlemler,3,a) Türev Finansal Araçlar,TOPLAM,"6.752.602,14",6752602.14,TL,BDDK Haftalık Bülten
2022-05-13,2022-05-13,2022-05-13,False,2022,5,13,437,Mayıs/13 (19. Hafta),294,Bilanço Dışı İşlemler,3,a) Türev Finansal Araçlar,TP,"1.581.134,19",1581134.19,TL,BDDK Haftalık Bülten
2022-05-13,2022-05-13,2022-05-13,False,2022,5,13,437,Mayıs/13 (19. Hafta),294,Bilanço Dışı İşlemler,3,a) Türev Finansal Araçlar,YP,"5.171.467,95",5171467.95,TL,BDDK Haftalık Bülten
2022-05-13,2022-05-13,2022-05-13,False,2022,5,13,437,Mayıs/13 (19. Hafta),294,Bilanço Dışı İşlemler,4,b) Diğer,TOPLAM,"2.017.971,56",2017971.56,TL,BDDK Haftalık Bülten
2022-05-13,2022-05-13,2022-05-13,False,2022,5,13,437,Mayıs/13 (19. Hafta),294,Bilanço Dışı İşlemler,4,b) Diğer,TP,"1.300.127,25",1300127.25,TL,BDDK Haftalık Bülten
2022-05-13,2022-05-13,2022-05-13,False,2022,5,13,437,Mayıs/13 (19. Hafta),294,Bilanço Dışı İşlemler,4,b) Diğer,YP,"717.844,31",717844.31,TL,BDDK Haftalık Bülten
2022-05-20,2022-05-20,2022-05-20,False,2022,5,20,438,Mayıs/20 (20. Hafta),294,Bilanço Dışı İşlemler,1,Gayrinakdi Kredi ve Yükümlülükler,TOPLAM,"2.056.698,61",2056698.61,TL,BDDK Haftalık Bülten
2022-05-20,2022-05-20,2022-05-20,False,2022,5,20,438,Mayıs/20 (20. Hafta),294,Bilanço Dışı İşlemler,1,Gayrinakdi Kredi ve Yükümlülükler,TP,"705.797,23",705797.23,TL,BDDK Haftalık Bülten
2022-05-20,2022-05-20,2022-05-20,False,2022,5,20,438,Mayıs/20 (20. Hafta),294,Bilanço Dışı İşlemler,1,Gayrinakdi Kredi ve Yükümlülükler,YP,"1.350.901,38",1350901.38,TL,BDDK Haftalık Bülten
2022-05-20,2022-05-20,2022-05-20,False,2022,5,20,438,Mayıs/20 (20. Hafta),294,Bilanço Dışı İşlemler,2,Taahhütler (3+4),TOPLAM,"8.794.544,64",8794544.64,TL,BDDK Haftalık Bülten
2022-05-20,2022-05-20,2022-05-20,False,2022,5,20,438,Mayıs/20 (20. Hafta),294,Bilanço Dışı İşlemler,2,Taahhütler (3+4),TP,"2.855.415,03",2855415.03,TL,BDDK Haftalık Bülten
2022-05-20,2022-05-20,2022-05-20,False,2022,5,20,438,Mayıs/20 (20. Hafta),294,Bilanço Dışı İşlemler,2,Taahhütler (3+4),YP,"5.939.129,61",5939129.61,TL,BDDK Haftalık Bülten
2022-05-20,2022-05-20,2022-05-20,False,2022,5,20,438,Mayıs/20 (20. Hafta),294,Bilanço Dışı İşlemler,3,a) Türev Finansal Araçlar,TOPLAM,"6.924.572,19",6924572.19,TL,BDDK Haftalık Bülten
2022-05-20,2022-05-20,2022-05-20,False,2022,5,20,438,Mayıs/20 (20. Hafta),294,Bilanço Dışı İşlemler,3,a) Türev Finansal Araçlar,TP,"1.607.447,38",1607447.38,TL,BDDK Haftalık Bülten
2022-05-20,2022-05-20,2022-05-20,False,2022,5,20,438,Mayıs/20 (20. Hafta),294,Bilanço Dışı İşlemler,3,a) Türev Finansal Araçlar,YP,"5.317.124,81",5317124.81,TL,BDDK Haftalık Bülten
2022-05-20,2022-05-20,2022-05-20,False,2022,5,20,438,Mayıs/20 (20. Hafta),294,Bilanço Dışı İşlemler,4,b) Diğer,TOPLAM,"1.869.972,45",1869972.45,TL,BDDK Haftalık Bülten
2022-05-20,2022-05-20,2022-05-20,False,2022,5,20,438,Mayıs/20 (20. Hafta),294,Bilanço Dışı İşlemler,4,b) Diğer,TP,"1.247.967,65",1247967.65,TL,BDDK Haftalık Bülten
2022-05-20,2022-05-20,2022-05-20,False,2022,5,20,438,Mayıs/20 (20. Hafta),294,Bilanço Dışı İşlemler,4,b) Diğer,YP,"622.004,80",622004.8,TL,BDDK Haftalık Bülten
2022-05-27,2022-05-27,2022-05-27,False,2022,5,27,439,Mayıs/27 (21. Hafta),294,Bilanço Dışı İşlemler,1,Gayrinakdi Kredi ve Yükümlülükler,TOPLAM,"2.115.477,40",2115477.4,TL,BDDK Haftalık Bülten
2022-05-27,2022-05-27,2022-05-27,False,2022,5,27,439,Mayıs/27 (21. Hafta),294,Bilanço Dışı İşlemler,1,Gayrinakdi Kredi ve Yükümlülükler,TP,"728.076,23",728076.23,TL,BDDK Haftalık Bülten
2022-05-27,2022-05-27,2022-05-27,False,2022,5,27,439,Mayıs/27 (21. Hafta),294,Bilanço Dışı İşlemler,1,Gayrinakdi Kredi ve Yükümlülükler,YP,"1.387.401,18",1387401.18,TL,BDDK Haftalık Bülten
2022-05-27,2022-05-27,2022-05-27,False,2022,5,27,439,Mayıs/27 (21. Hafta),294,Bilanço Dışı İşlemler,2,Taahhütler (3+4),TOPLAM,"8.925.988,73",8925988.73,TL,BDDK Haftalık Bülten
2022-05-27,2022-05-27,2022-05-27,False,2022,5,27,439,Mayıs/27 (21. Hafta),294,Bilanço Dışı İşlemler,2,Taahhütler (3+4),TP,"2.863.671,57",2863671.57,TL,BDDK Haftalık Bülten
2022-05-27,2022-05-27,2022-05-27,False,2022,5,27,439,Mayıs/27 (21. Hafta),294,Bilanço Dışı İşlemler,2,Taahhütler (3+4),YP,"6.062.317,16",6062317.16,TL,BDDK Haftalık Bülten
2022-05-27,2022-05-27,2022-05-27,False,2022,5,27,439,Mayıs/27 (21. Hafta),294,Bilanço Dışı İşlemler,3,a) Türev Finansal Araçlar,TOPLAM,"7.011.193,70",7011193.7,TL,BDDK Haftalık Bülten
2022-05-27,2022-05-27,2022-05-27,False,2022,5,27,439,Mayıs/27 (21. Hafta),294,Bilanço Dışı İşlemler,3,a) Türev Finansal Araçlar,TP,"1.604.711,36",1604711.36,TL,BDDK Haftalık Bülten
2022-05-27,2022-05-27,2022-05-27,False,2022,5,27,439,Mayıs/27 (21. Hafta),294,Bilanço Dışı İşlemler,3,a) Türev Finansal Araçlar,YP,"5.406.482,34",5406482.34,TL,BDDK Haftalık Bülten
2022-05-27,2022-05-27,2022-05-27,False,2022,5,27,439,Mayıs/27 (21. Hafta),294,Bilanço Dışı İşlemler,4,b) Diğer,TOPLAM,"1.914.795,03",1914795.03,TL,BDDK Haftalık Bülten
2022-05-27,2022-05-27,2022-05-27,False,2022,5,27,439,Mayıs/27 (21. Hafta),294,Bilanço Dışı İşlemler,4,b) Diğer,TP,"1.258.960,21",1258960.21,TL,BDDK Haftalık Bülten
2022-05-27,2022-05-27,2022-05-27,False,2022,5,27,439,Mayıs/27 (21. Hafta),294,Bilanço Dışı İşlemler,4,b) Diğer,YP,"655.834,82",655834.82,TL,BDDK Haftalık Bülten
2022-06-03,2022-06-03,2022-06-03,False,2022,6,3,440,Haziran/03 (22. Hafta),294,Bilanço Dışı İşlemler,1,Gayrinakdi Kredi ve Yükümlülükler,TOPLAM,"2.144.040,00",2144040.0,TL,BDDK Haftalık Bülten
2022-06-03,2022-06-03,2022-06-03,False,2022,6,3,440,Haziran/03 (22. Hafta),294,Bilanço Dışı İşlemler,1,Gayrinakdi Kredi ve Yükümlülükler,TP,"742.722,93",742722.93,TL,BDDK Haftalık Bülten
2022-06-03,2022-06-03,2022-06-03,False,2022,6,3,440,Haziran/03 (22. Hafta),294,Bilanço Dışı İşlemler,1,Gayrinakdi Kredi ve Yükümlülükler,YP,"1.401.317,07",1401317.07,TL,BDDK Haftalık Bülten
2022-06-03,2022-06-03,2022-06-03,False,2022,6,3,440,Haziran/03 (22. Hafta),294,Bilanço Dışı İşlemler,2,Taahhütler (3+4),TOPLAM,"9.208.553,24",9208553.24,TL,BDDK Haftalık Bülten
2022-06-03,2022-06-03,2022-06-03,False,2022,6,3,440,Haziran/03 (22. Hafta),294,Bilanço Dışı İşlemler,2,Taahhütler (3+4),TP,"2.970.214,70",2970214.7,TL,BDDK Haftalık Bülten
2022-06-03,2022-06-03,2022-06-03,False,2022,6,3,440,Haziran/03 (22. Hafta),294,Bilanço Dışı İşlemler,2,Taahhütler (3+4),YP,"6.238.338,55",6238338.55,TL,BDDK Haftalık Bülten
2022-06-03,2022-06-03,2022-06-03,False,2022,6,3,440,Haziran/03 (22. Hafta),294,Bilanço Dışı İşlemler,3,a) Türev Finansal Araçlar,TOPLAM,"7.096.067,53",7096067.53,TL,BDDK Haftalık Bülten
2022-06-03,2022-06-03,2022-06-03,False,2022,6,3,440,Haziran/03 (22. Hafta),294,Bilanço Dışı İşlemler,3,a) Türev Finansal Araçlar,TP,"1.611.093,18",1611093.18,TL,BDDK Haftalık Bülten
2022-06-03,2022-06-03,2022-06-03,False,2022,6,3,440,Haziran/03 (22. Hafta),294,Bilanço Dışı İşlemler,3,a) Türev Finansal Araçlar,YP,"5.484.974,36",5484974.36,TL,BDDK Haftalık Bülten
2022-06-03,2022-06-03,2022-06-03,False,2022,6,3,440,Haziran/03 (22. Hafta),294,Bilanço Dışı İşlemler,4,b) Diğer,TOPLAM,"2.112.485,71",2112485.71,TL,BDDK Haftalık Bülten
2022-06-03,2022-06-03,2022-06-03,False,2022,6,3,440,Haziran/03 (22. Hafta),294,Bilanço Dışı İşlemler,4,b) Diğer,TP,"1.359.121,52",1359121.52,TL,BDDK Haftalık Bülten
2022-06-03,2022-06-03,2022-06-03,False,2022,6,3,440,Haziran/03 (22. Hafta),294,Bilanço Dışı İşlemler,4,b) Diğer,YP,"753.364,19",753364.19,TL,BDDK Haftalık Bülten
2022-06-10,2022-06-10,2022-06-10,False,2022,6,10,441,Haziran/10 (23. Hafta),294,Bilanço Dışı İşlemler,1,Gayrinakdi Kredi ve Yükümlülükler,TOPLAM,"2.183.390,01",2183390.01,TL,BDDK Haftalık Bülten
2022-06-10,2022-06-10,2022-06-10,False,2022,6,10,441,Haziran/10 (23. Hafta),294,Bilanço Dışı İşlemler,1,Gayrinakdi Kredi ve Yükümlülükler,TP,"757.958,81",757958.81,TL,BDDK Haftalık Bülten
2022-06-10,2022-06-10,2022-06-10,False,2022,6,10,441,Haziran/10 (23. Hafta),294,Bilanço Dışı İşlemler,1,Gayrinakdi Kredi ve Yükümlülükler,YP,"1.425.431,20",1425431.2,TL,BDDK Haftalık Bülten
2022-06-10,2022-06-10,2022-06-10,False,2022,6,10,441,Haziran/10 (23. Hafta),294,Bilanço Dışı İşlemler,2,Taahhütler (3+4),TOPLAM,"9.286.662,35",9286662.35,TL,BDDK Haftalık Bülten
2022-06-10,2022-06-10,2022-06-10,False,2022,6,10,441,Haziran/10 (23. Hafta),294,Bilanço Dışı İşlemler,2,Taahhütler (3+4),TP,"2.926.596,69",2926596.69,TL,BDDK Haftalık Bülten
2022-06-10,2022-06-10,2022-06-10,False,2022,6,10,441,Haziran/10 (23. Hafta),294,Bilanço Dışı İşlemler,2,Taahhütler (3+4),YP,"6.360.065,66",6360065.66,TL,BDDK Haftalık Bülten
2022-06-10,2022-06-10,2022-06-10,False,2022,6,10,441,Haziran/10 (23. Hafta),294,Bilanço Dışı İşlemler,3,a) Türev Finansal Araçlar,TOPLAM,"7.243.773,03",7243773.03,TL,BDDK Haftalık Bülten
2022-06-10,2022-06-10,2022-06-10,False,2022,6,10,441,Haziran/10 (23. Hafta),294,Bilanço Dışı İşlemler,3,a) Türev Finansal Araçlar,TP,"1.616.918,54",1616918.54,TL,BDDK Haftalık Bülten
2022-06-10,2022-06-10,2022-06-10,False,2022,6,10,441,Haziran/10 (23. Hafta),294,Bilanço Dışı İşlemler,3,a) Türev Finansal Araçlar,YP,"5.626.854,49",5626854.49,TL,BDDK Haftalık Bülten
2022-06-10,2022-06-10,2022-06-10,False,2022,6,10,441,Haziran/10 (23. Hafta),294,Bilanço Dışı İşlemler,4,b) Diğer,TOPLAM,"2.042.889,32",2042889.32,TL,BDDK Haftalık Bülten
2022-06-10,2022-06-10,2022-06-10,False,2022,6,10,441,Haziran/10 (23. Hafta),294,Bilanço Dışı İşlemler,4,b) Diğer,TP,"1.309.678,15",1309678.15,TL,BDDK Haftalık Bülten
2022-06-10,2022-06-10,2022-06-10,False,2022,6,10,441,Haziran/10 (23. Hafta),294,Bilanço Dışı İşlemler,4,b) Diğer,YP,"733.211,17",733211.17,TL,BDDK Haftalık Bülten
2022-06-17,2022-06-17,2022-06-17,False,2022,6,17,442,Haziran/17 (24. Hafta),294,Bilanço Dışı İşlemler,1,Gayrinakdi Kredi ve Yükümlülükler,TOPLAM,"2.203.425,47",2203425.47,TL,BDDK Haftalık Bülten
2022-06-17,2022-06-17,2022-06-17,False,2022,6,17,442,Haziran/17 (24. Hafta),294,Bilanço Dışı İşlemler,1,Gayrinakdi Kredi ve Yükümlülükler,TP,"769.238,11",769238.11,TL,BDDK Haftalık Bülten
2022-06-17,2022-06-17,2022-06-17,False,2022,6,17,442,Haziran/17 (24. Hafta),294,Bilanço Dışı İşlemler,1,Gayrinakdi Kredi ve Yükümlülükler,YP,"1.434.187,36",1434187.36,TL,BDDK Haftalık Bülten
2022-06-17,2022-06-17,2022-06-17,False,2022,6,17,442,Haziran/17 (24. Hafta),294,Bilanço Dışı İşlemler,2,Taahhütler (3+4),TOPLAM,"9.161.204,91",9161204.91,TL,BDDK Haftalık Bülten
2022-06-17,2022-06-17,2022-06-17,False,2022,6,17,442,Haziran/17 (24. Hafta),294,Bilanço Dışı İşlemler,2,Taahhütler (3+4),TP,"2.898.173,28",2898173.28,TL,BDDK Haftalık Bülten
2022-06-17,2022-06-17,2022-06-17,False,2022,6,17,442,Haziran/17 (24. Hafta),294,Bilanço Dışı İşlemler,2,Taahhütler (3+4),YP,"6.263.031,63",6263031.63,TL,BDDK Haftalık Bülten
2022-06-17,2022-06-17,2022-06-17,False,2022,6,17,442,Haziran/17 (24. Hafta),294,Bilanço Dışı İşlemler,3,a) Türev Finansal Araçlar,TOPLAM,"7.213.741,82",7213741.82,TL,BDDK Haftalık Bülten
2022-06-17,2022-06-17,2022-06-17,False,2022,6,17,442,Haziran/17 (24. Hafta),294,Bilanço Dışı İşlemler,3,a) Türev Finansal Araçlar,TP,"1.616.985,83",1616985.83,TL,BDDK Haftalık Bülten
2022-06-17,2022-06-17,2022-06-17,False,2022,6,17,442,Haziran/17 (24. Hafta),294,Bilanço Dışı İşlemler,3,a) Türev Finansal Araçlar,YP,"5.596.755,98",5596755.98,TL,BDDK Haftalık Bülten
2022-06-17,2022-06-17,2022-06-17,False,2022,6,17,442,Haziran/17 (24. Hafta),294,Bilanço Dışı İşlemler,4,b) Diğer,TOPLAM,"1.947.463,09",1947463.09,TL,BDDK Haftalık Bülten
2022-06-17,2022-06-17,2022-06-17,False,2022,6,17,442,Haziran/17 (24. Hafta),294,Bilanço Dışı İşlemler,4,b) Diğer,TP,"1.281.187,44",1281187.44,TL,BDDK Haftalık Bülten
2022-06-17,2022-06-17,2022-06-17,False,2022,6,17,442,Haziran/17 (24. Hafta),294,Bilanço Dışı İşlemler,4,b) Diğer,YP,"666.275,65",666275.65,TL,BDDK Haftalık Bülten
2022-06-24,2022-06-24,2022-06-24,False,2022,6,24,443,Haziran/24 (25. Hafta),294,Bilanço Dışı İşlemler,1,Gayrinakdi Kredi ve Yükümlülükler,TOPLAM,"2.208.710,14",2208710.14,TL,BDDK Haftalık Bülten
2022-06-24,2022-06-24,2022-06-24,False,2022,6,24,443,Haziran/24 (25. Hafta),294,Bilanço Dışı İşlemler,1,Gayrinakdi Kredi ve Yükümlülükler,TP,"784.768,68",784768.68,TL,BDDK Haftalık Bülten
2022-06-24,2022-06-24,2022-06-24,False,2022,6,24,443,Haziran/24 (25. Hafta),294,Bilanço Dışı İşlemler,1,Gayrinakdi Kredi ve Yükümlülükler,YP,"1.423.941,46",1423941.46,TL,BDDK Haftalık Bülten
2022-06-24,2022-06-24,2022-06-24,False,2022,6,24,443,Haziran/24 (25. Hafta),294,Bilanço Dışı İşlemler,2,Taahhütler (3+4),TOPLAM,"9.359.120,16",9359120.16,TL,BDDK Haftalık Bülten
2022-06-24,2022-06-24,2022-06-24,False,2022,6,24,443,Haziran/24 (25. Hafta),294,Bilanço Dışı İşlemler,2,Taahhütler (3+4),TP,"2.996.672,99",2996672.99,TL,BDDK Haftalık Bülten
2022-06-24,2022-06-24,2022-06-24,False,2022,6,24,443,Haziran/24 (25. Hafta),294,Bilanço Dışı İşlemler,2,Taahhütler (3+4),YP,"6.362.447,17",6362447.17,TL,BDDK Haftalık Bülten
2022-06-24,2022-06-24,2022-06-24,False,2022,6,24,443,Haziran/24 (25. Hafta),294,Bilanço Dışı İşlemler,3,a) Türev Finansal Araçlar,TOPLAM,"7.295.665,29",7295665.29,TL,BDDK Haftalık Bülten
2022-06-24,2022-06-24,2022-06-24,False,2022,6,24,443,Haziran/24 (25. Hafta),294,Bilanço Dışı İşlemler,3,a) Türev Finansal Araçlar,TP,"1.666.379,95",1666379.95,TL,BDDK Haftalık Bülten
2022-06-24,2022-06-24,2022-06-24,False,2022,6,24,443,Haziran/24 (25. Hafta),294,Bilanço Dışı İşlemler,3,a) Türev Finansal Araçlar,YP,"5.629.285,34",5629285.34,TL,BDDK Haftalık Bülten
2022-06-24,2022-06-24,2022-06-24,False,2022,6,24,443,Haziran/24 (25. Hafta),294,Bilanço Dışı İşlemler,4,b) Diğer,TOPLAM,"2.063.454,87",2063454.87,TL,BDDK Haftalık Bülten
2022-06-24,2022-06-24,2022-06-24,False,2022,6,24,443,Haziran/24 (25. Hafta),294,Bilanço Dışı İşlemler,4,b) Diğer,TP,"1.330.293,04",1330293.04,TL,BDDK Haftalık Bülten
2022-06-24,2022-06-24,2022-06-24,False,2022,6,24,443,Haziran/24 (25. Hafta),294,Bilanço Dışı İşlemler,4,b) Diğer,YP,"733.161,83",733161.83,TL,BDDK Haftalık Bülten
2022-07-01,2022-07-01,2022-07-01,False,2022,7,1,444,Temmuz/01 (26. Hafta),294,Bilanço Dışı İşlemler,1,Gayrinakdi Kredi ve Yükümlülükler,TOPLAM,"2.159.983,96",2159983.96,TL,BDDK Haftalık Bülten
2022-07-01,2022-07-01,2022-07-01,False,2022,7,1,444,Temmuz/01 (26. Hafta),294,Bilanço Dışı İşlemler,1,Gayrinakdi Kredi ve Yükümlülükler,TP,"788.595,19",788595.19,TL,BDDK Haftalık Bülten
2022-07-01,2022-07-01,2022-07-01,False,2022,7,1,444,Temmuz/01 (26. Hafta),294,Bilanço Dışı İşlemler,1,Gayrinakdi Kredi ve Yükümlülükler,YP,"1.371.388,77",1371388.77,TL,BDDK Haftalık Bülten
2022-07-01,2022-07-01,2022-07-01,False,2022,7,1,444,Temmuz/01 (26. Hafta),294,Bilanço Dışı İşlemler,2,Taahhütler (3+4),TOPLAM,"9.139.847,38",9139847.38,TL,BDDK Haftalık Bülten
2022-07-01,2022-07-01,2022-07-01,False,2022,7,1,444,Temmuz/01 (26. Hafta),294,Bilanço Dışı İşlemler,2,Taahhütler (3+4),TP,"3.018.468,58",3018468.58,TL,BDDK Haftalık Bülten
2022-07-01,2022-07-01,2022-07-01,False,2022,7,1,444,Temmuz/01 (26. Hafta),294,Bilanço Dışı İşlemler,2,Taahhütler (3+4),YP,"6.121.378,80",6121378.8,TL,BDDK Haftalık Bülten
2022-07-01,2022-07-01,2022-07-01,False,2022,7,1,444,Temmuz/01 (26. Hafta),294,Bilanço Dışı İşlemler,3,a) Türev Finansal Araçlar,TOPLAM,"7.113.513,18",7113513.18,TL,BDDK Haftalık Bülten
2022-07-01,2022-07-01,2022-07-01,False,2022,7,1,444,Temmuz/01 (26. Hafta),294,Bilanço Dışı İşlemler,3,a) Türev Finansal Araçlar,TP,"1.676.986,76",1676986.76,TL,BDDK Haftalık Bülten
2022-07-01,2022-07-01,2022-07-01,False,2022,7,1,444,Temmuz/01 (26. Hafta),294,Bilanço Dışı İşlemler,3,a) Türev Finansal Araçlar,YP,"5.436.526,42",5436526.42,TL,BDDK Haftalık Bülten
2022-07-01,2022-07-01,2022-07-01,False,2022,7,1,444,Temmuz/01 (26. Hafta),294,Bilanço Dışı İşlemler,4,b) Diğer,TOPLAM,"2.026.334,20",2026334.2,TL,BDDK Haftalık Bülten
2022-07-01,2022-07-01,2022-07-01,False,2022,7,1,444,Temmuz/01 (26. Hafta),294,Bilanço Dışı İşlemler,4,b) Diğer,TP,"1.341.481,82",1341481.82,TL,BDDK Haftalık Bülten
2022-07-01,2022-07-01,2022-07-01,False,2022,7,1,444,Temmuz/01 (26. Hafta),294,Bilanço Dışı İşlemler,4,b) Diğer,YP,"684.852,38",684852.38,TL,BDDK Haftalık Bülten
2022-07-08,2022-07-08,2022-07-08,False,2022,7,8,445,Temmuz/08 (27. Hafta),294,Bilanço Dışı İşlemler,1,Gayrinakdi Kredi ve Yükümlülükler,TOPLAM,"2.196.191,36",2196191.36,TL,BDDK Haftalık Bülten
2022-07-08,2022-07-08,2022-07-08,False,2022,7,8,445,Temmuz/08 (27. Hafta),294,Bilanço Dışı İşlemler,1,Gayrinakdi Kredi ve Yükümlülükler,TP,"799.729,38",799729.38,TL,BDDK Haftalık Bülten
2022-07-08,2022-07-08,2022-07-08,False,2022,7,8,445,Temmuz/08 (27. Hafta),294,Bilanço Dışı İşlemler,1,Gayrinakdi Kredi ve Yükümlülükler,YP,"1.396.461,97",1396461.97,TL,BDDK Haftalık Bülten
2022-07-08,2022-07-08,2022-07-08,False,2022,7,8,445,Temmuz/08 (27. Hafta),294,Bilanço Dışı İşlemler,2,Taahhütler (3+4),TOPLAM,"9.378.500,93",9378500.93,TL,BDDK Haftalık Bülten
2022-07-08,2022-07-08,2022-07-08,False,2022,7,8,445,Temmuz/08 (27. Hafta),294,Bilanço Dışı İşlemler,2,Taahhütler (3+4),TP,"3.032.777,57",3032777.57,TL,BDDK Haftalık Bülten
2022-07-08,2022-07-08,2022-07-08,False,2022,7,8,445,Temmuz/08 (27. Hafta),294,Bilanço Dışı İşlemler,2,Taahhütler (3+4),YP,"6.345.723,35",6345723.35,TL,BDDK Haftalık Bülten
2022-07-08,2022-07-08,2022-07-08,False,2022,7,8,445,Temmuz/08 (27. Hafta),294,Bilanço Dışı İşlemler,3,a) Türev Finansal Araçlar,TOPLAM,"7.290.739,25",7290739.25,TL,BDDK Haftalık Bülten
2022-07-08,2022-07-08,2022-07-08,False,2022,7,8,445,Temmuz/08 (27. Hafta),294,Bilanço Dışı İşlemler,3,a) Türev Finansal Araçlar,TP,"1.669.404,31",1669404.31,TL,BDDK Haftalık Bülten
2022-07-08,2022-07-08,2022-07-08,False,2022,7,8,445,Temmuz/08 (27. Hafta),294,Bilanço Dışı İşlemler,3,a) Türev Finansal Araçlar,YP,"5.621.334,94",5621334.94,TL,BDDK Haftalık Bülten
2022-07-08,2022-07-08,2022-07-08,False,2022,7,8,445,Temmuz/08 (27. Hafta),294,Bilanço Dışı İşlemler,4,b) Diğer,TOPLAM,"2.087.761,67",2087761.67,TL,BDDK Haftalık Bülten
2022-07-08,2022-07-08,2022-07-08,False,2022,7,8,445,Temmuz/08 (27. Hafta),294,Bilanço Dışı İşlemler,4,b) Diğer,TP,"1.363.373,26",1363373.26,TL,BDDK Haftalık Bülten
2022-07-08,2022-07-08,2022-07-08,False,2022,7,8,445,Temmuz/08 (27. Hafta),294,Bilanço Dışı İşlemler,4,b) Diğer,YP,"724.388,41",724388.41,TL,BDDK Haftalık Bülten
2022-07-14,2022-07-14,2022-07-14,False,2022,7,14,446,Temmuz/14 (28. Hafta),294,Bilanço Dışı İşlemler,1,Gayrinakdi Kredi ve Yükümlülükler,TOPLAM,"2.187.759,65",2187759.65,TL,BDDK Haftalık Bülten
2022-07-14,2022-07-14,2022-07-14,False,2022,7,14,446,Temmuz/14 (28. Hafta),294,Bilanço Dışı İşlemler,1,Gayrinakdi Kredi ve Yükümlülükler,TP,"796.301,89",796301.89,TL,BDDK Haftalık Bülten
2022-07-14,2022-07-14,2022-07-14,False,2022,7,14,446,Temmuz/14 (28. Hafta),294,Bilanço Dışı İşlemler,1,Gayrinakdi Kredi ve Yükümlülükler,YP,"1.391.457,76",1391457.76,TL,BDDK Haftalık Bülten
2022-07-14,2022-07-14,2022-07-14,False,2022,7,14,446,Temmuz/14 (28. Hafta),294,Bilanço Dışı İşlemler,2,Taahhütler (3+4),TOPLAM,"9.637.562,20",9637562.2,TL,BDDK Haftalık Bülten
2022-07-14,2022-07-14,2022-07-14,False,2022,7,14,446,Temmuz/14 (28. Hafta),294,Bilanço Dışı İşlemler,2,Taahhütler (3+4),TP,"3.151.412,92",3151412.92,TL,BDDK Haftalık Bülten
2022-07-14,2022-07-14,2022-07-14,False,2022,7,14,446,Temmuz/14 (28. Hafta),294,Bilanço Dışı İşlemler,2,Taahhütler (3+4),YP,"6.486.149,28",6486149.28,TL,BDDK Haftalık Bülten
2022-07-14,2022-07-14,2022-07-14,False,2022,7,14,446,Temmuz/14 (28. Hafta),294,Bilanço Dışı İşlemler,3,a) Türev Finansal Araçlar,TOPLAM,"7.362.877,49",7362877.49,TL,BDDK Haftalık Bülten
2022-07-14,2022-07-14,2022-07-14,False,2022,7,14,446,Temmuz/14 (28. Hafta),294,Bilanço Dışı İşlemler,3,a) Türev Finansal Araçlar,TP,"1.710.368,97",1710368.97,TL,BDDK Haftalık Bülten
2022-07-14,2022-07-14,2022-07-14,False,2022,7,14,446,Temmuz/14 (28. Hafta),294,Bilanço Dışı İşlemler,3,a) Türev Finansal Araçlar,YP,"5.652.508,52",5652508.52,TL,BDDK Haftalık Bülten
2022-07-14,2022-07-14,2022-07-14,False,2022,7,14,446,Temmuz/14 (28. Hafta),294,Bilanço Dışı İşlemler,4,b) Diğer,TOPLAM,"2.274.684,71",2274684.71,TL,BDDK Haftalık Bülten
2022-07-14,2022-07-14,2022-07-14,False,2022,7,14,446,Temmuz/14 (28. Hafta),294,Bilanço Dışı İşlemler,4,b) Diğer,TP,"1.441.043,95",1441043.95,TL,BDDK Haftalık Bülten
2022-07-14,2022-07-14,2022-07-14,False,2022,7,14,446,Temmuz/14 (28. Hafta),294,Bilanço Dışı İşlemler,4,b) Diğer,YP,"833.640,76",833640.76,TL,BDDK Haftalık Bülten
2022-07-22,2022-07-22,2022-07-22,False,2022,7,22,447,Temmuz/22 (29. Hafta),294,Bilanço Dışı İşlemler,1,Gayrinakdi Kredi ve Yükümlülükler,TOPLAM,"2.221.341,09",2221341.09,TL,BDDK Haftalık Bülten
2022-07-22,2022-07-22,2022-07-22,False,2022,7,22,447,Temmuz/22 (29. Hafta),294,Bilanço Dışı İşlemler,1,Gayrinakdi Kredi ve Yükümlülükler,TP,"807.160,14",807160.14,TL,BDDK Haftalık Bülten
2022-07-22,2022-07-22,2022-07-22,False,2022,7,22,447,Temmuz/22 (29. Hafta),294,Bilanço Dışı İşlemler,1,Gayrinakdi Kredi ve Yükümlülükler,YP,"1.414.180,95",1414180.95,TL,BDDK Haftalık Bülten
2022-07-22,2022-07-22,2022-07-22,False,2022,7,22,447,Temmuz/22 (29. Hafta),294,Bilanço Dışı İşlemler,2,Taahhütler (3+4),TOPLAM,"9.624.739,51",9624739.51,TL,BDDK Haftalık Bülten
2022-07-22,2022-07-22,2022-07-22,False,2022,7,22,447,Temmuz/22 (29. Hafta),294,Bilanço Dışı İşlemler,2,Taahhütler (3+4),TP,"3.170.854,28",3170854.28,TL,BDDK Haftalık Bülten
2022-07-22,2022-07-22,2022-07-22,False,2022,7,22,447,Temmuz/22 (29. Hafta),294,Bilanço Dışı İşlemler,2,Taahhütler (3+4),YP,"6.453.885,23",6453885.23,TL,BDDK Haftalık Bülten
2022-07-22,2022-07-22,2022-07-22,False,2022,7,22,447,Temmuz/22 (29. Hafta),294,Bilanço Dışı İşlemler,3,a) Türev Finansal Araçlar,TOPLAM,"7.397.104,72",7397104.72,TL,BDDK Haftalık Bülten
2022-07-22,2022-07-22,2022-07-22,False,2022,7,22,447,Temmuz/22 (29. Hafta),294,Bilanço Dışı İşlemler,3,a) Türev Finansal Araçlar,TP,"1.731.977,06",1731977.06,TL,BDDK Haftalık Bülten
2022-07-22,2022-07-22,2022-07-22,False,2022,7,22,447,Temmuz/22 (29. Hafta),294,Bilanço Dışı İşlemler,3,a) Türev Finansal Araçlar,YP,"5.665.127,66",5665127.66,TL,BDDK Haftalık Bülten
2022-07-22,2022-07-22,2022-07-22,False,2022,7,22,447,Temmuz/22 (29. Hafta),294,Bilanço Dışı İşlemler,4,b) Diğer,TOPLAM,"2.227.634,79",2227634.79,TL,BDDK Haftalık Bülten
2022-07-22,2022-07-22,2022-07-22,False,2022,7,22,447,Temmuz/22 (29. Hafta),294,Bilanço Dışı İşlemler,4,b) Diğer,TP,"1.438.877,22",1438877.22,TL,BDDK Haftalık Bülten
2022-07-22,2022-07-22,2022-07-22,False,2022,7,22,447,Temmuz/22 (29. Hafta),294,Bilanço Dışı İşlemler,4,b) Diğer,YP,"788.757,57",788757.57,TL,BDDK Haftalık Bülten
2022-07-29,2022-07-29,2022-07-29,False,2022,7,29,448,Temmuz/29 (30. Hafta),294,Bilanço Dışı İşlemler,1,Gayrinakdi Kredi ve Yükümlülükler,TOPLAM,"2.246.082,90",2246082.9,TL,BDDK Haftalık Bülten
2022-07-29,2022-07-29,2022-07-29,False,2022,7,29,448,Temmuz/29 (30. Hafta),294,Bilanço Dışı İşlemler,1,Gayrinakdi Kredi ve Yükümlülükler,TP,"823.266,33",823266.33,TL,BDDK Haftalık Bülten
2022-07-29,2022-07-29,2022-07-29,False,2022,7,29,448,Temmuz/29 (30. Hafta),294,Bilanço Dışı İşlemler,1,Gayrinakdi Kredi ve Yükümlülükler,YP,"1.422.816,57",1422816.57,TL,BDDK Haftalık Bülten
2022-07-29,2022-07-29,2022-07-29,False,2022,7,29,448,Temmuz/29 (30. Hafta),294,Bilanço Dışı İşlemler,2,Taahhütler (3+4),TOPLAM,"9.748.139,27",9748139.27,TL,BDDK Haftalık Bülten
2022-07-29,2022-07-29,2022-07-29,False,2022,7,29,448,Temmuz/29 (30. Hafta),294,Bilanço Dışı İşlemler,2,Taahhütler (3+4),TP,"3.196.245,88",3196245.88,TL,BDDK Haftalık Bülten
2022-07-29,2022-07-29,2022-07-29,False,2022,7,29,448,Temmuz/29 (30. Hafta),294,Bilanço Dışı İşlemler,2,Taahhütler (3+4),YP,"6.551.893,39",6551893.39,TL,BDDK Haftalık Bülten
2022-07-29,2022-07-29,2022-07-29,False,2022,7,29,448,Temmuz/29 (30. Hafta),294,Bilanço Dışı İşlemler,3,a) Türev Finansal Araçlar,TOPLAM,"7.511.020,72",7511020.72,TL,BDDK Haftalık Bülten
2022-07-29,2022-07-29,2022-07-29,False,2022,7,29,448,Temmuz/29 (30. Hafta),294,Bilanço Dışı İşlemler,3,a) Türev Finansal Araçlar,TP,"1.774.882,54",1774882.54,TL,BDDK Haftalık Bülten
2022-07-29,2022-07-29,2022-07-29,False,2022,7,29,448,Temmuz/29 (30. Hafta),294,Bilanço Dışı İşlemler,3,a) Türev Finansal Araçlar,YP,"5.736.138,18",5736138.18,TL,BDDK Haftalık Bülten
2022-07-29,2022-07-29,2022-07-29,False,2022,7,29,448,Temmuz/29 (30. Hafta),294,Bilanço Dışı İşlemler,4,b) Diğer,TOPLAM,"2.237.118,55",2237118.55,TL,BDDK Haftalık Bülten
2022-07-29,2022-07-29,2022-07-29,False,2022,7,29,448,Temmuz/29 (30. Hafta),294,Bilanço Dışı İşlemler,4,b) Diğer,TP,"1.421.363,34",1421363.34,TL,BDDK Haftalık Bülten
2022-07-29,2022-07-29,2022-07-29,False,2022,7,29,448,Temmuz/29 (30. Hafta),294,Bilanço Dışı İşlemler,4,b) Diğer,YP,"815.755,21",815755.21,TL,BDDK Haftalık Bülten
2022-08-05,2022-08-05,2022-08-05,False,2022,8,5,449,Ağustos/05 (31. Hafta),294,Bilanço Dışı İşlemler,1,Gayrinakdi Kredi ve Yükümlülükler,TOPLAM,"2.245.718,91",2245718.91,TL,BDDK Haftalık Bülten
2022-08-05,2022-08-05,2022-08-05,False,2022,8,5,449,Ağustos/05 (31. Hafta),294,Bilanço Dışı İşlemler,1,Gayrinakdi Kredi ve Yükümlülükler,TP,"837.450,86",837450.86,TL,BDDK Haftalık Bülten
2022-08-05,2022-08-05,2022-08-05,False,2022,8,5,449,Ağustos/05 (31. Hafta),294,Bilanço Dışı İşlemler,1,Gayrinakdi Kredi ve Yükümlülükler,YP,"1.408.268,05",1408268.05,TL,BDDK Haftalık Bülten
2022-08-05,2022-08-05,2022-08-05,False,2022,8,5,449,Ağustos/05 (31. Hafta),294,Bilanço Dışı İşlemler,2,Taahhütler (3+4),TOPLAM,"9.790.503,69",9790503.69,TL,BDDK Haftalık Bülten
2022-08-05,2022-08-05,2022-08-05,False,2022,8,5,449,Ağustos/05 (31. Hafta),294,Bilanço Dışı İşlemler,2,Taahhütler (3+4),TP,"3.279.675,02",3279675.02,TL,BDDK Haftalık Bülten
2022-08-05,2022-08-05,2022-08-05,False,2022,8,5,449,Ağustos/05 (31. Hafta),294,Bilanço Dışı İşlemler,2,Taahhütler (3+4),YP,"6.510.828,66",6510828.66,TL,BDDK Haftalık Bülten
2022-08-05,2022-08-05,2022-08-05,False,2022,8,5,449,Ağustos/05 (31. Hafta),294,Bilanço Dışı İşlemler,3,a) Türev Finansal Araçlar,TOPLAM,"7.628.080,14",7628080.14,TL,BDDK Haftalık Bülten
2022-08-05,2022-08-05,2022-08-05,False,2022,8,5,449,Ağustos/05 (31. Hafta),294,Bilanço Dışı İşlemler,3,a) Türev Finansal Araçlar,TP,"1.847.823,73",1847823.73,TL,BDDK Haftalık Bülten
2022-08-05,2022-08-05,2022-08-05,False,2022,8,5,449,Ağustos/05 (31. Hafta),294,Bilanço Dışı İşlemler,3,a) Türev Finansal Araçlar,YP,"5.780.256,41",5780256.41,TL,BDDK Haftalık Bülten
2022-08-05,2022-08-05,2022-08-05,False,2022,8,5,449,Ağustos/05 (31. Hafta),294,Bilanço Dışı İşlemler,4,b) Diğer,TOPLAM,"2.162.423,54",2162423.54,TL,BDDK Haftalık Bülten
2022-08-05,2022-08-05,2022-08-05,False,2022,8,5,449,Ağustos/05 (31. Hafta),294,Bilanço Dışı İşlemler,4,b) Diğer,TP,"1.431.851,29",1431851.29,TL,BDDK Haftalık Bülten
2022-08-05,2022-08-05,2022-08-05,False,2022,8,5,449,Ağustos/05 (31. Hafta),294,Bilanço Dışı İşlemler,4,b) Diğer,YP,"730.572,25",730572.25,TL,BDDK Haftalık Bülten
2022-08-12,2022-08-12,2022-08-12,False,2022,8,12,450,Ağustos/12 (32. Hafta),294,Bilanço Dışı İşlemler,1,Gayrinakdi Kredi ve Yükümlülükler,TOPLAM,"2.274.147,78",2274147.78,TL,BDDK Haftalık Bülten
2022-08-12,2022-08-12,2022-08-12,False,2022,8,12,450,Ağustos/12 (32. Hafta),294,Bilanço Dışı İşlemler,1,Gayrinakdi Kredi ve Yükümlülükler,TP,"862.638,34",862638.34,TL,BDDK Haftalık Bülten
2022-08-12,2022-08-12,2022-08-12,False,2022,8,12,450,Ağustos/12 (32. Hafta),294,Bilanço Dışı İşlemler,1,Gayrinakdi Kredi ve Yükümlülükler,YP,"1.411.509,44",1411509.44,TL,BDDK Haftalık Bülten
2022-08-12,2022-08-12,2022-08-12,False,2022,8,12,450,Ağustos/12 (32. Hafta),294,Bilanço Dışı İşlemler,2,Taahhütler (3+4),TOPLAM,"10.003.434,91",10003434.91,TL,BDDK Haftalık Bülten
2022-08-12,2022-08-12,2022-08-12,False,2022,8,12,450,Ağustos/12 (32. Hafta),294,Bilanço Dışı İşlemler,2,Taahhütler (3+4),TP,"3.348.799,70",3348799.7,TL,BDDK Haftalık Bülten
2022-08-12,2022-08-12,2022-08-12,False,2022,8,12,450,Ağustos/12 (32. Hafta),294,Bilanço Dışı İşlemler,2,Taahhütler (3+4),YP,"6.654.635,21",6654635.21,TL,BDDK Haftalık Bülten
2022-08-12,2022-08-12,2022-08-12,False,2022,8,12,450,Ağustos/12 (32. Hafta),294,Bilanço Dışı İşlemler,3,a) Türev Finansal Araçlar,TOPLAM,"7.860.309,56",7860309.56,TL,BDDK Haftalık Bülten
2022-08-12,2022-08-12,2022-08-12,False,2022,8,12,450,Ağustos/12 (32. Hafta),294,Bilanço Dışı İşlemler,3,a) Türev Finansal Araçlar,TP,"1.932.502,00",1932502.0,TL,BDDK Haftalık Bülten
2022-08-12,2022-08-12,2022-08-12,False,2022,8,12,450,Ağustos/12 (32. Hafta),294,Bilanço Dışı İşlemler,3,a) Türev Finansal Araçlar,YP,"5.927.807,56",5927807.56,TL,BDDK Haftalık Bülten
2022-08-12,2022-08-12,2022-08-12,False,2022,8,12,450,Ağustos/12 (32. Hafta),294,Bilanço Dışı İşlemler,4,b) Diğer,TOPLAM,"2.143.125,35",2143125.35,TL,BDDK Haftalık Bülten
2022-08-12,2022-08-12,2022-08-12,False,2022,8,12,450,Ağustos/12 (32. Hafta),294,Bilanço Dışı İşlemler,4,b) Diğer,TP,"1.416.297,71",1416297.71,TL,BDDK Haftalık Bülten
2022-08-12,2022-08-12,2022-08-12,False,2022,8,12,450,Ağustos/12 (32. Hafta),294,Bilanço Dışı İşlemler,4,b) Diğer,YP,"726.827,65",726827.65,TL,BDDK Haftalık Bülten
2022-08-19,2022-08-19,2022-08-19,False,2022,8,19,451,Ağustos/19 (33. Hafta),294,Bilanço Dışı İşlemler,1,Gayrinakdi Kredi ve Yükümlülükler,TOPLAM,"2.275.569,70",2275569.7,TL,BDDK Haftalık Bülten
2022-08-19,2022-08-19,2022-08-19,False,2022,8,19,451,Ağustos/19 (33. Hafta),294,Bilanço Dışı İşlemler,1,Gayrinakdi Kredi ve Yükümlülükler,TP,"872.735,37",872735.37,TL,BDDK Haftalık Bülten
2022-08-19,2022-08-19,2022-08-19,False,2022,8,19,451,Ağustos/19 (33. Hafta),294,Bilanço Dışı İşlemler,1,Gayrinakdi Kredi ve Yükümlülükler,YP,"1.402.834,34",1402834.34,TL,BDDK Haftalık Bülten
2022-08-19,2022-08-19,2022-08-19,False,2022,8,19,451,Ağustos/19 (33. Hafta),294,Bilanço Dışı İşlemler,2,Taahhütler (3+4),TOPLAM,"10.057.303,95",10057303.95,TL,BDDK Haftalık Bülten
2022-08-19,2022-08-19,2022-08-19,False,2022,8,19,451,Ağustos/19 (33. Hafta),294,Bilanço Dışı İşlemler,2,Taahhütler (3+4),TP,"3.377.776,08",3377776.08,TL,BDDK Haftalık Bülten
2022-08-19,2022-08-19,2022-08-19,False,2022,8,19,451,Ağustos/19 (33. Hafta),294,Bilanço Dışı İşlemler,2,Taahhütler (3+4),YP,"6.679.527,87",6679527.87,TL,BDDK Haftalık Bülten
2022-08-19,2022-08-19,2022-08-19,False,2022,8,19,451,Ağustos/19 (33. Hafta),294,Bilanço Dışı İşlemler,3,a) Türev Finansal Araçlar,TOPLAM,"7.780.988,82",7780988.82,TL,BDDK Haftalık Bülten
2022-08-19,2022-08-19,2022-08-19,False,2022,8,19,451,Ağustos/19 (33. Hafta),294,Bilanço Dışı İşlemler,3,a) Türev Finansal Araçlar,TP,"1.870.295,42",1870295.42,TL,BDDK Haftalık Bülten
2022-08-19,2022-08-19,2022-08-19,False,2022,8,19,451,Ağustos/19 (33. Hafta),294,Bilanço Dışı İşlemler,3,a) Türev Finansal Araçlar,YP,"5.910.693,41",5910693.41,TL,BDDK Haftalık Bülten
2022-08-19,2022-08-19,2022-08-19,False,2022,8,19,451,Ağustos/19 (33. Hafta),294,Bilanço Dışı İşlemler,4,b) Diğer,TOPLAM,"2.276.315,13",2276315.13,TL,BDDK Haftalık Bülten
2022-08-19,2022-08-19,2022-08-19,False,2022,8,19,451,Ağustos/19 (33. Hafta),294,Bilanço Dışı İşlemler,4,b) Diğer,TP,"1.507.480,67",1507480.67,TL,BDDK Haftalık Bülten
2022-08-19,2022-08-19,2022-08-19,False,2022,8,19,451,Ağustos/19 (33. Hafta),294,Bilanço Dışı İşlemler,4,b) Diğer,YP,"768.834,46",768834.46,TL,BDDK Haftalık Bülten
2022-08-26,2022-08-26,2022-08-26,False,2022,8,26,452,Ağustos/26 (34. Hafta),294,Bilanço Dışı İşlemler,1,Gayrinakdi Kredi ve Yükümlülükler,TOPLAM,"2.290.728,16",2290728.16,TL,BDDK Haftalık Bülten
2022-08-26,2022-08-26,2022-08-26,False,2022,8,26,452,Ağustos/26 (34. Hafta),294,Bilanço Dışı İşlemler,1,Gayrinakdi Kredi ve Yükümlülükler,TP,"892.961,03",892961.03,TL,BDDK Haftalık Bülten
2022-08-26,2022-08-26,2022-08-26,False,2022,8,26,452,Ağustos/26 (34. Hafta),294,Bilanço Dışı İşlemler,1,Gayrinakdi Kredi ve Yükümlülükler,YP,"1.397.767,13",1397767.13,TL,BDDK Haftalık Bülten
2022-08-26,2022-08-26,2022-08-26,False,2022,8,26,452,Ağustos/26 (34. Hafta),294,Bilanço Dışı İşlemler,2,Taahhütler (3+4),TOPLAM,"10.162.468,72",10162468.72,TL,BDDK Haftalık Bülten
2022-08-26,2022-08-26,2022-08-26,False,2022,8,26,452,Ağustos/26 (34. Hafta),294,Bilanço Dışı İşlemler,2,Taahhütler (3+4),TP,"3.372.269,05",3372269.05,TL,BDDK Haftalık Bülten
2022-08-26,2022-08-26,2022-08-26,False,2022,8,26,452,Ağustos/26 (34. Hafta),294,Bilanço Dışı İşlemler,2,Taahhütler (3+4),YP,"6.790.199,67",6790199.67,TL,BDDK Haftalık Bülten
2022-08-26,2022-08-26,2022-08-26,False,2022,8,26,452,Ağustos/26 (34. Hafta),294,Bilanço Dışı İşlemler,3,a) Türev Finansal Araçlar,TOPLAM,"7.857.989,52",7857989.52,TL,BDDK Haftalık Bülten
2022-08-26,2022-08-26,2022-08-26,False,2022,8,26,452,Ağustos/26 (34. Hafta),294,Bilanço Dışı İşlemler,3,a) Türev Finansal Araçlar,TP,"1.866.172,23",1866172.23,TL,BDDK Haftalık Bülten
2022-08-26,2022-08-26,2022-08-26,False,2022,8,26,452,Ağustos/26 (34. Hafta),294,Bilanço Dışı İşlemler,3,a) Türev Finansal Araçlar,YP,"5.991.817,29",5991817.29,TL,BDDK Haftalık Bülten
2022-08-26,2022-08-26,2022-08-26,False,2022,8,26,452,Ağustos/26 (34. Hafta),294,Bilanço Dışı İşlemler,4,b) Diğer,TOPLAM,"2.304.479,20",2304479.2,TL,BDDK Haftalık Bülten
2022-08-26,2022-08-26,2022-08-26,False,2022,8,26,452,Ağustos/26 (34. Hafta),294,Bilanço Dışı İşlemler,4,b) Diğer,TP,"1.506.096,82",1506096.82,TL,BDDK Haftalık Bülten
2022-08-26,2022-08-26,2022-08-26,False,2022,8,26,452,Ağustos/26 (34. Hafta),294,Bilanço Dışı İşlemler,4,b) Diğer,YP,"798.382,38",798382.38,TL,BDDK Haftalık Bülten
2022-09-02,2022-09-02,2022-09-02,False,2022,9,2,453,Eylül/02 (35. Hafta),294,Bilanço Dışı İşlemler,1,Gayrinakdi Kredi ve Yükümlülükler,TOPLAM,"2.276.452,68",2276452.68,TL,BDDK Haftalık Bülten
2022-09-02,2022-09-02,2022-09-02,False,2022,9,2,453,Eylül/02 (35. Hafta),294,Bilanço Dışı İşlemler,1,Gayrinakdi Kredi ve Yükümlülükler,TP,"892.110,25",892110.25,TL,BDDK Haftalık Bülten
2022-09-02,2022-09-02,2022-09-02,False,2022,9,2,453,Eylül/02 (35. Hafta),294,Bilanço Dışı İşlemler,1,Gayrinakdi Kredi ve Yükümlülükler,YP,"1.384.342,42",1384342.42,TL,BDDK Haftalık Bülten
2022-09-02,2022-09-02,2022-09-02,False,2022,9,2,453,Eylül/02 (35. Hafta),294,Bilanço Dışı İşlemler,2,Taahhütler (3+4),TOPLAM,"9.861.314,50",9861314.5,TL,BDDK Haftalık Bülten
2022-09-02,2022-09-02,2022-09-02,False,2022,9,2,453,Eylül/02 (35. Hafta),294,Bilanço Dışı İşlemler,2,Taahhütler (3+4),TP,"3.344.893,02",3344893.02,TL,BDDK Haftalık Bülten
2022-09-02,2022-09-02,2022-09-02,False,2022,9,2,453,Eylül/02 (35. Hafta),294,Bilanço Dışı İşlemler,2,Taahhütler (3+4),YP,"6.516.421,48",6516421.48,TL,BDDK Haftalık Bülten
2022-09-02,2022-09-02,2022-09-02,False,2022,9,2,453,Eylül/02 (35. Hafta),294,Bilanço Dışı İşlemler,3,a) Türev Finansal Araçlar,TOPLAM,"7.651.073,78",7651073.78,TL,BDDK Haftalık Bülten
2022-09-02,2022-09-02,2022-09-02,False,2022,9,2,453,Eylül/02 (35. Hafta),294,Bilanço Dışı İşlemler,3,a) Türev Finansal Araçlar,TP,"1.836.554,93",1836554.93,TL,BDDK Haftalık Bülten
2022-09-02,2022-09-02,2022-09-02,False,2022,9,2,453,Eylül/02 (35. Hafta),294,Bilanço Dışı İşlemler,3,a) Türev Finansal Araçlar,YP,"5.814.518,85",5814518.85,TL,BDDK Haftalık Bülten
2022-09-02,2022-09-02,2022-09-02,False,2022,9,2,453,Eylül/02 (35. Hafta),294,Bilanço Dışı İşlemler,4,b) Diğer,TOPLAM,"2.210.240,72",2210240.72,TL,BDDK Haftalık Bülten
2022-09-02,2022-09-02,2022-09-02,False,2022,9,2,453,Eylül/02 (35. Hafta),294,Bilanço Dışı İşlemler,4,b) Diğer,TP,"1.508.338,09",1508338.09,TL,BDDK Haftalık Bülten
2022-09-02,2022-09-02,2022-09-02,False,2022,9,2,453,Eylül/02 (35. Hafta),294,Bilanço Dışı İşlemler,4,b) Diğer,YP,"701.902,63",701902.63,TL,BDDK Haftalık Bülten
2022-09-09,2022-09-09,2022-09-09,False,2022,9,9,454,Eylül/09 (36. Hafta),294,Bilanço Dışı İşlemler,1,Gayrinakdi Kredi ve Yükümlülükler,TOPLAM,"2.270.415,02",2270415.02,TL,BDDK Haftalık Bülten
2022-09-09,2022-09-09,2022-09-09,False,2022,9,9,454,Eylül/09 (36. Hafta),294,Bilanço Dışı İşlemler,1,Gayrinakdi Kredi ve Yükümlülükler,TP,"903.268,74",903268.74,TL,BDDK Haftalık Bülten
2022-09-09,2022-09-09,2022-09-09,False,2022,9,9,454,Eylül/09 (36. Hafta),294,Bilanço Dışı İşlemler,1,Gayrinakdi Kredi ve Yükümlülükler,YP,"1.367.146,28",1367146.28,TL,BDDK Haftalık Bülten
2022-09-09,2022-09-09,2022-09-09,False,2022,9,9,454,Eylül/09 (36. Hafta),294,Bilanço Dışı İşlemler,2,Taahhütler (3+4),TOPLAM,"10.053.656,07",10053656.07,TL,BDDK Haftalık Bülten
2022-09-09,2022-09-09,2022-09-09,False,2022,9,9,454,Eylül/09 (36. Hafta),294,Bilanço Dışı İşlemler,2,Taahhütler (3+4),TP,"3.403.973,67",3403973.67,TL,BDDK Haftalık Bülten
2022-09-09,2022-09-09,2022-09-09,False,2022,9,9,454,Eylül/09 (36. Hafta),294,Bilanço Dışı İşlemler,2,Taahhütler (3+4),YP,"6.649.682,39",6649682.39,TL,BDDK Haftalık Bülten
2022-09-09,2022-09-09,2022-09-09,False,2022,9,9,454,Eylül/09 (36. Hafta),294,Bilanço Dışı İşlemler,3,a) Türev Finansal Araçlar,TOPLAM,"7.793.095,32",7793095.32,TL,BDDK Haftalık Bülten
2022-09-09,2022-09-09,2022-09-09,False,2022,9,9,454,Eylül/09 (36. Hafta),294,Bilanço Dışı İşlemler,3,a) Türev Finansal Araçlar,TP,"1.888.822,62",1888822.62,TL,BDDK Haftalık Bülten
2022-09-09,2022-09-09,2022-09-09,False,2022,9,9,454,Eylül/09 (36. Hafta),294,Bilanço Dışı İşlemler,3,a) Türev Finansal Araçlar,YP,"5.904.272,70",5904272.7,TL,BDDK Haftalık Bülten
2022-09-09,2022-09-09,2022-09-09,False,2022,9,9,454,Eylül/09 (36. Hafta),294,Bilanço Dışı İşlemler,4,b) Diğer,TOPLAM,"2.260.560,74",2260560.74,TL,BDDK Haftalık Bülten
2022-09-09,2022-09-09,2022-09-09,False,2022,9,9,454,Eylül/09 (36. Hafta),294,Bilanço Dışı İşlemler,4,b) Diğer,TP,"1.515.151,05",1515151.05,TL,BDDK Haftalık Bülten
2022-09-09,2022-09-09,2022-09-09,False,2022,9,9,454,Eylül/09 (36. Hafta),294,Bilanço Dışı İşlemler,4,b) Diğer,YP,"745.409,69",745409.69,TL,BDDK Haftalık Bülten
2022-09-16,2022-09-16,2022-09-16,False,2022,9,16,455,Eylül/16 (37. Hafta),294,Bilanço Dışı İşlemler,1,Gayrinakdi Kredi ve Yükümlülükler,TOPLAM,"2.272.266,69",2272266.69,TL,BDDK Haftalık Bülten
2022-09-16,2022-09-16,2022-09-16,False,2022,9,16,455,Eylül/16 (37. Hafta),294,Bilanço Dışı İşlemler,1,Gayrinakdi Kredi ve Yükümlülükler,TP,"912.663,35",912663.35,TL,BDDK Haftalık Bülten
2022-09-16,2022-09-16,2022-09-16,False,2022,9,16,455,Eylül/16 (37. Hafta),294,Bilanço Dışı İşlemler,1,Gayrinakdi Kredi ve Yükümlülükler,YP,"1.359.603,34",1359603.34,TL,BDDK Haftalık Bülten
2022-09-16,2022-09-16,2022-09-16,False,2022,9,16,455,Eylül/16 (37. Hafta),294,Bilanço Dışı İşlemler,2,Taahhütler (3+4),TOPLAM,"10.108.497,59",10108497.59,TL,BDDK Haftalık Bülten
2022-09-16,2022-09-16,2022-09-16,False,2022,9,16,455,Eylül/16 (37. Hafta),294,Bilanço Dışı İşlemler,2,Taahhütler (3+4),TP,"3.456.597,54",3456597.54,TL,BDDK Haftalık Bülten
2022-09-16,2022-09-16,2022-09-16,False,2022,9,16,455,Eylül/16 (37. Hafta),294,Bilanço Dışı İşlemler,2,Taahhütler (3+4),YP,"6.651.900,05",6651900.05,TL,BDDK Haftalık Bülten
2022-09-16,2022-09-16,2022-09-16,False,2022,9,16,455,Eylül/16 (37. Hafta),294,Bilanço Dışı İşlemler,3,a) Türev Finansal Araçlar,TOPLAM,"7.680.394,50",7680394.5,TL,BDDK Haftalık Bülten
2022-09-16,2022-09-16,2022-09-16,False,2022,9,16,455,Eylül/16 (37. Hafta),294,Bilanço Dışı İşlemler,3,a) Türev Finansal Araçlar,TP,"1.855.761,73",1855761.73,TL,BDDK Haftalık Bülten
2022-09-16,2022-09-16,2022-09-16,False,2022,9,16,455,Eylül/16 (37. Hafta),294,Bilanço Dışı İşlemler,3,a) Türev Finansal Araçlar,YP,"5.824.632,78",5824632.78,TL,BDDK Haftalık Bülten
2022-09-16,2022-09-16,2022-09-16,False,2022,9,16,455,Eylül/16 (37. Hafta),294,Bilanço Dışı İşlemler,4,b) Diğer,TOPLAM,"2.428.103,08",2428103.08,TL,BDDK Haftalık Bülten
2022-09-16,2022-09-16,2022-09-16,False,2022,9,16,455,Eylül/16 (37. Hafta),294,Bilanço Dışı İşlemler,4,b) Diğer,TP,"1.600.835,81",1600835.81,TL,BDDK Haftalık Bülten
2022-09-16,2022-09-16,2022-09-16,False,2022,9,16,455,Eylül/16 (37. Hafta),294,Bilanço Dışı İşlemler,4,b) Diğer,YP,"827.267,27",827267.27,TL,BDDK Haftalık Bülten
2022-09-23,2022-09-23,2022-09-23,False,2022,9,23,456,Eylül/23 (38. Hafta),294,Bilanço Dışı İşlemler,1,Gayrinakdi Kredi ve Yükümlülükler,TOPLAM,"2.265.126,84",2265126.84,TL,BDDK Haftalık Bülten
2022-09-23,2022-09-23,2022-09-23,False,2022,9,23,456,Eylül/23 (38. Hafta),294,Bilanço Dışı İşlemler,1,Gayrinakdi Kredi ve Yükümlülükler,TP,"924.063,77",924063.77,TL,BDDK Haftalık Bülten
2022-09-23,2022-09-23,2022-09-23,False,2022,9,23,456,Eylül/23 (38. Hafta),294,Bilanço Dışı İşlemler,1,Gayrinakdi Kredi ve Yükümlülükler,YP,"1.341.063,08",1341063.08,TL,BDDK Haftalık Bülten
2022-09-23,2022-09-23,2022-09-23,False,2022,9,23,456,Eylül/23 (38. Hafta),294,Bilanço Dışı İşlemler,2,Taahhütler (3+4),TOPLAM,"10.210.999,33",10210999.33,TL,BDDK Haftalık Bülten
2022-09-23,2022-09-23,2022-09-23,False,2022,9,23,456,Eylül/23 (38. Hafta),294,Bilanço Dışı İşlemler,2,Taahhütler (3+4),TP,"3.510.210,13",3510210.13,TL,BDDK Haftalık Bülten
2022-09-23,2022-09-23,2022-09-23,False,2022,9,23,456,Eylül/23 (38. Hafta),294,Bilanço Dışı İşlemler,2,Taahhütler (3+4),YP,"6.700.789,21",6700789.21,TL,BDDK Haftalık Bülten
2022-09-23,2022-09-23,2022-09-23,False,2022,9,23,456,Eylül/23 (38. Hafta),294,Bilanço Dışı İşlemler,3,a) Türev Finansal Araçlar,TOPLAM,"7.785.262,31",7785262.31,TL,BDDK Haftalık Bülten
2022-09-23,2022-09-23,2022-09-23,False,2022,9,23,456,Eylül/23 (38. Hafta),294,Bilanço Dışı İşlemler,3,a) Türev Finansal Araçlar,TP,"1.902.130,96",1902130.96,TL,BDDK Haftalık Bülten
2022-09-23,2022-09-23,2022-09-23,False,2022,9,23,456,Eylül/23 (38. Hafta),294,Bilanço Dışı İşlemler,3,a) Türev Finansal Araçlar,YP,"5.883.131,35",5883131.35,TL,BDDK Haftalık Bülten
2022-09-23,2022-09-23,2022-09-23,False,2022,9,23,456,Eylül/23 (38. Hafta),294,Bilanço Dışı İşlemler,4,b) Diğer,TOPLAM,"2.425.737,03",2425737.03,TL,BDDK Haftalık Bülten
2022-09-23,2022-09-23,2022-09-23,False,2022,9,23,456,Eylül/23 (38. Hafta),294,Bilanço Dışı İşlemler,4,b) Diğer,TP,"1.608.079,17",1608079.17,TL,BDDK Haftalık Bülten
2022-09-23,2022-09-23,2022-09-23,False,2022,9,23,456,Eylül/23 (38. Hafta),294,Bilanço Dışı İşlemler,4,b) Diğer,YP,"817.657,86",817657.86,TL,BDDK Haftalık Bülten
2022-09-30,2022-09-30,2022-09-30,False,2022,9,30,457,Eylül/30 (39. Hafta),294,Bilanço Dışı İşlemler,1,Gayrinakdi Kredi ve Yükümlülükler,TOPLAM,"2.283.707,96",2283707.96,TL,BDDK Haftalık Bülten
2022-09-30,2022-09-30,2022-09-30,False,2022,9,30,457,Eylül/30 (39. Hafta),294,Bilanço Dışı İşlemler,1,Gayrinakdi Kredi ve Yükümlülükler,TP,"936.184,06",936184.06,TL,BDDK Haftalık Bülten
2022-09-30,2022-09-30,2022-09-30,False,2022,9,30,457,Eylül/30 (39. Hafta),294,Bilanço Dışı İşlemler,1,Gayrinakdi Kredi ve Yükümlülükler,YP,"1.347.523,90",1347523.9,TL,BDDK Haftalık Bülten
2022-09-30,2022-09-30,2022-09-30,False,2022,9,30,457,Eylül/30 (39. Hafta),294,Bilanço Dışı İşlemler,2,Taahhütler (3+4),TOPLAM,"10.461.124,70",10461124.7,TL,BDDK Haftalık Bülten
2022-09-30,2022-09-30,2022-09-30,False,2022,9,30,457,Eylül/30 (39. Hafta),294,Bilanço Dışı İşlemler,2,Taahhütler (3+4),TP,"3.520.543,34",3520543.34,TL,BDDK Haftalık Bülten
2022-09-30,2022-09-30,2022-09-30,False,2022,9,30,457,Eylül/30 (39. Hafta),294,Bilanço Dışı İşlemler,2,Taahhütler (3+4),YP,"6.940.581,36",6940581.36,TL,BDDK Haftalık Bülten
2022-09-30,2022-09-30,2022-09-30,False,2022,9,30,457,Eylül/30 (39. Hafta),294,Bilanço Dışı İşlemler,3,a) Türev Finansal Araçlar,TOPLAM,"8.053.564,32",8053564.32,TL,BDDK Haftalık Bülten
2022-09-30,2022-09-30,2022-09-30,False,2022,9,30,457,Eylül/30 (39. Hafta),294,Bilanço Dışı İşlemler,3,a) Türev Finansal Araçlar,TP,"1.954.600,61",1954600.61,TL,BDDK Haftalık Bülten
2022-09-30,2022-09-30,2022-09-30,False,2022,9,30,457,Eylül/30 (39. Hafta),294,Bilanço Dışı İşlemler,3,a) Türev Finansal Araçlar,YP,"6.098.963,72",6098963.72,TL,BDDK Haftalık Bülten
2022-09-30,2022-09-30,2022-09-30,False,2022,9,30,457,Eylül/30 (39. Hafta),294,Bilanço Dışı İşlemler,4,b) Diğer,TOPLAM,"2.407.560,37",2407560.37,TL,BDDK Haftalık Bülten
2022-09-30,2022-09-30,2022-09-30,False,2022,9,30,457,Eylül/30 (39. Hafta),294,Bilanço Dışı İşlemler,4,b) Diğer,TP,"1.565.942,73",1565942.73,TL,BDDK Haftalık Bülten
2022-09-30,2022-09-30,2022-09-30,False,2022,9,30,457,Eylül/30 (39. Hafta),294,Bilanço Dışı İşlemler,4,b) Diğer,YP,"841.617,64",841617.64,TL,BDDK Haftalık Bülten
2022-10-07,2022-10-07,2022-10-07,False,2022,10,7,458,Ekim/07 (40. Hafta),294,Bilanço Dışı İşlemler,1,Gayrinakdi Kredi ve Yükümlülükler,TOPLAM,"2.285.561,63",2285561.63,TL,BDDK Haftalık Bülten
2022-10-07,2022-10-07,2022-10-07,False,2022,10,7,458,Ekim/07 (40. Hafta),294,Bilanço Dışı İşlemler,1,Gayrinakdi Kredi ve Yükümlülükler,TP,"951.520,83",951520.83,TL,BDDK Haftalık Bülten
2022-10-07,2022-10-07,2022-10-07,False,2022,10,7,458,Ekim/07 (40. Hafta),294,Bilanço Dışı İşlemler,1,Gayrinakdi Kredi ve Yükümlülükler,YP,"1.334.040,81",1334040.81,TL,BDDK Haftalık Bülten
2022-10-07,2022-10-07,2022-10-07,False,2022,10,7,458,Ekim/07 (40. Hafta),294,Bilanço Dışı İşlemler,2,Taahhütler (3+4),TOPLAM,"10.159.484,96",10159484.96,TL,BDDK Haftalık Bülten
2022-10-07,2022-10-07,2022-10-07,False,2022,10,7,458,Ekim/07 (40. Hafta),294,Bilanço Dışı İşlemler,2,Taahhütler (3+4),TP,"3.548.174,36",3548174.36,TL,BDDK Haftalık Bülten
2022-10-07,2022-10-07,2022-10-07,False,2022,10,7,458,Ekim/07 (40. Hafta),294,Bilanço Dışı İşlemler,2,Taahhütler (3+4),YP,"6.611.310,60",6611310.6,TL,BDDK Haftalık Bülten
2022-10-07,2022-10-07,2022-10-07,False,2022,10,7,458,Ekim/07 (40. Hafta),294,Bilanço Dışı İşlemler,3,a) Türev Finansal Araçlar,TOPLAM,"7.819.212,24",7819212.24,TL,BDDK Haftalık Bülten
2022-10-07,2022-10-07,2022-10-07,False,2022,10,7,458,Ekim/07 (40. Hafta),294,Bilanço Dışı İşlemler,3,a) Türev Finansal Araçlar,TP,"1.945.372,66",1945372.66,TL,BDDK Haftalık Bülten
2022-10-07,2022-10-07,2022-10-07,False,2022,10,7,458,Ekim/07 (40. Hafta),294,Bilanço Dışı İşlemler,3,a) Türev Finansal Araçlar,YP,"5.873.839,59",5873839.59,TL,BDDK Haftalık Bülten
2022-10-07,2022-10-07,2022-10-07,False,2022,10,7,458,Ekim/07 (40. Hafta),294,Bilanço Dışı İşlemler,4,b) Diğer,TOPLAM,"2.340.272,72",2340272.72,TL,BDDK Haftalık Bülten
2022-10-07,2022-10-07,2022-10-07,False,2022,10,7,458,Ekim/07 (40. Hafta),294,Bilanço Dışı İşlemler,4,b) Diğer,TP,"1.602.801,70",1602801.7,TL,BDDK Haftalık Bülten
2022-10-07,2022-10-07,2022-10-07,False,2022,10,7,458,Ekim/07 (40. Hafta),294,Bilanço Dışı İşlemler,4,b) Diğer,YP,"737.471,02",737471.02,TL,BDDK Haftalık Bülten
2022-10-14,2022-10-14,2022-10-14,False,2022,10,14,459,Ekim/14 (41. Hafta),294,Bilanço Dışı İşlemler,1,Gayrinakdi Kredi ve Yükümlülükler,TOPLAM,"2.302.908,51",2302908.51,TL,BDDK Haftalık Bülten
2022-10-14,2022-10-14,2022-10-14,False,2022,10,14,459,Ekim/14 (41. Hafta),294,Bilanço Dışı İşlemler,1,Gayrinakdi Kredi ve Yükümlülükler,TP,"973.270,87",973270.87,TL,BDDK Haftalık Bülten
2022-10-14,2022-10-14,2022-10-14,False,2022,10,14,459,Ekim/14 (41. Hafta),294,Bilanço Dışı İşlemler,1,Gayrinakdi Kredi ve Yükümlülükler,YP,"1.329.637,64",1329637.64,TL,BDDK Haftalık Bülten
2022-10-14,2022-10-14,2022-10-14,False,2022,10,14,459,Ekim/14 (41. Hafta),294,Bilanço Dışı İşlemler,2,Taahhütler (3+4),TOPLAM,"10.408.511,39",10408511.39,TL,BDDK Haftalık Bülten
2022-10-14,2022-10-14,2022-10-14,False,2022,10,14,459,Ekim/14 (41. Hafta),294,Bilanço Dışı İşlemler,2,Taahhütler (3+4),TP,"3.652.043,96",3652043.96,TL,BDDK Haftalık Bülten
2022-10-14,2022-10-14,2022-10-14,False,2022,10,14,459,Ekim/14 (41. Hafta),294,Bilanço Dışı İşlemler,2,Taahhütler (3+4),YP,"6.756.467,43",6756467.43,TL,BDDK Haftalık Bülten
2022-10-14,2022-10-14,2022-10-14,False,2022,10,14,459,Ekim/14 (41. Hafta),294,Bilanço Dışı İşlemler,3,a) Türev Finansal Araçlar,TOPLAM,"7.924.386,65",7924386.65,TL,BDDK Haftalık Bülten
2022-10-14,2022-10-14,2022-10-14,False,2022,10,14,459,Ekim/14 (41. Hafta),294,Bilanço Dışı İşlemler,3,a) Türev Finansal Araçlar,TP,"2.000.035,07",2000035.07,TL,BDDK Haftalık Bülten
2022-10-14,2022-10-14,2022-10-14,False,2022,10,14,459,Ekim/14 (41. Hafta),294,Bilanço Dışı İşlemler,3,a) Türev Finansal Araçlar,YP,"5.924.351,58",5924351.58,TL,BDDK Haftalık Bülten
2022-10-14,2022-10-14,2022-10-14,False,2022,10,14,459,Ekim/14 (41. Hafta),294,Bilanço Dışı İşlemler,4,b) Diğer,TOPLAM,"2.484.124,74",2484124.74,TL,BDDK Haftalık Bülten
2022-10-14,2022-10-14,2022-10-14,False,2022,10,14,459,Ekim/14 (41. Hafta),294,Bilanço Dışı İşlemler,4,b) Diğer,TP,"1.652.008,89",1652008.89,TL,BDDK Haftalık Bülten
2022-10-14,2022-10-14,2022-10-14,False,2022,10,14,459,Ekim/14 (41. Hafta),294,Bilanço Dışı İşlemler,4,b) Diğer,YP,"832.115,85",832115.85,TL,BDDK Haftalık Bülten
2022-10-21,2022-10-21,2022-10-21,False,2022,10,21,460,Ekim/21 (42. Hafta),294,Bilanço Dışı İşlemler,1,Gayrinakdi Kredi ve Yükümlülükler,TOPLAM,"2.328.936,10",2328936.1,TL,BDDK Haftalık Bülten
2022-10-21,2022-10-21,2022-10-21,False,2022,10,21,460,Ekim/21 (42. Hafta),294,Bilanço Dışı İşlemler,1,Gayrinakdi Kredi ve Yükümlülükler,TP,"994.563,08",994563.08,TL,BDDK Haftalık Bülten
2022-10-21,2022-10-21,2022-10-21,False,2022,10,21,460,Ekim/21 (42. Hafta),294,Bilanço Dışı İşlemler,1,Gayrinakdi Kredi ve Yükümlülükler,YP,"1.334.373,01",1334373.01,TL,BDDK Haftalık Bülten
2022-10-21,2022-10-21,2022-10-21,False,2022,10,21,460,Ekim/21 (42. Hafta),294,Bilanço Dışı İşlemler,2,Taahhütler (3+4),TOPLAM,"10.436.567,52",10436567.52,TL,BDDK Haftalık Bülten
2022-10-21,2022-10-21,2022-10-21,False,2022,10,21,460,Ekim/21 (42. Hafta),294,Bilanço Dışı İşlemler,2,Taahhütler (3+4),TP,"3.722.871,52",3722871.52,TL,BDDK Haftalık Bülten
2022-10-21,2022-10-21,2022-10-21,False,2022,10,21,460,Ekim/21 (42. Hafta),294,Bilanço Dışı İşlemler,2,Taahhütler (3+4),YP,"6.713.696,00",6713696.0,TL,BDDK Haftalık Bülten
2022-10-21,2022-10-21,2022-10-21,False,2022,10,21,460,Ekim/21 (42. Hafta),294,Bilanço Dışı İşlemler,3,a) Türev Finansal Araçlar,TOPLAM,"7.885.770,85",7885770.85,TL,BDDK Haftalık Bülten
2022-10-21,2022-10-21,2022-10-21,False,2022,10,21,460,Ekim/21 (42. Hafta),294,Bilanço Dışı İşlemler,3,a) Türev Finansal Araçlar,TP,"2.002.343,69",2002343.69,TL,BDDK Haftalık Bülten
2022-10-21,2022-10-21,2022-10-21,False,2022,10,21,460,Ekim/21 (42. Hafta),294,Bilanço Dışı İşlemler,3,a) Türev Finansal Araçlar,YP,"5.883.427,16",5883427.16,TL,BDDK Haftalık Bülten
2022-10-21,2022-10-21,2022-10-21,False,2022,10,21,460,Ekim/21 (42. Hafta),294,Bilanço Dışı İşlemler,4,b) Diğer,TOPLAM,"2.550.796,67",2550796.67,TL,BDDK Haftalık Bülten
2022-10-21,2022-10-21,2022-10-21,False,2022,10,21,460,Ekim/21 (42. Hafta),294,Bilanço Dışı İşlemler,4,b) Diğer,TP,"1.720.527,83",1720527.83,TL,BDDK Haftalık Bülten
2022-10-21,2022-10-21,2022-10-21,False,2022,10,21,460,Ekim/21 (42. Hafta),294,Bilanço Dışı İşlemler,4,b) Diğer,YP,"830.268,84",830268.84,TL,BDDK Haftalık Bülten
2022-10-28,2022-10-28,2022-10-28,False,2022,10,28,461,Ekim/28 (43. Hafta),294,Bilanço Dışı İşlemler,1,Gayrinakdi Kredi ve Yükümlülükler,TOPLAM,"2.354.754,13",2354754.13,TL,BDDK Haftalık Bülten
2022-10-28,2022-10-28,2022-10-28,False,2022,10,28,461,Ekim/28 (43. Hafta),294,Bilanço Dışı İşlemler,1,Gayrinakdi Kredi ve Yükümlülükler,TP,"1.019.027,13",1019027.13,TL,BDDK Haftalık Bülten
2022-10-28,2022-10-28,2022-10-28,False,2022,10,28,461,Ekim/28 (43. Hafta),294,Bilanço Dışı İşlemler,1,Gayrinakdi Kredi ve Yükümlülükler,YP,"1.335.727,00",1335727.0,TL,BDDK Haftalık Bülten
2022-10-28,2022-10-28,2022-10-28,False,2022,10,28,461,Ekim/28 (43. Hafta),294,Bilanço Dışı İşlemler,2,Taahhütler (3+4),TOPLAM,"10.514.034,03",10514034.03,TL,BDDK Haftalık Bülten
2022-10-28,2022-10-28,2022-10-28,False,2022,10,28,461,Ekim/28 (43. Hafta),294,Bilanço Dışı İşlemler,2,Taahhütler (3+4),TP,"3.692.936,91",3692936.91,TL,BDDK Haftalık Bülten
2022-10-28,2022-10-28,2022-10-28,False,2022,10,28,461,Ekim/28 (43. Hafta),294,Bilanço Dışı İşlemler,2,Taahhütler (3+4),YP,"6.821.097,12",6821097.12,TL,BDDK Haftalık Bülten
2022-10-28,2022-10-28,2022-10-28,False,2022,10,28,461,Ekim/28 (43. Hafta),294,Bilanço Dışı İşlemler,3,a) Türev Finansal Araçlar,TOPLAM,"8.094.751,69",8094751.69,TL,BDDK Haftalık Bülten
2022-10-28,2022-10-28,2022-10-28,False,2022,10,28,461,Ekim/28 (43. Hafta),294,Bilanço Dışı İşlemler,3,a) Türev Finansal Araçlar,TP,"2.025.010,50",2025010.5,TL,BDDK Haftalık Bülten
2022-10-28,2022-10-28,2022-10-28,False,2022,10,28,461,Ekim/28 (43. Hafta),294,Bilanço Dışı İşlemler,3,a) Türev Finansal Araçlar,YP,"6.069.741,19",6069741.19,TL,BDDK Haftalık Bülten
2022-10-28,2022-10-28,2022-10-28,False,2022,10,28,461,Ekim/28 (43. Hafta),294,Bilanço Dışı İşlemler,4,b) Diğer,TOPLAM,"2.419.282,34",2419282.34,TL,BDDK Haftalık Bülten
2022-10-28,2022-10-28,2022-10-28,False,2022,10,28,461,Ekim/28 (43. Hafta),294,Bilanço Dışı İşlemler,4,b) Diğer,TP,"1.667.926,41",1667926.41,TL,BDDK Haftalık Bülten
2022-10-28,2022-10-28,2022-10-28,False,2022,10,28,461,Ekim/28 (43. Hafta),294,Bilanço Dışı İşlemler,4,b) Diğer,YP,"751.355,93",751355.93,TL,BDDK Haftalık Bülten
2022-11-04,2022-11-04,2022-11-04,False,2022,11,4,462,Kasım/04 (44. Hafta),294,Bilanço Dışı İşlemler,1,Gayrinakdi Kredi ve Yükümlülükler,TOPLAM,"2.353.113,84",2353113.84,TL,BDDK Haftalık Bülten
2022-11-04,2022-11-04,2022-11-04,False,2022,11,4,462,Kasım/04 (44. Hafta),294,Bilanço Dışı İşlemler,1,Gayrinakdi Kredi ve Yükümlülükler,TP,"1.025.701,12",1025701.12,TL,BDDK Haftalık Bülten
2022-11-04,2022-11-04,2022-11-04,False,2022,11,4,462,Kasım/04 (44. Hafta),294,Bilanço Dışı İşlemler,1,Gayrinakdi Kredi ve Yükümlülükler,YP,"1.327.412,73",1327412.73,TL,BDDK Haftalık Bülten
2022-11-04,2022-11-04,2022-11-04,False,2022,11,4,462,Kasım/04 (44. Hafta),294,Bilanço Dışı İşlemler,2,Taahhütler (3+4),TOPLAM,"10.584.065,01",10584065.01,TL,BDDK Haftalık Bülten
2022-11-04,2022-11-04,2022-11-04,False,2022,11,4,462,Kasım/04 (44. Hafta),294,Bilanço Dışı İşlemler,2,Taahhütler (3+4),TP,"3.776.155,43",3776155.43,TL,BDDK Haftalık Bülten
2022-11-04,2022-11-04,2022-11-04,False,2022,11,4,462,Kasım/04 (44. Hafta),294,Bilanço Dışı İşlemler,2,Taahhütler (3+4),YP,"6.807.909,59",6807909.59,TL,BDDK Haftalık Bülten
2022-11-04,2022-11-04,2022-11-04,False,2022,11,4,462,Kasım/04 (44. Hafta),294,Bilanço Dışı İşlemler,3,a) Türev Finansal Araçlar,TOPLAM,"8.023.402,22",8023402.22,TL,BDDK Haftalık Bülten
2022-11-04,2022-11-04,2022-11-04,False,2022,11,4,462,Kasım/04 (44. Hafta),294,Bilanço Dışı İşlemler,3,a) Türev Finansal Araçlar,TP,"2.023.939,26",2023939.26,TL,BDDK Haftalık Bülten
2022-11-04,2022-11-04,2022-11-04,False,2022,11,4,462,Kasım/04 (44. Hafta),294,Bilanço Dışı İşlemler,3,a) Türev Finansal Araçlar,YP,"5.999.462,97",5999462.97,TL,BDDK Haftalık Bülten
2022-11-04,2022-11-04,2022-11-04,False,2022,11,4,462,Kasım/04 (44. Hafta),294,Bilanço Dışı İşlemler,4,b) Diğer,TOPLAM,"2.560.662,79",2560662.79,TL,BDDK Haftalık Bülten
2022-11-04,2022-11-04,2022-11-04,False,2022,11,4,462,Kasım/04 (44. Hafta),294,Bilanço Dışı İşlemler,4,b) Diğer,TP,"1.752.216,17",1752216.17,TL,BDDK Haftalık Bülten
2022-11-04,2022-11-04,2022-11-04,False,2022,11,4,462,Kasım/04 (44. Hafta),294,Bilanço Dışı İşlemler,4,b) Diğer,YP,"808.446,62",808446.62,TL,BDDK Haftalık Bülten
2022-11-11,2022-11-11,2022-11-11,False,2022,11,11,463,Kasım/11 (45. Hafta),294,Bilanço Dışı İşlemler,1,Gayrinakdi Kredi ve Yükümlülükler,TOPLAM,"2.371.825,34",2371825.34,TL,BDDK Haftalık Bülten
2022-11-11,2022-11-11,2022-11-11,False,2022,11,11,463,Kasım/11 (45. Hafta),294,Bilanço Dışı İşlemler,1,Gayrinakdi Kredi ve Yükümlülükler,TP,"1.047.258,26",1047258.26,TL,BDDK Haftalık Bülten
2022-11-11,2022-11-11,2022-11-11,False,2022,11,11,463,Kasım/11 (45. Hafta),294,Bilanço Dışı İşlemler,1,Gayrinakdi Kredi ve Yükümlülükler,YP,"1.324.567,09",1324567.09,TL,BDDK Haftalık Bülten
2022-11-11,2022-11-11,2022-11-11,False,2022,11,11,463,Kasım/11 (45. Hafta),294,Bilanço Dışı İşlemler,2,Taahhütler (3+4),TOPLAM,"10.946.768,79",10946768.79,TL,BDDK Haftalık Bülten
2022-11-11,2022-11-11,2022-11-11,False,2022,11,11,463,Kasım/11 (45. Hafta),294,Bilanço Dışı İşlemler,2,Taahhütler (3+4),TP,"3.818.027,23",3818027.23,TL,BDDK Haftalık Bülten
2022-11-11,2022-11-11,2022-11-11,False,2022,11,11,463,Kasım/11 (45. Hafta),294,Bilanço Dışı İşlemler,2,Taahhütler (3+4),YP,"7.128.741,57",7128741.57,TL,BDDK Haftalık Bülten
2022-11-11,2022-11-11,2022-11-11,False,2022,11,11,463,Kasım/11 (45. Hafta),294,Bilanço Dışı İşlemler,3,a) Türev Finansal Araçlar,TOPLAM,"8.165.359,13",8165359.13,TL,BDDK Haftalık Bülten
2022-11-11,2022-11-11,2022-11-11,False,2022,11,11,463,Kasım/11 (45. Hafta),294,Bilanço Dışı İşlemler,3,a) Türev Finansal Araçlar,TP,"2.033.150,45",2033150.45,TL,BDDK Haftalık Bülten
2022-11-11,2022-11-11,2022-11-11,False,2022,11,11,463,Kasım/11 (45. Hafta),294,Bilanço Dışı İşlemler,3,a) Türev Finansal Araçlar,YP,"6.132.208,68",6132208.68,TL,BDDK Haftalık Bülten
2022-11-11,2022-11-11,2022-11-11,False,2022,11,11,463,Kasım/11 (45. Hafta),294,Bilanço Dışı İşlemler,4,b) Diğer,TOPLAM,"2.781.409,66",2781409.66,TL,BDDK Haftalık Bülten
2022-11-11,2022-11-11,2022-11-11,False,2022,11,11,463,Kasım/11 (45. Hafta),294,Bilanço Dışı İşlemler,4,b) Diğer,TP,"1.784.876,78",1784876.78,TL,BDDK Haftalık Bülten
2022-11-11,2022-11-11,2022-11-11,False,2022,11,11,463,Kasım/11 (45. Hafta),294,Bilanço Dışı İşlemler,4,b) Diğer,YP,"996.532,89",996532.89,TL,BDDK Haftalık Bülten
2022-11-18,2022-11-18,2022-11-18,False,2022,11,18,464,Kasım/18 (46. Hafta),294,Bilanço Dışı İşlemler,1,Gayrinakdi Kredi ve Yükümlülükler,TOPLAM,"2.400.433,65",2400433.65,TL,BDDK Haftalık Bülten
2022-11-18,2022-11-18,2022-11-18,False,2022,11,18,464,Kasım/18 (46. Hafta),294,Bilanço Dışı İşlemler,1,Gayrinakdi Kredi ve Yükümlülükler,TP,"1.062.224,12",1062224.12,TL,BDDK Haftalık Bülten
2022-11-18,2022-11-18,2022-11-18,False,2022,11,18,464,Kasım/18 (46. Hafta),294,Bilanço Dışı İşlemler,1,Gayrinakdi Kredi ve Yükümlülükler,YP,"1.338.209,52",1338209.52,TL,BDDK Haftalık Bülten
2022-11-18,2022-11-18,2022-11-18,False,2022,11,18,464,Kasım/18 (46. Hafta),294,Bilanço Dışı İşlemler,2,Taahhütler (3+4),TOPLAM,"10.471.070,97",10471070.97,TL,BDDK Haftalık Bülten
2022-11-18,2022-11-18,2022-11-18,False,2022,11,18,464,Kasım/18 (46. Hafta),294,Bilanço Dışı İşlemler,2,Taahhütler (3+4),TP,"3.708.962,18",3708962.18,TL,BDDK Haftalık Bülten
2022-11-18,2022-11-18,2022-11-18,False,2022,11,18,464,Kasım/18 (46. Hafta),294,Bilanço Dışı İşlemler,2,Taahhütler (3+4),YP,"6.762.108,79",6762108.79,TL,BDDK Haftalık Bülten
2022-11-18,2022-11-18,2022-11-18,False,2022,11,18,464,Kasım/18 (46. Hafta),294,Bilanço Dışı İşlemler,3,a) Türev Finansal Araçlar,TOPLAM,"8.007.833,60",8007833.6,TL,BDDK Haftalık Bülten
2022-11-18,2022-11-18,2022-11-18,False,2022,11,18,464,Kasım/18 (46. Hafta),294,Bilanço Dışı İşlemler,3,a) Türev Finansal Araçlar,TP,"1.972.763,19",1972763.19,TL,BDDK Haftalık Bülten
2022-11-18,2022-11-18,2022-11-18,False,2022,11,18,464,Kasım/18 (46. Hafta),294,Bilanço Dışı İşlemler,3,a) Türev Finansal Araçlar,YP,"6.035.070,41",6035070.41,TL,BDDK Haftalık Bülten
2022-11-18,2022-11-18,2022-11-18,False,2022,11,18,464,Kasım/18 (46. Hafta),294,Bilanço Dışı İşlemler,4,b) Diğer,TOPLAM,"2.463.237,36",2463237.36,TL,BDDK Haftalık Bülten
2022-11-18,2022-11-18,2022-11-18,False,2022,11,18,464,Kasım/18 (46. Hafta),294,Bilanço Dışı İşlemler,4,b) Diğer,TP,"1.736.198,99",1736198.99,TL,BDDK Haftalık Bülten
2022-11-18,2022-11-18,2022-11-18,False,2022,11,18,464,Kasım/18 (46. Hafta),294,Bilanço Dışı İşlemler,4,b) Diğer,YP,"727.038,38",727038.38,TL,BDDK Haftalık Bülten
2022-11-25,2022-11-25,2022-11-25,False,2022,11,25,465,Kasım/25 (47. Hafta),294,Bilanço Dışı İşlemler,1,Gayrinakdi Kredi ve Yükümlülükler,TOPLAM,"2.418.252,78",2418252.78,TL,BDDK Haftalık Bülten
2022-11-25,2022-11-25,2022-11-25,False,2022,11,25,465,Kasım/25 (47. Hafta),294,Bilanço Dışı İşlemler,1,Gayrinakdi Kredi ve Yükümlülükler,TP,"1.080.623,65",1080623.65,TL,BDDK Haftalık Bülten
2022-11-25,2022-11-25,2022-11-25,False,2022,11,25,465,Kasım/25 (47. Hafta),294,Bilanço Dışı İşlemler,1,Gayrinakdi Kredi ve Yükümlülükler,YP,"1.337.629,13",1337629.13,TL,BDDK Haftalık Bülten
2022-11-25,2022-11-25,2022-11-25,False,2022,11,25,465,Kasım/25 (47. Hafta),294,Bilanço Dışı İşlemler,2,Taahhütler (3+4),TOPLAM,"10.667.579,65",10667579.65,TL,BDDK Haftalık Bülten
2022-11-25,2022-11-25,2022-11-25,False,2022,11,25,465,Kasım/25 (47. Hafta),294,Bilanço Dışı İşlemler,2,Taahhütler (3+4),TP,"3.796.775,49",3796775.49,TL,BDDK Haftalık Bülten
2022-11-25,2022-11-25,2022-11-25,False,2022,11,25,465,Kasım/25 (47. Hafta),294,Bilanço Dışı İşlemler,2,Taahhütler (3+4),YP,"6.870.804,17",6870804.17,TL,BDDK Haftalık Bülten
2022-11-25,2022-11-25,2022-11-25,False,2022,11,25,465,Kasım/25 (47. Hafta),294,Bilanço Dışı İşlemler,3,a) Türev Finansal Araçlar,TOPLAM,"8.101.681,02",8101681.02,TL,BDDK Haftalık Bülten
2022-11-25,2022-11-25,2022-11-25,False,2022,11,25,465,Kasım/25 (47. Hafta),294,Bilanço Dışı İşlemler,3,a) Türev Finansal Araçlar,TP,"2.012.924,14",2012924.14,TL,BDDK Haftalık Bülten
2022-11-25,2022-11-25,2022-11-25,False,2022,11,25,465,Kasım/25 (47. Hafta),294,Bilanço Dışı İşlemler,3,a) Türev Finansal Araçlar,YP,"6.088.756,88",6088756.88,TL,BDDK Haftalık Bülten
2022-11-25,2022-11-25,2022-11-25,False,2022,11,25,465,Kasım/25 (47. Hafta),294,Bilanço Dışı İşlemler,4,b) Diğer,TOPLAM,"2.565.898,64",2565898.64,TL,BDDK Haftalık Bülten
2022-11-25,2022-11-25,2022-11-25,False,2022,11,25,465,Kasım/25 (47. Hafta),294,Bilanço Dışı İşlemler,4,b) Diğer,TP,"1.783.851,35",1783851.35,TL,BDDK Haftalık Bülten
2022-11-25,2022-11-25,2022-11-25,False,2022,11,25,465,Kasım/25 (47. Hafta),294,Bilanço Dışı İşlemler,4,b) Diğer,YP,"782.047,29",782047.29,TL,BDDK Haftalık Bülten
2022-12-02,2022-12-02,2022-12-02,False,2022,12,2,466,Aralık/02 (48. Hafta),294,Bilanço Dışı İşlemler,1,Gayrinakdi Kredi ve Yükümlülükler,TOPLAM,"2.431.571,78",2431571.78,TL,BDDK Haftalık Bülten
2022-12-02,2022-12-02,2022-12-02,False,2022,12,2,466,Aralık/02 (48. Hafta),294,Bilanço Dışı İşlemler,1,Gayrinakdi Kredi ve Yükümlülükler,TP,"1.094.812,39",1094812.39,TL,BDDK Haftalık Bülten
2022-12-02,2022-12-02,2022-12-02,False,2022,12,2,466,Aralık/02 (48. Hafta),294,Bilanço Dışı İşlemler,1,Gayrinakdi Kredi ve Yükümlülükler,YP,"1.336.759,39",1336759.39,TL,BDDK Haftalık Bülten
2022-12-02,2022-12-02,2022-12-02,False,2022,12,2,466,Aralık/02 (48. Hafta),294,Bilanço Dışı İşlemler,2,Taahhütler (3+4),TOPLAM,"10.735.452,09",10735452.09,TL,BDDK Haftalık Bülten
2022-12-02,2022-12-02,2022-12-02,False,2022,12,2,466,Aralık/02 (48. Hafta),294,Bilanço Dışı İşlemler,2,Taahhütler (3+4),TP,"3.845.302,17",3845302.17,TL,BDDK Haftalık Bülten
2022-12-02,2022-12-02,2022-12-02,False,2022,12,2,466,Aralık/02 (48. Hafta),294,Bilanço Dışı İşlemler,2,Taahhütler (3+4),YP,"6.890.149,93",6890149.93,TL,BDDK Haftalık Bülten
2022-12-02,2022-12-02,2022-12-02,False,2022,12,2,466,Aralık/02 (48. Hafta),294,Bilanço Dışı İşlemler,3,a) Türev Finansal Araçlar,TOPLAM,"8.103.746,10",8103746.1,TL,BDDK Haftalık Bülten
2022-12-02,2022-12-02,2022-12-02,False,2022,12,2,466,Aralık/02 (48. Hafta),294,Bilanço Dışı İşlemler,3,a) Türev Finansal Araçlar,TP,"2.029.058,21",2029058.21,TL,BDDK Haftalık Bülten
2022-12-02,2022-12-02,2022-12-02,False,2022,12,2,466,Aralık/02 (48. Hafta),294,Bilanço Dışı İşlemler,3,a) Türev Finansal Araçlar,YP,"6.074.687,89",6074687.89,TL,BDDK Haftalık Bülten
2022-12-02,2022-12-02,2022-12-02,False,2022,12,2,466,Aralık/02 (48. Hafta),294,Bilanço Dışı İşlemler,4,b) Diğer,TOPLAM,"2.631.705,99",2631705.99,TL,BDDK Haftalık Bülten
2022-12-02,2022-12-02,2022-12-02,False,2022,12,2,466,Aralık/02 (48. Hafta),294,Bilanço Dışı İşlemler,4,b) Diğer,TP,"1.816.243,96",1816243.96,TL,BDDK Haftalık Bülten
2022-12-02,2022-12-02,2022-12-02,False,2022,12,2,466,Aralık/02 (48. Hafta),294,Bilanço Dışı İşlemler,4,b) Diğer,YP,"815.462,03",815462.03,TL,BDDK Haftalık Bülten
2022-12-09,2022-12-09,2022-12-09,False,2022,12,9,467,Aralık/09 (49. Hafta),294,Bilanço Dışı İşlemler,1,Gayrinakdi Kredi ve Yükümlülükler,TOPLAM,"2.444.875,58",2444875.58,TL,BDDK Haftalık Bülten
2022-12-09,2022-12-09,2022-12-09,False,2022,12,9,467,Aralık/09 (49. Hafta),294,Bilanço Dışı İşlemler,1,Gayrinakdi Kredi ve Yükümlülükler,TP,"1.108.501,97",1108501.97,TL,BDDK Haftalık Bülten
2022-12-09,2022-12-09,2022-12-09,False,2022,12,9,467,Aralık/09 (49. Hafta),294,Bilanço Dışı İşlemler,1,Gayrinakdi Kredi ve Yükümlülükler,YP,"1.336.373,61",1336373.61,TL,BDDK Haftalık Bülten
2022-12-09,2022-12-09,2022-12-09,False,2022,12,9,467,Aralık/09 (49. Hafta),294,Bilanço Dışı İşlemler,2,Taahhütler (3+4),TOPLAM,"11.018.460,48",11018460.48,TL,BDDK Haftalık Bülten
2022-12-09,2022-12-09,2022-12-09,False,2022,12,9,467,Aralık/09 (49. Hafta),294,Bilanço Dışı İşlemler,2,Taahhütler (3+4),TP,"3.976.436,73",3976436.73,TL,BDDK Haftalık Bülten
2022-12-09,2022-12-09,2022-12-09,False,2022,12,9,467,Aralık/09 (49. Hafta),294,Bilanço Dışı İşlemler,2,Taahhütler (3+4),YP,"7.042.023,75",7042023.75,TL,BDDK Haftalık Bülten
2022-12-09,2022-12-09,2022-12-09,False,2022,12,9,467,Aralık/09 (49. Hafta),294,Bilanço Dışı İşlemler,3,a) Türev Finansal Araçlar,TOPLAM,"8.354.179,21",8354179.21,TL,BDDK Haftalık Bülten
2022-12-09,2022-12-09,2022-12-09,False,2022,12,9,467,Aralık/09 (49. Hafta),294,Bilanço Dışı İşlemler,3,a) Türev Finansal Araçlar,TP,"2.120.549,21",2120549.21,TL,BDDK Haftalık Bülten
2022-12-09,2022-12-09,2022-12-09,False,2022,12,9,467,Aralık/09 (49. Hafta),294,Bilanço Dışı İşlemler,3,a) Türev Finansal Araçlar,YP,"6.233.630,00",6233630.0,TL,BDDK Haftalık Bülten
2022-12-09,2022-12-09,2022-12-09,False,2022,12,9,467,Aralık/09 (49. Hafta),294,Bilanço Dışı İşlemler,4,b) Diğer,TOPLAM,"2.664.281,26",2664281.26,TL,BDDK Haftalık Bülten
2022-12-09,2022-12-09,2022-12-09,False,2022,12,9,467,Aralık/09 (49. Hafta),294,Bilanço Dışı İşlemler,4,b) Diğer,TP,"1.855.887,52",1855887.52,TL,BDDK Haftalık Bülten
2022-12-09,2022-12-09,2022-12-09,False,2022,12,9,467,Aralık/09 (49. Hafta),294,Bilanço Dışı İşlemler,4,b) Diğer,YP,"808.393,75",808393.75,TL,BDDK Haftalık Bülten
2022-12-16,2022-12-16,2022-12-16,False,2022,12,16,468,Aralık/16 (50. Hafta),294,Bilanço Dışı İşlemler,1,Gayrinakdi Kredi ve Yükümlülükler,TOPLAM,"2.466.800,06",2466800.06,TL,BDDK Haftalık Bülten
2022-12-16,2022-12-16,2022-12-16,False,2022,12,16,468,Aralık/16 (50. Hafta),294,Bilanço Dışı İşlemler,1,Gayrinakdi Kredi ve Yükümlülükler,TP,"1.124.030,64",1124030.64,TL,BDDK Haftalık Bülten
2022-12-16,2022-12-16,2022-12-16,False,2022,12,16,468,Aralık/16 (50. Hafta),294,Bilanço Dışı İşlemler,1,Gayrinakdi Kredi ve Yükümlülükler,YP,"1.342.769,42",1342769.42,TL,BDDK Haftalık Bülten
2022-12-16,2022-12-16,2022-12-16,False,2022,12,16,468,Aralık/16 (50. Hafta),294,Bilanço Dışı İşlemler,2,Taahhütler (3+4),TOPLAM,"11.200.431,56",11200431.56,TL,BDDK Haftalık Bülten
2022-12-16,2022-12-16,2022-12-16,False,2022,12,16,468,Aralık/16 (50. Hafta),294,Bilanço Dışı İşlemler,2,Taahhütler (3+4),TP,"4.069.381,88",4069381.88,TL,BDDK Haftalık Bülten
2022-12-16,2022-12-16,2022-12-16,False,2022,12,16,468,Aralık/16 (50. Hafta),294,Bilanço Dışı İşlemler,2,Taahhütler (3+4),YP,"7.131.049,68",7131049.68,TL,BDDK Haftalık Bülten
2022-12-16,2022-12-16,2022-12-16,False,2022,12,16,468,Aralık/16 (50. Hafta),294,Bilanço Dışı İşlemler,3,a) Türev Finansal Araçlar,TOPLAM,"8.473.616,24",8473616.24,TL,BDDK Haftalık Bülten
2022-12-16,2022-12-16,2022-12-16,False,2022,12,16,468,Aralık/16 (50. Hafta),294,Bilanço Dışı İşlemler,3,a) Türev Finansal Araçlar,TP,"2.165.371,56",2165371.56,TL,BDDK Haftalık Bülten
2022-12-16,2022-12-16,2022-12-16,False,2022,12,16,468,Aralık/16 (50. Hafta),294,Bilanço Dışı İşlemler,3,a) Türev Finansal Araçlar,YP,"6.308.244,68",6308244.68,TL,BDDK Haftalık Bülten
2022-12-16,2022-12-16,2022-12-16,False,2022,12,16,468,Aralık/16 (50. Hafta),294,Bilanço Dışı İşlemler,4,b) Diğer,TOPLAM,"2.726.815,32",2726815.32,TL,BDDK Haftalık Bülten
2022-12-16,2022-12-16,2022-12-16,False,2022,12,16,468,Aralık/16 (50. Hafta),294,Bilanço Dışı İşlemler,4,b) Diğer,TP,"1.904.010,32",1904010.32,TL,BDDK Haftalık Bülten
2022-12-16,2022-12-16,2022-12-16,False,2022,12,16,468,Aralık/16 (50. Hafta),294,Bilanço Dışı İşlemler,4,b) Diğer,YP,"822.805,00",822805.0,TL,BDDK Haftalık Bülten
2022-12-23,2022-12-23,2022-12-23,False,2022,12,23,469,Aralık/23 (51. Hafta),294,Bilanço Dışı İşlemler,1,Gayrinakdi Kredi ve Yükümlülükler,TOPLAM,"2.495.164,68",2495164.68,TL,BDDK Haftalık Bülten
2022-12-23,2022-12-23,2022-12-23,False,2022,12,23,469,Aralık/23 (51. Hafta),294,Bilanço Dışı İşlemler,1,Gayrinakdi Kredi ve Yükümlülükler,TP,"1.147.085,05",1147085.05,TL,BDDK Haftalık Bülten
2022-12-23,2022-12-23,2022-12-23,False,2022,12,23,469,Aralık/23 (51. Hafta),294,Bilanço Dışı İşlemler,1,Gayrinakdi Kredi ve Yükümlülükler,YP,"1.348.079,63",1348079.63,TL,BDDK Haftalık Bülten
2022-12-23,2022-12-23,2022-12-23,False,2022,12,23,469,Aralık/23 (51. Hafta),294,Bilanço Dışı İşlemler,2,Taahhütler (3+4),TOPLAM,"11.078.696,48",11078696.48,TL,BDDK Haftalık Bülten
2022-12-23,2022-12-23,2022-12-23,False,2022,12,23,469,Aralık/23 (51. Hafta),294,Bilanço Dışı İşlemler,2,Taahhütler (3+4),TP,"4.027.673,22",4027673.22,TL,BDDK Haftalık Bülten
2022-12-23,2022-12-23,2022-12-23,False,2022,12,23,469,Aralık/23 (51. Hafta),294,Bilanço Dışı İşlemler,2,Taahhütler (3+4),YP,"7.051.023,26",7051023.26,TL,BDDK Haftalık Bülten
2022-12-23,2022-12-23,2022-12-23,False,2022,12,23,469,Aralık/23 (51. Hafta),294,Bilanço Dışı İşlemler,3,a) Türev Finansal Araçlar,TOPLAM,"8.402.204,31",8402204.31,TL,BDDK Haftalık Bülten
2022-12-23,2022-12-23,2022-12-23,False,2022,12,23,469,Aralık/23 (51. Hafta),294,Bilanço Dışı İşlemler,3,a) Türev Finansal Araçlar,TP,"2.121.530,44",2121530.44,TL,BDDK Haftalık Bülten
2022-12-23,2022-12-23,2022-12-23,False,2022,12,23,469,Aralık/23 (51. Hafta),294,Bilanço Dışı İşlemler,3,a) Türev Finansal Araçlar,YP,"6.280.673,86",6280673.86,TL,BDDK Haftalık Bülten
2022-12-23,2022-12-23,2022-12-23,False,2022,12,23,469,Aralık/23 (51. Hafta),294,Bilanço Dışı İşlemler,4,b) Diğer,TOPLAM,"2.676.492,17",2676492.17,TL,BDDK Haftalık Bülten
2022-12-23,2022-12-23,2022-12-23,False,2022,12,23,469,Aralık/23 (51. Hafta),294,Bilanço Dışı İşlemler,4,b) Diğer,TP,"1.906.142,78",1906142.78,TL,BDDK Haftalık Bülten
2022-12-23,2022-12-23,2022-12-23,False,2022,12,23,469,Aralık/23 (51. Hafta),294,Bilanço Dışı İşlemler,4,b) Diğer,YP,"770.349,40",770349.4,TL,BDDK Haftalık Bülten
2022-12-30,2022-12-30,2022-12-30,False,2022,12,30,470,Aralık/30 (52. Hafta),294,Bilanço Dışı İşlemler,1,Gayrinakdi Kredi ve Yükümlülükler,TOPLAM,"2.528.780,97",2528780.97,TL,BDDK Haftalık Bülten
2022-12-30,2022-12-30,2022-12-30,False,2022,12,30,470,Aralık/30 (52. Hafta),294,Bilanço Dışı İşlemler,1,Gayrinakdi Kredi ve Yükümlülükler,TP,"1.177.170,90",1177170.9,TL,BDDK Haftalık Bülten
2022-12-30,2022-12-30,2022-12-30,False,2022,12,30,470,Aralık/30 (52. Hafta),294,Bilanço Dışı İşlemler,1,Gayrinakdi Kredi ve Yükümlülükler,YP,"1.351.610,07",1351610.07,TL,BDDK Haftalık Bülten
2022-12-30,2022-12-30,2022-12-30,False,2022,12,30,470,Aralık/30 (52. Hafta),294,Bilanço Dışı İşlemler,2,Taahhütler (3+4),TOPLAM,"10.950.374,32",10950374.32,TL,BDDK Haftalık Bülten
2022-12-30,2022-12-30,2022-12-30,False,2022,12,30,470,Aralık/30 (52. Hafta),294,Bilanço Dışı İşlemler,2,Taahhütler (3+4),TP,"4.005.060,32",4005060.32,TL,BDDK Haftalık Bülten
2022-12-30,2022-12-30,2022-12-30,False,2022,12,30,470,Aralık/30 (52. Hafta),294,Bilanço Dışı İşlemler,2,Taahhütler (3+4),YP,"6.945.314,00",6945314.0,TL,BDDK Haftalık Bülten
2022-12-30,2022-12-30,2022-12-30,False,2022,12,30,470,Aralık/30 (52. Hafta),294,Bilanço Dışı İşlemler,3,a) Türev Finansal Araçlar,TOPLAM,"8.416.035,69",8416035.69,TL,BDDK Haftalık Bülten
2022-12-30,2022-12-30,2022-12-30,False,2022,12,30,470,Aralık/30 (52. Hafta),294,Bilanço Dışı İşlemler,3,a) Türev Finansal Araçlar,TP,"2.143.154,98",2143154.98,TL,BDDK Haftalık Bülten
2022-12-30,2022-12-30,2022-12-30,False,2022,12,30,470,Aralık/30 (52. Hafta),294,Bilanço Dışı İşlemler,3,a) Türev Finansal Araçlar,YP,"6.272.880,71",6272880.71,TL,BDDK Haftalık Bülten
2022-12-30,2022-12-30,2022-12-30,False,2022,12,30,470,Aralık/30 (52. Hafta),294,Bilanço Dışı İşlemler,4,b) Diğer,TOPLAM,"2.534.338,62",2534338.62,TL,BDDK Haftalık Bülten
2022-12-30,2022-12-30,2022-12-30,False,2022,12,30,470,Aralık/30 (52. Hafta),294,Bilanço Dışı İşlemler,4,b) Diğer,TP,"1.861.905,34",1861905.34,TL,BDDK Haftalık Bülten
2022-12-30,2022-12-30,2022-12-30,False,2022,12,30,470,Aralık/30 (52. Hafta),294,Bilanço Dışı İşlemler,4,b) Diğer,YP,"672.433,29",672433.29,TL,BDDK Haftalık Bülten
2023-01-06,2023-01-06,2023-01-06,False,2023,1,6,471,Ocak/06 (1. Hafta),294,Bilanço Dışı İşlemler,1,Gayrinakdi Kredi ve Yükümlülükler,TOPLAM,"2.527.335,22",2527335.22,TL,BDDK Haftalık Bülten
2023-01-06,2023-01-06,2023-01-06,False,2023,1,6,471,Ocak/06 (1. Hafta),294,Bilanço Dışı İşlemler,1,Gayrinakdi Kredi ve Yükümlülükler,TP,"1.190.012,47",1190012.47,TL,BDDK Haftalık Bülten
2023-01-06,2023-01-06,2023-01-06,False,2023,1,6,471,Ocak/06 (1. Hafta),294,Bilanço Dışı İşlemler,1,Gayrinakdi Kredi ve Yükümlülükler,YP,"1.337.322,75",1337322.75,TL,BDDK Haftalık Bülten
2023-01-06,2023-01-06,2023-01-06,False,2023,1,6,471,Ocak/06 (1. Hafta),294,Bilanço Dışı İşlemler,2,Taahhütler (3+4),TOPLAM,"11.367.083,37",11367083.37,TL,BDDK Haftalık Bülten
2023-01-06,2023-01-06,2023-01-06,False,2023,1,6,471,Ocak/06 (1. Hafta),294,Bilanço Dışı İşlemler,2,Taahhütler (3+4),TP,"4.227.420,64",4227420.64,TL,BDDK Haftalık Bülten
2023-01-06,2023-01-06,2023-01-06,False,2023,1,6,471,Ocak/06 (1. Hafta),294,Bilanço Dışı İşlemler,2,Taahhütler (3+4),YP,"7.139.662,73",7139662.73,TL,BDDK Haftalık Bülten
2023-01-06,2023-01-06,2023-01-06,False,2023,1,6,471,Ocak/06 (1. Hafta),294,Bilanço Dışı İşlemler,3,a) Türev Finansal Araçlar,TOPLAM,"8.462.997,19",8462997.19,TL,BDDK Haftalık Bülten
2023-01-06,2023-01-06,2023-01-06,False,2023,1,6,471,Ocak/06 (1. Hafta),294,Bilanço Dışı İşlemler,3,a) Türev Finansal Araçlar,TP,"2.166.666,85",2166666.85,TL,BDDK Haftalık Bülten
2023-01-06,2023-01-06,2023-01-06,False,2023,1,6,471,Ocak/06 (1. Hafta),294,Bilanço Dışı İşlemler,3,a) Türev Finansal Araçlar,YP,"6.296.330,33",6296330.33,TL,BDDK Haftalık Bülten
2023-01-06,2023-01-06,2023-01-06,False,2023,1,6,471,Ocak/06 (1. Hafta),294,Bilanço Dışı İşlemler,4,b) Diğer,TOPLAM,"2.904.086,19",2904086.19,TL,BDDK Haftalık Bülten
2023-01-06,2023-01-06,2023-01-06,False,2023,1,6,471,Ocak/06 (1. Hafta),294,Bilanço Dışı İşlemler,4,b) Diğer,TP,"2.060.753,79",2060753.79,TL,BDDK Haftalık Bülten
2023-01-06,2023-01-06,2023-01-06,False,2023,1,6,471,Ocak/06 (1. Hafta),294,Bilanço Dışı İşlemler,4,b) Diğer,YP,"843.332,40",843332.4,TL,BDDK Haftalık Bülten
2023-01-13,2023-01-13,2023-01-13,False,2023,1,13,472,Ocak/13 (2. Hafta),294,Bilanço Dışı İşlemler,1,Gayrinakdi Kredi ve Yükümlülükler,TOPLAM,"2.573.318,34",2573318.34,TL,BDDK Haftalık Bülten
2023-01-13,2023-01-13,2023-01-13,False,2023,1,13,472,Ocak/13 (2. Hafta),294,Bilanço Dışı İşlemler,1,Gayrinakdi Kredi ve Yükümlülükler,TP,"1.209.125,70",1209125.7,TL,BDDK Haftalık Bülten
2023-01-13,2023-01-13,2023-01-13,False,2023,1,13,472,Ocak/13 (2. Hafta),294,Bilanço Dışı İşlemler,1,Gayrinakdi Kredi ve Yükümlülükler,YP,"1.364.192,64",1364192.64,TL,BDDK Haftalık Bülten
2023-01-13,2023-01-13,2023-01-13,False,2023,1,13,472,Ocak/13 (2. Hafta),294,Bilanço Dışı İşlemler,2,Taahhütler (3+4),TOPLAM,"11.413.950,77",11413950.77,TL,BDDK Haftalık Bülten
2023-01-13,2023-01-13,2023-01-13,False,2023,1,13,472,Ocak/13 (2. Hafta),294,Bilanço Dışı İşlemler,2,Taahhütler (3+4),TP,"4.227.418,40",4227418.4,TL,BDDK Haftalık Bülten
2023-01-13,2023-01-13,2023-01-13,False,2023,1,13,472,Ocak/13 (2. Hafta),294,Bilanço Dışı İşlemler,2,Taahhütler (3+4),YP,"7.186.532,37",7186532.37,TL,BDDK Haftalık Bülten
2023-01-13,2023-01-13,2023-01-13,False,2023,1,13,472,Ocak/13 (2. Hafta),294,Bilanço Dışı İşlemler,3,a) Türev Finansal Araçlar,TOPLAM,"8.507.860,87",8507860.87,TL,BDDK Haftalık Bülten
2023-01-13,2023-01-13,2023-01-13,False,2023,1,13,472,Ocak/13 (2. Hafta),294,Bilanço Dışı İşlemler,3,a) Türev Finansal Araçlar,TP,"2.150.446,94",2150446.94,TL,BDDK Haftalık Bülten
2023-01-13,2023-01-13,2023-01-13,False,2023,1,13,472,Ocak/13 (2. Hafta),294,Bilanço Dışı İşlemler,3,a) Türev Finansal Araçlar,YP,"6.357.413,93",6357413.93,TL,BDDK Haftalık Bülten
2023-01-13,2023-01-13,2023-01-13,False,2023,1,13,472,Ocak/13 (2. Hafta),294,Bilanço Dışı İşlemler,4,b) Diğer,TOPLAM,"2.906.089,91",2906089.91,TL,BDDK Haftalık Bülten
2023-01-13,2023-01-13,2023-01-13,False,2023,1,13,472,Ocak/13 (2. Hafta),294,Bilanço Dışı İşlemler,4,b) Diğer,TP,"2.076.971,46",2076971.46,TL,BDDK Haftalık Bülten
2023-01-13,2023-01-13,2023-01-13,False,2023,1,13,472,Ocak/13 (2. Hafta),294,Bilanço Dışı İşlemler,4,b) Diğer,YP,"829.118,45",829118.45,TL,BDDK Haftalık Bülten
2023-01-20,2023-01-20,2023-01-20,False,2023,1,20,473,Ocak/20 (3. Hafta),294,Bilanço Dışı İşlemler,1,Gayrinakdi Kredi ve Yükümlülükler,TOPLAM,"2.607.536,36",2607536.36,TL,BDDK Haftalık Bülten
2023-01-20,2023-01-20,2023-01-20,False,2023,1,20,473,Ocak/20 (3. Hafta),294,Bilanço Dışı İşlemler,1,Gayrinakdi Kredi ve Yükümlülükler,TP,"1.235.626,66",1235626.66,TL,BDDK Haftalık Bülten
2023-01-20,2023-01-20,2023-01-20,False,2023,1,20,473,Ocak/20 (3. Hafta),294,Bilanço Dışı İşlemler,1,Gayrinakdi Kredi ve Yükümlülükler,YP,"1.371.909,70",1371909.7,TL,BDDK Haftalık Bülten
2023-01-20,2023-01-20,2023-01-20,False,2023,1,20,473,Ocak/20 (3. Hafta),294,Bilanço Dışı İşlemler,2,Taahhütler (3+4),TOPLAM,"11.749.742,45",11749742.45,TL,BDDK Haftalık Bülten
2023-01-20,2023-01-20,2023-01-20,False,2023,1,20,473,Ocak/20 (3. Hafta),294,Bilanço Dışı İşlemler,2,Taahhütler (3+4),TP,"4.420.094,83",4420094.83,TL,BDDK Haftalık Bülten
2023-01-20,2023-01-20,2023-01-20,False,2023,1,20,473,Ocak/20 (3. Hafta),294,Bilanço Dışı İşlemler,2,Taahhütler (3+4),YP,"7.329.647,62",7329647.62,TL,BDDK Haftalık Bülten
2023-01-20,2023-01-20,2023-01-20,False,2023,1,20,473,Ocak/20 (3. Hafta),294,Bilanço Dışı İşlemler,3,a) Türev Finansal Araçlar,TOPLAM,"8.645.645,59",8645645.59,TL,BDDK Haftalık Bülten
2023-01-20,2023-01-20,2023-01-20,False,2023,1,20,473,Ocak/20 (3. Hafta),294,Bilanço Dışı İşlemler,3,a) Türev Finansal Araçlar,TP,"2.223.880,15",2223880.15,TL,BDDK Haftalık Bülten
2023-01-20,2023-01-20,2023-01-20,False,2023,1,20,473,Ocak/20 (3. Hafta),294,Bilanço Dışı İşlemler,3,a) Türev Finansal Araçlar,YP,"6.421.765,44",6421765.44,TL,BDDK Haftalık Bülten
2023-01-20,2023-01-20,2023-01-20,False,2023,1,20,473,Ocak/20 (3. Hafta),294,Bilanço Dışı İşlemler,4,b) Diğer,TOPLAM,"3.104.096,86",3104096.86,TL,BDDK Haftalık Bülten
2023-01-20,2023-01-20,2023-01-20,False,2023,1,20,473,Ocak/20 (3. Hafta),294,Bilanço Dışı İşlemler,4,b) Diğer,TP,"2.196.214,68",2196214.68,TL,BDDK Haftalık Bülten
2023-01-20,2023-01-20,2023-01-20,False,2023,1,20,473,Ocak/20 (3. Hafta),294,Bilanço Dışı İşlemler,4,b) Diğer,YP,"907.882,18",907882.18,TL,BDDK Haftalık Bülten
2023-01-27,2023-01-27,2023-01-27,False,2023,1,27,474,Ocak/27 (4. Hafta),294,Bilanço Dışı İşlemler,1,Gayrinakdi Kredi ve Yükümlülükler,TOPLAM,"2.628.201,81",2628201.81,TL,BDDK Haftalık Bülten
2023-01-27,2023-01-27,2023-01-27,False,2023,1,27,474,Ocak/27 (4. Hafta),294,Bilanço Dışı İşlemler,1,Gayrinakdi Kredi ve Yükümlülükler,TP,"1.250.009,81",1250009.81,TL,BDDK Haftalık Bülten
2023-01-27,2023-01-27,2023-01-27,False,2023,1,27,474,Ocak/27 (4. Hafta),294,Bilanço Dışı İşlemler,1,Gayrinakdi Kredi ve Yükümlülükler,YP,"1.378.192,00",1378192.0,TL,BDDK Haftalık Bülten
2023-01-27,2023-01-27,2023-01-27,False,2023,1,27,474,Ocak/27 (4. Hafta),294,Bilanço Dışı İşlemler,2,Taahhütler (3+4),TOPLAM,"11.539.431,96",11539431.96,TL,BDDK Haftalık Bülten
2023-01-27,2023-01-27,2023-01-27,False,2023,1,27,474,Ocak/27 (4. Hafta),294,Bilanço Dışı İşlemler,2,Taahhütler (3+4),TP,"4.358.478,19",4358478.19,TL,BDDK Haftalık Bülten
2023-01-27,2023-01-27,2023-01-27,False,2023,1,27,474,Ocak/27 (4. Hafta),294,Bilanço Dışı İşlemler,2,Taahhütler (3+4),YP,"7.180.953,77",7180953.77,TL,BDDK Haftalık Bülten
2023-01-27,2023-01-27,2023-01-27,False,2023,1,27,474,Ocak/27 (4. Hafta),294,Bilanço Dışı İşlemler,3,a) Türev Finansal Araçlar,TOPLAM,"8.514.307,02",8514307.02,TL,BDDK Haftalık Bülten
2023-01-27,2023-01-27,2023-01-27,False,2023,1,27,474,Ocak/27 (4. Hafta),294,Bilanço Dışı İşlemler,3,a) Türev Finansal Araçlar,TP,"2.176.827,38",2176827.38,TL,BDDK Haftalık Bülten
2023-01-27,2023-01-27,2023-01-27,False,2023,1,27,474,Ocak/27 (4. Hafta),294,Bilanço Dışı İşlemler,3,a) Türev Finansal Araçlar,YP,"6.337.479,64",6337479.64,TL,BDDK Haftalık Bülten
2023-01-27,2023-01-27,2023-01-27,False,2023,1,27,474,Ocak/27 (4. Hafta),294,Bilanço Dışı İşlemler,4,b) Diğer,TOPLAM,"3.025.124,94",3025124.94,TL,BDDK Haftalık Bülten
2023-01-27,2023-01-27,2023-01-27,False,2023,1,27,474,Ocak/27 (4. Hafta),294,Bilanço Dışı İşlemler,4,b) Diğer,TP,"2.181.650,81",2181650.81,TL,BDDK Haftalık Bülten
2023-01-27,2023-01-27,2023-01-27,False,2023,1,27,474,Ocak/27 (4. Hafta),294,Bilanço Dışı İşlemler,4,b) Diğer,YP,"843.474,13",843474.13,TL,BDDK Haftalık Bülten
2023-02-03,2023-02-03,2023-02-03,False,2023,2,3,475,Şubat/03 (5. Hafta),294,Bilanço Dışı İşlemler,1,Gayrinakdi Kredi ve Yükümlülükler,TOPLAM,"2.645.525,67",2645525.67,TL,BDDK Haftalık Bülten
2023-02-03,2023-02-03,2023-02-03,False,2023,2,3,475,Şubat/03 (5. Hafta),294,Bilanço Dışı İşlemler,1,Gayrinakdi Kredi ve Yükümlülükler,TP,"1.259.731,28",1259731.28,TL,BDDK Haftalık Bülten
2023-02-03,2023-02-03,2023-02-03,False,2023,2,3,475,Şubat/03 (5. Hafta),294,Bilanço Dışı İşlemler,1,Gayrinakdi Kredi ve Yükümlülükler,YP,"1.385.794,39",1385794.39,TL,BDDK Haftalık Bülten
2023-02-03,2023-02-03,2023-02-03,False,2023,2,3,475,Şubat/03 (5. Hafta),294,Bilanço Dışı İşlemler,2,Taahhütler (3+4),TOPLAM,"11.497.657,21",11497657.21,TL,BDDK Haftalık Bülten
2023-02-03,2023-02-03,2023-02-03,False,2023,2,3,475,Şubat/03 (5. Hafta),294,Bilanço Dışı İşlemler,2,Taahhütler (3+4),TP,"4.400.905,18",4400905.18,TL,BDDK Haftalık Bülten
2023-02-03,2023-02-03,2023-02-03,False,2023,2,3,475,Şubat/03 (5. Hafta),294,Bilanço Dışı İşlemler,2,Taahhütler (3+4),YP,"7.096.752,03",7096752.03,TL,BDDK Haftalık Bülten
2023-02-03,2023-02-03,2023-02-03,False,2023,2,3,475,Şubat/03 (5. Hafta),294,Bilanço Dışı İşlemler,3,a) Türev Finansal Araçlar,TOPLAM,"8.376.409,20",8376409.2,TL,BDDK Haftalık Bülten
2023-02-03,2023-02-03,2023-02-03,False,2023,2,3,475,Şubat/03 (5. Hafta),294,Bilanço Dışı İşlemler,3,a) Türev Finansal Araçlar,TP,"2.120.336,79",2120336.79,TL,BDDK Haftalık Bülten
2023-02-03,2023-02-03,2023-02-03,False,2023,2,3,475,Şubat/03 (5. Hafta),294,Bilanço Dışı İşlemler,3,a) Türev Finansal Araçlar,YP,"6.256.072,41",6256072.41,TL,BDDK Haftalık Bülten
2023-02-03,2023-02-03,2023-02-03,False,2023,2,3,475,Şubat/03 (5. Hafta),294,Bilanço Dışı İşlemler,4,b) Diğer,TOPLAM,"3.121.248,02",3121248.02,TL,BDDK Haftalık Bülten
2023-02-03,2023-02-03,2023-02-03,False,2023,2,3,475,Şubat/03 (5. Hafta),294,Bilanço Dışı İşlemler,4,b) Diğer,TP,"2.280.568,40",2280568.4,TL,BDDK Haftalık Bülten
2023-02-03,2023-02-03,2023-02-03,False,2023,2,3,475,Şubat/03 (5. Hafta),294,Bilanço Dışı İşlemler,4,b) Diğer,YP,"840.679,62",840679.62,TL,BDDK Haftalık Bülten
2023-02-10,2023-02-10,2023-02-10,False,2023,2,10,476,Şubat/10 (6. Hafta),294,Bilanço Dışı İşlemler,1,Gayrinakdi Kredi ve Yükümlülükler,TOPLAM,"2.653.263,08",2653263.08,TL,BDDK Haftalık Bülten
2023-02-10,2023-02-10,2023-02-10,False,2023,2,10,476,Şubat/10 (6. Hafta),294,Bilanço Dışı İşlemler,1,Gayrinakdi Kredi ve Yükümlülükler,TP,"1.274.652,80",1274652.8,TL,BDDK Haftalık Bülten
2023-02-10,2023-02-10,2023-02-10,False,2023,2,10,476,Şubat/10 (6. Hafta),294,Bilanço Dışı İşlemler,1,Gayrinakdi Kredi ve Yükümlülükler,YP,"1.378.610,27",1378610.27,TL,BDDK Haftalık Bülten
2023-02-10,2023-02-10,2023-02-10,False,2023,2,10,476,Şubat/10 (6. Hafta),294,Bilanço Dışı İşlemler,2,Taahhütler (3+4),TOPLAM,"11.323.361,97",11323361.97,TL,BDDK Haftalık Bülten
2023-02-10,2023-02-10,2023-02-10,False,2023,2,10,476,Şubat/10 (6. Hafta),294,Bilanço Dışı İşlemler,2,Taahhütler (3+4),TP,"4.346.905,88",4346905.88,TL,BDDK Haftalık Bülten
2023-02-10,2023-02-10,2023-02-10,False,2023,2,10,476,Şubat/10 (6. Hafta),294,Bilanço Dışı İşlemler,2,Taahhütler (3+4),YP,"6.976.456,09",6976456.09,TL,BDDK Haftalık Bülten
2023-02-10,2023-02-10,2023-02-10,False,2023,2,10,476,Şubat/10 (6. Hafta),294,Bilanço Dışı İşlemler,3,a) Türev Finansal Araçlar,TOPLAM,"8.241.048,61",8241048.61,TL,BDDK Haftalık Bülten
2023-02-10,2023-02-10,2023-02-10,False,2023,2,10,476,Şubat/10 (6. Hafta),294,Bilanço Dışı İşlemler,3,a) Türev Finansal Araçlar,TP,"2.062.133,93",2062133.93,TL,BDDK Haftalık Bülten
2023-02-10,2023-02-10,2023-02-10,False,2023,2,10,476,Şubat/10 (6. Hafta),294,Bilanço Dışı İşlemler,3,a) Türev Finansal Araçlar,YP,"6.178.914,67",6178914.67,TL,BDDK Haftalık Bülten
2023-02-10,2023-02-10,2023-02-10,False,2023,2,10,476,Şubat/10 (6. Hafta),294,Bilanço Dışı İşlemler,4,b) Diğer,TOPLAM,"3.082.313,36",3082313.36,TL,BDDK Haftalık Bülten
2023-02-10,2023-02-10,2023-02-10,False,2023,2,10,476,Şubat/10 (6. Hafta),294,Bilanço Dışı İşlemler,4,b) Diğer,TP,"2.284.771,95",2284771.95,TL,BDDK Haftalık Bülten
2023-02-10,2023-02-10,2023-02-10,False,2023,2,10,476,Şubat/10 (6. Hafta),294,Bilanço Dışı İşlemler,4,b) Diğer,YP,"797.541,42",797541.42,TL,BDDK Haftalık Bülten
2023-02-17,2023-02-17,2023-02-17,False,2023,2,17,477,Şubat/17 (7. Hafta),294,Bilanço Dışı İşlemler,1,Gayrinakdi Kredi ve Yükümlülükler,TOPLAM,"2.691.021,70",2691021.7,TL,BDDK Haftalık Bülten
2023-02-17,2023-02-17,2023-02-17,False,2023,2,17,477,Şubat/17 (7. Hafta),294,Bilanço Dışı İşlemler,1,Gayrinakdi Kredi ve Yükümlülükler,TP,"1.311.417,82",1311417.82,TL,BDDK Haftalık Bülten
2023-02-17,2023-02-17,2023-02-17,False,2023,2,17,477,Şubat/17 (7. Hafta),294,Bilanço Dışı İşlemler,1,Gayrinakdi Kredi ve Yükümlülükler,YP,"1.379.603,88",1379603.88,TL,BDDK Haftalık Bülten
2023-02-17,2023-02-17,2023-02-17,False,2023,2,17,477,Şubat/17 (7. Hafta),294,Bilanço Dışı İşlemler,2,Taahhütler (3+4),TOPLAM,"11.188.683,05",11188683.05,TL,BDDK Haftalık Bülten
2023-02-17,2023-02-17,2023-02-17,False,2023,2,17,477,Şubat/17 (7. Hafta),294,Bilanço Dışı İşlemler,2,Taahhütler (3+4),TP,"4.361.133,05",4361133.05,TL,BDDK Haftalık Bülten
2023-02-17,2023-02-17,2023-02-17,False,2023,2,17,477,Şubat/17 (7. Hafta),294,Bilanço Dışı İşlemler,2,Taahhütler (3+4),YP,"6.827.549,99",6827549.99,TL,BDDK Haftalık Bülten
2023-02-17,2023-02-17,2023-02-17,False,2023,2,17,477,Şubat/17 (7. Hafta),294,Bilanço Dışı İşlemler,3,a) Türev Finansal Araçlar,TOPLAM,"8.006.753,83",8006753.83,TL,BDDK Haftalık Bülten
2023-02-17,2023-02-17,2023-02-17,False,2023,2,17,477,Şubat/17 (7. Hafta),294,Bilanço Dışı İşlemler,3,a) Türev Finansal Araçlar,TP,"1.955.680,18",1955680.18,TL,BDDK Haftalık Bülten
2023-02-17,2023-02-17,2023-02-17,False,2023,2,17,477,Şubat/17 (7. Hafta),294,Bilanço Dışı İşlemler,3,a) Türev Finansal Araçlar,YP,"6.051.073,66",6051073.66,TL,BDDK Haftalık Bülten
2023-02-17,2023-02-17,2023-02-17,False,2023,2,17,477,Şubat/17 (7. Hafta),294,Bilanço Dışı İşlemler,4,b) Diğer,TOPLAM,"3.181.929,21",3181929.21,TL,BDDK Haftalık Bülten
2023-02-17,2023-02-17,2023-02-17,False,2023,2,17,477,Şubat/17 (7. Hafta),294,Bilanço Dışı İşlemler,4,b) Diğer,TP,"2.405.452,88",2405452.88,TL,BDDK Haftalık Bülten
2023-02-17,2023-02-17,2023-02-17,False,2023,2,17,477,Şubat/17 (7. Hafta),294,Bilanço Dışı İşlemler,4,b) Diğer,YP,"776.476,34",776476.34,TL,BDDK Haftalık Bülten
2023-02-24,2023-02-24,2023-02-24,False,2023,2,24,478,Şubat/24 (8. Hafta),294,Bilanço Dışı İşlemler,1,Gayrinakdi Kredi ve Yükümlülükler,TOPLAM,"2.707.967,52",2707967.52,TL,BDDK Haftalık Bülten
2023-02-24,2023-02-24,2023-02-24,False,2023,2,24,478,Şubat/24 (8. Hafta),294,Bilanço Dışı İşlemler,1,Gayrinakdi Kredi ve Yükümlülükler,TP,"1.331.751,95",1331751.95,TL,BDDK Haftalık Bülten
2023-02-24,2023-02-24,2023-02-24,False,2023,2,24,478,Şubat/24 (8. Hafta),294,Bilanço Dışı İşlemler,1,Gayrinakdi Kredi ve Yükümlülükler,YP,"1.376.215,57",1376215.57,TL,BDDK Haftalık Bülten
2023-02-24,2023-02-24,2023-02-24,False,2023,2,24,478,Şubat/24 (8. Hafta),294,Bilanço Dışı İşlemler,2,Taahhütler (3+4),TOPLAM,"11.209.060,35",11209060.35,TL,BDDK Haftalık Bülten
2023-02-24,2023-02-24,2023-02-24,False,2023,2,24,478,Şubat/24 (8. Hafta),294,Bilanço Dışı İşlemler,2,Taahhütler (3+4),TP,"4.384.353,99",4384353.99,TL,BDDK Haftalık Bülten
2023-02-24,2023-02-24,2023-02-24,False,2023,2,24,478,Şubat/24 (8. Hafta),294,Bilanço Dışı İşlemler,2,Taahhütler (3+4),YP,"6.824.706,36",6824706.36,TL,BDDK Haftalık Bülten
2023-02-24,2023-02-24,2023-02-24,False,2023,2,24,478,Şubat/24 (8. Hafta),294,Bilanço Dışı İşlemler,3,a) Türev Finansal Araçlar,TOPLAM,"7.935.609,83",7935609.83,TL,BDDK Haftalık Bülten
2023-02-24,2023-02-24,2023-02-24,False,2023,2,24,478,Şubat/24 (8. Hafta),294,Bilanço Dışı İşlemler,3,a) Türev Finansal Araçlar,TP,"1.918.244,06",1918244.06,TL,BDDK Haftalık Bülten
2023-02-24,2023-02-24,2023-02-24,False,2023,2,24,478,Şubat/24 (8. Hafta),294,Bilanço Dışı İşlemler,3,a) Türev Finansal Araçlar,YP,"6.017.365,76",6017365.76,TL,BDDK Haftalık Bülten
2023-02-24,2023-02-24,2023-02-24,False,2023,2,24,478,Şubat/24 (8. Hafta),294,Bilanço Dışı İşlemler,4,b) Diğer,TOPLAM,"3.273.450,52",3273450.52,TL,BDDK Haftalık Bülten
2023-02-24,2023-02-24,2023-02-24,False,2023,2,24,478,Şubat/24 (8. Hafta),294,Bilanço Dışı İşlemler,4,b) Diğer,TP,"2.466.109,92",2466109.92,TL,BDDK Haftalık Bülten
2023-02-24,2023-02-24,2023-02-24,False,2023,2,24,478,Şubat/24 (8. Hafta),294,Bilanço Dışı İşlemler,4,b) Diğer,YP,"807.340,60",807340.6,TL,BDDK Haftalık Bülten
2023-03-03,2023-03-03,2023-03-03,False,2023,3,3,479,Mart/03 (9. Hafta),294,Bilanço Dışı İşlemler,1,Gayrinakdi Kredi ve Yükümlülükler,TOPLAM,"2.734.191,07",2734191.07,TL,BDDK Haftalık Bülten
2023-03-03,2023-03-03,2023-03-03,False,2023,3,3,479,Mart/03 (9. Hafta),294,Bilanço Dışı İşlemler,1,Gayrinakdi Kredi ve Yükümlülükler,TP,"1.362.288,52",1362288.52,TL,BDDK Haftalık Bülten
2023-03-03,2023-03-03,2023-03-03,False,2023,3,3,479,Mart/03 (9. Hafta),294,Bilanço Dışı İşlemler,1,Gayrinakdi Kredi ve Yükümlülükler,YP,"1.371.902,55",1371902.55,TL,BDDK Haftalık Bülten
2023-03-03,2023-03-03,2023-03-03,False,2023,3,3,479,Mart/03 (9. Hafta),294,Bilanço Dışı İşlemler,2,Taahhütler (3+4),TOPLAM,"11.200.525,29",11200525.29,TL,BDDK Haftalık Bülten
2023-03-03,2023-03-03,2023-03-03,False,2023,3,3,479,Mart/03 (9. Hafta),294,Bilanço Dışı İşlemler,2,Taahhütler (3+4),TP,"4.408.875,80",4408875.8,TL,BDDK Haftalık Bülten
2023-03-03,2023-03-03,2023-03-03,False,2023,3,3,479,Mart/03 (9. Hafta),294,Bilanço Dışı İşlemler,2,Taahhütler (3+4),YP,"6.791.649,49",6791649.49,TL,BDDK Haftalık Bülten
2023-03-03,2023-03-03,2023-03-03,False,2023,3,3,479,Mart/03 (9. Hafta),294,Bilanço Dışı İşlemler,3,a) Türev Finansal Araçlar,TOPLAM,"7.912.508,33",7912508.33,TL,BDDK Haftalık Bülten
2023-03-03,2023-03-03,2023-03-03,False,2023,3,3,479,Mart/03 (9. Hafta),294,Bilanço Dışı İşlemler,3,a) Türev Finansal Araçlar,TP,"1.899.202,15",1899202.15,TL,BDDK Haftalık Bülten
2023-03-03,2023-03-03,2023-03-03,False,2023,3,3,479,Mart/03 (9. Hafta),294,Bilanço Dışı İşlemler,3,a) Türev Finansal Araçlar,YP,"6.013.306,18",6013306.18,TL,BDDK Haftalık Bülten
2023-03-03,2023-03-03,2023-03-03,False,2023,3,3,479,Mart/03 (9. Hafta),294,Bilanço Dışı İşlemler,4,b) Diğer,TOPLAM,"3.288.016,96",3288016.96,TL,BDDK Haftalık Bülten
2023-03-03,2023-03-03,2023-03-03,False,2023,3,3,479,Mart/03 (9. Hafta),294,Bilanço Dışı İşlemler,4,b) Diğer,TP,"2.509.673,65",2509673.65,TL,BDDK Haftalık Bülten
2023-03-03,2023-03-03,2023-03-03,False,2023,3,3,479,Mart/03 (9. Hafta),294,Bilanço Dışı İşlemler,4,b) Diğer,YP,"778.343,31",778343.31,TL,BDDK Haftalık Bülten
2023-03-10,2023-03-10,2023-03-10,False,2023,3,10,480,Mart/10 (10. Hafta),294,Bilanço Dışı İşlemler,1,Gayrinakdi Kredi ve Yükümlülükler,TOPLAM,"2.768.773,65",2768773.65,TL,BDDK Haftalık Bülten
2023-03-10,2023-03-10,2023-03-10,False,2023,3,10,480,Mart/10 (10. Hafta),294,Bilanço Dışı İşlemler,1,Gayrinakdi Kredi ve Yükümlülükler,TP,"1.390.131,81",1390131.81,TL,BDDK Haftalık Bülten
2023-03-10,2023-03-10,2023-03-10,False,2023,3,10,480,Mart/10 (10. Hafta),294,Bilanço Dışı İşlemler,1,Gayrinakdi Kredi ve Yükümlülükler,YP,"1.378.641,84",1378641.84,TL,BDDK Haftalık Bülten
2023-03-10,2023-03-10,2023-03-10,False,2023,3,10,480,Mart/10 (10. Hafta),294,Bilanço Dışı İşlemler,2,Taahhütler (3+4),TOPLAM,"11.318.399,43",11318399.43,TL,BDDK Haftalık Bülten
2023-03-10,2023-03-10,2023-03-10,False,2023,3,10,480,Mart/10 (10. Hafta),294,Bilanço Dışı İşlemler,2,Taahhütler (3+4),TP,"4.420.278,47",4420278.47,TL,BDDK Haftalık Bülten
2023-03-10,2023-03-10,2023-03-10,False,2023,3,10,480,Mart/10 (10. Hafta),294,Bilanço Dışı İşlemler,2,Taahhütler (3+4),YP,"6.898.120,96",6898120.96,TL,BDDK Haftalık Bülten
2023-03-10,2023-03-10,2023-03-10,False,2023,3,10,480,Mart/10 (10. Hafta),294,Bilanço Dışı İşlemler,3,a) Türev Finansal Araçlar,TOPLAM,"7.888.869,17",7888869.17,TL,BDDK Haftalık Bülten
2023-03-10,2023-03-10,2023-03-10,False,2023,3,10,480,Mart/10 (10. Hafta),294,Bilanço Dışı İşlemler,3,a) Türev Finansal Araçlar,TP,"1.866.029,80",1866029.8,TL,BDDK Haftalık Bülten
2023-03-10,2023-03-10,2023-03-10,False,2023,3,10,480,Mart/10 (10. Hafta),294,Bilanço Dışı İşlemler,3,a) Türev Finansal Araçlar,YP,"6.022.839,37",6022839.37,TL,BDDK Haftalık Bülten
2023-03-10,2023-03-10,2023-03-10,False,2023,3,10,480,Mart/10 (10. Hafta),294,Bilanço Dışı İşlemler,4,b) Diğer,TOPLAM,"3.429.530,26",3429530.26,TL,BDDK Haftalık Bülten
2023-03-10,2023-03-10,2023-03-10,False,2023,3,10,480,Mart/10 (10. Hafta),294,Bilanço Dışı İşlemler,4,b) Diğer,TP,"2.554.248,66",2554248.66,TL,BDDK Haftalık Bülten
2023-03-10,2023-03-10,2023-03-10,False,2023,3,10,480,Mart/10 (10. Hafta),294,Bilanço Dışı İşlemler,4,b) Diğer,YP,"875.281,60",875281.6,TL,BDDK Haftalık Bülten
2023-03-17,2023-03-17,2023-03-17,False,2023,3,17,481,Mart/17 (11. Hafta),294,Bilanço Dışı İşlemler,1,Gayrinakdi Kredi ve Yükümlülükler,TOPLAM,"2.727.388,59",2727388.59,TL,BDDK Haftalık Bülten
2023-03-17,2023-03-17,2023-03-17,False,2023,3,17,481,Mart/17 (11. Hafta),294,Bilanço Dışı İşlemler,1,Gayrinakdi Kredi ve Yükümlülükler,TP,"1.333.070,09",1333070.09,TL,BDDK Haftalık Bülten
2023-03-17,2023-03-17,2023-03-17,False,2023,3,17,481,Mart/17 (11. Hafta),294,Bilanço Dışı İşlemler,1,Gayrinakdi Kredi ve Yükümlülükler,YP,"1.394.318,50",1394318.5,TL,BDDK Haftalık Bülten
2023-03-17,2023-03-17,2023-03-17,False,2023,3,17,481,Mart/17 (11. Hafta),294,Bilanço Dışı İşlemler,2,Taahhütler (3+4),TOPLAM,"11.125.553,38",11125553.38,TL,BDDK Haftalık Bülten
2023-03-17,2023-03-17,2023-03-17,False,2023,3,17,481,Mart/17 (11. Hafta),294,Bilanço Dışı İşlemler,2,Taahhütler (3+4),TP,"4.304.332,05",4304332.05,TL,BDDK Haftalık Bülten
2023-03-17,2023-03-17,2023-03-17,False,2023,3,17,481,Mart/17 (11. Hafta),294,Bilanço Dışı İşlemler,2,Taahhütler (3+4),YP,"6.821.221,33",6821221.33,TL,BDDK Haftalık Bülten
2023-03-17,2023-03-17,2023-03-17,False,2023,3,17,481,Mart/17 (11. Hafta),294,Bilanço Dışı İşlemler,3,a) Türev Finansal Araçlar,TOPLAM,"7.762.334,15",7762334.15,TL,BDDK Haftalık Bülten
2023-03-17,2023-03-17,2023-03-17,False,2023,3,17,481,Mart/17 (11. Hafta),294,Bilanço Dışı İşlemler,3,a) Türev Finansal Araçlar,TP,"1.756.426,14",1756426.14,TL,BDDK Haftalık Bülten
2023-03-17,2023-03-17,2023-03-17,False,2023,3,17,481,Mart/17 (11. Hafta),294,Bilanço Dışı İşlemler,3,a) Türev Finansal Araçlar,YP,"6.005.908,01",6005908.01,TL,BDDK Haftalık Bülten
2023-03-17,2023-03-17,2023-03-17,False,2023,3,17,481,Mart/17 (11. Hafta),294,Bilanço Dışı İşlemler,4,b) Diğer,TOPLAM,"3.363.219,23",3363219.23,TL,BDDK Haftalık Bülten
2023-03-17,2023-03-17,2023-03-17,False,2023,3,17,481,Mart/17 (11. Hafta),294,Bilanço Dışı İşlemler,4,b) Diğer,TP,"2.547.905,90",2547905.9,TL,BDDK Haftalık Bülten
2023-03-17,2023-03-17,2023-03-17,False,2023,3,17,481,Mart/17 (11. Hafta),294,Bilanço Dışı İşlemler,4,b) Diğer,YP,"815.313,32",815313.32,TL,BDDK Haftalık Bülten
2023-03-24,2023-03-24,2023-03-24,False,2023,3,24,482,Mart/24 (12. Hafta),294,Bilanço Dışı İşlemler,1,Gayrinakdi Kredi ve Yükümlülükler,TOPLAM,"2.762.653,90",2762653.9,TL,BDDK Haftalık Bülten
2023-03-24,2023-03-24,2023-03-24,False,2023,3,24,482,Mart/24 (12. Hafta),294,Bilanço Dışı İşlemler,1,Gayrinakdi Kredi ve Yükümlülükler,TP,"1.353.342,82",1353342.82,TL,BDDK Haftalık Bülten
2023-03-24,2023-03-24,2023-03-24,False,2023,3,24,482,Mart/24 (12. Hafta),294,Bilanço Dışı İşlemler,1,Gayrinakdi Kredi ve Yükümlülükler,YP,"1.409.311,08",1409311.08,TL,BDDK Haftalık Bülten
2023-03-24,2023-03-24,2023-03-24,False,2023,3,24,482,Mart/24 (12. Hafta),294,Bilanço Dışı İşlemler,2,Taahhütler (3+4),TOPLAM,"11.267.013,50",11267013.5,TL,BDDK Haftalık Bülten
2023-03-24,2023-03-24,2023-03-24,False,2023,3,24,482,Mart/24 (12. Hafta),294,Bilanço Dışı İşlemler,2,Taahhütler (3+4),TP,"4.364.763,42",4364763.42,TL,BDDK Haftalık Bülten
2023-03-24,2023-03-24,2023-03-24,False,2023,3,24,482,Mart/24 (12. Hafta),294,Bilanço Dışı İşlemler,2,Taahhütler (3+4),YP,"6.902.250,08",6902250.08,TL,BDDK Haftalık Bülten
2023-03-24,2023-03-24,2023-03-24,False,2023,3,24,482,Mart/24 (12. Hafta),294,Bilanço Dışı İşlemler,3,a) Türev Finansal Araçlar,TOPLAM,"7.814.509,19",7814509.19,TL,BDDK Haftalık Bülten
2023-03-24,2023-03-24,2023-03-24,False,2023,3,24,482,Mart/24 (12. Hafta),294,Bilanço Dışı İşlemler,3,a) Türev Finansal Araçlar,TP,"1.779.216,84",1779216.84,TL,BDDK Haftalık Bülten
2023-03-24,2023-03-24,2023-03-24,False,2023,3,24,482,Mart/24 (12. Hafta),294,Bilanço Dışı İşlemler,3,a) Türev Finansal Araçlar,YP,"6.035.292,35",6035292.35,TL,BDDK Haftalık Bülten
2023-03-24,2023-03-24,2023-03-24,False,2023,3,24,482,Mart/24 (12. Hafta),294,Bilanço Dışı İşlemler,4,b) Diğer,TOPLAM,"3.452.504,31",3452504.31,TL,BDDK Haftalık Bülten
2023-03-24,2023-03-24,2023-03-24,False,2023,3,24,482,Mart/24 (12. Hafta),294,Bilanço Dışı İşlemler,4,b) Diğer,TP,"2.585.546,58",2585546.58,TL,BDDK Haftalık Bülten
2023-03-24,2023-03-24,2023-03-24,False,2023,3,24,482,Mart/24 (12. Hafta),294,Bilanço Dışı İşlemler,4,b) Diğer,YP,"866.957,73",866957.73,TL,BDDK Haftalık Bülten
2023-03-31,2023-03-31,2023-03-31,False,2023,3,31,483,Mart/31 (13. Hafta),294,Bilanço Dışı İşlemler,1,Gayrinakdi Kredi ve Yükümlülükler,TOPLAM,"2.797.449,34",2797449.34,TL,BDDK Haftalık Bülten
2023-03-31,2023-03-31,2023-03-31,False,2023,3,31,483,Mart/31 (13. Hafta),294,Bilanço Dışı İşlemler,1,Gayrinakdi Kredi ve Yükümlülükler,TP,"1.378.414,62",1378414.62,TL,BDDK Haftalık Bülten
2023-03-31,2023-03-31,2023-03-31,False,2023,3,31,483,Mart/31 (13. Hafta),294,Bilanço Dışı İşlemler,1,Gayrinakdi Kredi ve Yükümlülükler,YP,"1.419.034,73",1419034.73,TL,BDDK Haftalık Bülten
2023-03-31,2023-03-31,2023-03-31,False,2023,3,31,483,Mart/31 (13. Hafta),294,Bilanço Dışı İşlemler,2,Taahhütler (3+4),TOPLAM,"11.428.493,38",11428493.38,TL,BDDK Haftalık Bülten
2023-03-31,2023-03-31,2023-03-31,False,2023,3,31,483,Mart/31 (13. Hafta),294,Bilanço Dışı İşlemler,2,Taahhütler (3+4),TP,"4.417.688,59",4417688.59,TL,BDDK Haftalık Bülten
2023-03-31,2023-03-31,2023-03-31,False,2023,3,31,483,Mart/31 (13. Hafta),294,Bilanço Dışı İşlemler,2,Taahhütler (3+4),YP,"7.010.804,79",7010804.79,TL,BDDK Haftalık Bülten
2023-03-31,2023-03-31,2023-03-31,False,2023,3,31,483,Mart/31 (13. Hafta),294,Bilanço Dışı İşlemler,3,a) Türev Finansal Araçlar,TOPLAM,"7.896.858,85",7896858.85,TL,BDDK Haftalık Bülten
2023-03-31,2023-03-31,2023-03-31,False,2023,3,31,483,Mart/31 (13. Hafta),294,Bilanço Dışı İşlemler,3,a) Türev Finansal Araçlar,TP,"1.786.245,96",1786245.96,TL,BDDK Haftalık Bülten
2023-03-31,2023-03-31,2023-03-31,False,2023,3,31,483,Mart/31 (13. Hafta),294,Bilanço Dışı İşlemler,3,a) Türev Finansal Araçlar,YP,"6.110.612,89",6110612.89,TL,BDDK Haftalık Bülten
2023-03-31,2023-03-31,2023-03-31,False,2023,3,31,483,Mart/31 (13. Hafta),294,Bilanço Dışı İşlemler,4,b) Diğer,TOPLAM,"3.531.634,52",3531634.52,TL,BDDK Haftalık Bülten
2023-03-31,2023-03-31,2023-03-31,False,2023,3,31,483,Mart/31 (13. Hafta),294,Bilanço Dışı İşlemler,4,b) Diğer,TP,"2.631.442,62",2631442.62,TL,BDDK Haftalık Bülten
2023-03-31,2023-03-31,2023-03-31,False,2023,3,31,483,Mart/31 (13. Hafta),294,Bilanço Dışı İşlemler,4,b) Diğer,YP,"900.191,90",900191.9,TL,BDDK Haftalık Bülten
2023-04-07,2023-04-07,2023-04-07,False,2023,4,7,484,Nisan/07 (14. Hafta),294,Bilanço Dışı İşlemler,1,Gayrinakdi Kredi ve Yükümlülükler,TOPLAM,"2.814.277,44",2814277.44,TL,BDDK Haftalık Bülten
2023-04-07,2023-04-07,2023-04-07,False,2023,4,7,484,Nisan/07 (14. Hafta),294,Bilanço Dışı İşlemler,1,Gayrinakdi Kredi ve Yükümlülükler,TP,"1.395.153,87",1395153.87,TL,BDDK Haftalık Bülten
2023-04-07,2023-04-07,2023-04-07,False,2023,4,7,484,Nisan/07 (14. Hafta),294,Bilanço Dışı İşlemler,1,Gayrinakdi Kredi ve Yükümlülükler,YP,"1.419.123,57",1419123.57,TL,BDDK Haftalık Bülten
2023-04-07,2023-04-07,2023-04-07,False,2023,4,7,484,Nisan/07 (14. Hafta),294,Bilanço Dışı İşlemler,2,Taahhütler (3+4),TOPLAM,"11.350.929,37",11350929.37,TL,BDDK Haftalık Bülten
2023-04-07,2023-04-07,2023-04-07,False,2023,4,7,484,Nisan/07 (14. Hafta),294,Bilanço Dışı İşlemler,2,Taahhütler (3+4),TP,"4.417.717,63",4417717.63,TL,BDDK Haftalık Bülten
2023-04-07,2023-04-07,2023-04-07,False,2023,4,7,484,Nisan/07 (14. Hafta),294,Bilanço Dışı İşlemler,2,Taahhütler (3+4),YP,"6.933.211,74",6933211.74,TL,BDDK Haftalık Bülten
2023-04-07,2023-04-07,2023-04-07,False,2023,4,7,484,Nisan/07 (14. Hafta),294,Bilanço Dışı İşlemler,3,a) Türev Finansal Araçlar,TOPLAM,"7.902.702,21",7902702.21,TL,BDDK Haftalık Bülten
2023-04-07,2023-04-07,2023-04-07,False,2023,4,7,484,Nisan/07 (14. Hafta),294,Bilanço Dışı İşlemler,3,a) Türev Finansal Araçlar,TP,"1.784.786,95",1784786.95,TL,BDDK Haftalık Bülten
2023-04-07,2023-04-07,2023-04-07,False,2023,4,7,484,Nisan/07 (14. Hafta),294,Bilanço Dışı İşlemler,3,a) Türev Finansal Araçlar,YP,"6.117.915,26",6117915.26,TL,BDDK Haftalık Bülten
2023-04-07,2023-04-07,2023-04-07,False,2023,4,7,484,Nisan/07 (14. Hafta),294,Bilanço Dışı İşlemler,4,b) Diğer,TOPLAM,"3.448.227,15",3448227.15,TL,BDDK Haftalık Bülten
2023-04-07,2023-04-07,2023-04-07,False,2023,4,7,484,Nisan/07 (14. Hafta),294,Bilanço Dışı İşlemler,4,b) Diğer,TP,"2.632.930,67",2632930.67,TL,BDDK Haftalık Bülten
2023-04-07,2023-04-07,2023-04-07,False,2023,4,7,484,Nisan/07 (14. Hafta),294,Bilanço Dışı İşlemler,4,b) Diğer,YP,"815.296,48",815296.48,TL,BDDK Haftalık Bülten
2023-04-14,2023-04-14,2023-04-14,False,2023,4,14,485,Nisan/14 (15. Hafta),294,Bilanço Dışı İşlemler,1,Gayrinakdi Kredi ve Yükümlülükler,TOPLAM,"2.855.325,76",2855325.76,TL,BDDK Haftalık Bülten
2023-04-14,2023-04-14,2023-04-14,False,2023,4,14,485,Nisan/14 (15. Hafta),294,Bilanço Dışı İşlemler,1,Gayrinakdi Kredi ve Yükümlülükler,TP,"1.426.184,81",1426184.81,TL,BDDK Haftalık Bülten
2023-04-14,2023-04-14,2023-04-14,False,2023,4,14,485,Nisan/14 (15. Hafta),294,Bilanço Dışı İşlemler,1,Gayrinakdi Kredi ve Yükümlülükler,YP,"1.429.140,96",1429140.96,TL,BDDK Haftalık Bülten
2023-04-14,2023-04-14,2023-04-14,False,2023,4,14,485,Nisan/14 (15. Hafta),294,Bilanço Dışı İşlemler,2,Taahhütler (3+4),TOPLAM,"11.733.599,63",11733599.63,TL,BDDK Haftalık Bülten
2023-04-14,2023-04-14,2023-04-14,False,2023,4,14,485,Nisan/14 (15. Hafta),294,Bilanço Dışı İşlemler,2,Taahhütler (3+4),TP,"4.577.291,71",4577291.71,TL,BDDK Haftalık Bülten
2023-04-14,2023-04-14,2023-04-14,False,2023,4,14,485,Nisan/14 (15. Hafta),294,Bilanço Dışı İşlemler,2,Taahhütler (3+4),YP,"7.156.307,91",7156307.91,TL,BDDK Haftalık Bülten
2023-04-14,2023-04-14,2023-04-14,False,2023,4,14,485,Nisan/14 (15. Hafta),294,Bilanço Dışı İşlemler,3,a) Türev Finansal Araçlar,TOPLAM,"8.021.514,27",8021514.27,TL,BDDK Haftalık Bülten
2023-04-14,2023-04-14,2023-04-14,False,2023,4,14,485,Nisan/14 (15. Hafta),294,Bilanço Dışı İşlemler,3,a) Türev Finansal Araçlar,TP,"1.793.602,90",1793602.9,TL,BDDK Haftalık Bülten
2023-04-14,2023-04-14,2023-04-14,False,2023,4,14,485,Nisan/14 (15. Hafta),294,Bilanço Dışı İşlemler,3,a) Türev Finansal Araçlar,YP,"6.227.911,37",6227911.37,TL,BDDK Haftalık Bülten
2023-04-14,2023-04-14,2023-04-14,False,2023,4,14,485,Nisan/14 (15. Hafta),294,Bilanço Dışı İşlemler,4,b) Diğer,TOPLAM,"3.712.085,36",3712085.36,TL,BDDK Haftalık Bülten
2023-04-14,2023-04-14,2023-04-14,False,2023,4,14,485,Nisan/14 (15. Hafta),294,Bilanço Dışı İşlemler,4,b) Diğer,TP,"2.783.688,81",2783688.81,TL,BDDK Haftalık Bülten
2023-04-14,2023-04-14,2023-04-14,False,2023,4,14,485,Nisan/14 (15. Hafta),294,Bilanço Dışı İşlemler,4,b) Diğer,YP,"928.396,54",928396.54,TL,BDDK Haftalık Bülten
2023-04-20,2023-04-20,2023-04-20,False,2023,4,20,486,Nisan/20 (16. Hafta),294,Bilanço Dışı İşlemler,1,Gayrinakdi Kredi ve Yükümlülükler,TOPLAM,"2.862.871,78",2862871.78,TL,BDDK Haftalık Bülten
2023-04-20,2023-04-20,2023-04-20,False,2023,4,20,486,Nisan/20 (16. Hafta),294,Bilanço Dışı İşlemler,1,Gayrinakdi Kredi ve Yükümlülükler,TP,"1.439.112,13",1439112.13,TL,BDDK Haftalık Bülten
2023-04-20,2023-04-20,2023-04-20,False,2023,4,20,486,Nisan/20 (16. Hafta),294,Bilanço Dışı İşlemler,1,Gayrinakdi Kredi ve Yükümlülükler,YP,"1.423.759,65",1423759.65,TL,BDDK Haftalık Bülten
2023-04-20,2023-04-20,2023-04-20,False,2023,4,20,486,Nisan/20 (16. Hafta),294,Bilanço Dışı İşlemler,2,Taahhütler (3+4),TOPLAM,"12.004.562,51",12004562.51,TL,BDDK Haftalık Bülten
2023-04-20,2023-04-20,2023-04-20,False,2023,4,20,486,Nisan/20 (16. Hafta),294,Bilanço Dışı İşlemler,2,Taahhütler (3+4),TP,"4.651.129,11",4651129.11,TL,BDDK Haftalık Bülten
2023-04-20,2023-04-20,2023-04-20,False,2023,4,20,486,Nisan/20 (16. Hafta),294,Bilanço Dışı İşlemler,2,Taahhütler (3+4),YP,"7.353.433,40",7353433.4,TL,BDDK Haftalık Bülten
2023-04-20,2023-04-20,2023-04-20,False,2023,4,20,486,Nisan/20 (16. Hafta),294,Bilanço Dışı İşlemler,3,a) Türev Finansal Araçlar,TOPLAM,"8.195.059,72",8195059.72,TL,BDDK Haftalık Bülten
2023-04-20,2023-04-20,2023-04-20,False,2023,4,20,486,Nisan/20 (16. Hafta),294,Bilanço Dışı İşlemler,3,a) Türev Finansal Araçlar,TP,"1.832.360,88",1832360.88,TL,BDDK Haftalık Bülten
2023-04-20,2023-04-20,2023-04-20,False,2023,4,20,486,Nisan/20 (16. Hafta),294,Bilanço Dışı İşlemler,3,a) Türev Finansal Araçlar,YP,"6.362.698,84",6362698.84,TL,BDDK Haftalık Bülten
2023-04-20,2023-04-20,2023-04-20,False,2023,4,20,486,Nisan/20 (16. Hafta),294,Bilanço Dışı İşlemler,4,b) Diğer,TOPLAM,"3.809.502,79",3809502.79,TL,BDDK Haftalık Bülten
2023-04-20,2023-04-20,2023-04-20,False,2023,4,20,486,Nisan/20 (16. Hafta),294,Bilanço Dışı İşlemler,4,b) Diğer,TP,"2.818.768,23",2818768.23,TL,BDDK Haftalık Bülten
2023-04-20,2023-04-20,2023-04-20,False,2023,4,20,486,Nisan/20 (16. Hafta),294,Bilanço Dışı İşlemler,4,b) Diğer,YP,"990.734,56",990734.56,TL,BDDK Haftalık Bülten
2023-04-28,2023-04-28,2023-04-28,False,2023,4,28,487,Nisan/28 (17. Hafta),294,Bilanço Dışı İşlemler,1,Gayrinakdi Kredi ve Yükümlülükler,TOPLAM,"2.876.822,15",2876822.15,TL,BDDK Haftalık Bülten
2023-04-28,2023-04-28,2023-04-28,False,2023,4,28,487,Nisan/28 (17. Hafta),294,Bilanço Dışı İşlemler,1,Gayrinakdi Kredi ve Yükümlülükler,TP,"1.453.486,95",1453486.95,TL,BDDK Haftalık Bülten
2023-04-28,2023-04-28,2023-04-28,False,2023,4,28,487,Nisan/28 (17. Hafta),294,Bilanço Dışı İşlemler,1,Gayrinakdi Kredi ve Yükümlülükler,YP,"1.423.335,21",1423335.21,TL,BDDK Haftalık Bülten
2023-04-28,2023-04-28,2023-04-28,False,2023,4,28,487,Nisan/28 (17. Hafta),294,Bilanço Dışı İşlemler,2,Taahhütler (3+4),TOPLAM,"12.142.683,67",12142683.67,TL,BDDK Haftalık Bülten
2023-04-28,2023-04-28,2023-04-28,False,2023,4,28,487,Nisan/28 (17. Hafta),294,Bilanço Dışı İşlemler,2,Taahhütler (3+4),TP,"4.777.551,18",4777551.18,TL,BDDK Haftalık Bülten
2023-04-28,2023-04-28,2023-04-28,False,2023,4,28,487,Nisan/28 (17. Hafta),294,Bilanço Dışı İşlemler,2,Taahhütler (3+4),YP,"7.365.132,49",7365132.49,TL,BDDK Haftalık Bülten
2023-04-28,2023-04-28,2023-04-28,False,2023,4,28,487,Nisan/28 (17. Hafta),294,Bilanço Dışı İşlemler,3,a) Türev Finansal Araçlar,TOPLAM,"8.395.022,97",8395022.97,TL,BDDK Haftalık Bülten
2023-04-28,2023-04-28,2023-04-28,False,2023,4,28,487,Nisan/28 (17. Hafta),294,Bilanço Dışı İşlemler,3,a) Türev Finansal Araçlar,TP,"1.937.776,52",1937776.52,TL,BDDK Haftalık Bülten
2023-04-28,2023-04-28,2023-04-28,False,2023,4,28,487,Nisan/28 (17. Hafta),294,Bilanço Dışı İşlemler,3,a) Türev Finansal Araçlar,YP,"6.457.246,45",6457246.45,TL,BDDK Haftalık Bülten
2023-04-28,2023-04-28,2023-04-28,False,2023,4,28,487,Nisan/28 (17. Hafta),294,Bilanço Dışı İşlemler,4,b) Diğer,TOPLAM,"3.747.660,70",3747660.7,TL,BDDK Haftalık Bülten
2023-04-28,2023-04-28,2023-04-28,False,2023,4,28,487,Nisan/28 (17. Hafta),294,Bilanço Dışı İşlemler,4,b) Diğer,TP,"2.839.774,66",2839774.66,TL,BDDK Haftalık Bülten
2023-04-28,2023-04-28,2023-04-28,False,2023,4,28,487,Nisan/28 (17. Hafta),294,Bilanço Dışı İşlemler,4,b) Diğer,YP,"907.886,04",907886.04,TL,BDDK Haftalık Bülten
2023-05-05,2023-05-05,2023-05-05,False,2023,5,5,488,Mayıs/05 (18. Hafta),294,Bilanço Dışı İşlemler,1,Gayrinakdi Kredi ve Yükümlülükler,TOPLAM,"2.891.306,96",2891306.96,TL,BDDK Haftalık Bülten
2023-05-05,2023-05-05,2023-05-05,False,2023,5,5,488,Mayıs/05 (18. Hafta),294,Bilanço Dışı İşlemler,1,Gayrinakdi Kredi ve Yükümlülükler,TP,"1.466.763,53",1466763.53,TL,BDDK Haftalık Bülten
2023-05-05,2023-05-05,2023-05-05,False,2023,5,5,488,Mayıs/05 (18. Hafta),294,Bilanço Dışı İşlemler,1,Gayrinakdi Kredi ve Yükümlülükler,YP,"1.424.543,43",1424543.43,TL,BDDK Haftalık Bülten
2023-05-05,2023-05-05,2023-05-05,False,2023,5,5,488,Mayıs/05 (18. Hafta),294,Bilanço Dışı İşlemler,2,Taahhütler (3+4),TOPLAM,"12.445.772,36",12445772.36,TL,BDDK Haftalık Bülten
2023-05-05,2023-05-05,2023-05-05,False,2023,5,5,488,Mayıs/05 (18. Hafta),294,Bilanço Dışı İşlemler,2,Taahhütler (3+4),TP,"4.963.810,97",4963810.97,TL,BDDK Haftalık Bülten
2023-05-05,2023-05-05,2023-05-05,False,2023,5,5,488,Mayıs/05 (18. Hafta),294,Bilanço Dışı İşlemler,2,Taahhütler (3+4),YP,"7.481.961,39",7481961.39,TL,BDDK Haftalık Bülten
2023-05-05,2023-05-05,2023-05-05,False,2023,5,5,488,Mayıs/05 (18. Hafta),294,Bilanço Dışı İşlemler,3,a) Türev Finansal Araçlar,TOPLAM,"8.599.759,63",8599759.63,TL,BDDK Haftalık Bülten
2023-05-05,2023-05-05,2023-05-05,False,2023,5,5,488,Mayıs/05 (18. Hafta),294,Bilanço Dışı İşlemler,3,a) Türev Finansal Araçlar,TP,"2.026.293,77",2026293.77,TL,BDDK Haftalık Bülten
2023-05-05,2023-05-05,2023-05-05,False,2023,5,5,488,Mayıs/05 (18. Hafta),294,Bilanço Dışı İşlemler,3,a) Türev Finansal Araçlar,YP,"6.573.465,86",6573465.86,TL,BDDK Haftalık Bülten
2023-05-05,2023-05-05,2023-05-05,False,2023,5,5,488,Mayıs/05 (18. Hafta),294,Bilanço Dışı İşlemler,4,b) Diğer,TOPLAM,"3.846.012,73",3846012.73,TL,BDDK Haftalık Bülten
2023-05-05,2023-05-05,2023-05-05,False,2023,5,5,488,Mayıs/05 (18. Hafta),294,Bilanço Dışı İşlemler,4,b) Diğer,TP,"2.937.517,20",2937517.2,TL,BDDK Haftalık Bülten
2023-05-05,2023-05-05,2023-05-05,False,2023,5,5,488,Mayıs/05 (18. Hafta),294,Bilanço Dışı İşlemler,4,b) Diğer,YP,"908.495,53",908495.53,TL,BDDK Haftalık Bülten
2023-05-12,2023-05-12,2023-05-12,False,2023,5,12,489,Mayıs/12 (19. Hafta),294,Bilanço Dışı İşlemler,1,Gayrinakdi Kredi ve Yükümlülükler,TOPLAM,"2.918.113,13",2918113.13,TL,BDDK Haftalık Bülten
2023-05-12,2023-05-12,2023-05-12,False,2023,5,12,489,Mayıs/12 (19. Hafta),294,Bilanço Dışı İşlemler,1,Gayrinakdi Kredi ve Yükümlülükler,TP,"1.488.397,82",1488397.82,TL,BDDK Haftalık Bülten
2023-05-12,2023-05-12,2023-05-12,False,2023,5,12,489,Mayıs/12 (19. Hafta),294,Bilanço Dışı İşlemler,1,Gayrinakdi Kredi ve Yükümlülükler,YP,"1.429.715,32",1429715.32,TL,BDDK Haftalık Bülten
2023-05-12,2023-05-12,2023-05-12,False,2023,5,12,489,Mayıs/12 (19. Hafta),294,Bilanço Dışı İşlemler,2,Taahhütler (3+4),TOPLAM,"12.491.380,39",12491380.39,TL,BDDK Haftalık Bülten
2023-05-12,2023-05-12,2023-05-12,False,2023,5,12,489,Mayıs/12 (19. Hafta),294,Bilanço Dışı İşlemler,2,Taahhütler (3+4),TP,"5.043.486,04",5043486.04,TL,BDDK Haftalık Bülten
2023-05-12,2023-05-12,2023-05-12,False,2023,5,12,489,Mayıs/12 (19. Hafta),294,Bilanço Dışı İşlemler,2,Taahhütler (3+4),YP,"7.447.894,35",7447894.35,TL,BDDK Haftalık Bülten
2023-05-12,2023-05-12,2023-05-12,False,2023,5,12,489,Mayıs/12 (19. Hafta),294,Bilanço Dışı İşlemler,3,a) Türev Finansal Araçlar,TOPLAM,"8.678.235,49",8678235.49,TL,BDDK Haftalık Bülten
2023-05-12,2023-05-12,2023-05-12,False,2023,5,12,489,Mayıs/12 (19. Hafta),294,Bilanço Dışı İşlemler,3,a) Türev Finansal Araçlar,TP,"2.119.643,39",2119643.39,TL,BDDK Haftalık Bülten
2023-05-12,2023-05-12,2023-05-12,False,2023,5,12,489,Mayıs/12 (19. Hafta),294,Bilanço Dışı İşlemler,3,a) Türev Finansal Araçlar,YP,"6.558.592,10",6558592.1,TL,BDDK Haftalık Bülten
2023-05-12,2023-05-12,2023-05-12,False,2023,5,12,489,Mayıs/12 (19. Hafta),294,Bilanço Dışı İşlemler,4,b) Diğer,TOPLAM,"3.813.144,90",3813144.9,TL,BDDK Haftalık Bülten
2023-05-12,2023-05-12,2023-05-12,False,2023,5,12,489,Mayıs/12 (19. Hafta),294,Bilanço Dışı İşlemler,4,b) Diğer,TP,"2.923.842,65",2923842.65,TL,BDDK Haftalık Bülten
2023-05-12,2023-05-12,2023-05-12,False,2023,5,12,489,Mayıs/12 (19. Hafta),294,Bilanço Dışı İşlemler,4,b) Diğer,YP,"889.302,25",889302.25,TL,BDDK Haftalık Bülten
2023-05-18,2023-05-18,2023-05-18,False,2023,5,18,490,Mayıs/18 (20. Hafta),294,Bilanço Dışı İşlemler,1,Gayrinakdi Kredi ve Yükümlülükler,TOPLAM,"2.921.117,34",2921117.34,TL,BDDK Haftalık Bülten
2023-05-18,2023-05-18,2023-05-18,False,2023,5,18,490,Mayıs/18 (20. Hafta),294,Bilanço Dışı İşlemler,1,Gayrinakdi Kredi ve Yükümlülükler,TP,"1.493.448,16",1493448.16,TL,BDDK Haftalık Bülten
2023-05-18,2023-05-18,2023-05-18,False,2023,5,18,490,Mayıs/18 (20. Hafta),294,Bilanço Dışı İşlemler,1,Gayrinakdi Kredi ve Yükümlülükler,YP,"1.427.669,18",1427669.18,TL,BDDK Haftalık Bülten
2023-05-18,2023-05-18,2023-05-18,False,2023,5,18,490,Mayıs/18 (20. Hafta),294,Bilanço Dışı İşlemler,2,Taahhütler (3+4),TOPLAM,"12.361.121,57",12361121.57,TL,BDDK Haftalık Bülten
2023-05-18,2023-05-18,2023-05-18,False,2023,5,18,490,Mayıs/18 (20. Hafta),294,Bilanço Dışı İşlemler,2,Taahhütler (3+4),TP,"5.034.879,70",5034879.7,TL,BDDK Haftalık Bülten
2023-05-18,2023-05-18,2023-05-18,False,2023,5,18,490,Mayıs/18 (20. Hafta),294,Bilanço Dışı İşlemler,2,Taahhütler (3+4),YP,"7.326.241,87",7326241.87,TL,BDDK Haftalık Bülten
2023-05-18,2023-05-18,2023-05-18,False,2023,5,18,490,Mayıs/18 (20. Hafta),294,Bilanço Dışı İşlemler,3,a) Türev Finansal Araçlar,TOPLAM,"8.632.456,76",8632456.76,TL,BDDK Haftalık Bülten
2023-05-18,2023-05-18,2023-05-18,False,2023,5,18,490,Mayıs/18 (20. Hafta),294,Bilanço Dışı İşlemler,3,a) Türev Finansal Araçlar,TP,"2.132.947,27",2132947.27,TL,BDDK Haftalık Bülten
2023-05-18,2023-05-18,2023-05-18,False,2023,5,18,490,Mayıs/18 (20. Hafta),294,Bilanço Dışı İşlemler,3,a) Türev Finansal Araçlar,YP,"6.499.509,48",6499509.48,TL,BDDK Haftalık Bülten
2023-05-18,2023-05-18,2023-05-18,False,2023,5,18,490,Mayıs/18 (20. Hafta),294,Bilanço Dışı İşlemler,4,b) Diğer,TOPLAM,"3.728.664,81",3728664.81,TL,BDDK Haftalık Bülten
2023-05-18,2023-05-18,2023-05-18,False,2023,5,18,490,Mayıs/18 (20. Hafta),294,Bilanço Dışı İşlemler,4,b) Diğer,TP,"2.901.932,42",2901932.42,TL,BDDK Haftalık Bülten
2023-05-18,2023-05-18,2023-05-18,False,2023,5,18,490,Mayıs/18 (20. Hafta),294,Bilanço Dışı İşlemler,4,b) Diğer,YP,"826.732,39",826732.39,TL,BDDK Haftalık Bülten
2023-05-26,2023-05-26,2023-05-26,False,2023,5,26,491,Mayıs/26 (21. Hafta),294,Bilanço Dışı İşlemler,1,Gayrinakdi Kredi ve Yükümlülükler,TOPLAM,"2.945.616,08",2945616.08,TL,BDDK Haftalık Bülten
2023-05-26,2023-05-26,2023-05-26,False,2023,5,26,491,Mayıs/26 (21. Hafta),294,Bilanço Dışı İşlemler,1,Gayrinakdi Kredi ve Yükümlülükler,TP,"1.513.160,16",1513160.16,TL,BDDK Haftalık Bülten
2023-05-26,2023-05-26,2023-05-26,False,2023,5,26,491,Mayıs/26 (21. Hafta),294,Bilanço Dışı İşlemler,1,Gayrinakdi Kredi ve Yükümlülükler,YP,"1.432.455,92",1432455.92,TL,BDDK Haftalık Bülten
2023-05-26,2023-05-26,2023-05-26,False,2023,5,26,491,Mayıs/26 (21. Hafta),294,Bilanço Dışı İşlemler,2,Taahhütler (3+4),TOPLAM,"12.504.604,18",12504604.18,TL,BDDK Haftalık Bülten
2023-05-26,2023-05-26,2023-05-26,False,2023,5,26,491,Mayıs/26 (21. Hafta),294,Bilanço Dışı İşlemler,2,Taahhütler (3+4),TP,"5.155.637,71",5155637.71,TL,BDDK Haftalık Bülten
2023-05-26,2023-05-26,2023-05-26,False,2023,5,26,491,Mayıs/26 (21. Hafta),294,Bilanço Dışı İşlemler,2,Taahhütler (3+4),YP,"7.348.966,47",7348966.47,TL,BDDK Haftalık Bülten
2023-05-26,2023-05-26,2023-05-26,False,2023,5,26,491,Mayıs/26 (21. Hafta),294,Bilanço Dışı İşlemler,3,a) Türev Finansal Araçlar,TOPLAM,"8.643.546,10",8643546.1,TL,BDDK Haftalık Bülten
2023-05-26,2023-05-26,2023-05-26,False,2023,5,26,491,Mayıs/26 (21. Hafta),294,Bilanço Dışı İşlemler,3,a) Türev Finansal Araçlar,TP,"2.156.787,29",2156787.29,TL,BDDK Haftalık Bülten
2023-05-26,2023-05-26,2023-05-26,False,2023,5,26,491,Mayıs/26 (21. Hafta),294,Bilanço Dışı İşlemler,3,a) Türev Finansal Araçlar,YP,"6.486.758,81",6486758.81,TL,BDDK Haftalık Bülten
2023-05-26,2023-05-26,2023-05-26,False,2023,5,26,491,Mayıs/26 (21. Hafta),294,Bilanço Dışı İşlemler,4,b) Diğer,TOPLAM,"3.861.058,09",3861058.09,TL,BDDK Haftalık Bülten
2023-05-26,2023-05-26,2023-05-26,False,2023,5,26,491,Mayıs/26 (21. Hafta),294,Bilanço Dışı İşlemler,4,b) Diğer,TP,"2.998.850,42",2998850.42,TL,BDDK Haftalık Bülten
2023-05-26,2023-05-26,2023-05-26,False,2023,5,26,491,Mayıs/26 (21. Hafta),294,Bilanço Dışı İşlemler,4,b) Diğer,YP,"862.207,66",862207.66,TL,BDDK Haftalık Bülten
2023-06-02,2023-06-02,2023-06-02,False,2023,6,2,492,Haziran/02 (22. Hafta),294,Bilanço Dışı İşlemler,1,Gayrinakdi Kredi ve Yükümlülükler,TOPLAM,"3.024.216,18",3024216.18,TL,BDDK Haftalık Bülten
2023-06-02,2023-06-02,2023-06-02,False,2023,6,2,492,Haziran/02 (22. Hafta),294,Bilanço Dışı İşlemler,1,Gayrinakdi Kredi ve Yükümlülükler,TP,"1.532.667,43",1532667.43,TL,BDDK Haftalık Bülten
2023-06-02,2023-06-02,2023-06-02,False,2023,6,2,492,Haziran/02 (22. Hafta),294,Bilanço Dışı İşlemler,1,Gayrinakdi Kredi ve Yükümlülükler,YP,"1.491.548,75",1491548.75,TL,BDDK Haftalık Bülten
2023-06-02,2023-06-02,2023-06-02,False,2023,6,2,492,Haziran/02 (22. Hafta),294,Bilanço Dışı İşlemler,2,Taahhütler (3+4),TOPLAM,"12.731.591,19",12731591.19,TL,BDDK Haftalık Bülten
2023-06-02,2023-06-02,2023-06-02,False,2023,6,2,492,Haziran/02 (22. Hafta),294,Bilanço Dışı İşlemler,2,Taahhütler (3+4),TP,"5.127.705,36",5127705.36,TL,BDDK Haftalık Bülten
2023-06-02,2023-06-02,2023-06-02,False,2023,6,2,492,Haziran/02 (22. Hafta),294,Bilanço Dışı İşlemler,2,Taahhütler (3+4),YP,"7.603.885,82",7603885.82,TL,BDDK Haftalık Bülten
2023-06-02,2023-06-02,2023-06-02,False,2023,6,2,492,Haziran/02 (22. Hafta),294,Bilanço Dışı İşlemler,3,a) Türev Finansal Araçlar,TOPLAM,"8.942.184,19",8942184.19,TL,BDDK Haftalık Bülten
2023-06-02,2023-06-02,2023-06-02,False,2023,6,2,492,Haziran/02 (22. Hafta),294,Bilanço Dışı İşlemler,3,a) Türev Finansal Araçlar,TP,"2.164.912,15",2164912.15,TL,BDDK Haftalık Bülten
2023-06-02,2023-06-02,2023-06-02,False,2023,6,2,492,Haziran/02 (22. Hafta),294,Bilanço Dışı İşlemler,3,a) Türev Finansal Araçlar,YP,"6.777.272,04",6777272.04,TL,BDDK Haftalık Bülten
2023-06-02,2023-06-02,2023-06-02,False,2023,6,2,492,Haziran/02 (22. Hafta),294,Bilanço Dışı İşlemler,4,b) Diğer,TOPLAM,"3.789.407,00",3789407.0,TL,BDDK Haftalık Bülten
2023-06-02,2023-06-02,2023-06-02,False,2023,6,2,492,Haziran/02 (22. Hafta),294,Bilanço Dışı İşlemler,4,b) Diğer,TP,"2.962.793,21",2962793.21,TL,BDDK Haftalık Bülten
2023-06-02,2023-06-02,2023-06-02,False,2023,6,2,492,Haziran/02 (22. Hafta),294,Bilanço Dışı İşlemler,4,b) Diğer,YP,"826.613,79",826613.79,TL,BDDK Haftalık Bülten
2023-06-09,2023-06-09,2023-06-09,False,2023,6,9,493,Haziran/09 (23. Hafta),294,Bilanço Dışı İşlemler,1,Gayrinakdi Kredi ve Yükümlülükler,TOPLAM,"3.227.033,55",3227033.55,TL,BDDK Haftalık Bülten
2023-06-09,2023-06-09,2023-06-09,False,2023,6,9,493,Haziran/09 (23. Hafta),294,Bilanço Dışı İşlemler,1,Gayrinakdi Kredi ve Yükümlülükler,TP,"1.551.557,90",1551557.9,TL,BDDK Haftalık Bülten
2023-06-09,2023-06-09,2023-06-09,False,2023,6,9,493,Haziran/09 (23. Hafta),294,Bilanço Dışı İşlemler,1,Gayrinakdi Kredi ve Yükümlülükler,YP,"1.675.475,65",1675475.65,TL,BDDK Haftalık Bülten
2023-06-09,2023-06-09,2023-06-09,False,2023,6,9,493,Haziran/09 (23. Hafta),294,Bilanço Dışı İşlemler,2,Taahhütler (3+4),TOPLAM,"13.841.110,58",13841110.58,TL,BDDK Haftalık Bülten
2023-06-09,2023-06-09,2023-06-09,False,2023,6,9,493,Haziran/09 (23. Hafta),294,Bilanço Dışı İşlemler,2,Taahhütler (3+4),TP,"5.286.200,69",5286200.69,TL,BDDK Haftalık Bülten
2023-06-09,2023-06-09,2023-06-09,False,2023,6,9,493,Haziran/09 (23. Hafta),294,Bilanço Dışı İşlemler,2,Taahhütler (3+4),YP,"8.554.909,89",8554909.89,TL,BDDK Haftalık Bülten
2023-06-09,2023-06-09,2023-06-09,False,2023,6,9,493,Haziran/09 (23. Hafta),294,Bilanço Dışı İşlemler,3,a) Türev Finansal Araçlar,TOPLAM,"9.962.636,56",9962636.56,TL,BDDK Haftalık Bülten
2023-06-09,2023-06-09,2023-06-09,False,2023,6,9,493,Haziran/09 (23. Hafta),294,Bilanço Dışı İşlemler,3,a) Türev Finansal Araçlar,TP,"2.292.248,84",2292248.84,TL,BDDK Haftalık Bülten
2023-06-09,2023-06-09,2023-06-09,False,2023,6,9,493,Haziran/09 (23. Hafta),294,Bilanço Dışı İşlemler,3,a) Türev Finansal Araçlar,YP,"7.670.387,72",7670387.72,TL,BDDK Haftalık Bülten
2023-06-09,2023-06-09,2023-06-09,False,2023,6,9,493,Haziran/09 (23. Hafta),294,Bilanço Dışı İşlemler,4,b) Diğer,TOPLAM,"3.878.474,02",3878474.02,TL,BDDK Haftalık Bülten
2023-06-09,2023-06-09,2023-06-09,False,2023,6,9,493,Haziran/09 (23. Hafta),294,Bilanço Dışı İşlemler,4,b) Diğer,TP,"2.993.951,85",2993951.85,TL,BDDK Haftalık Bülten
2023-06-09,2023-06-09,2023-06-09,False,2023,6,9,493,Haziran/09 (23. Hafta),294,Bilanço Dışı İşlemler,4,b) Diğer,YP,"884.522,17",884522.17,TL,BDDK Haftalık Bülten
2023-06-16,2023-06-16,2023-06-16,False,2023,6,16,494,Haziran/16 (24. Hafta),294,Bilanço Dışı İşlemler,1,Gayrinakdi Kredi ve Yükümlülükler,TOPLAM,"3.253.687,64",3253687.64,TL,BDDK Haftalık Bülten
2023-06-16,2023-06-16,2023-06-16,False,2023,6,16,494,Haziran/16 (24. Hafta),294,Bilanço Dışı İşlemler,1,Gayrinakdi Kredi ve Yükümlülükler,TP,"1.554.975,98",1554975.98,TL,BDDK Haftalık Bülten
2023-06-16,2023-06-16,2023-06-16,False,2023,6,16,494,Haziran/16 (24. Hafta),294,Bilanço Dışı İşlemler,1,Gayrinakdi Kredi ve Yükümlülükler,YP,"1.698.711,66",1698711.66,TL,BDDK Haftalık Bülten
2023-06-16,2023-06-16,2023-06-16,False,2023,6,16,494,Haziran/16 (24. Hafta),294,Bilanço Dışı İşlemler,2,Taahhütler (3+4),TOPLAM,"13.883.915,77",13883915.77,TL,BDDK Haftalık Bülten
2023-06-16,2023-06-16,2023-06-16,False,2023,6,16,494,Haziran/16 (24. Hafta),294,Bilanço Dışı İşlemler,2,Taahhütler (3+4),TP,"5.337.060,53",5337060.53,TL,BDDK Haftalık Bülten
2023-06-16,2023-06-16,2023-06-16,False,2023,6,16,494,Haziran/16 (24. Hafta),294,Bilanço Dışı İşlemler,2,Taahhütler (3+4),YP,"8.546.855,23",8546855.23,TL,BDDK Haftalık Bülten
2023-06-16,2023-06-16,2023-06-16,False,2023,6,16,494,Haziran/16 (24. Hafta),294,Bilanço Dışı İşlemler,3,a) Türev Finansal Araçlar,TOPLAM,"10.040.582,29",10040582.29,TL,BDDK Haftalık Bülten
2023-06-16,2023-06-16,2023-06-16,False,2023,6,16,494,Haziran/16 (24. Hafta),294,Bilanço Dışı İşlemler,3,a) Türev Finansal Araçlar,TP,"2.360.694,67",2360694.67,TL,BDDK Haftalık Bülten
2023-06-16,2023-06-16,2023-06-16,False,2023,6,16,494,Haziran/16 (24. Hafta),294,Bilanço Dışı İşlemler,3,a) Türev Finansal Araçlar,YP,"7.679.887,62",7679887.62,TL,BDDK Haftalık Bülten
2023-06-16,2023-06-16,2023-06-16,False,2023,6,16,494,Haziran/16 (24. Hafta),294,Bilanço Dışı İşlemler,4,b) Diğer,TOPLAM,"3.843.333,48",3843333.48,TL,BDDK Haftalık Bülten
2023-06-16,2023-06-16,2023-06-16,False,2023,6,16,494,Haziran/16 (24. Hafta),294,Bilanço Dışı İşlemler,4,b) Diğer,TP,"2.976.365,87",2976365.87,TL,BDDK Haftalık Bülten
2023-06-16,2023-06-16,2023-06-16,False,2023,6,16,494,Haziran/16 (24. Hafta),294,Bilanço Dışı İşlemler,4,b) Diğer,YP,"866.967,62",866967.62,TL,BDDK Haftalık Bülten
2023-06-23,2023-06-23,2023-06-23,False,2023,6,23,495,Haziran/23 (25. Hafta),294,Bilanço Dışı İşlemler,1,Gayrinakdi Kredi ve Yükümlülükler,TOPLAM,"3.387.021,19",3387021.19,TL,BDDK Haftalık Bülten
2023-06-23,2023-06-23,2023-06-23,False,2023,6,23,495,Haziran/23 (25. Hafta),294,Bilanço Dışı İşlemler,1,Gayrinakdi Kredi ve Yükümlülükler,TP,"1.573.688,94",1573688.94,TL,BDDK Haftalık Bülten
2023-06-23,2023-06-23,2023-06-23,False,2023,6,23,495,Haziran/23 (25. Hafta),294,Bilanço Dışı İşlemler,1,Gayrinakdi Kredi ve Yükümlülükler,YP,"1.813.332,25",1813332.25,TL,BDDK Haftalık Bülten
2023-06-23,2023-06-23,2023-06-23,False,2023,6,23,495,Haziran/23 (25. Hafta),294,Bilanço Dışı İşlemler,2,Taahhütler (3+4),TOPLAM,"14.600.231,82",14600231.82,TL,BDDK Haftalık Bülten
2023-06-23,2023-06-23,2023-06-23,False,2023,6,23,495,Haziran/23 (25. Hafta),294,Bilanço Dışı İşlemler,2,Taahhütler (3+4),TP,"5.434.753,70",5434753.7,TL,BDDK Haftalık Bülten
2023-06-23,2023-06-23,2023-06-23,False,2023,6,23,495,Haziran/23 (25. Hafta),294,Bilanço Dışı İşlemler,2,Taahhütler (3+4),YP,"9.165.478,12",9165478.12,TL,BDDK Haftalık Bülten
2023-06-23,2023-06-23,2023-06-23,False,2023,6,23,495,Haziran/23 (25. Hafta),294,Bilanço Dışı İşlemler,3,a) Türev Finansal Araçlar,TOPLAM,"10.561.076,85",10561076.85,TL,BDDK Haftalık Bülten
2023-06-23,2023-06-23,2023-06-23,False,2023,6,23,495,Haziran/23 (25. Hafta),294,Bilanço Dışı İşlemler,3,a) Türev Finansal Araçlar,TP,"2.434.333,06",2434333.06,TL,BDDK Haftalık Bülten
2023-06-23,2023-06-23,2023-06-23,False,2023,6,23,495,Haziran/23 (25. Hafta),294,Bilanço Dışı İşlemler,3,a) Türev Finansal Araçlar,YP,"8.126.743,79",8126743.79,TL,BDDK Haftalık Bülten
2023-06-23,2023-06-23,2023-06-23,False,2023,6,23,495,Haziran/23 (25. Hafta),294,Bilanço Dışı İşlemler,4,b) Diğer,TOPLAM,"4.039.154,97",4039154.97,TL,BDDK Haftalık Bülten
2023-06-23,2023-06-23,2023-06-23,False,2023,6,23,495,Haziran/23 (25. Hafta),294,Bilanço Dışı İşlemler,4,b) Diğer,TP,"3.000.420,63",3000420.63,TL,BDDK Haftalık Bülten
2023-06-23,2023-06-23,2023-06-23,False,2023,6,23,495,Haziran/23 (25. Hafta),294,Bilanço Dışı İşlemler,4,b) Diğer,YP,"1.038.734,33",1038734.33,TL,BDDK Haftalık Bülten
2023-06-27,2023-06-27,2023-06-27,False,2023,6,27,496,Haziran/27 (26. Hafta),294,Bilanço Dışı İşlemler,1,Gayrinakdi Kredi ve Yükümlülükler,TOPLAM,"3.437.217,27",3437217.27,TL,BDDK Haftalık Bülten
2023-06-27,2023-06-27,2023-06-27,False,2023,6,27,496,Haziran/27 (26. Hafta),294,Bilanço Dışı İşlemler,1,Gayrinakdi Kredi ve Yükümlülükler,TP,"1.567.879,58",1567879.58,TL,BDDK Haftalık Bülten
2023-06-27,2023-06-27,2023-06-27,False,2023,6,27,496,Haziran/27 (26. Hafta),294,Bilanço Dışı İşlemler,1,Gayrinakdi Kredi ve Yükümlülükler,YP,"1.869.337,68",1869337.68,TL,BDDK Haftalık Bülten
2023-06-27,2023-06-27,2023-06-27,False,2023,6,27,496,Haziran/27 (26. Hafta),294,Bilanço Dışı İşlemler,2,Taahhütler (3+4),TOPLAM,"14.453.339,61",14453339.61,TL,BDDK Haftalık Bülten
2023-06-27,2023-06-27,2023-06-27,False,2023,6,27,496,Haziran/27 (26. Hafta),294,Bilanço Dışı İşlemler,2,Taahhütler (3+4),TP,"5.357.824,81",5357824.81,TL,BDDK Haftalık Bülten
2023-06-27,2023-06-27,2023-06-27,False,2023,6,27,496,Haziran/27 (26. Hafta),294,Bilanço Dışı İşlemler,2,Taahhütler (3+4),YP,"9.095.514,79",9095514.79,TL,BDDK Haftalık Bülten
2023-06-27,2023-06-27,2023-06-27,False,2023,6,27,496,Haziran/27 (26. Hafta),294,Bilanço Dışı İşlemler,3,a) Türev Finansal Araçlar,TOPLAM,"10.626.826,46",10626826.46,TL,BDDK Haftalık Bülten
2023-06-27,2023-06-27,2023-06-27,False,2023,6,27,496,Haziran/27 (26. Hafta),294,Bilanço Dışı İşlemler,3,a) Türev Finansal Araçlar,TP,"2.371.832,48",2371832.48,TL,BDDK Haftalık Bülten
2023-06-27,2023-06-27,2023-06-27,False,2023,6,27,496,Haziran/27 (26. Hafta),294,Bilanço Dışı İşlemler,3,a) Türev Finansal Araçlar,YP,"8.254.993,98",8254993.98,TL,BDDK Haftalık Bülten
2023-06-27,2023-06-27,2023-06-27,False,2023,6,27,496,Haziran/27 (26. Hafta),294,Bilanço Dışı İşlemler,4,b) Diğer,TOPLAM,"3.826.513,15",3826513.15,TL,BDDK Haftalık Bülten
2023-06-27,2023-06-27,2023-06-27,False,2023,6,27,496,Haziran/27 (26. Hafta),294,Bilanço Dışı İşlemler,4,b) Diğer,TP,"2.985.992,33",2985992.33,TL,BDDK Haftalık Bülten
2023-06-27,2023-06-27,2023-06-27,False,2023,6,27,496,Haziran/27 (26. Hafta),294,Bilanço Dışı İşlemler,4,b) Diğer,YP,"840.520,82",840520.82,TL,BDDK Haftalık Bülten
2023-07-07,2023-07-07,2023-07-07,False,2023,7,7,497,Temmuz/07 (27. Hafta),294,Bilanço Dışı İşlemler,1,Gayrinakdi Kredi ve Yükümlülükler,TOPLAM,"3.429.907,42",3429907.42,TL,BDDK Haftalık Bülten
2023-07-07,2023-07-07,2023-07-07,False,2023,7,7,497,Temmuz/07 (27. Hafta),294,Bilanço Dışı İşlemler,1,Gayrinakdi Kredi ve Yükümlülükler,TP,"1.572.157,61",1572157.61,TL,BDDK Haftalık Bülten
2023-07-07,2023-07-07,2023-07-07,False,2023,7,7,497,Temmuz/07 (27. Hafta),294,Bilanço Dışı İşlemler,1,Gayrinakdi Kredi ve Yükümlülükler,YP,"1.857.749,80",1857749.8,TL,BDDK Haftalık Bülten
2023-07-07,2023-07-07,2023-07-07,False,2023,7,7,497,Temmuz/07 (27. Hafta),294,Bilanço Dışı İşlemler,2,Taahhütler (3+4),TOPLAM,"14.797.526,93",14797526.93,TL,BDDK Haftalık Bülten
2023-07-07,2023-07-07,2023-07-07,False,2023,7,7,497,Temmuz/07 (27. Hafta),294,Bilanço Dışı İşlemler,2,Taahhütler (3+4),TP,"5.562.621,18",5562621.18,TL,BDDK Haftalık Bülten
2023-07-07,2023-07-07,2023-07-07,False,2023,7,7,497,Temmuz/07 (27. Hafta),294,Bilanço Dışı İşlemler,2,Taahhütler (3+4),YP,"9.234.905,75",9234905.75,TL,BDDK Haftalık Bülten
2023-07-07,2023-07-07,2023-07-07,False,2023,7,7,497,Temmuz/07 (27. Hafta),294,Bilanço Dışı İşlemler,3,a) Türev Finansal Araçlar,TOPLAM,"10.678.498,88",10678498.88,TL,BDDK Haftalık Bülten
2023-07-07,2023-07-07,2023-07-07,False,2023,7,7,497,Temmuz/07 (27. Hafta),294,Bilanço Dışı İşlemler,3,a) Türev Finansal Araçlar,TP,"2.414.970,27",2414970.27,TL,BDDK Haftalık Bülten
2023-07-07,2023-07-07,2023-07-07,False,2023,7,7,497,Temmuz/07 (27. Hafta),294,Bilanço Dışı İşlemler,3,a) Türev Finansal Araçlar,YP,"8.263.528,61",8263528.61,TL,BDDK Haftalık Bülten
2023-07-07,2023-07-07,2023-07-07,False,2023,7,7,497,Temmuz/07 (27. Hafta),294,Bilanço Dışı İşlemler,4,b) Diğer,TOPLAM,"4.119.028,04",4119028.04,TL,BDDK Haftalık Bülten
2023-07-07,2023-07-07,2023-07-07,False,2023,7,7,497,Temmuz/07 (27. Hafta),294,Bilanço Dışı İşlemler,4,b) Diğer,TP,"3.147.650,91",3147650.91,TL,BDDK Haftalık Bülten
2023-07-07,2023-07-07,2023-07-07,False,2023,7,7,497,Temmuz/07 (27. Hafta),294,Bilanço Dışı İşlemler,4,b) Diğer,YP,"971.377,13",971377.13,TL,BDDK Haftalık Bülten
2023-07-14,2023-07-14,2023-07-14,False,2023,7,14,498,Temmuz/14 (28. Hafta),294,Bilanço Dışı İşlemler,1,Gayrinakdi Kredi ve Yükümlülükler,TOPLAM,"3.488.300,46",3488300.46,TL,BDDK Haftalık Bülten
2023-07-14,2023-07-14,2023-07-14,False,2023,7,14,498,Temmuz/14 (28. Hafta),294,Bilanço Dışı İşlemler,1,Gayrinakdi Kredi ve Yükümlülükler,TP,"1.583.853,23",1583853.23,TL,BDDK Haftalık Bülten
2023-07-14,2023-07-14,2023-07-14,False,2023,7,14,498,Temmuz/14 (28. Hafta),294,Bilanço Dışı İşlemler,1,Gayrinakdi Kredi ve Yükümlülükler,YP,"1.904.447,24",1904447.24,TL,BDDK Haftalık Bülten
2023-07-14,2023-07-14,2023-07-14,False,2023,7,14,498,Temmuz/14 (28. Hafta),294,Bilanço Dışı İşlemler,2,Taahhütler (3+4),TOPLAM,"14.999.964,11",14999964.11,TL,BDDK Haftalık Bülten
2023-07-14,2023-07-14,2023-07-14,False,2023,7,14,498,Temmuz/14 (28. Hafta),294,Bilanço Dışı İşlemler,2,Taahhütler (3+4),TP,"5.549.653,30",5549653.3,TL,BDDK Haftalık Bülten
2023-07-14,2023-07-14,2023-07-14,False,2023,7,14,498,Temmuz/14 (28. Hafta),294,Bilanço Dışı İşlemler,2,Taahhütler (3+4),YP,"9.450.310,82",9450310.82,TL,BDDK Haftalık Bülten
2023-07-14,2023-07-14,2023-07-14,False,2023,7,14,498,Temmuz/14 (28. Hafta),294,Bilanço Dışı İşlemler,3,a) Türev Finansal Araçlar,TOPLAM,"10.835.082,87",10835082.87,TL,BDDK Haftalık Bülten
2023-07-14,2023-07-14,2023-07-14,False,2023,7,14,498,Temmuz/14 (28. Hafta),294,Bilanço Dışı İşlemler,3,a) Türev Finansal Araçlar,TP,"2.378.812,47",2378812.47,TL,BDDK Haftalık Bülten
2023-07-14,2023-07-14,2023-07-14,False,2023,7,14,498,Temmuz/14 (28. Hafta),294,Bilanço Dışı İşlemler,3,a) Türev Finansal Araçlar,YP,"8.456.270,40",8456270.4,TL,BDDK Haftalık Bülten
2023-07-14,2023-07-14,2023-07-14,False,2023,7,14,498,Temmuz/14 (28. Hafta),294,Bilanço Dışı İşlemler,4,b) Diğer,TOPLAM,"4.164.881,24",4164881.24,TL,BDDK Haftalık Bülten
2023-07-14,2023-07-14,2023-07-14,False,2023,7,14,498,Temmuz/14 (28. Hafta),294,Bilanço Dışı İşlemler,4,b) Diğer,TP,"3.170.840,83",3170840.83,TL,BDDK Haftalık Bülten
2023-07-14,2023-07-14,2023-07-14,False,2023,7,14,498,Temmuz/14 (28. Hafta),294,Bilanço Dışı İşlemler,4,b) Diğer,YP,"994.040,41",994040.41,TL,BDDK Haftalık Bülten
2023-07-21,2023-07-21,2023-07-21,False,2023,7,21,499,Temmuz/21 (29. Hafta),294,Bilanço Dışı İşlemler,1,Gayrinakdi Kredi ve Yükümlülükler,TOPLAM,"3.549.257,51",3549257.51,TL,BDDK Haftalık Bülten
2023-07-21,2023-07-21,2023-07-21,False,2023,7,21,499,Temmuz/21 (29. Hafta),294,Bilanço Dışı İşlemler,1,Gayrinakdi Kredi ve Yükümlülükler,TP,"1.598.702,33",1598702.33,TL,BDDK Haftalık Bülten
2023-07-21,2023-07-21,2023-07-21,False,2023,7,21,499,Temmuz/21 (29. Hafta),294,Bilanço Dışı İşlemler,1,Gayrinakdi Kredi ve Yükümlülükler,YP,"1.950.555,18",1950555.18,TL,BDDK Haftalık Bülten
2023-07-21,2023-07-21,2023-07-21,False,2023,7,21,499,Temmuz/21 (29. Hafta),294,Bilanço Dışı İşlemler,2,Taahhütler (3+4),TOPLAM,"15.293.354,88",15293354.88,TL,BDDK Haftalık Bülten
2023-07-21,2023-07-21,2023-07-21,False,2023,7,21,499,Temmuz/21 (29. Hafta),294,Bilanço Dışı İşlemler,2,Taahhütler (3+4),TP,"5.666.331,22",5666331.22,TL,BDDK Haftalık Bülten
2023-07-21,2023-07-21,2023-07-21,False,2023,7,21,499,Temmuz/21 (29. Hafta),294,Bilanço Dışı İşlemler,2,Taahhütler (3+4),YP,"9.627.023,67",9627023.67,TL,BDDK Haftalık Bülten
2023-07-21,2023-07-21,2023-07-21,False,2023,7,21,499,Temmuz/21 (29. Hafta),294,Bilanço Dışı İşlemler,3,a) Türev Finansal Araçlar,TOPLAM,"11.001.739,56",11001739.56,TL,BDDK Haftalık Bülten
2023-07-21,2023-07-21,2023-07-21,False,2023,7,21,499,Temmuz/21 (29. Hafta),294,Bilanço Dışı İşlemler,3,a) Türev Finansal Araçlar,TP,"2.399.764,58",2399764.58,TL,BDDK Haftalık Bülten
2023-07-21,2023-07-21,2023-07-21,False,2023,7,21,499,Temmuz/21 (29. Hafta),294,Bilanço Dışı İşlemler,3,a) Türev Finansal Araçlar,YP,"8.601.974,97",8601974.97,TL,BDDK Haftalık Bülten
2023-07-21,2023-07-21,2023-07-21,False,2023,7,21,499,Temmuz/21 (29. Hafta),294,Bilanço Dışı İşlemler,4,b) Diğer,TOPLAM,"4.291.615,33",4291615.33,TL,BDDK Haftalık Bülten
2023-07-21,2023-07-21,2023-07-21,False,2023,7,21,499,Temmuz/21 (29. Hafta),294,Bilanço Dışı İşlemler,4,b) Diğer,TP,"3.266.566,64",3266566.64,TL,BDDK Haftalık Bülten
2023-07-21,2023-07-21,2023-07-21,False,2023,7,21,499,Temmuz/21 (29. Hafta),294,Bilanço Dışı İşlemler,4,b) Diğer,YP,"1.025.048,69",1025048.69,TL,BDDK Haftalık Bülten
2023-07-28,2023-07-28,2023-07-28,False,2023,7,28,500,Temmuz/28 (30. Hafta),294,Bilanço Dışı İşlemler,1,Gayrinakdi Kredi ve Yükümlülükler,TOPLAM,"3.569.227,16",3569227.16,TL,BDDK Haftalık Bülten
2023-07-28,2023-07-28,2023-07-28,False,2023,7,28,500,Temmuz/28 (30. Hafta),294,Bilanço Dışı İşlemler,1,Gayrinakdi Kredi ve Yükümlülükler,TP,"1.624.697,77",1624697.77,TL,BDDK Haftalık Bülten
2023-07-28,2023-07-28,2023-07-28,False,2023,7,28,500,Temmuz/28 (30. Hafta),294,Bilanço Dışı İşlemler,1,Gayrinakdi Kredi ve Yükümlülükler,YP,"1.944.529,40",1944529.4,TL,BDDK Haftalık Bülten
2023-07-28,2023-07-28,2023-07-28,False,2023,7,28,500,Temmuz/28 (30. Hafta),294,Bilanço Dışı İşlemler,2,Taahhütler (3+4),TOPLAM,"15.168.493,42",15168493.42,TL,BDDK Haftalık Bülten
2023-07-28,2023-07-28,2023-07-28,False,2023,7,28,500,Temmuz/28 (30. Hafta),294,Bilanço Dışı İşlemler,2,Taahhütler (3+4),TP,"5.633.015,73",5633015.73,TL,BDDK Haftalık Bülten
2023-07-28,2023-07-28,2023-07-28,False,2023,7,28,500,Temmuz/28 (30. Hafta),294,Bilanço Dışı İşlemler,2,Taahhütler (3+4),YP,"9.535.477,69",9535477.69,TL,BDDK Haftalık Bülten
2023-07-28,2023-07-28,2023-07-28,False,2023,7,28,500,Temmuz/28 (30. Hafta),294,Bilanço Dışı İşlemler,3,a) Türev Finansal Araçlar,TOPLAM,"10.733.898,56",10733898.56,TL,BDDK Haftalık Bülten
2023-07-28,2023-07-28,2023-07-28,False,2023,7,28,500,Temmuz/28 (30. Hafta),294,Bilanço Dışı İşlemler,3,a) Türev Finansal Araçlar,TP,"2.285.874,34",2285874.34,TL,BDDK Haftalık Bülten
2023-07-28,2023-07-28,2023-07-28,False,2023,7,28,500,Temmuz/28 (30. Hafta),294,Bilanço Dışı İşlemler,3,a) Türev Finansal Araçlar,YP,"8.448.024,23",8448024.23,TL,BDDK Haftalık Bülten
2023-07-28,2023-07-28,2023-07-28,False,2023,7,28,500,Temmuz/28 (30. Hafta),294,Bilanço Dışı İşlemler,4,b) Diğer,TOPLAM,"4.434.594,85",4434594.85,TL,BDDK Haftalık Bülten
2023-07-28,2023-07-28,2023-07-28,False,2023,7,28,500,Temmuz/28 (30. Hafta),294,Bilanço Dışı İşlemler,4,b) Diğer,TP,"3.347.141,39",3347141.39,TL,BDDK Haftalık Bülten
2023-07-28,2023-07-28,2023-07-28,False,2023,7,28,500,Temmuz/28 (30. Hafta),294,Bilanço Dışı İşlemler,4,b) Diğer,YP,"1.087.453,46",1087453.46,TL,BDDK Haftalık Bülten
2023-08-04,2023-08-04,2023-08-04,False,2023,8,4,501,Ağustos/04 (31. Hafta),294,Bilanço Dışı İşlemler,1,Gayrinakdi Kredi ve Yükümlülükler,TOPLAM,"3.587.989,39",3587989.39,TL,BDDK Haftalık Bülten
2023-08-04,2023-08-04,2023-08-04,False,2023,8,4,501,Ağustos/04 (31. Hafta),294,Bilanço Dışı İşlemler,1,Gayrinakdi Kredi ve Yükümlülükler,TP,"1.642.154,55",1642154.55,TL,BDDK Haftalık Bülten
2023-08-04,2023-08-04,2023-08-04,False,2023,8,4,501,Ağustos/04 (31. Hafta),294,Bilanço Dışı İşlemler,1,Gayrinakdi Kredi ve Yükümlülükler,YP,"1.945.834,84",1945834.84,TL,BDDK Haftalık Bülten
2023-08-04,2023-08-04,2023-08-04,False,2023,8,4,501,Ağustos/04 (31. Hafta),294,Bilanço Dışı İşlemler,2,Taahhütler (3+4),TOPLAM,"15.249.132,58",15249132.58,TL,BDDK Haftalık Bülten
2023-08-04,2023-08-04,2023-08-04,False,2023,8,4,501,Ağustos/04 (31. Hafta),294,Bilanço Dışı İşlemler,2,Taahhütler (3+4),TP,"5.783.491,64",5783491.64,TL,BDDK Haftalık Bülten
2023-08-04,2023-08-04,2023-08-04,False,2023,8,4,501,Ağustos/04 (31. Hafta),294,Bilanço Dışı İşlemler,2,Taahhütler (3+4),YP,"9.465.640,94",9465640.94,TL,BDDK Haftalık Bülten
2023-08-04,2023-08-04,2023-08-04,False,2023,8,4,501,Ağustos/04 (31. Hafta),294,Bilanço Dışı İşlemler,3,a) Türev Finansal Araçlar,TOPLAM,"10.654.195,67",10654195.67,TL,BDDK Haftalık Bülten
2023-08-04,2023-08-04,2023-08-04,False,2023,8,4,501,Ağustos/04 (31. Hafta),294,Bilanço Dışı İşlemler,3,a) Türev Finansal Araçlar,TP,"2.337.517,18",2337517.18,TL,BDDK Haftalık Bülten
2023-08-04,2023-08-04,2023-08-04,False,2023,8,4,501,Ağustos/04 (31. Hafta),294,Bilanço Dışı İşlemler,3,a) Türev Finansal Araçlar,YP,"8.316.678,49",8316678.49,TL,BDDK Haftalık Bülten
2023-08-04,2023-08-04,2023-08-04,False,2023,8,4,501,Ağustos/04 (31. Hafta),294,Bilanço Dışı İşlemler,4,b) Diğer,TOPLAM,"4.594.936,91",4594936.91,TL,BDDK Haftalık Bülten
2023-08-04,2023-08-04,2023-08-04,False,2023,8,4,501,Ağustos/04 (31. Hafta),294,Bilanço Dışı İşlemler,4,b) Diğer,TP,"3.445.974,46",3445974.46,TL,BDDK Haftalık Bülten
2023-08-04,2023-08-04,2023-08-04,False,2023,8,4,501,Ağustos/04 (31. Hafta),294,Bilanço Dışı İşlemler,4,b) Diğer,YP,"1.148.962,45",1148962.45,TL,BDDK Haftalık Bülten
2023-08-11,2023-08-11,2023-08-11,False,2023,8,11,502,Ağustos/11 (32. Hafta),294,Bilanço Dışı İşlemler,1,Gayrinakdi Kredi ve Yükümlülükler,TOPLAM,"3.607.883,76",3607883.76,TL,BDDK Haftalık Bülten
2023-08-11,2023-08-11,2023-08-11,False,2023,8,11,502,Ağustos/11 (32. Hafta),294,Bilanço Dışı İşlemler,1,Gayrinakdi Kredi ve Yükümlülükler,TP,"1.662.059,32",1662059.32,TL,BDDK Haftalık Bülten
2023-08-11,2023-08-11,2023-08-11,False,2023,8,11,502,Ağustos/11 (32. Hafta),294,Bilanço Dışı İşlemler,1,Gayrinakdi Kredi ve Yükümlülükler,YP,"1.945.824,44",1945824.44,TL,BDDK Haftalık Bülten
2023-08-11,2023-08-11,2023-08-11,False,2023,8,11,502,Ağustos/11 (32. Hafta),294,Bilanço Dışı İşlemler,2,Taahhütler (3+4),TOPLAM,"15.319.907,23",15319907.23,TL,BDDK Haftalık Bülten
2023-08-11,2023-08-11,2023-08-11,False,2023,8,11,502,Ağustos/11 (32. Hafta),294,Bilanço Dışı İşlemler,2,Taahhütler (3+4),TP,"5.919.254,33",5919254.33,TL,BDDK Haftalık Bülten
2023-08-11,2023-08-11,2023-08-11,False,2023,8,11,502,Ağustos/11 (32. Hafta),294,Bilanço Dışı İşlemler,2,Taahhütler (3+4),YP,"9.400.652,90",9400652.9,TL,BDDK Haftalık Bülten
2023-08-11,2023-08-11,2023-08-11,False,2023,8,11,502,Ağustos/11 (32. Hafta),294,Bilanço Dışı İşlemler,3,a) Türev Finansal Araçlar,TOPLAM,"10.732.138,44",10732138.44,TL,BDDK Haftalık Bülten
2023-08-11,2023-08-11,2023-08-11,False,2023,8,11,502,Ağustos/11 (32. Hafta),294,Bilanço Dışı İşlemler,3,a) Türev Finansal Araçlar,TP,"2.407.243,06",2407243.06,TL,BDDK Haftalık Bülten
2023-08-11,2023-08-11,2023-08-11,False,2023,8,11,502,Ağustos/11 (32. Hafta),294,Bilanço Dışı İşlemler,3,a) Türev Finansal Araçlar,YP,"8.324.895,38",8324895.38,TL,BDDK Haftalık Bülten
2023-08-11,2023-08-11,2023-08-11,False,2023,8,11,502,Ağustos/11 (32. Hafta),294,Bilanço Dışı İşlemler,4,b) Diğer,TOPLAM,"4.587.768,79",4587768.79,TL,BDDK Haftalık Bülten
2023-08-11,2023-08-11,2023-08-11,False,2023,8,11,502,Ağustos/11 (32. Hafta),294,Bilanço Dışı İşlemler,4,b) Diğer,TP,"3.512.011,28",3512011.28,TL,BDDK Haftalık Bülten
2023-08-11,2023-08-11,2023-08-11,False,2023,8,11,502,Ağustos/11 (32. Hafta),294,Bilanço Dışı İşlemler,4,b) Diğer,YP,"1.075.757,51",1075757.51,TL,BDDK Haftalık Bülten
2023-08-18,2023-08-18,2023-08-18,False,2023,8,18,503,Ağustos/18 (33. Hafta),294,Bilanço Dışı İşlemler,1,Gayrinakdi Kredi ve Yükümlülükler,TOPLAM,"3.632.152,85",3632152.85,TL,BDDK Haftalık Bülten
2023-08-18,2023-08-18,2023-08-18,False,2023,8,18,503,Ağustos/18 (33. Hafta),294,Bilanço Dışı İşlemler,1,Gayrinakdi Kredi ve Yükümlülükler,TP,"1.691.927,26",1691927.26,TL,BDDK Haftalık Bülten
2023-08-18,2023-08-18,2023-08-18,False,2023,8,18,503,Ağustos/18 (33. Hafta),294,Bilanço Dışı İşlemler,1,Gayrinakdi Kredi ve Yükümlülükler,YP,"1.940.225,59",1940225.59,TL,BDDK Haftalık Bülten
2023-08-18,2023-08-18,2023-08-18,False,2023,8,18,503,Ağustos/18 (33. Hafta),294,Bilanço Dışı İşlemler,2,Taahhütler (3+4),TOPLAM,"15.386.219,77",15386219.77,TL,BDDK Haftalık Bülten
2023-08-18,2023-08-18,2023-08-18,False,2023,8,18,503,Ağustos/18 (33. Hafta),294,Bilanço Dışı İşlemler,2,Taahhütler (3+4),TP,"6.084.695,75",6084695.75,TL,BDDK Haftalık Bülten
2023-08-18,2023-08-18,2023-08-18,False,2023,8,18,503,Ağustos/18 (33. Hafta),294,Bilanço Dışı İşlemler,2,Taahhütler (3+4),YP,"9.301.524,03",9301524.03,TL,BDDK Haftalık Bülten
2023-08-18,2023-08-18,2023-08-18,False,2023,8,18,503,Ağustos/18 (33. Hafta),294,Bilanço Dışı İşlemler,3,a) Türev Finansal Araçlar,TOPLAM,"10.752.835,18",10752835.18,TL,BDDK Haftalık Bülten
2023-08-18,2023-08-18,2023-08-18,False,2023,8,18,503,Ağustos/18 (33. Hafta),294,Bilanço Dışı İşlemler,3,a) Türev Finansal Araçlar,TP,"2.500.708,67",2500708.67,TL,BDDK Haftalık Bülten
2023-08-18,2023-08-18,2023-08-18,False,2023,8,18,503,Ağustos/18 (33. Hafta),294,Bilanço Dışı İşlemler,3,a) Türev Finansal Araçlar,YP,"8.252.126,51",8252126.51,TL,BDDK Haftalık Bülten
2023-08-18,2023-08-18,2023-08-18,False,2023,8,18,503,Ağustos/18 (33. Hafta),294,Bilanço Dışı İşlemler,4,b) Diğer,TOPLAM,"4.633.384,59",4633384.59,TL,BDDK Haftalık Bülten
2023-08-18,2023-08-18,2023-08-18,False,2023,8,18,503,Ağustos/18 (33. Hafta),294,Bilanço Dışı İşlemler,4,b) Diğer,TP,"3.583.987,08",3583987.08,TL,BDDK Haftalık Bülten
2023-08-18,2023-08-18,2023-08-18,False,2023,8,18,503,Ağustos/18 (33. Hafta),294,Bilanço Dışı İşlemler,4,b) Diğer,YP,"1.049.397,52",1049397.52,TL,BDDK Haftalık Bülten
2023-08-25,2023-08-25,2023-08-25,False,2023,8,25,504,Ağustos/25 (34. Hafta),294,Bilanço Dışı İşlemler,1,Gayrinakdi Kredi ve Yükümlülükler,TOPLAM,"3.619.710,03",3619710.03,TL,BDDK Haftalık Bülten
2023-08-25,2023-08-25,2023-08-25,False,2023,8,25,504,Ağustos/25 (34. Hafta),294,Bilanço Dışı İşlemler,1,Gayrinakdi Kredi ve Yükümlülükler,TP,"1.718.526,63",1718526.63,TL,BDDK Haftalık Bülten
2023-08-25,2023-08-25,2023-08-25,False,2023,8,25,504,Ağustos/25 (34. Hafta),294,Bilanço Dışı İşlemler,1,Gayrinakdi Kredi ve Yükümlülükler,YP,"1.901.183,39",1901183.39,TL,BDDK Haftalık Bülten
2023-08-25,2023-08-25,2023-08-25,False,2023,8,25,504,Ağustos/25 (34. Hafta),294,Bilanço Dışı İşlemler,2,Taahhütler (3+4),TOPLAM,"15.292.927,14",15292927.14,TL,BDDK Haftalık Bülten
2023-08-25,2023-08-25,2023-08-25,False,2023,8,25,504,Ağustos/25 (34. Hafta),294,Bilanço Dışı İşlemler,2,Taahhütler (3+4),TP,"6.245.365,71",6245365.71,TL,BDDK Haftalık Bülten
2023-08-25,2023-08-25,2023-08-25,False,2023,8,25,504,Ağustos/25 (34. Hafta),294,Bilanço Dışı İşlemler,2,Taahhütler (3+4),YP,"9.047.561,42",9047561.42,TL,BDDK Haftalık Bülten
2023-08-25,2023-08-25,2023-08-25,False,2023,8,25,504,Ağustos/25 (34. Hafta),294,Bilanço Dışı İşlemler,3,a) Türev Finansal Araçlar,TOPLAM,"10.667.396,93",10667396.93,TL,BDDK Haftalık Bülten
2023-08-25,2023-08-25,2023-08-25,False,2023,8,25,504,Ağustos/25 (34. Hafta),294,Bilanço Dışı İşlemler,3,a) Türev Finansal Araçlar,TP,"2.610.666,12",2610666.12,TL,BDDK Haftalık Bülten
2023-08-25,2023-08-25,2023-08-25,False,2023,8,25,504,Ağustos/25 (34. Hafta),294,Bilanço Dışı İşlemler,3,a) Türev Finansal Araçlar,YP,"8.056.730,81",8056730.81,TL,BDDK Haftalık Bülten
2023-08-25,2023-08-25,2023-08-25,False,2023,8,25,504,Ağustos/25 (34. Hafta),294,Bilanço Dışı İşlemler,4,b) Diğer,TOPLAM,"4.625.530,21",4625530.21,TL,BDDK Haftalık Bülten
2023-08-25,2023-08-25,2023-08-25,False,2023,8,25,504,Ağustos/25 (34. Hafta),294,Bilanço Dışı İşlemler,4,b) Diğer,TP,"3.634.699,60",3634699.6,TL,BDDK Haftalık Bülten
2023-08-25,2023-08-25,2023-08-25,False,2023,8,25,504,Ağustos/25 (34. Hafta),294,Bilanço Dışı İşlemler,4,b) Diğer,YP,"990.830,61",990830.61,TL,BDDK Haftalık Bülten
2023-09-01,2023-09-01,2023-09-01,False,2023,9,1,505,Eylül/01 (35. Hafta),294,Bilanço Dışı İşlemler,1,Gayrinakdi Kredi ve Yükümlülükler,TOPLAM,"3.648.342,98",3648342.98,TL,BDDK Haftalık Bülten
2023-09-01,2023-09-01,2023-09-01,False,2023,9,1,505,Eylül/01 (35. Hafta),294,Bilanço Dışı İşlemler,1,Gayrinakdi Kredi ve Yükümlülükler,TP,"1.734.587,27",1734587.27,TL,BDDK Haftalık Bülten
2023-09-01,2023-09-01,2023-09-01,False,2023,9,1,505,Eylül/01 (35. Hafta),294,Bilanço Dışı İşlemler,1,Gayrinakdi Kredi ve Yükümlülükler,YP,"1.913.755,71",1913755.71,TL,BDDK Haftalık Bülten
2023-09-01,2023-09-01,2023-09-01,False,2023,9,1,505,Eylül/01 (35. Hafta),294,Bilanço Dışı İşlemler,2,Taahhütler (3+4),TOPLAM,"15.273.569,44",15273569.44,TL,BDDK Haftalık Bülten
2023-09-01,2023-09-01,2023-09-01,False,2023,9,1,505,Eylül/01 (35. Hafta),294,Bilanço Dışı İşlemler,2,Taahhütler (3+4),TP,"6.213.685,17",6213685.17,TL,BDDK Haftalık Bülten
2023-09-01,2023-09-01,2023-09-01,False,2023,9,1,505,Eylül/01 (35. Hafta),294,Bilanço Dışı İşlemler,2,Taahhütler (3+4),YP,"9.059.884,27",9059884.27,TL,BDDK Haftalık Bülten
2023-09-01,2023-09-01,2023-09-01,False,2023,9,1,505,Eylül/01 (35. Hafta),294,Bilanço Dışı İşlemler,3,a) Türev Finansal Araçlar,TOPLAM,"10.662.027,59",10662027.59,TL,BDDK Haftalık Bülten
2023-09-01,2023-09-01,2023-09-01,False,2023,9,1,505,Eylül/01 (35. Hafta),294,Bilanço Dışı İşlemler,3,a) Türev Finansal Araçlar,TP,"2.600.199,11",2600199.11,TL,BDDK Haftalık Bülten
2023-09-01,2023-09-01,2023-09-01,False,2023,9,1,505,Eylül/01 (35. Hafta),294,Bilanço Dışı İşlemler,3,a) Türev Finansal Araçlar,YP,"8.061.828,48",8061828.48,TL,BDDK Haftalık Bülten
2023-09-01,2023-09-01,2023-09-01,False,2023,9,1,505,Eylül/01 (35. Hafta),294,Bilanço Dışı İşlemler,4,b) Diğer,TOPLAM,"4.611.541,84",4611541.84,TL,BDDK Haftalık Bülten
2023-09-01,2023-09-01,2023-09-01,False,2023,9,1,505,Eylül/01 (35. Hafta),294,Bilanço Dışı İşlemler,4,b) Diğer,TP,"3.613.486,05",3613486.05,TL,BDDK Haftalık Bülten
2023-09-01,2023-09-01,2023-09-01,False,2023,9,1,505,Eylül/01 (35. Hafta),294,Bilanço Dışı İşlemler,4,b) Diğer,YP,"998.055,79",998055.79,TL,BDDK Haftalık Bülten
2023-09-08,2023-09-08,2023-09-08,False,2023,9,8,506,Eylül/08 (36. Hafta),294,Bilanço Dışı İşlemler,1,Gayrinakdi Kredi ve Yükümlülükler,TOPLAM,"3.681.694,15",3681694.15,TL,BDDK Haftalık Bülten
2023-09-08,2023-09-08,2023-09-08,False,2023,9,8,506,Eylül/08 (36. Hafta),294,Bilanço Dışı İşlemler,1,Gayrinakdi Kredi ve Yükümlülükler,TP,"1.765.201,60",1765201.6,TL,BDDK Haftalık Bülten
2023-09-08,2023-09-08,2023-09-08,False,2023,9,8,506,Eylül/08 (36. Hafta),294,Bilanço Dışı İşlemler,1,Gayrinakdi Kredi ve Yükümlülükler,YP,"1.916.492,55",1916492.55,TL,BDDK Haftalık Bülten
2023-09-08,2023-09-08,2023-09-08,False,2023,9,8,506,Eylül/08 (36. Hafta),294,Bilanço Dışı İşlemler,2,Taahhütler (3+4),TOPLAM,"15.635.480,20",15635480.2,TL,BDDK Haftalık Bülten
2023-09-08,2023-09-08,2023-09-08,False,2023,9,8,506,Eylül/08 (36. Hafta),294,Bilanço Dışı İşlemler,2,Taahhütler (3+4),TP,"6.429.280,48",6429280.48,TL,BDDK Haftalık Bülten
2023-09-08,2023-09-08,2023-09-08,False,2023,9,8,506,Eylül/08 (36. Hafta),294,Bilanço Dışı İşlemler,2,Taahhütler (3+4),YP,"9.206.199,73",9206199.73,TL,BDDK Haftalık Bülten
2023-09-08,2023-09-08,2023-09-08,False,2023,9,8,506,Eylül/08 (36. Hafta),294,Bilanço Dışı İşlemler,3,a) Türev Finansal Araçlar,TOPLAM,"10.878.235,41",10878235.41,TL,BDDK Haftalık Bülten
2023-09-08,2023-09-08,2023-09-08,False,2023,9,8,506,Eylül/08 (36. Hafta),294,Bilanço Dışı İşlemler,3,a) Türev Finansal Araçlar,TP,"2.671.576,34",2671576.34,TL,BDDK Haftalık Bülten
2023-09-08,2023-09-08,2023-09-08,False,2023,9,8,506,Eylül/08 (36. Hafta),294,Bilanço Dışı İşlemler,3,a) Türev Finansal Araçlar,YP,"8.206.659,06",8206659.06,TL,BDDK Haftalık Bülten
2023-09-08,2023-09-08,2023-09-08,False,2023,9,8,506,Eylül/08 (36. Hafta),294,Bilanço Dışı İşlemler,4,b) Diğer,TOPLAM,"4.757.244,80",4757244.8,TL,BDDK Haftalık Bülten
2023-09-08,2023-09-08,2023-09-08,False,2023,9,8,506,Eylül/08 (36. Hafta),294,Bilanço Dışı İşlemler,4,b) Diğer,TP,"3.757.704,14",3757704.14,TL,BDDK Haftalık Bülten
2023-09-08,2023-09-08,2023-09-08,False,2023,9,8,506,Eylül/08 (36. Hafta),294,Bilanço Dışı İşlemler,4,b) Diğer,YP,"999.540,66",999540.66,TL,BDDK Haftalık Bülten
2023-09-15,2023-09-15,2023-09-15,False,2023,9,15,507,Eylül/15 (37. Hafta),294,Bilanço Dışı İşlemler,1,Gayrinakdi Kredi ve Yükümlülükler,TOPLAM,"3.721.017,14",3721017.14,TL,BDDK Haftalık Bülten
2023-09-15,2023-09-15,2023-09-15,False,2023,9,15,507,Eylül/15 (37. Hafta),294,Bilanço Dışı İşlemler,1,Gayrinakdi Kredi ve Yükümlülükler,TP,"1.795.490,06",1795490.06,TL,BDDK Haftalık Bülten
2023-09-15,2023-09-15,2023-09-15,False,2023,9,15,507,Eylül/15 (37. Hafta),294,Bilanço Dışı İşlemler,1,Gayrinakdi Kredi ve Yükümlülükler,YP,"1.925.527,08",1925527.08,TL,BDDK Haftalık Bülten
2023-09-15,2023-09-15,2023-09-15,False,2023,9,15,507,Eylül/15 (37. Hafta),294,Bilanço Dışı İşlemler,2,Taahhütler (3+4),TOPLAM,"15.921.815,29",15921815.29,TL,BDDK Haftalık Bülten
2023-09-15,2023-09-15,2023-09-15,False,2023,9,15,507,Eylül/15 (37. Hafta),294,Bilanço Dışı İşlemler,2,Taahhütler (3+4),TP,"6.621.379,11",6621379.11,TL,BDDK Haftalık Bülten
2023-09-15,2023-09-15,2023-09-15,False,2023,9,15,507,Eylül/15 (37. Hafta),294,Bilanço Dışı İşlemler,2,Taahhütler (3+4),YP,"9.300.436,18",9300436.18,TL,BDDK Haftalık Bülten
2023-09-15,2023-09-15,2023-09-15,False,2023,9,15,507,Eylül/15 (37. Hafta),294,Bilanço Dışı İşlemler,3,a) Türev Finansal Araçlar,TOPLAM,"10.976.468,69",10976468.69,TL,BDDK Haftalık Bülten
2023-09-15,2023-09-15,2023-09-15,False,2023,9,15,507,Eylül/15 (37. Hafta),294,Bilanço Dışı İşlemler,3,a) Türev Finansal Araçlar,TP,"2.760.185,28",2760185.28,TL,BDDK Haftalık Bülten
2023-09-15,2023-09-15,2023-09-15,False,2023,9,15,507,Eylül/15 (37. Hafta),294,Bilanço Dışı İşlemler,3,a) Türev Finansal Araçlar,YP,"8.216.283,41",8216283.41,TL,BDDK Haftalık Bülten
2023-09-15,2023-09-15,2023-09-15,False,2023,9,15,507,Eylül/15 (37. Hafta),294,Bilanço Dışı İşlemler,4,b) Diğer,TOPLAM,"4.945.346,60",4945346.6,TL,BDDK Haftalık Bülten
2023-09-15,2023-09-15,2023-09-15,False,2023,9,15,507,Eylül/15 (37. Hafta),294,Bilanço Dışı İşlemler,4,b) Diğer,TP,"3.861.193,83",3861193.83,TL,BDDK Haftalık Bülten
2023-09-15,2023-09-15,2023-09-15,False,2023,9,15,507,Eylül/15 (37. Hafta),294,Bilanço Dışı İşlemler,4,b) Diğer,YP,"1.084.152,77",1084152.77,TL,BDDK Haftalık Bülten
2023-09-22,2023-09-22,2023-09-22,False,2023,9,22,508,Eylül/22 (38. Hafta),294,Bilanço Dışı İşlemler,1,Gayrinakdi Kredi ve Yükümlülükler,TOPLAM,"3.754.054,85",3754054.85,TL,BDDK Haftalık Bülten
2023-09-22,2023-09-22,2023-09-22,False,2023,9,22,508,Eylül/22 (38. Hafta),294,Bilanço Dışı İşlemler,1,Gayrinakdi Kredi ve Yükümlülükler,TP,"1.815.110,44",1815110.44,TL,BDDK Haftalık Bülten
2023-09-22,2023-09-22,2023-09-22,False,2023,9,22,508,Eylül/22 (38. Hafta),294,Bilanço Dışı İşlemler,1,Gayrinakdi Kredi ve Yükümlülükler,YP,"1.938.944,41",1938944.41,TL,BDDK Haftalık Bülten
2023-09-22,2023-09-22,2023-09-22,False,2023,9,22,508,Eylül/22 (38. Hafta),294,Bilanço Dışı İşlemler,2,Taahhütler (3+4),TOPLAM,"16.446.626,31",16446626.31,TL,BDDK Haftalık Bülten
2023-09-22,2023-09-22,2023-09-22,False,2023,9,22,508,Eylül/22 (38. Hafta),294,Bilanço Dışı İşlemler,2,Taahhütler (3+4),TP,"6.877.434,42",6877434.42,TL,BDDK Haftalık Bülten
2023-09-22,2023-09-22,2023-09-22,False,2023,9,22,508,Eylül/22 (38. Hafta),294,Bilanço Dışı İşlemler,2,Taahhütler (3+4),YP,"9.569.191,89",9569191.89,TL,BDDK Haftalık Bülten
2023-09-22,2023-09-22,2023-09-22,False,2023,9,22,508,Eylül/22 (38. Hafta),294,Bilanço Dışı İşlemler,3,a) Türev Finansal Araçlar,TOPLAM,"11.404.221,88",11404221.88,TL,BDDK Haftalık Bülten
2023-09-22,2023-09-22,2023-09-22,False,2023,9,22,508,Eylül/22 (38. Hafta),294,Bilanço Dışı İşlemler,3,a) Türev Finansal Araçlar,TP,"2.970.781,89",2970781.89,TL,BDDK Haftalık Bülten
2023-09-22,2023-09-22,2023-09-22,False,2023,9,22,508,Eylül/22 (38. Hafta),294,Bilanço Dışı İşlemler,3,a) Türev Finansal Araçlar,YP,"8.433.439,99",8433439.99,TL,BDDK Haftalık Bülten
2023-09-22,2023-09-22,2023-09-22,False,2023,9,22,508,Eylül/22 (38. Hafta),294,Bilanço Dışı İşlemler,4,b) Diğer,TOPLAM,"5.042.404,43",5042404.43,TL,BDDK Haftalık Bülten
2023-09-22,2023-09-22,2023-09-22,False,2023,9,22,508,Eylül/22 (38. Hafta),294,Bilanço Dışı İşlemler,4,b) Diğer,TP,"3.906.652,53",3906652.53,TL,BDDK Haftalık Bülten
2023-09-22,2023-09-22,2023-09-22,False,2023,9,22,508,Eylül/22 (38. Hafta),294,Bilanço Dışı İşlemler,4,b) Diğer,YP,"1.135.751,90",1135751.9,TL,BDDK Haftalık Bülten
2023-09-29,2023-09-29,2023-09-29,False,2023,9,29,509,Eylül/29 (39. Hafta),294,Bilanço Dışı İşlemler,1,Gayrinakdi Kredi ve Yükümlülükler,TOPLAM,"3.806.008,54",3806008.54,TL,BDDK Haftalık Bülten
2023-09-29,2023-09-29,2023-09-29,False,2023,9,29,509,Eylül/29 (39. Hafta),294,Bilanço Dışı İşlemler,1,Gayrinakdi Kredi ve Yükümlülükler,TP,"1.844.238,65",1844238.65,TL,BDDK Haftalık Bülten
2023-09-29,2023-09-29,2023-09-29,False,2023,9,29,509,Eylül/29 (39. Hafta),294,Bilanço Dışı İşlemler,1,Gayrinakdi Kredi ve Yükümlülükler,YP,"1.961.769,89",1961769.89,TL,BDDK Haftalık Bülten
2023-09-29,2023-09-29,2023-09-29,False,2023,9,29,509,Eylül/29 (39. Hafta),294,Bilanço Dışı İşlemler,2,Taahhütler (3+4),TOPLAM,"16.419.865,58",16419865.58,TL,BDDK Haftalık Bülten
2023-09-29,2023-09-29,2023-09-29,False,2023,9,29,509,Eylül/29 (39. Hafta),294,Bilanço Dışı İşlemler,2,Taahhütler (3+4),TP,"6.901.195,74",6901195.74,TL,BDDK Haftalık Bülten
2023-09-29,2023-09-29,2023-09-29,False,2023,9,29,509,Eylül/29 (39. Hafta),294,Bilanço Dışı İşlemler,2,Taahhütler (3+4),YP,"9.518.669,84",9518669.84,TL,BDDK Haftalık Bülten
2023-09-29,2023-09-29,2023-09-29,False,2023,9,29,509,Eylül/29 (39. Hafta),294,Bilanço Dışı İşlemler,3,a) Türev Finansal Araçlar,TOPLAM,"11.257.587,18",11257587.18,TL,BDDK Haftalık Bülten
2023-09-29,2023-09-29,2023-09-29,False,2023,9,29,509,Eylül/29 (39. Hafta),294,Bilanço Dışı İşlemler,3,a) Türev Finansal Araçlar,TP,"2.919.172,42",2919172.42,TL,BDDK Haftalık Bülten
2023-09-29,2023-09-29,2023-09-29,False,2023,9,29,509,Eylül/29 (39. Hafta),294,Bilanço Dışı İşlemler,3,a) Türev Finansal Araçlar,YP,"8.338.414,76",8338414.76,TL,BDDK Haftalık Bülten
2023-09-29,2023-09-29,2023-09-29,False,2023,9,29,509,Eylül/29 (39. Hafta),294,Bilanço Dışı İşlemler,4,b) Diğer,TOPLAM,"5.162.278,39",5162278.39,TL,BDDK Haftalık Bülten
2023-09-29,2023-09-29,2023-09-29,False,2023,9,29,509,Eylül/29 (39. Hafta),294,Bilanço Dışı İşlemler,4,b) Diğer,TP,"3.982.023,32",3982023.32,TL,BDDK Haftalık Bülten
2023-09-29,2023-09-29,2023-09-29,False,2023,9,29,509,Eylül/29 (39. Hafta),294,Bilanço Dışı İşlemler,4,b) Diğer,YP,"1.180.255,08",1180255.08,TL,BDDK Haftalık Bülten
2023-10-06,2023-10-06,2023-10-06,False,2023,10,6,510,Ekim/06 (40. Hafta),294,Bilanço Dışı İşlemler,1,Gayrinakdi Kredi ve Yükümlülükler,TOPLAM,"3.827.799,66",3827799.66,TL,BDDK Haftalık Bülten
2023-10-06,2023-10-06,2023-10-06,False,2023,10,6,510,Ekim/06 (40. Hafta),294,Bilanço Dışı İşlemler,1,Gayrinakdi Kredi ve Yükümlülükler,TP,"1.863.988,08",1863988.08,TL,BDDK Haftalık Bülten
2023-10-06,2023-10-06,2023-10-06,False,2023,10,6,510,Ekim/06 (40. Hafta),294,Bilanço Dışı İşlemler,1,Gayrinakdi Kredi ve Yükümlülükler,YP,"1.963.811,58",1963811.58,TL,BDDK Haftalık Bülten
2023-10-06,2023-10-06,2023-10-06,False,2023,10,6,510,Ekim/06 (40. Hafta),294,Bilanço Dışı İşlemler,2,Taahhütler (3+4),TOPLAM,"16.383.638,55",16383638.55,TL,BDDK Haftalık Bülten
2023-10-06,2023-10-06,2023-10-06,False,2023,10,6,510,Ekim/06 (40. Hafta),294,Bilanço Dışı İşlemler,2,Taahhütler (3+4),TP,"6.942.697,86",6942697.86,TL,BDDK Haftalık Bülten
2023-10-06,2023-10-06,2023-10-06,False,2023,10,6,510,Ekim/06 (40. Hafta),294,Bilanço Dışı İşlemler,2,Taahhütler (3+4),YP,"9.440.940,68",9440940.68,TL,BDDK Haftalık Bülten
2023-10-06,2023-10-06,2023-10-06,False,2023,10,6,510,Ekim/06 (40. Hafta),294,Bilanço Dışı İşlemler,3,a) Türev Finansal Araçlar,TOPLAM,"11.191.328,07",11191328.07,TL,BDDK Haftalık Bülten
2023-10-06,2023-10-06,2023-10-06,False,2023,10,6,510,Ekim/06 (40. Hafta),294,Bilanço Dışı İşlemler,3,a) Türev Finansal Araçlar,TP,"2.910.092,06",2910092.06,TL,BDDK Haftalık Bülten
2023-10-06,2023-10-06,2023-10-06,False,2023,10,6,510,Ekim/06 (40. Hafta),294,Bilanço Dışı İşlemler,3,a) Türev Finansal Araçlar,YP,"8.281.236,01",8281236.01,TL,BDDK Haftalık Bülten
2023-10-06,2023-10-06,2023-10-06,False,2023,10,6,510,Ekim/06 (40. Hafta),294,Bilanço Dışı İşlemler,4,b) Diğer,TOPLAM,"5.192.310,48",5192310.48,TL,BDDK Haftalık Bülten
2023-10-06,2023-10-06,2023-10-06,False,2023,10,6,510,Ekim/06 (40. Hafta),294,Bilanço Dışı İşlemler,4,b) Diğer,TP,"4.032.605,80",4032605.8,TL,BDDK Haftalık Bülten
2023-10-06,2023-10-06,2023-10-06,False,2023,10,6,510,Ekim/06 (40. Hafta),294,Bilanço Dışı İşlemler,4,b) Diğer,YP,"1.159.704,68",1159704.68,TL,BDDK Haftalık Bülten
2023-10-13,2023-10-13,2023-10-13,False,2023,10,13,511,Ekim/13 (41. Hafta),294,Bilanço Dışı İşlemler,1,Gayrinakdi Kredi ve Yükümlülükler,TOPLAM,"3.865.692,24",3865692.24,TL,BDDK Haftalık Bülten
2023-10-13,2023-10-13,2023-10-13,False,2023,10,13,511,Ekim/13 (41. Hafta),294,Bilanço Dışı İşlemler,1,Gayrinakdi Kredi ve Yükümlülükler,TP,"1.883.685,24",1883685.24,TL,BDDK Haftalık Bülten
2023-10-13,2023-10-13,2023-10-13,False,2023,10,13,511,Ekim/13 (41. Hafta),294,Bilanço Dışı İşlemler,1,Gayrinakdi Kredi ve Yükümlülükler,YP,"1.982.007,01",1982007.01,TL,BDDK Haftalık Bülten
2023-10-13,2023-10-13,2023-10-13,False,2023,10,13,511,Ekim/13 (41. Hafta),294,Bilanço Dışı İşlemler,2,Taahhütler (3+4),TOPLAM,"16.631.290,92",16631290.92,TL,BDDK Haftalık Bülten
2023-10-13,2023-10-13,2023-10-13,False,2023,10,13,511,Ekim/13 (41. Hafta),294,Bilanço Dışı İşlemler,2,Taahhütler (3+4),TP,"7.051.113,70",7051113.7,TL,BDDK Haftalık Bülten
2023-10-13,2023-10-13,2023-10-13,False,2023,10,13,511,Ekim/13 (41. Hafta),294,Bilanço Dışı İşlemler,2,Taahhütler (3+4),YP,"9.580.177,22",9580177.22,TL,BDDK Haftalık Bülten
2023-10-13,2023-10-13,2023-10-13,False,2023,10,13,511,Ekim/13 (41. Hafta),294,Bilanço Dışı İşlemler,3,a) Türev Finansal Araçlar,TOPLAM,"11.406.939,83",11406939.83,TL,BDDK Haftalık Bülten
2023-10-13,2023-10-13,2023-10-13,False,2023,10,13,511,Ekim/13 (41. Hafta),294,Bilanço Dışı İşlemler,3,a) Türev Finansal Araçlar,TP,"2.962.775,79",2962775.79,TL,BDDK Haftalık Bülten
2023-10-13,2023-10-13,2023-10-13,False,2023,10,13,511,Ekim/13 (41. Hafta),294,Bilanço Dışı İşlemler,3,a) Türev Finansal Araçlar,YP,"8.444.164,04",8444164.04,TL,BDDK Haftalık Bülten
2023-10-13,2023-10-13,2023-10-13,False,2023,10,13,511,Ekim/13 (41. Hafta),294,Bilanço Dışı İşlemler,4,b) Diğer,TOPLAM,"5.224.351,09",5224351.09,TL,BDDK Haftalık Bülten
2023-10-13,2023-10-13,2023-10-13,False,2023,10,13,511,Ekim/13 (41. Hafta),294,Bilanço Dışı İşlemler,4,b) Diğer,TP,"4.088.337,91",4088337.91,TL,BDDK Haftalık Bülten
2023-10-13,2023-10-13,2023-10-13,False,2023,10,13,511,Ekim/13 (41. Hafta),294,Bilanço Dışı İşlemler,4,b) Diğer,YP,"1.136.013,18",1136013.18,TL,BDDK Haftalık Bülten
2023-10-20,2023-10-20,2023-10-20,False,2023,10,20,512,Ekim/20 (42. Hafta),294,Bilanço Dışı İşlemler,1,Gayrinakdi Kredi ve Yükümlülükler,TOPLAM,"3.909.753,47",3909753.47,TL,BDDK Haftalık Bülten
2023-10-20,2023-10-20,2023-10-20,False,2023,10,20,512,Ekim/20 (42. Hafta),294,Bilanço Dışı İşlemler,1,Gayrinakdi Kredi ve Yükümlülükler,TP,"1.908.741,91",1908741.91,TL,BDDK Haftalık Bülten
2023-10-20,2023-10-20,2023-10-20,False,2023,10,20,512,Ekim/20 (42. Hafta),294,Bilanço Dışı İşlemler,1,Gayrinakdi Kredi ve Yükümlülükler,YP,"2.001.011,55",2001011.55,TL,BDDK Haftalık Bülten
2023-10-20,2023-10-20,2023-10-20,False,2023,10,20,512,Ekim/20 (42. Hafta),294,Bilanço Dışı İşlemler,2,Taahhütler (3+4),TOPLAM,"17.139.094,20",17139094.2,TL,BDDK Haftalık Bülten
2023-10-20,2023-10-20,2023-10-20,False,2023,10,20,512,Ekim/20 (42. Hafta),294,Bilanço Dışı İşlemler,2,Taahhütler (3+4),TP,"7.309.475,35",7309475.35,TL,BDDK Haftalık Bülten
2023-10-20,2023-10-20,2023-10-20,False,2023,10,20,512,Ekim/20 (42. Hafta),294,Bilanço Dışı İşlemler,2,Taahhütler (3+4),YP,"9.829.618,85",9829618.85,TL,BDDK Haftalık Bülten
2023-10-20,2023-10-20,2023-10-20,False,2023,10,20,512,Ekim/20 (42. Hafta),294,Bilanço Dışı İşlemler,3,a) Türev Finansal Araçlar,TOPLAM,"11.788.365,60",11788365.6,TL,BDDK Haftalık Bülten
2023-10-20,2023-10-20,2023-10-20,False,2023,10,20,512,Ekim/20 (42. Hafta),294,Bilanço Dışı İşlemler,3,a) Türev Finansal Araçlar,TP,"3.101.995,21",3101995.21,TL,BDDK Haftalık Bülten
2023-10-20,2023-10-20,2023-10-20,False,2023,10,20,512,Ekim/20 (42. Hafta),294,Bilanço Dışı İşlemler,3,a) Türev Finansal Araçlar,YP,"8.686.370,39",8686370.39,TL,BDDK Haftalık Bülten
2023-10-20,2023-10-20,2023-10-20,False,2023,10,20,512,Ekim/20 (42. Hafta),294,Bilanço Dışı İşlemler,4,b) Diğer,TOPLAM,"5.350.728,60",5350728.6,TL,BDDK Haftalık Bülten
2023-10-20,2023-10-20,2023-10-20,False,2023,10,20,512,Ekim/20 (42. Hafta),294,Bilanço Dışı İşlemler,4,b) Diğer,TP,"4.207.480,13",4207480.13,TL,BDDK Haftalık Bülten
2023-10-20,2023-10-20,2023-10-20,False,2023,10,20,512,Ekim/20 (42. Hafta),294,Bilanço Dışı İşlemler,4,b) Diğer,YP,"1.143.248,46",1143248.46,TL,BDDK Haftalık Bülten
2023-10-27,2023-10-27,2023-10-27,False,2023,10,27,513,Ekim/27 (43. Hafta),294,Bilanço Dışı İşlemler,1,Gayrinakdi Kredi ve Yükümlülükler,TOPLAM,"3.957.777,05",3957777.05,TL,BDDK Haftalık Bülten
2023-10-27,2023-10-27,2023-10-27,False,2023,10,27,513,Ekim/27 (43. Hafta),294,Bilanço Dışı İşlemler,1,Gayrinakdi Kredi ve Yükümlülükler,TP,"1.934.092,72",1934092.72,TL,BDDK Haftalık Bülten
2023-10-27,2023-10-27,2023-10-27,False,2023,10,27,513,Ekim/27 (43. Hafta),294,Bilanço Dışı İşlemler,1,Gayrinakdi Kredi ve Yükümlülükler,YP,"2.023.684,33",2023684.33,TL,BDDK Haftalık Bülten
2023-10-27,2023-10-27,2023-10-27,False,2023,10,27,513,Ekim/27 (43. Hafta),294,Bilanço Dışı İşlemler,2,Taahhütler (3+4),TOPLAM,"17.289.548,83",17289548.83,TL,BDDK Haftalık Bülten
2023-10-27,2023-10-27,2023-10-27,False,2023,10,27,513,Ekim/27 (43. Hafta),294,Bilanço Dışı İşlemler,2,Taahhütler (3+4),TP,"7.420.097,84",7420097.84,TL,BDDK Haftalık Bülten
2023-10-27,2023-10-27,2023-10-27,False,2023,10,27,513,Ekim/27 (43. Hafta),294,Bilanço Dışı İşlemler,2,Taahhütler (3+4),YP,"9.869.450,99",9869450.99,TL,BDDK Haftalık Bülten
2023-10-27,2023-10-27,2023-10-27,False,2023,10,27,513,Ekim/27 (43. Hafta),294,Bilanço Dışı İşlemler,3,a) Türev Finansal Araçlar,TOPLAM,"11.935.136,66",11935136.66,TL,BDDK Haftalık Bülten
2023-10-27,2023-10-27,2023-10-27,False,2023,10,27,513,Ekim/27 (43. Hafta),294,Bilanço Dışı İşlemler,3,a) Türev Finansal Araçlar,TP,"3.205.387,06",3205387.06,TL,BDDK Haftalık Bülten
2023-10-27,2023-10-27,2023-10-27,False,2023,10,27,513,Ekim/27 (43. Hafta),294,Bilanço Dışı İşlemler,3,a) Türev Finansal Araçlar,YP,"8.729.749,61",8729749.61,TL,BDDK Haftalık Bülten
2023-10-27,2023-10-27,2023-10-27,False,2023,10,27,513,Ekim/27 (43. Hafta),294,Bilanço Dışı İşlemler,4,b) Diğer,TOPLAM,"5.354.412,17",5354412.17,TL,BDDK Haftalık Bülten
2023-10-27,2023-10-27,2023-10-27,False,2023,10,27,513,Ekim/27 (43. Hafta),294,Bilanço Dışı İşlemler,4,b) Diğer,TP,"4.214.710,79",4214710.79,TL,BDDK Haftalık Bülten
2023-10-27,2023-10-27,2023-10-27,False,2023,10,27,513,Ekim/27 (43. Hafta),294,Bilanço Dışı İşlemler,4,b) Diğer,YP,"1.139.701,38",1139701.38,TL,BDDK Haftalık Bülten
2023-11-03,2023-11-03,2023-11-03,False,2023,11,3,514,Kasım/03 (44. Hafta),294,Bilanço Dışı İşlemler,1,Gayrinakdi Kredi ve Yükümlülükler,TOPLAM,"3.997.432,26",3997432.26,TL,BDDK Haftalık Bülten
2023-11-03,2023-11-03,2023-11-03,False,2023,11,3,514,Kasım/03 (44. Hafta),294,Bilanço Dışı İşlemler,1,Gayrinakdi Kredi ve Yükümlülükler,TP,"1.950.580,61",1950580.61,TL,BDDK Haftalık Bülten
2023-11-03,2023-11-03,2023-11-03,False,2023,11,3,514,Kasım/03 (44. Hafta),294,Bilanço Dışı İşlemler,1,Gayrinakdi Kredi ve Yükümlülükler,YP,"2.046.851,65",2046851.65,TL,BDDK Haftalık Bülten
2023-11-03,2023-11-03,2023-11-03,False,2023,11,3,514,Kasım/03 (44. Hafta),294,Bilanço Dışı İşlemler,2,Taahhütler (3+4),TOPLAM,"17.632.295,82",17632295.82,TL,BDDK Haftalık Bülten
2023-11-03,2023-11-03,2023-11-03,False,2023,11,3,514,Kasım/03 (44. Hafta),294,Bilanço Dışı İşlemler,2,Taahhütler (3+4),TP,"7.591.345,66",7591345.66,TL,BDDK Haftalık Bülten
2023-11-03,2023-11-03,2023-11-03,False,2023,11,3,514,Kasım/03 (44. Hafta),294,Bilanço Dışı İşlemler,2,Taahhütler (3+4),YP,"10.040.950,15",10040950.15,TL,BDDK Haftalık Bülten
2023-11-03,2023-11-03,2023-11-03,False,2023,11,3,514,Kasım/03 (44. Hafta),294,Bilanço Dışı İşlemler,3,a) Türev Finansal Araçlar,TOPLAM,"12.016.836,26",12016836.26,TL,BDDK Haftalık Bülten
2023-11-03,2023-11-03,2023-11-03,False,2023,11,3,514,Kasım/03 (44. Hafta),294,Bilanço Dışı İşlemler,3,a) Türev Finansal Araçlar,TP,"3.178.302,34",3178302.34,TL,BDDK Haftalık Bülten
2023-11-03,2023-11-03,2023-11-03,False,2023,11,3,514,Kasım/03 (44. Hafta),294,Bilanço Dışı İşlemler,3,a) Türev Finansal Araçlar,YP,"8.838.533,92",8838533.92,TL,BDDK Haftalık Bülten
2023-11-03,2023-11-03,2023-11-03,False,2023,11,3,514,Kasım/03 (44. Hafta),294,Bilanço Dışı İşlemler,4,b) Diğer,TOPLAM,"5.615.459,55",5615459.55,TL,BDDK Haftalık Bülten
2023-11-03,2023-11-03,2023-11-03,False,2023,11,3,514,Kasım/03 (44. Hafta),294,Bilanço Dışı İşlemler,4,b) Diğer,TP,"4.413.043,32",4413043.32,TL,BDDK Haftalık Bülten
2023-11-03,2023-11-03,2023-11-03,False,2023,11,3,514,Kasım/03 (44. Hafta),294,Bilanço Dışı İşlemler,4,b) Diğer,YP,"1.202.416,23",1202416.23,TL,BDDK Haftalık Bülten
2023-11-10,2023-11-10,2023-11-10,False,2023,11,10,515,Kasım/10 (45. Hafta),294,Bilanço Dışı İşlemler,1,Gayrinakdi Kredi ve Yükümlülükler,TOPLAM,"4.019.232,41",4019232.41,TL,BDDK Haftalık Bülten
2023-11-10,2023-11-10,2023-11-10,False,2023,11,10,515,Kasım/10 (45. Hafta),294,Bilanço Dışı İşlemler,1,Gayrinakdi Kredi ve Yükümlülükler,TP,"1.975.385,08",1975385.08,TL,BDDK Haftalık Bülten
2023-11-10,2023-11-10,2023-11-10,False,2023,11,10,515,Kasım/10 (45. Hafta),294,Bilanço Dışı İşlemler,1,Gayrinakdi Kredi ve Yükümlülükler,YP,"2.043.847,33",2043847.33,TL,BDDK Haftalık Bülten
2023-11-10,2023-11-10,2023-11-10,False,2023,11,10,515,Kasım/10 (45. Hafta),294,Bilanço Dışı İşlemler,2,Taahhütler (3+4),TOPLAM,"17.697.682,52",17697682.52,TL,BDDK Haftalık Bülten
2023-11-10,2023-11-10,2023-11-10,False,2023,11,10,515,Kasım/10 (45. Hafta),294,Bilanço Dışı İşlemler,2,Taahhütler (3+4),TP,"7.664.741,12",7664741.12,TL,BDDK Haftalık Bülten
2023-11-10,2023-11-10,2023-11-10,False,2023,11,10,515,Kasım/10 (45. Hafta),294,Bilanço Dışı İşlemler,2,Taahhütler (3+4),YP,"10.032.941,40",10032941.4,TL,BDDK Haftalık Bülten
2023-11-10,2023-11-10,2023-11-10,False,2023,11,10,515,Kasım/10 (45. Hafta),294,Bilanço Dışı İşlemler,3,a) Türev Finansal Araçlar,TOPLAM,"12.223.737,74",12223737.74,TL,BDDK Haftalık Bülten
2023-11-10,2023-11-10,2023-11-10,False,2023,11,10,515,Kasım/10 (45. Hafta),294,Bilanço Dışı İşlemler,3,a) Türev Finansal Araçlar,TP,"3.270.996,12",3270996.12,TL,BDDK Haftalık Bülten
2023-11-10,2023-11-10,2023-11-10,False,2023,11,10,515,Kasım/10 (45. Hafta),294,Bilanço Dışı İşlemler,3,a) Türev Finansal Araçlar,YP,"8.952.741,62",8952741.62,TL,BDDK Haftalık Bülten
2023-11-10,2023-11-10,2023-11-10,False,2023,11,10,515,Kasım/10 (45. Hafta),294,Bilanço Dışı İşlemler,4,b) Diğer,TOPLAM,"5.473.944,77",5473944.77,TL,BDDK Haftalık Bülten
2023-11-10,2023-11-10,2023-11-10,False,2023,11,10,515,Kasım/10 (45. Hafta),294,Bilanço Dışı İşlemler,4,b) Diğer,TP,"4.393.744,99",4393744.99,TL,BDDK Haftalık Bülten
2023-11-10,2023-11-10,2023-11-10,False,2023,11,10,515,Kasım/10 (45. Hafta),294,Bilanço Dışı İşlemler,4,b) Diğer,YP,"1.080.199,78",1080199.78,TL,BDDK Haftalık Bülten
2023-11-17,2023-11-17,2023-11-17,False,2023,11,17,516,Kasım/17 (46. Hafta),294,Bilanço Dışı İşlemler,1,Gayrinakdi Kredi ve Yükümlülükler,TOPLAM,"4.079.038,89",4079038.89,TL,BDDK Haftalık Bülten
2023-11-17,2023-11-17,2023-11-17,False,2023,11,17,516,Kasım/17 (46. Hafta),294,Bilanço Dışı İşlemler,1,Gayrinakdi Kredi ve Yükümlülükler,TP,"1.997.917,83",1997917.83,TL,BDDK Haftalık Bülten
2023-11-17,2023-11-17,2023-11-17,False,2023,11,17,516,Kasım/17 (46. Hafta),294,Bilanço Dışı İşlemler,1,Gayrinakdi Kredi ve Yükümlülükler,YP,"2.081.121,07",2081121.07,TL,BDDK Haftalık Bülten
2023-11-17,2023-11-17,2023-11-17,False,2023,11,17,516,Kasım/17 (46. Hafta),294,Bilanço Dışı İşlemler,2,Taahhütler (3+4),TOPLAM,"17.963.218,51",17963218.51,TL,BDDK Haftalık Bülten
2023-11-17,2023-11-17,2023-11-17,False,2023,11,17,516,Kasım/17 (46. Hafta),294,Bilanço Dışı İşlemler,2,Taahhütler (3+4),TP,"7.809.224,74",7809224.74,TL,BDDK Haftalık Bülten
2023-11-17,2023-11-17,2023-11-17,False,2023,11,17,516,Kasım/17 (46. Hafta),294,Bilanço Dışı İşlemler,2,Taahhütler (3+4),YP,"10.153.993,77",10153993.77,TL,BDDK Haftalık Bülten
2023-11-17,2023-11-17,2023-11-17,False,2023,11,17,516,Kasım/17 (46. Hafta),294,Bilanço Dışı İşlemler,3,a) Türev Finansal Araçlar,TOPLAM,"12.349.220,21",12349220.21,TL,BDDK Haftalık Bülten
2023-11-17,2023-11-17,2023-11-17,False,2023,11,17,516,Kasım/17 (46. Hafta),294,Bilanço Dışı İşlemler,3,a) Türev Finansal Araçlar,TP,"3.315.540,85",3315540.85,TL,BDDK Haftalık Bülten
2023-11-17,2023-11-17,2023-11-17,False,2023,11,17,516,Kasım/17 (46. Hafta),294,Bilanço Dışı İşlemler,3,a) Türev Finansal Araçlar,YP,"9.033.679,37",9033679.37,TL,BDDK Haftalık Bülten
2023-11-17,2023-11-17,2023-11-17,False,2023,11,17,516,Kasım/17 (46. Hafta),294,Bilanço Dışı İşlemler,4,b) Diğer,TOPLAM,"5.613.998,29",5613998.29,TL,BDDK Haftalık Bülten
2023-11-17,2023-11-17,2023-11-17,False,2023,11,17,516,Kasım/17 (46. Hafta),294,Bilanço Dışı İşlemler,4,b) Diğer,TP,"4.493.683,89",4493683.89,TL,BDDK Haftalık Bülten
2023-11-17,2023-11-17,2023-11-17,False,2023,11,17,516,Kasım/17 (46. Hafta),294,Bilanço Dışı İşlemler,4,b) Diğer,YP,"1.120.314,41",1120314.41,TL,BDDK Haftalık Bülten
2023-11-24,2023-11-24,2023-11-24,False,2023,11,24,517,Kasım/24 (47. Hafta),294,Bilanço Dışı İşlemler,1,Gayrinakdi Kredi ve Yükümlülükler,TOPLAM,"4.124.111,34",4124111.34,TL,BDDK Haftalık Bülten
2023-11-24,2023-11-24,2023-11-24,False,2023,11,24,517,Kasım/24 (47. Hafta),294,Bilanço Dışı İşlemler,1,Gayrinakdi Kredi ve Yükümlülükler,TP,"2.016.600,03",2016600.03,TL,BDDK Haftalık Bülten
2023-11-24,2023-11-24,2023-11-24,False,2023,11,24,517,Kasım/24 (47. Hafta),294,Bilanço Dışı İşlemler,1,Gayrinakdi Kredi ve Yükümlülükler,YP,"2.107.511,31",2107511.31,TL,BDDK Haftalık Bülten
2023-11-24,2023-11-24,2023-11-24,False,2023,11,24,517,Kasım/24 (47. Hafta),294,Bilanço Dışı İşlemler,2,Taahhütler (3+4),TOPLAM,"18.396.096,98",18396096.98,TL,BDDK Haftalık Bülten
2023-11-24,2023-11-24,2023-11-24,False,2023,11,24,517,Kasım/24 (47. Hafta),294,Bilanço Dışı İşlemler,2,Taahhütler (3+4),TP,"8.038.045,59",8038045.59,TL,BDDK Haftalık Bülten
2023-11-24,2023-11-24,2023-11-24,False,2023,11,24,517,Kasım/24 (47. Hafta),294,Bilanço Dışı İşlemler,2,Taahhütler (3+4),YP,"10.358.051,39",10358051.39,TL,BDDK Haftalık Bülten
2023-11-24,2023-11-24,2023-11-24,False,2023,11,24,517,Kasım/24 (47. Hafta),294,Bilanço Dışı İşlemler,3,a) Türev Finansal Araçlar,TOPLAM,"12.766.189,80",12766189.8,TL,BDDK Haftalık Bülten
2023-11-24,2023-11-24,2023-11-24,False,2023,11,24,517,Kasım/24 (47. Hafta),294,Bilanço Dışı İşlemler,3,a) Türev Finansal Araçlar,TP,"3.519.561,13",3519561.13,TL,BDDK Haftalık Bülten
2023-11-24,2023-11-24,2023-11-24,False,2023,11,24,517,Kasım/24 (47. Hafta),294,Bilanço Dışı İşlemler,3,a) Türev Finansal Araçlar,YP,"9.246.628,67",9246628.67,TL,BDDK Haftalık Bülten
2023-11-24,2023-11-24,2023-11-24,False,2023,11,24,517,Kasım/24 (47. Hafta),294,Bilanço Dışı İşlemler,4,b) Diğer,TOPLAM,"5.629.907,18",5629907.18,TL,BDDK Haftalık Bülten
2023-11-24,2023-11-24,2023-11-24,False,2023,11,24,517,Kasım/24 (47. Hafta),294,Bilanço Dışı İşlemler,4,b) Diğer,TP,"4.518.484,46",4518484.46,TL,BDDK Haftalık Bülten
2023-11-24,2023-11-24,2023-11-24,False,2023,11,24,517,Kasım/24 (47. Hafta),294,Bilanço Dışı İşlemler,4,b) Diğer,YP,"1.111.422,72",1111422.72,TL,BDDK Haftalık Bülten
2023-12-01,2023-12-01,2023-12-01,False,2023,12,1,518,Aralık/01 (48. Hafta),294,Bilanço Dışı İşlemler,1,Gayrinakdi Kredi ve Yükümlülükler,TOPLAM,"4.146.401,71",4146401.71,TL,BDDK Haftalık Bülten
2023-12-01,2023-12-01,2023-12-01,False,2023,12,1,518,Aralık/01 (48. Hafta),294,Bilanço Dışı İşlemler,1,Gayrinakdi Kredi ve Yükümlülükler,TP,"2.042.045,15",2042045.15,TL,BDDK Haftalık Bülten
2023-12-01,2023-12-01,2023-12-01,False,2023,12,1,518,Aralık/01 (48. Hafta),294,Bilanço Dışı İşlemler,1,Gayrinakdi Kredi ve Yükümlülükler,YP,"2.104.356,56",2104356.56,TL,BDDK Haftalık Bülten
2023-12-01,2023-12-01,2023-12-01,False,2023,12,1,518,Aralık/01 (48. Hafta),294,Bilanço Dışı İşlemler,2,Taahhütler (3+4),TOPLAM,"18.447.608,94",18447608.94,TL,BDDK Haftalık Bülten
2023-12-01,2023-12-01,2023-12-01,False,2023,12,1,518,Aralık/01 (48. Hafta),294,Bilanço Dışı İşlemler,2,Taahhütler (3+4),TP,"8.024.628,76",8024628.76,TL,BDDK Haftalık Bülten
2023-12-01,2023-12-01,2023-12-01,False,2023,12,1,518,Aralık/01 (48. Hafta),294,Bilanço Dışı İşlemler,2,Taahhütler (3+4),YP,"10.422.980,18",10422980.18,TL,BDDK Haftalık Bülten
2023-12-01,2023-12-01,2023-12-01,False,2023,12,1,518,Aralık/01 (48. Hafta),294,Bilanço Dışı İşlemler,3,a) Türev Finansal Araçlar,TOPLAM,"12.661.080,16",12661080.16,TL,BDDK Haftalık Bülten
2023-12-01,2023-12-01,2023-12-01,False,2023,12,1,518,Aralık/01 (48. Hafta),294,Bilanço Dışı İşlemler,3,a) Türev Finansal Araçlar,TP,"3.401.031,06",3401031.06,TL,BDDK Haftalık Bülten
2023-12-01,2023-12-01,2023-12-01,False,2023,12,1,518,Aralık/01 (48. Hafta),294,Bilanço Dışı İşlemler,3,a) Türev Finansal Araçlar,YP,"9.260.049,09",9260049.09,TL,BDDK Haftalık Bülten
2023-12-01,2023-12-01,2023-12-01,False,2023,12,1,518,Aralık/01 (48. Hafta),294,Bilanço Dışı İşlemler,4,b) Diğer,TOPLAM,"5.786.528,79",5786528.79,TL,BDDK Haftalık Bülten
2023-12-01,2023-12-01,2023-12-01,False,2023,12,1,518,Aralık/01 (48. Hafta),294,Bilanço Dışı İşlemler,4,b) Diğer,TP,"4.623.597,70",4623597.7,TL,BDDK Haftalık Bülten
2023-12-01,2023-12-01,2023-12-01,False,2023,12,1,518,Aralık/01 (48. Hafta),294,Bilanço Dışı İşlemler,4,b) Diğer,YP,"1.162.931,09",1162931.09,TL,BDDK Haftalık Bülten
2023-12-08,2023-12-08,2023-12-08,False,2023,12,8,519,Aralık/08 (49. Hafta),294,Bilanço Dışı İşlemler,1,Gayrinakdi Kredi ve Yükümlülükler,TOPLAM,"4.166.136,48",4166136.48,TL,BDDK Haftalık Bülten
2023-12-08,2023-12-08,2023-12-08,False,2023,12,8,519,Aralık/08 (49. Hafta),294,Bilanço Dışı İşlemler,1,Gayrinakdi Kredi ve Yükümlülükler,TP,"2.058.360,02",2058360.02,TL,BDDK Haftalık Bülten
2023-12-08,2023-12-08,2023-12-08,False,2023,12,8,519,Aralık/08 (49. Hafta),294,Bilanço Dışı İşlemler,1,Gayrinakdi Kredi ve Yükümlülükler,YP,"2.107.776,46",2107776.46,TL,BDDK Haftalık Bülten
2023-12-08,2023-12-08,2023-12-08,False,2023,12,8,519,Aralık/08 (49. Hafta),294,Bilanço Dışı İşlemler,2,Taahhütler (3+4),TOPLAM,"18.590.268,58",18590268.58,TL,BDDK Haftalık Bülten
2023-12-08,2023-12-08,2023-12-08,False,2023,12,8,519,Aralık/08 (49. Hafta),294,Bilanço Dışı İşlemler,2,Taahhütler (3+4),TP,"8.131.201,51",8131201.51,TL,BDDK Haftalık Bülten
2023-12-08,2023-12-08,2023-12-08,False,2023,12,8,519,Aralık/08 (49. Hafta),294,Bilanço Dışı İşlemler,2,Taahhütler (3+4),YP,"10.459.067,07",10459067.07,TL,BDDK Haftalık Bülten
2023-12-08,2023-12-08,2023-12-08,False,2023,12,8,519,Aralık/08 (49. Hafta),294,Bilanço Dışı İşlemler,3,a) Türev Finansal Araçlar,TOPLAM,"12.696.170,28",12696170.28,TL,BDDK Haftalık Bülten
2023-12-08,2023-12-08,2023-12-08,False,2023,12,8,519,Aralık/08 (49. Hafta),294,Bilanço Dışı İşlemler,3,a) Türev Finansal Araçlar,TP,"3.450.674,79",3450674.79,TL,BDDK Haftalık Bülten
2023-12-08,2023-12-08,2023-12-08,False,2023,12,8,519,Aralık/08 (49. Hafta),294,Bilanço Dışı İşlemler,3,a) Türev Finansal Araçlar,YP,"9.245.495,49",9245495.49,TL,BDDK Haftalık Bülten
2023-12-08,2023-12-08,2023-12-08,False,2023,12,8,519,Aralık/08 (49. Hafta),294,Bilanço Dışı İşlemler,4,b) Diğer,TOPLAM,"5.894.098,31",5894098.31,TL,BDDK Haftalık Bülten
2023-12-08,2023-12-08,2023-12-08,False,2023,12,8,519,Aralık/08 (49. Hafta),294,Bilanço Dışı İşlemler,4,b) Diğer,TP,"4.680.526,73",4680526.73,TL,BDDK Haftalık Bülten
2023-12-08,2023-12-08,2023-12-08,False,2023,12,8,519,Aralık/08 (49. Hafta),294,Bilanço Dışı İşlemler,4,b) Diğer,YP,"1.213.571,58",1213571.58,TL,BDDK Haftalık Bülten
2023-12-15,2023-12-15,2023-12-15,False,2023,12,15,520,Aralık/15 (50. Hafta),294,Bilanço Dışı İşlemler,1,Gayrinakdi Kredi ve Yükümlülükler,TOPLAM,"4.223.082,23",4223082.23,TL,BDDK Haftalık Bülten
2023-12-15,2023-12-15,2023-12-15,False,2023,12,15,520,Aralık/15 (50. Hafta),294,Bilanço Dışı İşlemler,1,Gayrinakdi Kredi ve Yükümlülükler,TP,"2.084.704,18",2084704.18,TL,BDDK Haftalık Bülten
2023-12-15,2023-12-15,2023-12-15,False,2023,12,15,520,Aralık/15 (50. Hafta),294,Bilanço Dışı İşlemler,1,Gayrinakdi Kredi ve Yükümlülükler,YP,"2.138.378,05",2138378.05,TL,BDDK Haftalık Bülten
2023-12-15,2023-12-15,2023-12-15,False,2023,12,15,520,Aralık/15 (50. Hafta),294,Bilanço Dışı İşlemler,2,Taahhütler (3+4),TOPLAM,"18.831.268,41",18831268.41,TL,BDDK Haftalık Bülten
2023-12-15,2023-12-15,2023-12-15,False,2023,12,15,520,Aralık/15 (50. Hafta),294,Bilanço Dışı İşlemler,2,Taahhütler (3+4),TP,"8.229.145,50",8229145.5,TL,BDDK Haftalık Bülten
2023-12-15,2023-12-15,2023-12-15,False,2023,12,15,520,Aralık/15 (50. Hafta),294,Bilanço Dışı İşlemler,2,Taahhütler (3+4),YP,"10.602.122,91",10602122.91,TL,BDDK Haftalık Bülten
2023-12-15,2023-12-15,2023-12-15,False,2023,12,15,520,Aralık/15 (50. Hafta),294,Bilanço Dışı İşlemler,3,a) Türev Finansal Araçlar,TOPLAM,"12.698.483,55",12698483.55,TL,BDDK Haftalık Bülten
2023-12-15,2023-12-15,2023-12-15,False,2023,12,15,520,Aralık/15 (50. Hafta),294,Bilanço Dışı İşlemler,3,a) Türev Finansal Araçlar,TP,"3.384.905,88",3384905.88,TL,BDDK Haftalık Bülten
2023-12-15,2023-12-15,2023-12-15,False,2023,12,15,520,Aralık/15 (50. Hafta),294,Bilanço Dışı İşlemler,3,a) Türev Finansal Araçlar,YP,"9.313.577,66",9313577.66,TL,BDDK Haftalık Bülten
2023-12-15,2023-12-15,2023-12-15,False,2023,12,15,520,Aralık/15 (50. Hafta),294,Bilanço Dışı İşlemler,4,b) Diğer,TOPLAM,"6.132.784,86",6132784.86,TL,BDDK Haftalık Bülten
2023-12-15,2023-12-15,2023-12-15,False,2023,12,15,520,Aralık/15 (50. Hafta),294,Bilanço Dışı İşlemler,4,b) Diğer,TP,"4.844.239,61",4844239.61,TL,BDDK Haftalık Bülten
2023-12-15,2023-12-15,2023-12-15,False,2023,12,15,520,Aralık/15 (50. Hafta),294,Bilanço Dışı İşlemler,4,b) Diğer,YP,"1.288.545,24",1288545.24,TL,BDDK Haftalık Bülten
2023-12-22,2023-12-22,2023-12-22,False,2023,12,22,521,Aralık/22 (51. Hafta),294,Bilanço Dışı İşlemler,1,Gayrinakdi Kredi ve Yükümlülükler,TOPLAM,"4.281.873,67",4281873.67,TL,BDDK Haftalık Bülten
2023-12-22,2023-12-22,2023-12-22,False,2023,12,22,521,Aralık/22 (51. Hafta),294,Bilanço Dışı İşlemler,1,Gayrinakdi Kredi ve Yükümlülükler,TP,"2.111.432,33",2111432.33,TL,BDDK Haftalık Bülten
2023-12-22,2023-12-22,2023-12-22,False,2023,12,22,521,Aralık/22 (51. Hafta),294,Bilanço Dışı İşlemler,1,Gayrinakdi Kredi ve Yükümlülükler,YP,"2.170.441,34",2170441.34,TL,BDDK Haftalık Bülten
2023-12-22,2023-12-22,2023-12-22,False,2023,12,22,521,Aralık/22 (51. Hafta),294,Bilanço Dışı İşlemler,2,Taahhütler (3+4),TOPLAM,"19.176.917,01",19176917.01,TL,BDDK Haftalık Bülten
2023-12-22,2023-12-22,2023-12-22,False,2023,12,22,521,Aralık/22 (51. Hafta),294,Bilanço Dışı İşlemler,2,Taahhütler (3+4),TP,"8.385.971,11",8385971.11,TL,BDDK Haftalık Bülten
2023-12-22,2023-12-22,2023-12-22,False,2023,12,22,521,Aralık/22 (51. Hafta),294,Bilanço Dışı İşlemler,2,Taahhütler (3+4),YP,"10.790.945,91",10790945.91,TL,BDDK Haftalık Bülten
2023-12-22,2023-12-22,2023-12-22,False,2023,12,22,521,Aralık/22 (51. Hafta),294,Bilanço Dışı İşlemler,3,a) Türev Finansal Araçlar,TOPLAM,"12.874.229,18",12874229.18,TL,BDDK Haftalık Bülten
2023-12-22,2023-12-22,2023-12-22,False,2023,12,22,521,Aralık/22 (51. Hafta),294,Bilanço Dışı İşlemler,3,a) Türev Finansal Araçlar,TP,"3.400.650,24",3400650.24,TL,BDDK Haftalık Bülten
2023-12-22,2023-12-22,2023-12-22,False,2023,12,22,521,Aralık/22 (51. Hafta),294,Bilanço Dışı İşlemler,3,a) Türev Finansal Araçlar,YP,"9.473.578,93",9473578.93,TL,BDDK Haftalık Bülten
2023-12-22,2023-12-22,2023-12-22,False,2023,12,22,521,Aralık/22 (51. Hafta),294,Bilanço Dışı İşlemler,4,b) Diğer,TOPLAM,"6.302.687,83",6302687.83,TL,BDDK Haftalık Bülten
2023-12-22,2023-12-22,2023-12-22,False,2023,12,22,521,Aralık/22 (51. Hafta),294,Bilanço Dışı İşlemler,4,b) Diğer,TP,"4.985.320,86",4985320.86,TL,BDDK Haftalık Bülten
2023-12-22,2023-12-22,2023-12-22,False,2023,12,22,521,Aralık/22 (51. Hafta),294,Bilanço Dışı İşlemler,4,b) Diğer,YP,"1.317.366,97",1317366.97,TL,BDDK Haftalık Bülten
2023-12-29,2023-12-29,2023-12-29,False,2023,12,29,522,Aralık/29 (52. Hafta),294,Bilanço Dışı İşlemler,1,Gayrinakdi Kredi ve Yükümlülükler,TOPLAM,"4.334.043,62",4334043.62,TL,BDDK Haftalık Bülten
2023-12-29,2023-12-29,2023-12-29,False,2023,12,29,522,Aralık/29 (52. Hafta),294,Bilanço Dışı İşlemler,1,Gayrinakdi Kredi ve Yükümlülükler,TP,"2.138.643,18",2138643.18,TL,BDDK Haftalık Bülten
2023-12-29,2023-12-29,2023-12-29,False,2023,12,29,522,Aralık/29 (52. Hafta),294,Bilanço Dışı İşlemler,1,Gayrinakdi Kredi ve Yükümlülükler,YP,"2.195.400,44",2195400.44,TL,BDDK Haftalık Bülten
2023-12-29,2023-12-29,2023-12-29,False,2023,12,29,522,Aralık/29 (52. Hafta),294,Bilanço Dışı İşlemler,2,Taahhütler (3+4),TOPLAM,"18.765.957,63",18765957.63,TL,BDDK Haftalık Bülten
2023-12-29,2023-12-29,2023-12-29,False,2023,12,29,522,Aralık/29 (52. Hafta),294,Bilanço Dışı İşlemler,2,Taahhütler (3+4),TP,"8.230.813,28",8230813.28,TL,BDDK Haftalık Bülten
2023-12-29,2023-12-29,2023-12-29,False,2023,12,29,522,Aralık/29 (52. Hafta),294,Bilanço Dışı İşlemler,2,Taahhütler (3+4),YP,"10.535.144,35",10535144.35,TL,BDDK Haftalık Bülten
2023-12-29,2023-12-29,2023-12-29,False,2023,12,29,522,Aralık/29 (52. Hafta),294,Bilanço Dışı İşlemler,3,a) Türev Finansal Araçlar,TOPLAM,"12.541.062,48",12541062.48,TL,BDDK Haftalık Bülten
2023-12-29,2023-12-29,2023-12-29,False,2023,12,29,522,Aralık/29 (52. Hafta),294,Bilanço Dışı İşlemler,3,a) Türev Finansal Araçlar,TP,"3.214.940,41",3214940.41,TL,BDDK Haftalık Bülten
2023-12-29,2023-12-29,2023-12-29,False,2023,12,29,522,Aralık/29 (52. Hafta),294,Bilanço Dışı İşlemler,3,a) Türev Finansal Araçlar,YP,"9.326.122,08",9326122.08,TL,BDDK Haftalık Bülten
2023-12-29,2023-12-29,2023-12-29,False,2023,12,29,522,Aralık/29 (52. Hafta),294,Bilanço Dışı İşlemler,4,b) Diğer,TOPLAM,"6.224.895,15",6224895.15,TL,BDDK Haftalık Bülten
2023-12-29,2023-12-29,2023-12-29,False,2023,12,29,522,Aralık/29 (52. Hafta),294,Bilanço Dışı İşlemler,4,b) Diğer,TP,"5.015.872,87",5015872.87,TL,BDDK Haftalık Bülten
2023-12-29,2023-12-29,2023-12-29,False,2023,12,29,522,Aralık/29 (52. Hafta),294,Bilanço Dışı İşlemler,4,b) Diğer,YP,"1.209.022,28",1209022.28,TL,BDDK Haftalık Bülten
2024-01-05,2024-01-05,2024-01-05,False,2024,1,5,523,Ocak/05 (1. Hafta),294,Bilanço Dışı İşlemler,1,Gayrinakdi Kredi ve Yükümlülükler,TOPLAM,"4.313.577,72",4313577.72,TL,BDDK Haftalık Bülten
2024-01-05,2024-01-05,2024-01-05,False,2024,1,5,523,Ocak/05 (1. Hafta),294,Bilanço Dışı İşlemler,1,Gayrinakdi Kredi ve Yükümlülükler,TP,"2.138.220,14",2138220.14,TL,BDDK Haftalık Bülten
2024-01-05,2024-01-05,2024-01-05,False,2024,1,5,523,Ocak/05 (1. Hafta),294,Bilanço Dışı İşlemler,1,Gayrinakdi Kredi ve Yükümlülükler,YP,"2.175.357,58",2175357.58,TL,BDDK Haftalık Bülten
2024-01-05,2024-01-05,2024-01-05,False,2024,1,5,523,Ocak/05 (1. Hafta),294,Bilanço Dışı İşlemler,2,Taahhütler (3+4),TOPLAM,"18.978.386,86",18978386.86,TL,BDDK Haftalık Bülten
2024-01-05,2024-01-05,2024-01-05,False,2024,1,5,523,Ocak/05 (1. Hafta),294,Bilanço Dışı İşlemler,2,Taahhütler (3+4),TP,"8.385.021,42",8385021.42,TL,BDDK Haftalık Bülten
2024-01-05,2024-01-05,2024-01-05,False,2024,1,5,523,Ocak/05 (1. Hafta),294,Bilanço Dışı İşlemler,2,Taahhütler (3+4),YP,"10.593.365,44",10593365.44,TL,BDDK Haftalık Bülten
2024-01-05,2024-01-05,2024-01-05,False,2024,1,5,523,Ocak/05 (1. Hafta),294,Bilanço Dışı İşlemler,3,a) Türev Finansal Araçlar,TOPLAM,"12.625.128,02",12625128.02,TL,BDDK Haftalık Bülten
2024-01-05,2024-01-05,2024-01-05,False,2024,1,5,523,Ocak/05 (1. Hafta),294,Bilanço Dışı İşlemler,3,a) Türev Finansal Araçlar,TP,"3.228.479,95",3228479.95,TL,BDDK Haftalık Bülten
2024-01-05,2024-01-05,2024-01-05,False,2024,1,5,523,Ocak/05 (1. Hafta),294,Bilanço Dışı İşlemler,3,a) Türev Finansal Araçlar,YP,"9.396.648,06",9396648.06,TL,BDDK Haftalık Bülten
2024-01-05,2024-01-05,2024-01-05,False,2024,1,5,523,Ocak/05 (1. Hafta),294,Bilanço Dışı İşlemler,4,b) Diğer,TOPLAM,"6.353.258,84",6353258.84,TL,BDDK Haftalık Bülten
2024-01-05,2024-01-05,2024-01-05,False,2024,1,5,523,Ocak/05 (1. Hafta),294,Bilanço Dışı İşlemler,4,b) Diğer,TP,"5.156.541,47",5156541.47,TL,BDDK Haftalık Bülten
2024-01-05,2024-01-05,2024-01-05,False,2024,1,5,523,Ocak/05 (1. Hafta),294,Bilanço Dışı İşlemler,4,b) Diğer,YP,"1.196.717,38",1196717.38,TL,BDDK Haftalık Bülten
2024-01-12,2024-01-12,2024-01-12,False,2024,1,12,524,Ocak/12 (2. Hafta),294,Bilanço Dışı İşlemler,1,Gayrinakdi Kredi ve Yükümlülükler,TOPLAM,"4.366.559,47",4366559.47,TL,BDDK Haftalık Bülten
2024-01-12,2024-01-12,2024-01-12,False,2024,1,12,524,Ocak/12 (2. Hafta),294,Bilanço Dışı İşlemler,1,Gayrinakdi Kredi ve Yükümlülükler,TP,"2.163.626,03",2163626.03,TL,BDDK Haftalık Bülten
2024-01-12,2024-01-12,2024-01-12,False,2024,1,12,524,Ocak/12 (2. Hafta),294,Bilanço Dışı İşlemler,1,Gayrinakdi Kredi ve Yükümlülükler,YP,"2.202.933,44",2202933.44,TL,BDDK Haftalık Bülten
2024-01-12,2024-01-12,2024-01-12,False,2024,1,12,524,Ocak/12 (2. Hafta),294,Bilanço Dışı İşlemler,2,Taahhütler (3+4),TOPLAM,"19.385.640,85",19385640.85,TL,BDDK Haftalık Bülten
2024-01-12,2024-01-12,2024-01-12,False,2024,1,12,524,Ocak/12 (2. Hafta),294,Bilanço Dışı İşlemler,2,Taahhütler (3+4),TP,"8.607.608,31",8607608.31,TL,BDDK Haftalık Bülten
2024-01-12,2024-01-12,2024-01-12,False,2024,1,12,524,Ocak/12 (2. Hafta),294,Bilanço Dışı İşlemler,2,Taahhütler (3+4),YP,"10.778.032,54",10778032.54,TL,BDDK Haftalık Bülten
2024-01-12,2024-01-12,2024-01-12,False,2024,1,12,524,Ocak/12 (2. Hafta),294,Bilanço Dışı İşlemler,3,a) Türev Finansal Araçlar,TOPLAM,"12.682.331,74",12682331.74,TL,BDDK Haftalık Bülten
2024-01-12,2024-01-12,2024-01-12,False,2024,1,12,524,Ocak/12 (2. Hafta),294,Bilanço Dışı İşlemler,3,a) Türev Finansal Araçlar,TP,"3.228.514,28",3228514.28,TL,BDDK Haftalık Bülten
2024-01-12,2024-01-12,2024-01-12,False,2024,1,12,524,Ocak/12 (2. Hafta),294,Bilanço Dışı İşlemler,3,a) Türev Finansal Araçlar,YP,"9.453.817,47",9453817.47,TL,BDDK Haftalık Bülten
2024-01-12,2024-01-12,2024-01-12,False,2024,1,12,524,Ocak/12 (2. Hafta),294,Bilanço Dışı İşlemler,4,b) Diğer,TOPLAM,"6.703.309,10",6703309.1,TL,BDDK Haftalık Bülten
2024-01-12,2024-01-12,2024-01-12,False,2024,1,12,524,Ocak/12 (2. Hafta),294,Bilanço Dışı İşlemler,4,b) Diğer,TP,"5.379.094,03",5379094.03,TL,BDDK Haftalık Bülten
2024-01-12,2024-01-12,2024-01-12,False,2024,1,12,524,Ocak/12 (2. Hafta),294,Bilanço Dışı İşlemler,4,b) Diğer,YP,"1.324.215,08",1324215.08,TL,BDDK Haftalık Bülten
2024-01-19,2024-01-19,2024-01-19,False,2024,1,19,525,Ocak/19 (3. Hafta),294,Bilanço Dışı İşlemler,1,Gayrinakdi Kredi ve Yükümlülükler,TOPLAM,"4.382.711,23",4382711.23,TL,BDDK Haftalık Bülten
2024-01-19,2024-01-19,2024-01-19,False,2024,1,19,525,Ocak/19 (3. Hafta),294,Bilanço Dışı İşlemler,1,Gayrinakdi Kredi ve Yükümlülükler,TP,"2.186.036,87",2186036.87,TL,BDDK Haftalık Bülten
2024-01-19,2024-01-19,2024-01-19,False,2024,1,19,525,Ocak/19 (3. Hafta),294,Bilanço Dışı İşlemler,1,Gayrinakdi Kredi ve Yükümlülükler,YP,"2.196.674,36",2196674.36,TL,BDDK Haftalık Bülten
2024-01-19,2024-01-19,2024-01-19,False,2024,1,19,525,Ocak/19 (3. Hafta),294,Bilanço Dışı İşlemler,2,Taahhütler (3+4),TOPLAM,"19.815.727,11",19815727.11,TL,BDDK Haftalık Bülten
2024-01-19,2024-01-19,2024-01-19,False,2024,1,19,525,Ocak/19 (3. Hafta),294,Bilanço Dışı İşlemler,2,Taahhütler (3+4),TP,"8.856.587,21",8856587.21,TL,BDDK Haftalık Bülten
2024-01-19,2024-01-19,2024-01-19,False,2024,1,19,525,Ocak/19 (3. Hafta),294,Bilanço Dışı İşlemler,2,Taahhütler (3+4),YP,"10.959.139,90",10959139.9,TL,BDDK Haftalık Bülten
2024-01-19,2024-01-19,2024-01-19,False,2024,1,19,525,Ocak/19 (3. Hafta),294,Bilanço Dışı İşlemler,3,a) Türev Finansal Araçlar,TOPLAM,"12.784.478,46",12784478.46,TL,BDDK Haftalık Bülten
2024-01-19,2024-01-19,2024-01-19,False,2024,1,19,525,Ocak/19 (3. Hafta),294,Bilanço Dışı İşlemler,3,a) Türev Finansal Araçlar,TP,"3.274.765,42",3274765.42,TL,BDDK Haftalık Bülten
2024-01-19,2024-01-19,2024-01-19,False,2024,1,19,525,Ocak/19 (3. Hafta),294,Bilanço Dışı İşlemler,3,a) Türev Finansal Araçlar,YP,"9.509.713,04",9509713.04,TL,BDDK Haftalık Bülten
2024-01-19,2024-01-19,2024-01-19,False,2024,1,19,525,Ocak/19 (3. Hafta),294,Bilanço Dışı İşlemler,4,b) Diğer,TOPLAM,"7.031.248,65",7031248.65,TL,BDDK Haftalık Bülten
2024-01-19,2024-01-19,2024-01-19,False,2024,1,19,525,Ocak/19 (3. Hafta),294,Bilanço Dışı İşlemler,4,b) Diğer,TP,"5.581.821,79",5581821.79,TL,BDDK Haftalık Bülten
2024-01-19,2024-01-19,2024-01-19,False,2024,1,19,525,Ocak/19 (3. Hafta),294,Bilanço Dışı İşlemler,4,b) Diğer,YP,"1.449.426,86",1449426.86,TL,BDDK Haftalık Bülten
2024-01-26,2024-01-26,2024-01-26,False,2024,1,26,526,Ocak/26 (4. Hafta),294,Bilanço Dışı İşlemler,1,Gayrinakdi Kredi ve Yükümlülükler,TOPLAM,"4.410.858,40",4410858.4,TL,BDDK Haftalık Bülten
2024-01-26,2024-01-26,2024-01-26,False,2024,1,26,526,Ocak/26 (4. Hafta),294,Bilanço Dışı İşlemler,1,Gayrinakdi Kredi ve Yükümlülükler,TP,"2.199.872,32",2199872.32,TL,BDDK Haftalık Bülten
2024-01-26,2024-01-26,2024-01-26,False,2024,1,26,526,Ocak/26 (4. Hafta),294,Bilanço Dışı İşlemler,1,Gayrinakdi Kredi ve Yükümlülükler,YP,"2.210.986,08",2210986.08,TL,BDDK Haftalık Bülten
2024-01-26,2024-01-26,2024-01-26,False,2024,1,26,526,Ocak/26 (4. Hafta),294,Bilanço Dışı İşlemler,2,Taahhütler (3+4),TOPLAM,"20.248.946,33",20248946.33,TL,BDDK Haftalık Bülten
2024-01-26,2024-01-26,2024-01-26,False,2024,1,26,526,Ocak/26 (4. Hafta),294,Bilanço Dışı İşlemler,2,Taahhütler (3+4),TP,"9.054.224,93",9054224.93,TL,BDDK Haftalık Bülten
2024-01-26,2024-01-26,2024-01-26,False,2024,1,26,526,Ocak/26 (4. Hafta),294,Bilanço Dışı İşlemler,2,Taahhütler (3+4),YP,"11.194.721,40",11194721.4,TL,BDDK Haftalık Bülten
2024-01-26,2024-01-26,2024-01-26,False,2024,1,26,526,Ocak/26 (4. Hafta),294,Bilanço Dışı İşlemler,3,a) Türev Finansal Araçlar,TOPLAM,"13.235.652,86",13235652.86,TL,BDDK Haftalık Bülten
2024-01-26,2024-01-26,2024-01-26,False,2024,1,26,526,Ocak/26 (4. Hafta),294,Bilanço Dışı İşlemler,3,a) Türev Finansal Araçlar,TP,"3.504.959,87",3504959.87,TL,BDDK Haftalık Bülten
2024-01-26,2024-01-26,2024-01-26,False,2024,1,26,526,Ocak/26 (4. Hafta),294,Bilanço Dışı İşlemler,3,a) Türev Finansal Araçlar,YP,"9.730.692,99",9730692.99,TL,BDDK Haftalık Bülten
2024-01-26,2024-01-26,2024-01-26,False,2024,1,26,526,Ocak/26 (4. Hafta),294,Bilanço Dışı İşlemler,4,b) Diğer,TOPLAM,"7.013.293,47",7013293.47,TL,BDDK Haftalık Bülten
2024-01-26,2024-01-26,2024-01-26,False,2024,1,26,526,Ocak/26 (4. Hafta),294,Bilanço Dışı İşlemler,4,b) Diğer,TP,"5.549.265,06",5549265.06,TL,BDDK Haftalık Bülten
2024-01-26,2024-01-26,2024-01-26,False,2024,1,26,526,Ocak/26 (4. Hafta),294,Bilanço Dışı İşlemler,4,b) Diğer,YP,"1.464.028,41",1464028.41,TL,BDDK Haftalık Bülten
2024-02-02,2024-02-02,2024-02-02,False,2024,2,2,527,Şubat/02 (5. Hafta),294,Bilanço Dışı İşlemler,1,Gayrinakdi Kredi ve Yükümlülükler,TOPLAM,"4.443.972,92",4443972.92,TL,BDDK Haftalık Bülten
2024-02-02,2024-02-02,2024-02-02,False,2024,2,2,527,Şubat/02 (5. Hafta),294,Bilanço Dışı İşlemler,1,Gayrinakdi Kredi ve Yükümlülükler,TP,"2.217.468,01",2217468.01,TL,BDDK Haftalık Bülten
2024-02-02,2024-02-02,2024-02-02,False,2024,2,2,527,Şubat/02 (5. Hafta),294,Bilanço Dışı İşlemler,1,Gayrinakdi Kredi ve Yükümlülükler,YP,"2.226.504,91",2226504.91,TL,BDDK Haftalık Bülten
2024-02-02,2024-02-02,2024-02-02,False,2024,2,2,527,Şubat/02 (5. Hafta),294,Bilanço Dışı İşlemler,2,Taahhütler (3+4),TOPLAM,"20.181.408,97",20181408.97,TL,BDDK Haftalık Bülten
2024-02-02,2024-02-02,2024-02-02,False,2024,2,2,527,Şubat/02 (5. Hafta),294,Bilanço Dışı İşlemler,2,Taahhütler (3+4),TP,"9.124.272,41",9124272.41,TL,BDDK Haftalık Bülten
2024-02-02,2024-02-02,2024-02-02,False,2024,2,2,527,Şubat/02 (5. Hafta),294,Bilanço Dışı İşlemler,2,Taahhütler (3+4),YP,"11.057.136,55",11057136.55,TL,BDDK Haftalık Bülten
2024-02-02,2024-02-02,2024-02-02,False,2024,2,2,527,Şubat/02 (5. Hafta),294,Bilanço Dışı İşlemler,3,a) Türev Finansal Araçlar,TOPLAM,"13.093.233,30",13093233.3,TL,BDDK Haftalık Bülten
2024-02-02,2024-02-02,2024-02-02,False,2024,2,2,527,Şubat/02 (5. Hafta),294,Bilanço Dışı İşlemler,3,a) Türev Finansal Araçlar,TP,"3.442.671,74",3442671.74,TL,BDDK Haftalık Bülten
2024-02-02,2024-02-02,2024-02-02,False,2024,2,2,527,Şubat/02 (5. Hafta),294,Bilanço Dışı İşlemler,3,a) Türev Finansal Araçlar,YP,"9.650.561,57",9650561.57,TL,BDDK Haftalık Bülten
2024-02-02,2024-02-02,2024-02-02,False,2024,2,2,527,Şubat/02 (5. Hafta),294,Bilanço Dışı İşlemler,4,b) Diğer,TOPLAM,"7.088.175,66",7088175.66,TL,BDDK Haftalık Bülten
2024-02-02,2024-02-02,2024-02-02,False,2024,2,2,527,Şubat/02 (5. Hafta),294,Bilanço Dışı İşlemler,4,b) Diğer,TP,"5.681.600,68",5681600.68,TL,BDDK Haftalık Bülten
2024-02-02,2024-02-02,2024-02-02,False,2024,2,2,527,Şubat/02 (5. Hafta),294,Bilanço Dışı İşlemler,4,b) Diğer,YP,"1.406.574,99",1406574.99,TL,BDDK Haftalık Bülten
2024-02-09,2024-02-09,2024-02-09,False,2024,2,9,528,Şubat/09 (6. Hafta),294,Bilanço Dışı İşlemler,1,Gayrinakdi Kredi ve Yükümlülükler,TOPLAM,"4.474.076,94",4474076.94,TL,BDDK Haftalık Bülten
2024-02-09,2024-02-09,2024-02-09,False,2024,2,9,528,Şubat/09 (6. Hafta),294,Bilanço Dışı İşlemler,1,Gayrinakdi Kredi ve Yükümlülükler,TP,"2.238.603,09",2238603.09,TL,BDDK Haftalık Bülten
2024-02-09,2024-02-09,2024-02-09,False,2024,2,9,528,Şubat/09 (6. Hafta),294,Bilanço Dışı İşlemler,1,Gayrinakdi Kredi ve Yükümlülükler,YP,"2.235.473,85",2235473.85,TL,BDDK Haftalık Bülten
2024-02-09,2024-02-09,2024-02-09,False,2024,2,9,528,Şubat/09 (6. Hafta),294,Bilanço Dışı İşlemler,2,Taahhütler (3+4),TOPLAM,"20.140.178,05",20140178.05,TL,BDDK Haftalık Bülten
2024-02-09,2024-02-09,2024-02-09,False,2024,2,9,528,Şubat/09 (6. Hafta),294,Bilanço Dışı İşlemler,2,Taahhütler (3+4),TP,"9.193.822,72",9193822.72,TL,BDDK Haftalık Bülten
2024-02-09,2024-02-09,2024-02-09,False,2024,2,9,528,Şubat/09 (6. Hafta),294,Bilanço Dışı İşlemler,2,Taahhütler (3+4),YP,"10.946.355,33",10946355.33,TL,BDDK Haftalık Bülten
2024-02-09,2024-02-09,2024-02-09,False,2024,2,9,528,Şubat/09 (6. Hafta),294,Bilanço Dışı İşlemler,3,a) Türev Finansal Araçlar,TOPLAM,"13.159.235,74",13159235.74,TL,BDDK Haftalık Bülten
2024-02-09,2024-02-09,2024-02-09,False,2024,2,9,528,Şubat/09 (6. Hafta),294,Bilanço Dışı İşlemler,3,a) Türev Finansal Araçlar,TP,"3.465.036,41",3465036.41,TL,BDDK Haftalık Bülten
2024-02-09,2024-02-09,2024-02-09,False,2024,2,9,528,Şubat/09 (6. Hafta),294,Bilanço Dışı İşlemler,3,a) Türev Finansal Araçlar,YP,"9.694.199,33",9694199.33,TL,BDDK Haftalık Bülten
2024-02-09,2024-02-09,2024-02-09,False,2024,2,9,528,Şubat/09 (6. Hafta),294,Bilanço Dışı İşlemler,4,b) Diğer,TOPLAM,"6.980.942,31",6980942.31,TL,BDDK Haftalık Bülten
2024-02-09,2024-02-09,2024-02-09,False,2024,2,9,528,Şubat/09 (6. Hafta),294,Bilanço Dışı İşlemler,4,b) Diğer,TP,"5.728.786,31",5728786.31,TL,BDDK Haftalık Bülten
2024-02-09,2024-02-09,2024-02-09,False,2024,2,9,528,Şubat/09 (6. Hafta),294,Bilanço Dışı İşlemler,4,b) Diğer,YP,"1.252.156,00",1252156.0,TL,BDDK Haftalık Bülten
2024-02-16,2024-02-16,2024-02-16,False,2024,2,16,529,Şubat/16 (7. Hafta),294,Bilanço Dışı İşlemler,1,Gayrinakdi Kredi ve Yükümlülükler,TOPLAM,"4.504.053,40",4504053.4,TL,BDDK Haftalık Bülten
2024-02-16,2024-02-16,2024-02-16,False,2024,2,16,529,Şubat/16 (7. Hafta),294,Bilanço Dışı İşlemler,1,Gayrinakdi Kredi ve Yükümlülükler,TP,"2.270.918,82",2270918.82,TL,BDDK Haftalık Bülten
2024-02-16,2024-02-16,2024-02-16,False,2024,2,16,529,Şubat/16 (7. Hafta),294,Bilanço Dışı İşlemler,1,Gayrinakdi Kredi ve Yükümlülükler,YP,"2.233.134,58",2233134.58,TL,BDDK Haftalık Bülten
2024-02-16,2024-02-16,2024-02-16,False,2024,2,16,529,Şubat/16 (7. Hafta),294,Bilanço Dışı İşlemler,2,Taahhütler (3+4),TOPLAM,"20.323.381,13",20323381.13,TL,BDDK Haftalık Bülten
2024-02-16,2024-02-16,2024-02-16,False,2024,2,16,529,Şubat/16 (7. Hafta),294,Bilanço Dışı İşlemler,2,Taahhütler (3+4),TP,"9.312.596,95",9312596.95,TL,BDDK Haftalık Bülten
2024-02-16,2024-02-16,2024-02-16,False,2024,2,16,529,Şubat/16 (7. Hafta),294,Bilanço Dışı İşlemler,2,Taahhütler (3+4),YP,"11.010.784,19",11010784.19,TL,BDDK Haftalık Bülten
2024-02-16,2024-02-16,2024-02-16,False,2024,2,16,529,Şubat/16 (7. Hafta),294,Bilanço Dışı İşlemler,3,a) Türev Finansal Araçlar,TOPLAM,"13.156.815,53",13156815.53,TL,BDDK Haftalık Bülten
2024-02-16,2024-02-16,2024-02-16,False,2024,2,16,529,Şubat/16 (7. Hafta),294,Bilanço Dışı İşlemler,3,a) Türev Finansal Araçlar,TP,"3.442.710,19",3442710.19,TL,BDDK Haftalık Bülten
2024-02-16,2024-02-16,2024-02-16,False,2024,2,16,529,Şubat/16 (7. Hafta),294,Bilanço Dışı İşlemler,3,a) Türev Finansal Araçlar,YP,"9.714.105,34",9714105.34,TL,BDDK Haftalık Bülten
2024-02-16,2024-02-16,2024-02-16,False,2024,2,16,529,Şubat/16 (7. Hafta),294,Bilanço Dışı İşlemler,4,b) Diğer,TOPLAM,"7.166.565,61",7166565.61,TL,BDDK Haftalık Bülten
2024-02-16,2024-02-16,2024-02-16,False,2024,2,16,529,Şubat/16 (7. Hafta),294,Bilanço Dışı İşlemler,4,b) Diğer,TP,"5.869.886,76",5869886.76,TL,BDDK Haftalık Bülten
2024-02-16,2024-02-16,2024-02-16,False,2024,2,16,529,Şubat/16 (7. Hafta),294,Bilanço Dışı İşlemler,4,b) Diğer,YP,"1.296.678,85",1296678.85,TL,BDDK Haftalık Bülten
2024-02-23,2024-02-23,2024-02-23,False,2024,2,23,530,Şubat/23 (8. Hafta),294,Bilanço Dışı İşlemler,1,Gayrinakdi Kredi ve Yükümlülükler,TOPLAM,"4.573.429,58",4573429.58,TL,BDDK Haftalık Bülten
2024-02-23,2024-02-23,2024-02-23,False,2024,2,23,530,Şubat/23 (8. Hafta),294,Bilanço Dışı İşlemler,1,Gayrinakdi Kredi ve Yükümlülükler,TP,"2.308.723,54",2308723.54,TL,BDDK Haftalık Bülten
2024-02-23,2024-02-23,2024-02-23,False,2024,2,23,530,Şubat/23 (8. Hafta),294,Bilanço Dışı İşlemler,1,Gayrinakdi Kredi ve Yükümlülükler,YP,"2.264.706,03",2264706.03,TL,BDDK Haftalık Bülten
2024-02-23,2024-02-23,2024-02-23,False,2024,2,23,530,Şubat/23 (8. Hafta),294,Bilanço Dışı İşlemler,2,Taahhütler (3+4),TOPLAM,"20.702.347,52",20702347.52,TL,BDDK Haftalık Bülten
2024-02-23,2024-02-23,2024-02-23,False,2024,2,23,530,Şubat/23 (8. Hafta),294,Bilanço Dışı İşlemler,2,Taahhütler (3+4),TP,"9.407.466,34",9407466.34,TL,BDDK Haftalık Bülten
2024-02-23,2024-02-23,2024-02-23,False,2024,2,23,530,Şubat/23 (8. Hafta),294,Bilanço Dışı İşlemler,2,Taahhütler (3+4),YP,"11.294.881,18",11294881.18,TL,BDDK Haftalık Bülten
2024-02-23,2024-02-23,2024-02-23,False,2024,2,23,530,Şubat/23 (8. Hafta),294,Bilanço Dışı İşlemler,3,a) Türev Finansal Araçlar,TOPLAM,"13.362.986,29",13362986.29,TL,BDDK Haftalık Bülten
2024-02-23,2024-02-23,2024-02-23,False,2024,2,23,530,Şubat/23 (8. Hafta),294,Bilanço Dışı İşlemler,3,a) Türev Finansal Araçlar,TP,"3.417.493,72",3417493.72,TL,BDDK Haftalık Bülten
2024-02-23,2024-02-23,2024-02-23,False,2024,2,23,530,Şubat/23 (8. Hafta),294,Bilanço Dışı İşlemler,3,a) Türev Finansal Araçlar,YP,"9.945.492,57",9945492.57,TL,BDDK Haftalık Bülten
2024-02-23,2024-02-23,2024-02-23,False,2024,2,23,530,Şubat/23 (8. Hafta),294,Bilanço Dışı İşlemler,4,b) Diğer,TOPLAM,"7.339.361,23",7339361.23,TL,BDDK Haftalık Bülten
2024-02-23,2024-02-23,2024-02-23,False,2024,2,23,530,Şubat/23 (8. Hafta),294,Bilanço Dışı İşlemler,4,b) Diğer,TP,"5.989.972,62",5989972.62,TL,BDDK Haftalık Bülten
2024-02-23,2024-02-23,2024-02-23,False,2024,2,23,530,Şubat/23 (8. Hafta),294,Bilanço Dışı İşlemler,4,b) Diğer,YP,"1.349.388,61",1349388.61,TL,BDDK Haftalık Bülten
2024-03-01,2024-03-01,2024-03-01,False,2024,3,1,531,Mart/01 (9. Hafta),294,Bilanço Dışı İşlemler,1,Gayrinakdi Kredi ve Yükümlülükler,TOPLAM,"4.617.270,23",4617270.23,TL,BDDK Haftalık Bülten
2024-03-01,2024-03-01,2024-03-01,False,2024,3,1,531,Mart/01 (9. Hafta),294,Bilanço Dışı İşlemler,1,Gayrinakdi Kredi ve Yükümlülükler,TP,"2.340.923,58",2340923.58,TL,BDDK Haftalık Bülten
2024-03-01,2024-03-01,2024-03-01,False,2024,3,1,531,Mart/01 (9. Hafta),294,Bilanço Dışı İşlemler,1,Gayrinakdi Kredi ve Yükümlülükler,YP,"2.276.346,65",2276346.65,TL,BDDK Haftalık Bülten
2024-03-01,2024-03-01,2024-03-01,False,2024,3,1,531,Mart/01 (9. Hafta),294,Bilanço Dışı İşlemler,2,Taahhütler (3+4),TOPLAM,"21.173.211,38",21173211.38,TL,BDDK Haftalık Bülten
2024-03-01,2024-03-01,2024-03-01,False,2024,3,1,531,Mart/01 (9. Hafta),294,Bilanço Dışı İşlemler,2,Taahhütler (3+4),TP,"9.561.449,63",9561449.63,TL,BDDK Haftalık Bülten
2024-03-01,2024-03-01,2024-03-01,False,2024,3,1,531,Mart/01 (9. Hafta),294,Bilanço Dışı İşlemler,2,Taahhütler (3+4),YP,"11.611.761,75",11611761.75,TL,BDDK Haftalık Bülten
2024-03-01,2024-03-01,2024-03-01,False,2024,3,1,531,Mart/01 (9. Hafta),294,Bilanço Dışı İşlemler,3,a) Türev Finansal Araçlar,TOPLAM,"13.536.169,98",13536169.98,TL,BDDK Haftalık Bülten
2024-03-01,2024-03-01,2024-03-01,False,2024,3,1,531,Mart/01 (9. Hafta),294,Bilanço Dışı İşlemler,3,a) Türev Finansal Araçlar,TP,"3.423.873,38",3423873.38,TL,BDDK Haftalık Bülten
2024-03-01,2024-03-01,2024-03-01,False,2024,3,1,531,Mart/01 (9. Hafta),294,Bilanço Dışı İşlemler,3,a) Türev Finansal Araçlar,YP,"10.112.296,59",10112296.59,TL,BDDK Haftalık Bülten
2024-03-01,2024-03-01,2024-03-01,False,2024,3,1,531,Mart/01 (9. Hafta),294,Bilanço Dışı İşlemler,4,b) Diğer,TOPLAM,"7.637.041,41",7637041.41,TL,BDDK Haftalık Bülten
2024-03-01,2024-03-01,2024-03-01,False,2024,3,1,531,Mart/01 (9. Hafta),294,Bilanço Dışı İşlemler,4,b) Diğer,TP,"6.137.576,25",6137576.25,TL,BDDK Haftalık Bülten
2024-03-01,2024-03-01,2024-03-01,False,2024,3,1,531,Mart/01 (9. Hafta),294,Bilanço Dışı İşlemler,4,b) Diğer,YP,"1.499.465,16",1499465.16,TL,BDDK Haftalık Bülten
2024-03-08,2024-03-08,2024-03-08,False,2024,3,8,532,Mart/08 (10. Hafta),294,Bilanço Dışı İşlemler,1,Gayrinakdi Kredi ve Yükümlülükler,TOPLAM,"4.732.191,71",4732191.71,TL,BDDK Haftalık Bülten
2024-03-08,2024-03-08,2024-03-08,False,2024,3,8,532,Mart/08 (10. Hafta),294,Bilanço Dışı İşlemler,1,Gayrinakdi Kredi ve Yükümlülükler,TP,"2.384.772,34",2384772.34,TL,BDDK Haftalık Bülten
2024-03-08,2024-03-08,2024-03-08,False,2024,3,8,532,Mart/08 (10. Hafta),294,Bilanço Dışı İşlemler,1,Gayrinakdi Kredi ve Yükümlülükler,YP,"2.347.419,37",2347419.37,TL,BDDK Haftalık Bülten
2024-03-08,2024-03-08,2024-03-08,False,2024,3,8,532,Mart/08 (10. Hafta),294,Bilanço Dışı İşlemler,2,Taahhütler (3+4),TOPLAM,"22.365.700,08",22365700.08,TL,BDDK Haftalık Bülten
2024-03-08,2024-03-08,2024-03-08,False,2024,3,8,532,Mart/08 (10. Hafta),294,Bilanço Dışı İşlemler,2,Taahhütler (3+4),TP,"10.095.258,26",10095258.26,TL,BDDK Haftalık Bülten
2024-03-08,2024-03-08,2024-03-08,False,2024,3,8,532,Mart/08 (10. Hafta),294,Bilanço Dışı İşlemler,2,Taahhütler (3+4),YP,"12.270.441,82",12270441.82,TL,BDDK Haftalık Bülten
2024-03-08,2024-03-08,2024-03-08,False,2024,3,8,532,Mart/08 (10. Hafta),294,Bilanço Dışı İşlemler,3,a) Türev Finansal Araçlar,TOPLAM,"14.579.181,56",14579181.56,TL,BDDK Haftalık Bülten
2024-03-08,2024-03-08,2024-03-08,False,2024,3,8,532,Mart/08 (10. Hafta),294,Bilanço Dışı İşlemler,3,a) Türev Finansal Araçlar,TP,"3.813.977,13",3813977.13,TL,BDDK Haftalık Bülten
2024-03-08,2024-03-08,2024-03-08,False,2024,3,8,532,Mart/08 (10. Hafta),294,Bilanço Dışı İşlemler,3,a) Türev Finansal Araçlar,YP,"10.765.204,43",10765204.43,TL,BDDK Haftalık Bülten
2024-03-08,2024-03-08,2024-03-08,False,2024,3,8,532,Mart/08 (10. Hafta),294,Bilanço Dışı İşlemler,4,b) Diğer,TOPLAM,"7.786.518,52",7786518.52,TL,BDDK Haftalık Bülten
2024-03-08,2024-03-08,2024-03-08,False,2024,3,8,532,Mart/08 (10. Hafta),294,Bilanço Dışı İşlemler,4,b) Diğer,TP,"6.281.281,14",6281281.14,TL,BDDK Haftalık Bülten
2024-03-08,2024-03-08,2024-03-08,False,2024,3,8,532,Mart/08 (10. Hafta),294,Bilanço Dışı İşlemler,4,b) Diğer,YP,"1.505.237,38",1505237.38,TL,BDDK Haftalık Bülten
2024-03-15,2024-03-15,2024-03-15,False,2024,3,15,533,Mart/15 (11. Hafta),294,Bilanço Dışı İşlemler,1,Gayrinakdi Kredi ve Yükümlülükler,TOPLAM,"4.792.243,57",4792243.57,TL,BDDK Haftalık Bülten
2024-03-15,2024-03-15,2024-03-15,False,2024,3,15,533,Mart/15 (11. Hafta),294,Bilanço Dışı İşlemler,1,Gayrinakdi Kredi ve Yükümlülükler,TP,"2.419.450,54",2419450.54,TL,BDDK Haftalık Bülten
2024-03-15,2024-03-15,2024-03-15,False,2024,3,15,533,Mart/15 (11. Hafta),294,Bilanço Dışı İşlemler,1,Gayrinakdi Kredi ve Yükümlülükler,YP,"2.372.793,03",2372793.03,TL,BDDK Haftalık Bülten
2024-03-15,2024-03-15,2024-03-15,False,2024,3,15,533,Mart/15 (11. Hafta),294,Bilanço Dışı İşlemler,2,Taahhütler (3+4),TOPLAM,"23.210.540,66",23210540.66,TL,BDDK Haftalık Bülten
2024-03-15,2024-03-15,2024-03-15,False,2024,3,15,533,Mart/15 (11. Hafta),294,Bilanço Dışı İşlemler,2,Taahhütler (3+4),TP,"10.468.237,38",10468237.38,TL,BDDK Haftalık Bülten
2024-03-15,2024-03-15,2024-03-15,False,2024,3,15,533,Mart/15 (11. Hafta),294,Bilanço Dışı İşlemler,2,Taahhütler (3+4),YP,"12.742.303,28",12742303.28,TL,BDDK Haftalık Bülten
2024-03-15,2024-03-15,2024-03-15,False,2024,3,15,533,Mart/15 (11. Hafta),294,Bilanço Dışı İşlemler,3,a) Türev Finansal Araçlar,TOPLAM,"15.251.040,54",15251040.54,TL,BDDK Haftalık Bülten
2024-03-15,2024-03-15,2024-03-15,False,2024,3,15,533,Mart/15 (11. Hafta),294,Bilanço Dışı İşlemler,3,a) Türev Finansal Araçlar,TP,"4.074.187,77",4074187.77,TL,BDDK Haftalık Bülten
2024-03-15,2024-03-15,2024-03-15,False,2024,3,15,533,Mart/15 (11. Hafta),294,Bilanço Dışı İşlemler,3,a) Türev Finansal Araçlar,YP,"11.176.852,76",11176852.76,TL,BDDK Haftalık Bülten
2024-03-15,2024-03-15,2024-03-15,False,2024,3,15,533,Mart/15 (11. Hafta),294,Bilanço Dışı İşlemler,4,b) Diğer,TOPLAM,"7.959.500,12",7959500.12,TL,BDDK Haftalık Bülten
2024-03-15,2024-03-15,2024-03-15,False,2024,3,15,533,Mart/15 (11. Hafta),294,Bilanço Dışı İşlemler,4,b) Diğer,TP,"6.394.049,61",6394049.61,TL,BDDK Haftalık Bülten
2024-03-15,2024-03-15,2024-03-15,False,2024,3,15,533,Mart/15 (11. Hafta),294,Bilanço Dışı İşlemler,4,b) Diğer,YP,"1.565.450,51",1565450.51,TL,BDDK Haftalık Bülten
2024-03-22,2024-03-22,2024-03-22,False,2024,3,22,534,Mart/22 (12. Hafta),294,Bilanço Dışı İşlemler,1,Gayrinakdi Kredi ve Yükümlülükler,TOPLAM,"4.825.120,51",4825120.51,TL,BDDK Haftalık Bülten
2024-03-22,2024-03-22,2024-03-22,False,2024,3,22,534,Mart/22 (12. Hafta),294,Bilanço Dışı İşlemler,1,Gayrinakdi Kredi ve Yükümlülükler,TP,"2.455.197,95",2455197.95,TL,BDDK Haftalık Bülten
2024-03-22,2024-03-22,2024-03-22,False,2024,3,22,534,Mart/22 (12. Hafta),294,Bilanço Dışı İşlemler,1,Gayrinakdi Kredi ve Yükümlülükler,YP,"2.369.922,56",2369922.56,TL,BDDK Haftalık Bülten
2024-03-22,2024-03-22,2024-03-22,False,2024,3,22,534,Mart/22 (12. Hafta),294,Bilanço Dışı İşlemler,2,Taahhütler (3+4),TOPLAM,"23.215.876,53",23215876.53,TL,BDDK Haftalık Bülten
2024-03-22,2024-03-22,2024-03-22,False,2024,3,22,534,Mart/22 (12. Hafta),294,Bilanço Dışı İşlemler,2,Taahhütler (3+4),TP,"10.608.306,50",10608306.5,TL,BDDK Haftalık Bülten
2024-03-22,2024-03-22,2024-03-22,False,2024,3,22,534,Mart/22 (12. Hafta),294,Bilanço Dışı İşlemler,2,Taahhütler (3+4),YP,"12.607.570,03",12607570.03,TL,BDDK Haftalık Bülten
2024-03-22,2024-03-22,2024-03-22,False,2024,3,22,534,Mart/22 (12. Hafta),294,Bilanço Dışı İşlemler,3,a) Türev Finansal Araçlar,TOPLAM,"15.410.439,86",15410439.86,TL,BDDK Haftalık Bülten
2024-03-22,2024-03-22,2024-03-22,False,2024,3,22,534,Mart/22 (12. Hafta),294,Bilanço Dışı İşlemler,3,a) Türev Finansal Araçlar,TP,"4.261.027,90",4261027.9,TL,BDDK Haftalık Bülten
2024-03-22,2024-03-22,2024-03-22,False,2024,3,22,534,Mart/22 (12. Hafta),294,Bilanço Dışı İşlemler,3,a) Türev Finansal Araçlar,YP,"11.149.411,96",11149411.96,TL,BDDK Haftalık Bülten
2024-03-22,2024-03-22,2024-03-22,False,2024,3,22,534,Mart/22 (12. Hafta),294,Bilanço Dışı İşlemler,4,b) Diğer,TOPLAM,"7.805.436,67",7805436.67,TL,BDDK Haftalık Bülten
2024-03-22,2024-03-22,2024-03-22,False,2024,3,22,534,Mart/22 (12. Hafta),294,Bilanço Dışı İşlemler,4,b) Diğer,TP,"6.347.278,60",6347278.6,TL,BDDK Haftalık Bülten
2024-03-22,2024-03-22,2024-03-22,False,2024,3,22,534,Mart/22 (12. Hafta),294,Bilanço Dışı İşlemler,4,b) Diğer,YP,"1.458.158,07",1458158.07,TL,BDDK Haftalık Bülten
2024-03-29,2024-03-29,2024-03-29,False,2024,3,29,535,Mart/29 (13. Hafta),294,Bilanço Dışı İşlemler,1,Gayrinakdi Kredi ve Yükümlülükler,TOPLAM,"4.881.139,87",4881139.87,TL,BDDK Haftalık Bülten
2024-03-29,2024-03-29,2024-03-29,False,2024,3,29,535,Mart/29 (13. Hafta),294,Bilanço Dışı İşlemler,1,Gayrinakdi Kredi ve Yükümlülükler,TP,"2.489.704,51",2489704.51,TL,BDDK Haftalık Bülten
2024-03-29,2024-03-29,2024-03-29,False,2024,3,29,535,Mart/29 (13. Hafta),294,Bilanço Dışı İşlemler,1,Gayrinakdi Kredi ve Yükümlülükler,YP,"2.391.435,36",2391435.36,TL,BDDK Haftalık Bülten
2024-03-29,2024-03-29,2024-03-29,False,2024,3,29,535,Mart/29 (13. Hafta),294,Bilanço Dışı İşlemler,2,Taahhütler (3+4),TOPLAM,"23.638.218,64",23638218.64,TL,BDDK Haftalık Bülten
2024-03-29,2024-03-29,2024-03-29,False,2024,3,29,535,Mart/29 (13. Hafta),294,Bilanço Dışı İşlemler,2,Taahhütler (3+4),TP,"10.777.463,74",10777463.74,TL,BDDK Haftalık Bülten
2024-03-29,2024-03-29,2024-03-29,False,2024,3,29,535,Mart/29 (13. Hafta),294,Bilanço Dışı İşlemler,2,Taahhütler (3+4),YP,"12.860.754,90",12860754.9,TL,BDDK Haftalık Bülten
2024-03-29,2024-03-29,2024-03-29,False,2024,3,29,535,Mart/29 (13. Hafta),294,Bilanço Dışı İşlemler,3,a) Türev Finansal Araçlar,TOPLAM,"15.716.853,41",15716853.41,TL,BDDK Haftalık Bülten
2024-03-29,2024-03-29,2024-03-29,False,2024,3,29,535,Mart/29 (13. Hafta),294,Bilanço Dışı İşlemler,3,a) Türev Finansal Araçlar,TP,"4.391.997,56",4391997.56,TL,BDDK Haftalık Bülten
2024-03-29,2024-03-29,2024-03-29,False,2024,3,29,535,Mart/29 (13. Hafta),294,Bilanço Dışı İşlemler,3,a) Türev Finansal Araçlar,YP,"11.324.855,85",11324855.85,TL,BDDK Haftalık Bülten
2024-03-29,2024-03-29,2024-03-29,False,2024,3,29,535,Mart/29 (13. Hafta),294,Bilanço Dışı İşlemler,4,b) Diğer,TOPLAM,"7.921.365,23",7921365.23,TL,BDDK Haftalık Bülten
2024-03-29,2024-03-29,2024-03-29,False,2024,3,29,535,Mart/29 (13. Hafta),294,Bilanço Dışı İşlemler,4,b) Diğer,TP,"6.385.466,18",6385466.18,TL,BDDK Haftalık Bülten
2024-03-29,2024-03-29,2024-03-29,False,2024,3,29,535,Mart/29 (13. Hafta),294,Bilanço Dışı İşlemler,4,b) Diğer,YP,"1.535.899,05",1535899.05,TL,BDDK Haftalık Bülten
2024-04-05,2024-04-05,2024-04-05,False,2024,4,5,536,Nisan/05 (14. Hafta),294,Bilanço Dışı İşlemler,1,Gayrinakdi Kredi ve Yükümlülükler,TOPLAM,"4.895.196,60",4895196.6,TL,BDDK Haftalık Bülten
2024-04-05,2024-04-05,2024-04-05,False,2024,4,5,536,Nisan/05 (14. Hafta),294,Bilanço Dışı İşlemler,1,Gayrinakdi Kredi ve Yükümlülükler,TP,"2.517.893,54",2517893.54,TL,BDDK Haftalık Bülten
2024-04-05,2024-04-05,2024-04-05,False,2024,4,5,536,Nisan/05 (14. Hafta),294,Bilanço Dışı İşlemler,1,Gayrinakdi Kredi ve Yükümlülükler,YP,"2.377.303,07",2377303.07,TL,BDDK Haftalık Bülten
2024-04-05,2024-04-05,2024-04-05,False,2024,4,5,536,Nisan/05 (14. Hafta),294,Bilanço Dışı İşlemler,2,Taahhütler (3+4),TOPLAM,"23.300.172,56",23300172.56,TL,BDDK Haftalık Bülten
2024-04-05,2024-04-05,2024-04-05,False,2024,4,5,536,Nisan/05 (14. Hafta),294,Bilanço Dışı İşlemler,2,Taahhütler (3+4),TP,"10.924.117,53",10924117.53,TL,BDDK Haftalık Bülten
2024-04-05,2024-04-05,2024-04-05,False,2024,4,5,536,Nisan/05 (14. Hafta),294,Bilanço Dışı İşlemler,2,Taahhütler (3+4),YP,"12.376.055,03",12376055.03,TL,BDDK Haftalık Bülten
2024-04-05,2024-04-05,2024-04-05,False,2024,4,5,536,Nisan/05 (14. Hafta),294,Bilanço Dışı İşlemler,3,a) Türev Finansal Araçlar,TOPLAM,"15.443.640,67",15443640.67,TL,BDDK Haftalık Bülten
2024-04-05,2024-04-05,2024-04-05,False,2024,4,5,536,Nisan/05 (14. Hafta),294,Bilanço Dışı İşlemler,3,a) Türev Finansal Araçlar,TP,"4.397.788,29",4397788.29,TL,BDDK Haftalık Bülten
2024-04-05,2024-04-05,2024-04-05,False,2024,4,5,536,Nisan/05 (14. Hafta),294,Bilanço Dışı İşlemler,3,a) Türev Finansal Araçlar,YP,"11.045.852,38",11045852.38,TL,BDDK Haftalık Bülten
2024-04-05,2024-04-05,2024-04-05,False,2024,4,5,536,Nisan/05 (14. Hafta),294,Bilanço Dışı İşlemler,4,b) Diğer,TOPLAM,"7.856.531,89",7856531.89,TL,BDDK Haftalık Bülten
2024-04-05,2024-04-05,2024-04-05,False,2024,4,5,536,Nisan/05 (14. Hafta),294,Bilanço Dışı İşlemler,4,b) Diğer,TP,"6.526.329,24",6526329.24,TL,BDDK Haftalık Bülten
2024-04-05,2024-04-05,2024-04-05,False,2024,4,5,536,Nisan/05 (14. Hafta),294,Bilanço Dışı İşlemler,4,b) Diğer,YP,"1.330.202,65",1330202.65,TL,BDDK Haftalık Bülten
2024-04-09,2024-04-09,2024-04-09,False,2024,4,9,537,Nisan/09 (15. Hafta),294,Bilanço Dışı İşlemler,1,Gayrinakdi Kredi ve Yükümlülükler,TOPLAM,"4.906.687,82",4906687.82,TL,BDDK Haftalık Bülten
2024-04-09,2024-04-09,2024-04-09,False,2024,4,9,537,Nisan/09 (15. Hafta),294,Bilanço Dışı İşlemler,1,Gayrinakdi Kredi ve Yükümlülükler,TP,"2.517.427,06",2517427.06,TL,BDDK Haftalık Bülten
2024-04-09,2024-04-09,2024-04-09,False,2024,4,9,537,Nisan/09 (15. Hafta),294,Bilanço Dışı İşlemler,1,Gayrinakdi Kredi ve Yükümlülükler,YP,"2.389.260,76",2389260.76,TL,BDDK Haftalık Bülten
2024-04-09,2024-04-09,2024-04-09,False,2024,4,9,537,Nisan/09 (15. Hafta),294,Bilanço Dışı İşlemler,2,Taahhütler (3+4),TOPLAM,"23.131.560,91",23131560.91,TL,BDDK Haftalık Bülten
2024-04-09,2024-04-09,2024-04-09,False,2024,4,9,537,Nisan/09 (15. Hafta),294,Bilanço Dışı İşlemler,2,Taahhütler (3+4),TP,"10.759.712,21",10759712.21,TL,BDDK Haftalık Bülten
2024-04-09,2024-04-09,2024-04-09,False,2024,4,9,537,Nisan/09 (15. Hafta),294,Bilanço Dışı İşlemler,2,Taahhütler (3+4),YP,"12.371.848,70",12371848.7,TL,BDDK Haftalık Bülten
2024-04-09,2024-04-09,2024-04-09,False,2024,4,9,537,Nisan/09 (15. Hafta),294,Bilanço Dışı İşlemler,3,a) Türev Finansal Araçlar,TOPLAM,"15.518.880,33",15518880.33,TL,BDDK Haftalık Bülten
2024-04-09,2024-04-09,2024-04-09,False,2024,4,9,537,Nisan/09 (15. Hafta),294,Bilanço Dışı İşlemler,3,a) Türev Finansal Araçlar,TP,"4.325.442,39",4325442.39,TL,BDDK Haftalık Bülten
2024-04-09,2024-04-09,2024-04-09,False,2024,4,9,537,Nisan/09 (15. Hafta),294,Bilanço Dışı İşlemler,3,a) Türev Finansal Araçlar,YP,"11.193.437,93",11193437.93,TL,BDDK Haftalık Bülten
2024-04-09,2024-04-09,2024-04-09,False,2024,4,9,537,Nisan/09 (15. Hafta),294,Bilanço Dışı İşlemler,4,b) Diğer,TOPLAM,"7.612.680,59",7612680.59,TL,BDDK Haftalık Bülten
2024-04-09,2024-04-09,2024-04-09,False,2024,4,9,537,Nisan/09 (15. Hafta),294,Bilanço Dışı İşlemler,4,b) Diğer,TP,"6.434.269,82",6434269.82,TL,BDDK Haftalık Bülten
2024-04-09,2024-04-09,2024-04-09,False,2024,4,9,537,Nisan/09 (15. Hafta),294,Bilanço Dışı İşlemler,4,b) Diğer,YP,"1.178.410,77",1178410.77,TL,BDDK Haftalık Bülten
2024-04-19,2024-04-19,2024-04-19,False,2024,4,19,538,Nisan/19 (16. Hafta),294,Bilanço Dışı İşlemler,1,Gayrinakdi Kredi ve Yükümlülükler,TOPLAM,"4.941.414,39",4941414.39,TL,BDDK Haftalık Bülten
2024-04-19,2024-04-19,2024-04-19,False,2024,4,19,538,Nisan/19 (16. Hafta),294,Bilanço Dışı İşlemler,1,Gayrinakdi Kredi ve Yükümlülükler,TP,"2.541.699,15",2541699.15,TL,BDDK Haftalık Bülten
2024-04-19,2024-04-19,2024-04-19,False,2024,4,19,538,Nisan/19 (16. Hafta),294,Bilanço Dışı İşlemler,1,Gayrinakdi Kredi ve Yükümlülükler,YP,"2.399.715,24",2399715.24,TL,BDDK Haftalık Bülten
2024-04-19,2024-04-19,2024-04-19,False,2024,4,19,538,Nisan/19 (16. Hafta),294,Bilanço Dışı İşlemler,2,Taahhütler (3+4),TOPLAM,"23.867.037,90",23867037.9,TL,BDDK Haftalık Bülten
2024-04-19,2024-04-19,2024-04-19,False,2024,4,19,538,Nisan/19 (16. Hafta),294,Bilanço Dışı İşlemler,2,Taahhütler (3+4),TP,"11.149.474,02",11149474.02,TL,BDDK Haftalık Bülten
2024-04-19,2024-04-19,2024-04-19,False,2024,4,19,538,Nisan/19 (16. Hafta),294,Bilanço Dışı İşlemler,2,Taahhütler (3+4),YP,"12.717.563,88",12717563.88,TL,BDDK Haftalık Bülten
2024-04-19,2024-04-19,2024-04-19,False,2024,4,19,538,Nisan/19 (16. Hafta),294,Bilanço Dışı İşlemler,3,a) Türev Finansal Araçlar,TOPLAM,"15.236.028,79",15236028.79,TL,BDDK Haftalık Bülten
2024-04-19,2024-04-19,2024-04-19,False,2024,4,19,538,Nisan/19 (16. Hafta),294,Bilanço Dışı İşlemler,3,a) Türev Finansal Araçlar,TP,"4.201.532,70",4201532.7,TL,BDDK Haftalık Bülten
2024-04-19,2024-04-19,2024-04-19,False,2024,4,19,538,Nisan/19 (16. Hafta),294,Bilanço Dışı İşlemler,3,a) Türev Finansal Araçlar,YP,"11.034.496,09",11034496.09,TL,BDDK Haftalık Bülten
2024-04-19,2024-04-19,2024-04-19,False,2024,4,19,538,Nisan/19 (16. Hafta),294,Bilanço Dışı İşlemler,4,b) Diğer,TOPLAM,"8.631.009,11",8631009.11,TL,BDDK Haftalık Bülten
2024-04-19,2024-04-19,2024-04-19,False,2024,4,19,538,Nisan/19 (16. Hafta),294,Bilanço Dışı İşlemler,4,b) Diğer,TP,"6.947.941,32",6947941.32,TL,BDDK Haftalık Bülten
2024-04-19,2024-04-19,2024-04-19,False,2024,4,19,538,Nisan/19 (16. Hafta),294,Bilanço Dışı İşlemler,4,b) Diğer,YP,"1.683.067,80",1683067.8,TL,BDDK Haftalık Bülten
2024-04-26,2024-04-26,2024-04-26,False,2024,4,26,539,Nisan/26 (17. Hafta),294,Bilanço Dışı İşlemler,1,Gayrinakdi Kredi ve Yükümlülükler,TOPLAM,"4.966.437,27",4966437.27,TL,BDDK Haftalık Bülten
2024-04-26,2024-04-26,2024-04-26,False,2024,4,26,539,Nisan/26 (17. Hafta),294,Bilanço Dışı İşlemler,1,Gayrinakdi Kredi ve Yükümlülükler,TP,"2.563.482,06",2563482.06,TL,BDDK Haftalık Bülten
2024-04-26,2024-04-26,2024-04-26,False,2024,4,26,539,Nisan/26 (17. Hafta),294,Bilanço Dışı İşlemler,1,Gayrinakdi Kredi ve Yükümlülükler,YP,"2.402.955,21",2402955.21,TL,BDDK Haftalık Bülten
2024-04-26,2024-04-26,2024-04-26,False,2024,4,26,539,Nisan/26 (17. Hafta),294,Bilanço Dışı İşlemler,2,Taahhütler (3+4),TOPLAM,"23.147.361,70",23147361.7,TL,BDDK Haftalık Bülten
2024-04-26,2024-04-26,2024-04-26,False,2024,4,26,539,Nisan/26 (17. Hafta),294,Bilanço Dışı İşlemler,2,Taahhütler (3+4),TP,"10.816.133,09",10816133.09,TL,BDDK Haftalık Bülten
2024-04-26,2024-04-26,2024-04-26,False,2024,4,26,539,Nisan/26 (17. Hafta),294,Bilanço Dışı İşlemler,2,Taahhütler (3+4),YP,"12.331.228,62",12331228.62,TL,BDDK Haftalık Bülten
2024-04-26,2024-04-26,2024-04-26,False,2024,4,26,539,Nisan/26 (17. Hafta),294,Bilanço Dışı İşlemler,3,a) Türev Finansal Araçlar,TOPLAM,"14.859.185,87",14859185.87,TL,BDDK Haftalık Bülten
2024-04-26,2024-04-26,2024-04-26,False,2024,4,26,539,Nisan/26 (17. Hafta),294,Bilanço Dışı İşlemler,3,a) Türev Finansal Araçlar,TP,"4.032.528,23",4032528.23,TL,BDDK Haftalık Bülten
2024-04-26,2024-04-26,2024-04-26,False,2024,4,26,539,Nisan/26 (17. Hafta),294,Bilanço Dışı İşlemler,3,a) Türev Finansal Araçlar,YP,"10.826.657,64",10826657.64,TL,BDDK Haftalık Bülten
2024-04-26,2024-04-26,2024-04-26,False,2024,4,26,539,Nisan/26 (17. Hafta),294,Bilanço Dışı İşlemler,4,b) Diğer,TOPLAM,"8.288.175,83",8288175.83,TL,BDDK Haftalık Bülten
2024-04-26,2024-04-26,2024-04-26,False,2024,4,26,539,Nisan/26 (17. Hafta),294,Bilanço Dışı İşlemler,4,b) Diğer,TP,"6.783.604,86",6783604.86,TL,BDDK Haftalık Bülten
2024-04-26,2024-04-26,2024-04-26,False,2024,4,26,539,Nisan/26 (17. Hafta),294,Bilanço Dışı İşlemler,4,b) Diğer,YP,"1.504.570,97",1504570.97,TL,BDDK Haftalık Bülten
2024-05-03,2024-05-03,2024-05-03,False,2024,5,3,540,Mayıs/03 (18. Hafta),294,Bilanço Dışı İşlemler,1,Gayrinakdi Kredi ve Yükümlülükler,TOPLAM,"4.965.106,04",4965106.04,TL,BDDK Haftalık Bülten
2024-05-03,2024-05-03,2024-05-03,False,2024,5,3,540,Mayıs/03 (18. Hafta),294,Bilanço Dışı İşlemler,1,Gayrinakdi Kredi ve Yükümlülükler,TP,"2.585.500,94",2585500.94,TL,BDDK Haftalık Bülten
2024-05-03,2024-05-03,2024-05-03,False,2024,5,3,540,Mayıs/03 (18. Hafta),294,Bilanço Dışı İşlemler,1,Gayrinakdi Kredi ve Yükümlülükler,YP,"2.379.605,10",2379605.1,TL,BDDK Haftalık Bülten
2024-05-03,2024-05-03,2024-05-03,False,2024,5,3,540,Mayıs/03 (18. Hafta),294,Bilanço Dışı İşlemler,2,Taahhütler (3+4),TOPLAM,"22.978.225,17",22978225.17,TL,BDDK Haftalık Bülten
2024-05-03,2024-05-03,2024-05-03,False,2024,5,3,540,Mayıs/03 (18. Hafta),294,Bilanço Dışı İşlemler,2,Taahhütler (3+4),TP,"10.821.671,60",10821671.6,TL,BDDK Haftalık Bülten
2024-05-03,2024-05-03,2024-05-03,False,2024,5,3,540,Mayıs/03 (18. Hafta),294,Bilanço Dışı İşlemler,2,Taahhütler (3+4),YP,"12.156.553,56",12156553.56,TL,BDDK Haftalık Bülten
2024-05-03,2024-05-03,2024-05-03,False,2024,5,3,540,Mayıs/03 (18. Hafta),294,Bilanço Dışı İşlemler,3,a) Türev Finansal Araçlar,TOPLAM,"14.551.644,64",14551644.64,TL,BDDK Haftalık Bülten
2024-05-03,2024-05-03,2024-05-03,False,2024,5,3,540,Mayıs/03 (18. Hafta),294,Bilanço Dışı İşlemler,3,a) Türev Finansal Araçlar,TP,"3.879.105,59",3879105.59,TL,BDDK Haftalık Bülten
2024-05-03,2024-05-03,2024-05-03,False,2024,5,3,540,Mayıs/03 (18. Hafta),294,Bilanço Dışı İşlemler,3,a) Türev Finansal Araçlar,YP,"10.672.539,06",10672539.06,TL,BDDK Haftalık Bülten
2024-05-03,2024-05-03,2024-05-03,False,2024,5,3,540,Mayıs/03 (18. Hafta),294,Bilanço Dışı İşlemler,4,b) Diğer,TOPLAM,"8.426.580,52",8426580.52,TL,BDDK Haftalık Bülten
2024-05-03,2024-05-03,2024-05-03,False,2024,5,3,540,Mayıs/03 (18. Hafta),294,Bilanço Dışı İşlemler,4,b) Diğer,TP,"6.942.566,02",6942566.02,TL,BDDK Haftalık Bülten
2024-05-03,2024-05-03,2024-05-03,False,2024,5,3,540,Mayıs/03 (18. Hafta),294,Bilanço Dışı İşlemler,4,b) Diğer,YP,"1.484.014,51",1484014.51,TL,BDDK Haftalık Bülten
2024-05-10,2024-05-10,2024-05-10,False,2024,5,10,541,Mayıs/10 (19. Hafta),294,Bilanço Dışı İşlemler,1,Gayrinakdi Kredi ve Yükümlülükler,TOPLAM,"4.990.914,58",4990914.58,TL,BDDK Haftalık Bülten
2024-05-10,2024-05-10,2024-05-10,False,2024,5,10,541,Mayıs/10 (19. Hafta),294,Bilanço Dışı İşlemler,1,Gayrinakdi Kredi ve Yükümlülükler,TP,"2.612.564,32",2612564.32,TL,BDDK Haftalık Bülten
2024-05-10,2024-05-10,2024-05-10,False,2024,5,10,541,Mayıs/10 (19. Hafta),294,Bilanço Dışı İşlemler,1,Gayrinakdi Kredi ve Yükümlülükler,YP,"2.378.350,26",2378350.26,TL,BDDK Haftalık Bülten
2024-05-10,2024-05-10,2024-05-10,False,2024,5,10,541,Mayıs/10 (19. Hafta),294,Bilanço Dışı İşlemler,2,Taahhütler (3+4),TOPLAM,"22.694.143,34",22694143.34,TL,BDDK Haftalık Bülten
2024-05-10,2024-05-10,2024-05-10,False,2024,5,10,541,Mayıs/10 (19. Hafta),294,Bilanço Dışı İşlemler,2,Taahhütler (3+4),TP,"10.697.158,78",10697158.78,TL,BDDK Haftalık Bülten
2024-05-10,2024-05-10,2024-05-10,False,2024,5,10,541,Mayıs/10 (19. Hafta),294,Bilanço Dışı İşlemler,2,Taahhütler (3+4),YP,"11.996.984,56",11996984.56,TL,BDDK Haftalık Bülten
2024-05-10,2024-05-10,2024-05-10,False,2024,5,10,541,Mayıs/10 (19. Hafta),294,Bilanço Dışı İşlemler,3,a) Türev Finansal Araçlar,TOPLAM,"14.338.858,86",14338858.86,TL,BDDK Haftalık Bülten
2024-05-10,2024-05-10,2024-05-10,False,2024,5,10,541,Mayıs/10 (19. Hafta),294,Bilanço Dışı İşlemler,3,a) Türev Finansal Araçlar,TP,"3.779.178,22",3779178.22,TL,BDDK Haftalık Bülten
2024-05-10,2024-05-10,2024-05-10,False,2024,5,10,541,Mayıs/10 (19. Hafta),294,Bilanço Dışı İşlemler,3,a) Türev Finansal Araçlar,YP,"10.559.680,64",10559680.64,TL,BDDK Haftalık Bülten
2024-05-10,2024-05-10,2024-05-10,False,2024,5,10,541,Mayıs/10 (19. Hafta),294,Bilanço Dışı İşlemler,4,b) Diğer,TOPLAM,"8.355.284,49",8355284.49,TL,BDDK Haftalık Bülten
2024-05-10,2024-05-10,2024-05-10,False,2024,5,10,541,Mayıs/10 (19. Hafta),294,Bilanço Dışı İşlemler,4,b) Diğer,TP,"6.917.980,56",6917980.56,TL,BDDK Haftalık Bülten
2024-05-10,2024-05-10,2024-05-10,False,2024,5,10,541,Mayıs/10 (19. Hafta),294,Bilanço Dışı İşlemler,4,b) Diğer,YP,"1.437.303,93",1437303.93,TL,BDDK Haftalık Bülten
2024-05-17,2024-05-17,2024-05-17,False,2024,5,17,542,Mayıs/17 (20. Hafta),294,Bilanço Dışı İşlemler,1,Gayrinakdi Kredi ve Yükümlülükler,TOPLAM,"5.031.833,36",5031833.36,TL,BDDK Haftalık Bülten
2024-05-17,2024-05-17,2024-05-17,False,2024,5,17,542,Mayıs/17 (20. Hafta),294,Bilanço Dışı İşlemler,1,Gayrinakdi Kredi ve Yükümlülükler,TP,"2.636.164,48",2636164.48,TL,BDDK Haftalık Bülten
2024-05-17,2024-05-17,2024-05-17,False,2024,5,17,542,Mayıs/17 (20. Hafta),294,Bilanço Dışı İşlemler,1,Gayrinakdi Kredi ve Yükümlülükler,YP,"2.395.668,88",2395668.88,TL,BDDK Haftalık Bülten
2024-05-17,2024-05-17,2024-05-17,False,2024,5,17,542,Mayıs/17 (20. Hafta),294,Bilanço Dışı İşlemler,2,Taahhütler (3+4),TOPLAM,"22.480.654,99",22480654.99,TL,BDDK Haftalık Bülten
2024-05-17,2024-05-17,2024-05-17,False,2024,5,17,542,Mayıs/17 (20. Hafta),294,Bilanço Dışı İşlemler,2,Taahhütler (3+4),TP,"10.666.450,65",10666450.65,TL,BDDK Haftalık Bülten
2024-05-17,2024-05-17,2024-05-17,False,2024,5,17,542,Mayıs/17 (20. Hafta),294,Bilanço Dışı İşlemler,2,Taahhütler (3+4),YP,"11.814.204,33",11814204.33,TL,BDDK Haftalık Bülten
2024-05-17,2024-05-17,2024-05-17,False,2024,5,17,542,Mayıs/17 (20. Hafta),294,Bilanço Dışı İşlemler,3,a) Türev Finansal Araçlar,TOPLAM,"14.183.545,88",14183545.88,TL,BDDK Haftalık Bülten
2024-05-17,2024-05-17,2024-05-17,False,2024,5,17,542,Mayıs/17 (20. Hafta),294,Bilanço Dışı İşlemler,3,a) Türev Finansal Araçlar,TP,"3.708.608,13",3708608.13,TL,BDDK Haftalık Bülten
2024-05-17,2024-05-17,2024-05-17,False,2024,5,17,542,Mayıs/17 (20. Hafta),294,Bilanço Dışı İşlemler,3,a) Türev Finansal Araçlar,YP,"10.474.937,75",10474937.75,TL,BDDK Haftalık Bülten
2024-05-17,2024-05-17,2024-05-17,False,2024,5,17,542,Mayıs/17 (20. Hafta),294,Bilanço Dışı İşlemler,4,b) Diğer,TOPLAM,"8.297.109,11",8297109.11,TL,BDDK Haftalık Bülten
2024-05-17,2024-05-17,2024-05-17,False,2024,5,17,542,Mayıs/17 (20. Hafta),294,Bilanço Dışı İşlemler,4,b) Diğer,TP,"6.957.842,52",6957842.52,TL,BDDK Haftalık Bülten
2024-05-17,2024-05-17,2024-05-17,False,2024,5,17,542,Mayıs/17 (20. Hafta),294,Bilanço Dışı İşlemler,4,b) Diğer,YP,"1.339.266,58",1339266.58,TL,BDDK Haftalık Bülten
2024-05-24,2024-05-24,2024-05-24,False,2024,5,24,543,Mayıs/24 (21. Hafta),294,Bilanço Dışı İşlemler,1,Gayrinakdi Kredi ve Yükümlülükler,TOPLAM,"5.067.610,66",5067610.66,TL,BDDK Haftalık Bülten
2024-05-24,2024-05-24,2024-05-24,False,2024,5,24,543,Mayıs/24 (21. Hafta),294,Bilanço Dışı İşlemler,1,Gayrinakdi Kredi ve Yükümlülükler,TP,"2.668.966,33",2668966.33,TL,BDDK Haftalık Bülten
2024-05-24,2024-05-24,2024-05-24,False,2024,5,24,543,Mayıs/24 (21. Hafta),294,Bilanço Dışı İşlemler,1,Gayrinakdi Kredi ve Yükümlülükler,YP,"2.398.644,33",2398644.33,TL,BDDK Haftalık Bülten
2024-05-24,2024-05-24,2024-05-24,False,2024,5,24,543,Mayıs/24 (21. Hafta),294,Bilanço Dışı İşlemler,2,Taahhütler (3+4),TOPLAM,"22.413.001,65",22413001.65,TL,BDDK Haftalık Bülten
2024-05-24,2024-05-24,2024-05-24,False,2024,5,24,543,Mayıs/24 (21. Hafta),294,Bilanço Dışı İşlemler,2,Taahhütler (3+4),TP,"10.704.499,77",10704499.77,TL,BDDK Haftalık Bülten
2024-05-24,2024-05-24,2024-05-24,False,2024,5,24,543,Mayıs/24 (21. Hafta),294,Bilanço Dışı İşlemler,2,Taahhütler (3+4),YP,"11.708.501,88",11708501.88,TL,BDDK Haftalık Bülten
2024-05-24,2024-05-24,2024-05-24,False,2024,5,24,543,Mayıs/24 (21. Hafta),294,Bilanço Dışı İşlemler,3,a) Türev Finansal Araçlar,TOPLAM,"13.981.987,00",13981987.0,TL,BDDK Haftalık Bülten
2024-05-24,2024-05-24,2024-05-24,False,2024,5,24,543,Mayıs/24 (21. Hafta),294,Bilanço Dışı İşlemler,3,a) Türev Finansal Araçlar,TP,"3.652.469,09",3652469.09,TL,BDDK Haftalık Bülten
2024-05-24,2024-05-24,2024-05-24,False,2024,5,24,543,Mayıs/24 (21. Hafta),294,Bilanço Dışı İşlemler,3,a) Türev Finansal Araçlar,YP,"10.329.517,92",10329517.92,TL,BDDK Haftalık Bülten
2024-05-24,2024-05-24,2024-05-24,False,2024,5,24,543,Mayıs/24 (21. Hafta),294,Bilanço Dışı İşlemler,4,b) Diğer,TOPLAM,"8.431.014,65",8431014.65,TL,BDDK Haftalık Bülten
2024-05-24,2024-05-24,2024-05-24,False,2024,5,24,543,Mayıs/24 (21. Hafta),294,Bilanço Dışı İşlemler,4,b) Diğer,TP,"7.052.030,69",7052030.69,TL,BDDK Haftalık Bülten
2024-05-24,2024-05-24,2024-05-24,False,2024,5,24,543,Mayıs/24 (21. Hafta),294,Bilanço Dışı İşlemler,4,b) Diğer,YP,"1.378.983,96",1378983.96,TL,BDDK Haftalık Bülten
2024-05-31,2024-05-31,2024-05-31,False,2024,5,31,544,Mayıs/31 (22. Hafta),294,Bilanço Dışı İşlemler,1,Gayrinakdi Kredi ve Yükümlülükler,TOPLAM,"5.093.133,79",5093133.79,TL,BDDK Haftalık Bülten
2024-05-31,2024-05-31,2024-05-31,False,2024,5,31,544,Mayıs/31 (22. Hafta),294,Bilanço Dışı İşlemler,1,Gayrinakdi Kredi ve Yükümlülükler,TP,"2.690.931,90",2690931.9,TL,BDDK Haftalık Bülten
2024-05-31,2024-05-31,2024-05-31,False,2024,5,31,544,Mayıs/31 (22. Hafta),294,Bilanço Dışı İşlemler,1,Gayrinakdi Kredi ve Yükümlülükler,YP,"2.402.201,89",2402201.89,TL,BDDK Haftalık Bülten
2024-05-31,2024-05-31,2024-05-31,False,2024,5,31,544,Mayıs/31 (22. Hafta),294,Bilanço Dışı İşlemler,2,Taahhütler (3+4),TOPLAM,"22.229.168,46",22229168.46,TL,BDDK Haftalık Bülten
2024-05-31,2024-05-31,2024-05-31,False,2024,5,31,544,Mayıs/31 (22. Hafta),294,Bilanço Dışı İşlemler,2,Taahhütler (3+4),TP,"10.698.696,93",10698696.93,TL,BDDK Haftalık Bülten
2024-05-31,2024-05-31,2024-05-31,False,2024,5,31,544,Mayıs/31 (22. Hafta),294,Bilanço Dışı İşlemler,2,Taahhütler (3+4),YP,"11.530.471,54",11530471.54,TL,BDDK Haftalık Bülten
2024-05-31,2024-05-31,2024-05-31,False,2024,5,31,544,Mayıs/31 (22. Hafta),294,Bilanço Dışı İşlemler,3,a) Türev Finansal Araçlar,TOPLAM,"13.677.120,78",13677120.78,TL,BDDK Haftalık Bülten
2024-05-31,2024-05-31,2024-05-31,False,2024,5,31,544,Mayıs/31 (22. Hafta),294,Bilanço Dışı İşlemler,3,a) Türev Finansal Araçlar,TP,"3.543.927,03",3543927.03,TL,BDDK Haftalık Bülten
2024-05-31,2024-05-31,2024-05-31,False,2024,5,31,544,Mayıs/31 (22. Hafta),294,Bilanço Dışı İşlemler,3,a) Türev Finansal Araçlar,YP,"10.133.193,75",10133193.75,TL,BDDK Haftalık Bülten
2024-05-31,2024-05-31,2024-05-31,False,2024,5,31,544,Mayıs/31 (22. Hafta),294,Bilanço Dışı İşlemler,4,b) Diğer,TOPLAM,"8.552.047,68",8552047.68,TL,BDDK Haftalık Bülten
2024-05-31,2024-05-31,2024-05-31,False,2024,5,31,544,Mayıs/31 (22. Hafta),294,Bilanço Dışı İşlemler,4,b) Diğer,TP,"7.154.769,90",7154769.9,TL,BDDK Haftalık Bülten
2024-05-31,2024-05-31,2024-05-31,False,2024,5,31,544,Mayıs/31 (22. Hafta),294,Bilanço Dışı İşlemler,4,b) Diğer,YP,"1.397.277,78",1397277.78,TL,BDDK Haftalık Bülten
2024-06-07,2024-06-07,2024-06-07,False,2024,6,7,545,Haziran/07 (23. Hafta),294,Bilanço Dışı İşlemler,1,Gayrinakdi Kredi ve Yükümlülükler,TOPLAM,"5.108.870,22",5108870.22,TL,BDDK Haftalık Bülten
2024-06-07,2024-06-07,2024-06-07,False,2024,6,7,545,Haziran/07 (23. Hafta),294,Bilanço Dışı İşlemler,1,Gayrinakdi Kredi ve Yükümlülükler,TP,"2.704.285,17",2704285.17,TL,BDDK Haftalık Bülten
2024-06-07,2024-06-07,2024-06-07,False,2024,6,7,545,Haziran/07 (23. Hafta),294,Bilanço Dışı İşlemler,1,Gayrinakdi Kredi ve Yükümlülükler,YP,"2.404.585,05",2404585.05,TL,BDDK Haftalık Bülten
2024-06-07,2024-06-07,2024-06-07,False,2024,6,7,545,Haziran/07 (23. Hafta),294,Bilanço Dışı İşlemler,2,Taahhütler (3+4),TOPLAM,"22.156.729,86",22156729.86,TL,BDDK Haftalık Bülten
2024-06-07,2024-06-07,2024-06-07,False,2024,6,7,545,Haziran/07 (23. Hafta),294,Bilanço Dışı İşlemler,2,Taahhütler (3+4),TP,"10.667.141,92",10667141.92,TL,BDDK Haftalık Bülten
2024-06-07,2024-06-07,2024-06-07,False,2024,6,7,545,Haziran/07 (23. Hafta),294,Bilanço Dışı İşlemler,2,Taahhütler (3+4),YP,"11.489.587,94",11489587.94,TL,BDDK Haftalık Bülten
2024-06-07,2024-06-07,2024-06-07,False,2024,6,7,545,Haziran/07 (23. Hafta),294,Bilanço Dışı İşlemler,3,a) Türev Finansal Araçlar,TOPLAM,"13.461.806,98",13461806.98,TL,BDDK Haftalık Bülten
2024-06-07,2024-06-07,2024-06-07,False,2024,6,7,545,Haziran/07 (23. Hafta),294,Bilanço Dışı İşlemler,3,a) Türev Finansal Araçlar,TP,"3.400.818,48",3400818.48,TL,BDDK Haftalık Bülten
2024-06-07,2024-06-07,2024-06-07,False,2024,6,7,545,Haziran/07 (23. Hafta),294,Bilanço Dışı İşlemler,3,a) Türev Finansal Araçlar,YP,"10.060.988,51",10060988.51,TL,BDDK Haftalık Bülten
2024-06-07,2024-06-07,2024-06-07,False,2024,6,7,545,Haziran/07 (23. Hafta),294,Bilanço Dışı İşlemler,4,b) Diğer,TOPLAM,"8.694.922,88",8694922.88,TL,BDDK Haftalık Bülten
2024-06-07,2024-06-07,2024-06-07,False,2024,6,7,545,Haziran/07 (23. Hafta),294,Bilanço Dışı İşlemler,4,b) Diğer,TP,"7.266.323,44",7266323.44,TL,BDDK Haftalık Bülten
2024-06-07,2024-06-07,2024-06-07,False,2024,6,7,545,Haziran/07 (23. Hafta),294,Bilanço Dışı İşlemler,4,b) Diğer,YP,"1.428.599,43",1428599.43,TL,BDDK Haftalık Bülten
2024-06-14,2024-06-14,2024-06-14,False,2024,6,14,546,Haziran/14 (24. Hafta),294,Bilanço Dışı İşlemler,1,Gayrinakdi Kredi ve Yükümlülükler,TOPLAM,"5.172.964,02",5172964.02,TL,BDDK Haftalık Bülten
2024-06-14,2024-06-14,2024-06-14,False,2024,6,14,546,Haziran/14 (24. Hafta),294,Bilanço Dışı İşlemler,1,Gayrinakdi Kredi ve Yükümlülükler,TP,"2.748.025,70",2748025.7,TL,BDDK Haftalık Bülten
2024-06-14,2024-06-14,2024-06-14,False,2024,6,14,546,Haziran/14 (24. Hafta),294,Bilanço Dışı İşlemler,1,Gayrinakdi Kredi ve Yükümlülükler,YP,"2.424.938,31",2424938.31,TL,BDDK Haftalık Bülten
2024-06-14,2024-06-14,2024-06-14,False,2024,6,14,546,Haziran/14 (24. Hafta),294,Bilanço Dışı İşlemler,2,Taahhütler (3+4),TOPLAM,"22.192.933,65",22192933.65,TL,BDDK Haftalık Bülten
2024-06-14,2024-06-14,2024-06-14,False,2024,6,14,546,Haziran/14 (24. Hafta),294,Bilanço Dışı İşlemler,2,Taahhütler (3+4),TP,"10.597.375,03",10597375.03,TL,BDDK Haftalık Bülten
2024-06-14,2024-06-14,2024-06-14,False,2024,6,14,546,Haziran/14 (24. Hafta),294,Bilanço Dışı İşlemler,2,Taahhütler (3+4),YP,"11.595.558,62",11595558.62,TL,BDDK Haftalık Bülten
2024-06-14,2024-06-14,2024-06-14,False,2024,6,14,546,Haziran/14 (24. Hafta),294,Bilanço Dışı İşlemler,3,a) Türev Finansal Araçlar,TOPLAM,"13.378.653,58",13378653.58,TL,BDDK Haftalık Bülten
2024-06-14,2024-06-14,2024-06-14,False,2024,6,14,546,Haziran/14 (24. Hafta),294,Bilanço Dışı İşlemler,3,a) Türev Finansal Araçlar,TP,"3.254.000,80",3254000.8,TL,BDDK Haftalık Bülten
2024-06-14,2024-06-14,2024-06-14,False,2024,6,14,546,Haziran/14 (24. Hafta),294,Bilanço Dışı İşlemler,3,a) Türev Finansal Araçlar,YP,"10.124.652,78",10124652.78,TL,BDDK Haftalık Bülten
2024-06-14,2024-06-14,2024-06-14,False,2024,6,14,546,Haziran/14 (24. Hafta),294,Bilanço Dışı İşlemler,4,b) Diğer,TOPLAM,"8.814.280,07",8814280.07,TL,BDDK Haftalık Bülten
2024-06-14,2024-06-14,2024-06-14,False,2024,6,14,546,Haziran/14 (24. Hafta),294,Bilanço Dışı İşlemler,4,b) Diğer,TP,"7.343.374,23",7343374.23,TL,BDDK Haftalık Bülten
2024-06-14,2024-06-14,2024-06-14,False,2024,6,14,546,Haziran/14 (24. Hafta),294,Bilanço Dışı İşlemler,4,b) Diğer,YP,"1.470.905,84",1470905.84,TL,BDDK Haftalık Bülten
2024-06-21,2024-06-21,2024-06-21,False,2024,6,21,547,Haziran/21 (25. Hafta),294,Bilanço Dışı İşlemler,1,Gayrinakdi Kredi ve Yükümlülükler,TOPLAM,"5.164.997,58",5164997.58,TL,BDDK Haftalık Bülten
2024-06-21,2024-06-21,2024-06-21,False,2024,6,21,547,Haziran/21 (25. Hafta),294,Bilanço Dışı İşlemler,1,Gayrinakdi Kredi ve Yükümlülükler,TP,"2.741.459,18",2741459.18,TL,BDDK Haftalık Bülten
2024-06-21,2024-06-21,2024-06-21,False,2024,6,21,547,Haziran/21 (25. Hafta),294,Bilanço Dışı İşlemler,1,Gayrinakdi Kredi ve Yükümlülükler,YP,"2.423.538,40",2423538.4,TL,BDDK Haftalık Bülten
2024-06-21,2024-06-21,2024-06-21,False,2024,6,21,547,Haziran/21 (25. Hafta),294,Bilanço Dışı İşlemler,2,Taahhütler (3+4),TOPLAM,"21.737.905,15",21737905.15,TL,BDDK Haftalık Bülten
2024-06-21,2024-06-21,2024-06-21,False,2024,6,21,547,Haziran/21 (25. Hafta),294,Bilanço Dışı İşlemler,2,Taahhütler (3+4),TP,"10.497.337,30",10497337.3,TL,BDDK Haftalık Bülten
2024-06-21,2024-06-21,2024-06-21,False,2024,6,21,547,Haziran/21 (25. Hafta),294,Bilanço Dışı İşlemler,2,Taahhütler (3+4),YP,"11.240.567,85",11240567.85,TL,BDDK Haftalık Bülten
2024-06-21,2024-06-21,2024-06-21,False,2024,6,21,547,Haziran/21 (25. Hafta),294,Bilanço Dışı İşlemler,3,a) Türev Finansal Araçlar,TOPLAM,"12.979.717,28",12979717.28,TL,BDDK Haftalık Bülten
2024-06-21,2024-06-21,2024-06-21,False,2024,6,21,547,Haziran/21 (25. Hafta),294,Bilanço Dışı İşlemler,3,a) Türev Finansal Araçlar,TP,"3.066.960,01",3066960.01,TL,BDDK Haftalık Bülten
2024-06-21,2024-06-21,2024-06-21,False,2024,6,21,547,Haziran/21 (25. Hafta),294,Bilanço Dışı İşlemler,3,a) Türev Finansal Araçlar,YP,"9.912.757,27",9912757.27,TL,BDDK Haftalık Bülten
2024-06-21,2024-06-21,2024-06-21,False,2024,6,21,547,Haziran/21 (25. Hafta),294,Bilanço Dışı İşlemler,4,b) Diğer,TOPLAM,"8.758.187,87",8758187.87,TL,BDDK Haftalık Bülten
2024-06-21,2024-06-21,2024-06-21,False,2024,6,21,547,Haziran/21 (25. Hafta),294,Bilanço Dışı İşlemler,4,b) Diğer,TP,"7.430.377,29",7430377.29,TL,BDDK Haftalık Bülten
2024-06-21,2024-06-21,2024-06-21,False,2024,6,21,547,Haziran/21 (25. Hafta),294,Bilanço Dışı İşlemler,4,b) Diğer,YP,"1.327.810,58",1327810.58,TL,BDDK Haftalık Bülten
2024-06-28,2024-06-28,2024-06-28,False,2024,6,28,548,Haziran/28 (26. Hafta),294,Bilanço Dışı İşlemler,1,Gayrinakdi Kredi ve Yükümlülükler,TOPLAM,"5.181.690,49",5181690.49,TL,BDDK Haftalık Bülten
2024-06-28,2024-06-28,2024-06-28,False,2024,6,28,548,Haziran/28 (26. Hafta),294,Bilanço Dışı İşlemler,1,Gayrinakdi Kredi ve Yükümlülükler,TP,"2.762.728,01",2762728.01,TL,BDDK Haftalık Bülten
2024-06-28,2024-06-28,2024-06-28,False,2024,6,28,548,Haziran/28 (26. Hafta),294,Bilanço Dışı İşlemler,1,Gayrinakdi Kredi ve Yükümlülükler,YP,"2.418.962,47",2418962.47,TL,BDDK Haftalık Bülten
2024-06-28,2024-06-28,2024-06-28,False,2024,6,28,548,Haziran/28 (26. Hafta),294,Bilanço Dışı İşlemler,2,Taahhütler (3+4),TOPLAM,"21.251.774,70",21251774.7,TL,BDDK Haftalık Bülten
2024-06-28,2024-06-28,2024-06-28,False,2024,6,28,548,Haziran/28 (26. Hafta),294,Bilanço Dışı İşlemler,2,Taahhütler (3+4),TP,"10.240.675,72",10240675.72,TL,BDDK Haftalık Bülten
2024-06-28,2024-06-28,2024-06-28,False,2024,6,28,548,Haziran/28 (26. Hafta),294,Bilanço Dışı İşlemler,2,Taahhütler (3+4),YP,"11.011.098,98",11011098.98,TL,BDDK Haftalık Bülten
2024-06-28,2024-06-28,2024-06-28,False,2024,6,28,548,Haziran/28 (26. Hafta),294,Bilanço Dışı İşlemler,3,a) Türev Finansal Araçlar,TOPLAM,"12.508.760,95",12508760.95,TL,BDDK Haftalık Bülten
2024-06-28,2024-06-28,2024-06-28,False,2024,6,28,548,Haziran/28 (26. Hafta),294,Bilanço Dışı İşlemler,3,a) Türev Finansal Araçlar,TP,"2.824.634,52",2824634.52,TL,BDDK Haftalık Bülten
2024-06-28,2024-06-28,2024-06-28,False,2024,6,28,548,Haziran/28 (26. Hafta),294,Bilanço Dışı İşlemler,3,a) Türev Finansal Araçlar,YP,"9.684.126,43",9684126.43,TL,BDDK Haftalık Bülten
2024-06-28,2024-06-28,2024-06-28,False,2024,6,28,548,Haziran/28 (26. Hafta),294,Bilanço Dışı İşlemler,4,b) Diğer,TOPLAM,"8.743.013,76",8743013.76,TL,BDDK Haftalık Bülten
2024-06-28,2024-06-28,2024-06-28,False,2024,6,28,548,Haziran/28 (26. Hafta),294,Bilanço Dışı İşlemler,4,b) Diğer,TP,"7.416.041,21",7416041.21,TL,BDDK Haftalık Bülten
2024-06-28,2024-06-28,2024-06-28,False,2024,6,28,548,Haziran/28 (26. Hafta),294,Bilanço Dışı İşlemler,4,b) Diğer,YP,"1.326.972,55",1326972.55,TL,BDDK Haftalık Bülten
2024-07-05,2024-07-05,2024-07-05,False,2024,7,5,549,Temmuz/05 (27. Hafta),294,Bilanço Dışı İşlemler,1,Gayrinakdi Kredi ve Yükümlülükler,TOPLAM,"5.191.081,68",5191081.68,TL,BDDK Haftalık Bülten
2024-07-05,2024-07-05,2024-07-05,False,2024,7,5,549,Temmuz/05 (27. Hafta),294,Bilanço Dışı İşlemler,1,Gayrinakdi Kredi ve Yükümlülükler,TP,"2.766.433,17",2766433.17,TL,BDDK Haftalık Bülten
2024-07-05,2024-07-05,2024-07-05,False,2024,7,5,549,Temmuz/05 (27. Hafta),294,Bilanço Dışı İşlemler,1,Gayrinakdi Kredi ve Yükümlülükler,YP,"2.424.648,51",2424648.51,TL,BDDK Haftalık Bülten
2024-07-05,2024-07-05,2024-07-05,False,2024,7,5,549,Temmuz/05 (27. Hafta),294,Bilanço Dışı İşlemler,2,Taahhütler (3+4),TOPLAM,"21.611.155,80",21611155.8,TL,BDDK Haftalık Bülten
2024-07-05,2024-07-05,2024-07-05,False,2024,7,5,549,Temmuz/05 (27. Hafta),294,Bilanço Dışı İşlemler,2,Taahhütler (3+4),TP,"10.401.556,51",10401556.51,TL,BDDK Haftalık Bülten
2024-07-05,2024-07-05,2024-07-05,False,2024,7,5,549,Temmuz/05 (27. Hafta),294,Bilanço Dışı İşlemler,2,Taahhütler (3+4),YP,"11.209.599,29",11209599.29,TL,BDDK Haftalık Bülten
2024-07-05,2024-07-05,2024-07-05,False,2024,7,5,549,Temmuz/05 (27. Hafta),294,Bilanço Dışı İşlemler,3,a) Türev Finansal Araçlar,TOPLAM,"12.754.210,15",12754210.15,TL,BDDK Haftalık Bülten
2024-07-05,2024-07-05,2024-07-05,False,2024,7,5,549,Temmuz/05 (27. Hafta),294,Bilanço Dışı İşlemler,3,a) Türev Finansal Araçlar,TP,"2.860.833,30",2860833.3,TL,BDDK Haftalık Bülten
2024-07-05,2024-07-05,2024-07-05,False,2024,7,5,549,Temmuz/05 (27. Hafta),294,Bilanço Dışı İşlemler,3,a) Türev Finansal Araçlar,YP,"9.893.376,85",9893376.85,TL,BDDK Haftalık Bülten
2024-07-05,2024-07-05,2024-07-05,False,2024,7,5,549,Temmuz/05 (27. Hafta),294,Bilanço Dışı İşlemler,4,b) Diğer,TOPLAM,"8.856.945,65",8856945.65,TL,BDDK Haftalık Bülten
2024-07-05,2024-07-05,2024-07-05,False,2024,7,5,549,Temmuz/05 (27. Hafta),294,Bilanço Dışı İşlemler,4,b) Diğer,TP,"7.540.723,21",7540723.21,TL,BDDK Haftalık Bülten
2024-07-05,2024-07-05,2024-07-05,False,2024,7,5,549,Temmuz/05 (27. Hafta),294,Bilanço Dışı İşlemler,4,b) Diğer,YP,"1.316.222,44",1316222.44,TL,BDDK Haftalık Bülten
2024-07-12,2024-07-12,2024-07-12,False,2024,7,12,550,Temmuz/12 (28. Hafta),294,Bilanço Dışı İşlemler,1,Gayrinakdi Kredi ve Yükümlülükler,TOPLAM,"5.280.567,02",5280567.02,TL,BDDK Haftalık Bülten
2024-07-12,2024-07-12,2024-07-12,False,2024,7,12,550,Temmuz/12 (28. Hafta),294,Bilanço Dışı İşlemler,1,Gayrinakdi Kredi ve Yükümlülükler,TP,"2.795.008,29",2795008.29,TL,BDDK Haftalık Bülten
2024-07-12,2024-07-12,2024-07-12,False,2024,7,12,550,Temmuz/12 (28. Hafta),294,Bilanço Dışı İşlemler,1,Gayrinakdi Kredi ve Yükümlülükler,YP,"2.485.558,74",2485558.74,TL,BDDK Haftalık Bülten
2024-07-12,2024-07-12,2024-07-12,False,2024,7,12,550,Temmuz/12 (28. Hafta),294,Bilanço Dışı İşlemler,2,Taahhütler (3+4),TOPLAM,"22.100.774,70",22100774.7,TL,BDDK Haftalık Bülten
2024-07-12,2024-07-12,2024-07-12,False,2024,7,12,550,Temmuz/12 (28. Hafta),294,Bilanço Dışı İşlemler,2,Taahhütler (3+4),TP,"10.492.400,90",10492400.9,TL,BDDK Haftalık Bülten
2024-07-12,2024-07-12,2024-07-12,False,2024,7,12,550,Temmuz/12 (28. Hafta),294,Bilanço Dışı İşlemler,2,Taahhütler (3+4),YP,"11.608.373,80",11608373.8,TL,BDDK Haftalık Bülten
2024-07-12,2024-07-12,2024-07-12,False,2024,7,12,550,Temmuz/12 (28. Hafta),294,Bilanço Dışı İşlemler,3,a) Türev Finansal Araçlar,TOPLAM,"13.094.307,53",13094307.53,TL,BDDK Haftalık Bülten
2024-07-12,2024-07-12,2024-07-12,False,2024,7,12,550,Temmuz/12 (28. Hafta),294,Bilanço Dışı İşlemler,3,a) Türev Finansal Araçlar,TP,"2.890.426,95",2890426.95,TL,BDDK Haftalık Bülten
2024-07-12,2024-07-12,2024-07-12,False,2024,7,12,550,Temmuz/12 (28. Hafta),294,Bilanço Dışı İşlemler,3,a) Türev Finansal Araçlar,YP,"10.203.880,58",10203880.58,TL,BDDK Haftalık Bülten
2024-07-12,2024-07-12,2024-07-12,False,2024,7,12,550,Temmuz/12 (28. Hafta),294,Bilanço Dışı İşlemler,4,b) Diğer,TOPLAM,"9.006.467,17",9006467.17,TL,BDDK Haftalık Bülten
2024-07-12,2024-07-12,2024-07-12,False,2024,7,12,550,Temmuz/12 (28. Hafta),294,Bilanço Dışı İşlemler,4,b) Diğer,TP,"7.601.973,95",7601973.95,TL,BDDK Haftalık Bülten
2024-07-12,2024-07-12,2024-07-12,False,2024,7,12,550,Temmuz/12 (28. Hafta),294,Bilanço Dışı İşlemler,4,b) Diğer,YP,"1.404.493,22",1404493.22,TL,BDDK Haftalık Bülten
2024-07-19,2024-07-19,2024-07-19,False,2024,7,19,551,Temmuz/19 (29. Hafta),294,Bilanço Dışı İşlemler,1,Gayrinakdi Kredi ve Yükümlülükler,TOPLAM,"5.292.190,98",5292190.98,TL,BDDK Haftalık Bülten
2024-07-19,2024-07-19,2024-07-19,False,2024,7,19,551,Temmuz/19 (29. Hafta),294,Bilanço Dışı İşlemler,1,Gayrinakdi Kredi ve Yükümlülükler,TP,"2.805.029,66",2805029.66,TL,BDDK Haftalık Bülten
2024-07-19,2024-07-19,2024-07-19,False,2024,7,19,551,Temmuz/19 (29. Hafta),294,Bilanço Dışı İşlemler,1,Gayrinakdi Kredi ve Yükümlülükler,YP,"2.487.161,32",2487161.32,TL,BDDK Haftalık Bülten
2024-07-19,2024-07-19,2024-07-19,False,2024,7,19,551,Temmuz/19 (29. Hafta),294,Bilanço Dışı İşlemler,2,Taahhütler (3+4),TOPLAM,"22.292.518,71",22292518.71,TL,BDDK Haftalık Bülten
2024-07-19,2024-07-19,2024-07-19,False,2024,7,19,551,Temmuz/19 (29. Hafta),294,Bilanço Dışı İşlemler,2,Taahhütler (3+4),TP,"10.690.902,51",10690902.51,TL,BDDK Haftalık Bülten
2024-07-19,2024-07-19,2024-07-19,False,2024,7,19,551,Temmuz/19 (29. Hafta),294,Bilanço Dışı İşlemler,2,Taahhütler (3+4),YP,"11.601.616,19",11601616.19,TL,BDDK Haftalık Bülten
2024-07-19,2024-07-19,2024-07-19,False,2024,7,19,551,Temmuz/19 (29. Hafta),294,Bilanço Dışı İşlemler,3,a) Türev Finansal Araçlar,TOPLAM,"12.907.908,20",12907908.2,TL,BDDK Haftalık Bülten
2024-07-19,2024-07-19,2024-07-19,False,2024,7,19,551,Temmuz/19 (29. Hafta),294,Bilanço Dışı İşlemler,3,a) Türev Finansal Araçlar,TP,"2.887.669,66",2887669.66,TL,BDDK Haftalık Bülten
2024-07-19,2024-07-19,2024-07-19,False,2024,7,19,551,Temmuz/19 (29. Hafta),294,Bilanço Dışı İşlemler,3,a) Türev Finansal Araçlar,YP,"10.020.238,54",10020238.54,TL,BDDK Haftalık Bülten
2024-07-19,2024-07-19,2024-07-19,False,2024,7,19,551,Temmuz/19 (29. Hafta),294,Bilanço Dışı İşlemler,4,b) Diğer,TOPLAM,"9.384.610,50",9384610.5,TL,BDDK Haftalık Bülten
2024-07-19,2024-07-19,2024-07-19,False,2024,7,19,551,Temmuz/19 (29. Hafta),294,Bilanço Dışı İşlemler,4,b) Diğer,TP,"7.803.232,85",7803232.85,TL,BDDK Haftalık Bülten
2024-07-19,2024-07-19,2024-07-19,False,2024,7,19,551,Temmuz/19 (29. Hafta),294,Bilanço Dışı İşlemler,4,b) Diğer,YP,"1.581.377,66",1581377.66,TL,BDDK Haftalık Bülten
2024-07-26,2024-07-26,2024-07-26,False,2024,7,26,552,Temmuz/26 (30. Hafta),294,Bilanço Dışı İşlemler,1,Gayrinakdi Kredi ve Yükümlülükler,TOPLAM,"5.316.303,90",5316303.9,TL,BDDK Haftalık Bülten
2024-07-26,2024-07-26,2024-07-26,False,2024,7,26,552,Temmuz/26 (30. Hafta),294,Bilanço Dışı İşlemler,1,Gayrinakdi Kredi ve Yükümlülükler,TP,"2.829.725,46",2829725.46,TL,BDDK Haftalık Bülten
2024-07-26,2024-07-26,2024-07-26,False,2024,7,26,552,Temmuz/26 (30. Hafta),294,Bilanço Dışı İşlemler,1,Gayrinakdi Kredi ve Yükümlülükler,YP,"2.486.578,44",2486578.44,TL,BDDK Haftalık Bülten
2024-07-26,2024-07-26,2024-07-26,False,2024,7,26,552,Temmuz/26 (30. Hafta),294,Bilanço Dışı İşlemler,2,Taahhütler (3+4),TOPLAM,"22.120.904,34",22120904.34,TL,BDDK Haftalık Bülten
2024-07-26,2024-07-26,2024-07-26,False,2024,7,26,552,Temmuz/26 (30. Hafta),294,Bilanço Dışı İşlemler,2,Taahhütler (3+4),TP,"10.668.423,27",10668423.27,TL,BDDK Haftalık Bülten
2024-07-26,2024-07-26,2024-07-26,False,2024,7,26,552,Temmuz/26 (30. Hafta),294,Bilanço Dışı İşlemler,2,Taahhütler (3+4),YP,"11.452.481,08",11452481.08,TL,BDDK Haftalık Bülten
2024-07-26,2024-07-26,2024-07-26,False,2024,7,26,552,Temmuz/26 (30. Hafta),294,Bilanço Dışı İşlemler,3,a) Türev Finansal Araçlar,TOPLAM,"12.940.254,70",12940254.7,TL,BDDK Haftalık Bülten
2024-07-26,2024-07-26,2024-07-26,False,2024,7,26,552,Temmuz/26 (30. Hafta),294,Bilanço Dışı İşlemler,3,a) Türev Finansal Araçlar,TP,"2.901.379,41",2901379.41,TL,BDDK Haftalık Bülten
2024-07-26,2024-07-26,2024-07-26,False,2024,7,26,552,Temmuz/26 (30. Hafta),294,Bilanço Dışı İşlemler,3,a) Türev Finansal Araçlar,YP,"10.038.875,29",10038875.29,TL,BDDK Haftalık Bülten
2024-07-26,2024-07-26,2024-07-26,False,2024,7,26,552,Temmuz/26 (30. Hafta),294,Bilanço Dışı İşlemler,4,b) Diğer,TOPLAM,"9.180.649,65",9180649.65,TL,BDDK Haftalık Bülten
2024-07-26,2024-07-26,2024-07-26,False,2024,7,26,552,Temmuz/26 (30. Hafta),294,Bilanço Dışı İşlemler,4,b) Diğer,TP,"7.767.043,86",7767043.86,TL,BDDK Haftalık Bülten
2024-07-26,2024-07-26,2024-07-26,False,2024,7,26,552,Temmuz/26 (30. Hafta),294,Bilanço Dışı İşlemler,4,b) Diğer,YP,"1.413.605,79",1413605.79,TL,BDDK Haftalık Bülten
2024-08-02,2024-08-02,2024-08-02,False,2024,8,2,553,Ağustos/02 (31. Hafta),294,Bilanço Dışı İşlemler,1,Gayrinakdi Kredi ve Yükümlülükler,TOPLAM,"5.360.173,20",5360173.2,TL,BDDK Haftalık Bülten
2024-08-02,2024-08-02,2024-08-02,False,2024,8,2,553,Ağustos/02 (31. Hafta),294,Bilanço Dışı İşlemler,1,Gayrinakdi Kredi ve Yükümlülükler,TP,"2.841.351,20",2841351.2,TL,BDDK Haftalık Bülten
2024-08-02,2024-08-02,2024-08-02,False,2024,8,2,553,Ağustos/02 (31. Hafta),294,Bilanço Dışı İşlemler,1,Gayrinakdi Kredi ve Yükümlülükler,YP,"2.518.822,00",2518822.0,TL,BDDK Haftalık Bülten
2024-08-02,2024-08-02,2024-08-02,False,2024,8,2,553,Ağustos/02 (31. Hafta),294,Bilanço Dışı İşlemler,2,Taahhütler (3+4),TOPLAM,"22.310.541,71",22310541.71,TL,BDDK Haftalık Bülten
2024-08-02,2024-08-02,2024-08-02,False,2024,8,2,553,Ağustos/02 (31. Hafta),294,Bilanço Dışı İşlemler,2,Taahhütler (3+4),TP,"10.779.941,13",10779941.13,TL,BDDK Haftalık Bülten
2024-08-02,2024-08-02,2024-08-02,False,2024,8,2,553,Ağustos/02 (31. Hafta),294,Bilanço Dışı İşlemler,2,Taahhütler (3+4),YP,"11.530.600,59",11530600.59,TL,BDDK Haftalık Bülten
2024-08-02,2024-08-02,2024-08-02,False,2024,8,2,553,Ağustos/02 (31. Hafta),294,Bilanço Dışı İşlemler,3,a) Türev Finansal Araçlar,TOPLAM,"12.975.543,90",12975543.9,TL,BDDK Haftalık Bülten
2024-08-02,2024-08-02,2024-08-02,False,2024,8,2,553,Ağustos/02 (31. Hafta),294,Bilanço Dışı İşlemler,3,a) Türev Finansal Araçlar,TP,"2.873.014,44",2873014.44,TL,BDDK Haftalık Bülten
2024-08-02,2024-08-02,2024-08-02,False,2024,8,2,553,Ağustos/02 (31. Hafta),294,Bilanço Dışı İşlemler,3,a) Türev Finansal Araçlar,YP,"10.102.529,46",10102529.46,TL,BDDK Haftalık Bülten
2024-08-02,2024-08-02,2024-08-02,False,2024,8,2,553,Ağustos/02 (31. Hafta),294,Bilanço Dışı İşlemler,4,b) Diğer,TOPLAM,"9.334.997,81",9334997.81,TL,BDDK Haftalık Bülten
2024-08-02,2024-08-02,2024-08-02,False,2024,8,2,553,Ağustos/02 (31. Hafta),294,Bilanço Dışı İşlemler,4,b) Diğer,TP,"7.906.926,68",7906926.68,TL,BDDK Haftalık Bülten
2024-08-02,2024-08-02,2024-08-02,False,2024,8,2,553,Ağustos/02 (31. Hafta),294,Bilanço Dışı İşlemler,4,b) Diğer,YP,"1.428.071,12",1428071.12,TL,BDDK Haftalık Bülten
2024-08-09,2024-08-09,2024-08-09,False,2024,8,9,554,Ağustos/09 (32. Hafta),294,Bilanço Dışı İşlemler,1,Gayrinakdi Kredi ve Yükümlülükler,TOPLAM,"5.428.158,74",5428158.74,TL,BDDK Haftalık Bülten
2024-08-09,2024-08-09,2024-08-09,False,2024,8,9,554,Ağustos/09 (32. Hafta),294,Bilanço Dışı İşlemler,1,Gayrinakdi Kredi ve Yükümlülükler,TP,"2.864.364,41",2864364.41,TL,BDDK Haftalık Bülten
2024-08-09,2024-08-09,2024-08-09,False,2024,8,9,554,Ağustos/09 (32. Hafta),294,Bilanço Dışı İşlemler,1,Gayrinakdi Kredi ve Yükümlülükler,YP,"2.563.794,33",2563794.33,TL,BDDK Haftalık Bülten
2024-08-09,2024-08-09,2024-08-09,False,2024,8,9,554,Ağustos/09 (32. Hafta),294,Bilanço Dışı İşlemler,2,Taahhütler (3+4),TOPLAM,"22.538.420,38",22538420.38,TL,BDDK Haftalık Bülten
2024-08-09,2024-08-09,2024-08-09,False,2024,8,9,554,Ağustos/09 (32. Hafta),294,Bilanço Dışı İşlemler,2,Taahhütler (3+4),TP,"10.813.942,72",10813942.72,TL,BDDK Haftalık Bülten
2024-08-09,2024-08-09,2024-08-09,False,2024,8,9,554,Ağustos/09 (32. Hafta),294,Bilanço Dışı İşlemler,2,Taahhütler (3+4),YP,"11.724.477,67",11724477.67,TL,BDDK Haftalık Bülten
2024-08-09,2024-08-09,2024-08-09,False,2024,8,9,554,Ağustos/09 (32. Hafta),294,Bilanço Dışı İşlemler,3,a) Türev Finansal Araçlar,TOPLAM,"13.343.475,44",13343475.44,TL,BDDK Haftalık Bülten
2024-08-09,2024-08-09,2024-08-09,False,2024,8,9,554,Ağustos/09 (32. Hafta),294,Bilanço Dışı İşlemler,3,a) Türev Finansal Araçlar,TP,"2.866.845,74",2866845.74,TL,BDDK Haftalık Bülten
2024-08-09,2024-08-09,2024-08-09,False,2024,8,9,554,Ağustos/09 (32. Hafta),294,Bilanço Dışı İşlemler,3,a) Türev Finansal Araçlar,YP,"10.476.629,70",10476629.7,TL,BDDK Haftalık Bülten
2024-08-09,2024-08-09,2024-08-09,False,2024,8,9,554,Ağustos/09 (32. Hafta),294,Bilanço Dışı İşlemler,4,b) Diğer,TOPLAM,"9.194.944,94",9194944.94,TL,BDDK Haftalık Bülten
2024-08-09,2024-08-09,2024-08-09,False,2024,8,9,554,Ağustos/09 (32. Hafta),294,Bilanço Dışı İşlemler,4,b) Diğer,TP,"7.947.096,97",7947096.97,TL,BDDK Haftalık Bülten
2024-08-09,2024-08-09,2024-08-09,False,2024,8,9,554,Ağustos/09 (32. Hafta),294,Bilanço Dışı İşlemler,4,b) Diğer,YP,"1.247.847,96",1247847.96,TL,BDDK Haftalık Bülten
2024-08-16,2024-08-16,2024-08-16,False,2024,8,16,555,Ağustos/16 (33. Hafta),294,Bilanço Dışı İşlemler,1,Gayrinakdi Kredi ve Yükümlülükler,TOPLAM,"5.473.546,61",5473546.61,TL,BDDK Haftalık Bülten
2024-08-16,2024-08-16,2024-08-16,False,2024,8,16,555,Ağustos/16 (33. Hafta),294,Bilanço Dışı İşlemler,1,Gayrinakdi Kredi ve Yükümlülükler,TP,"2.881.018,75",2881018.75,TL,BDDK Haftalık Bülten
2024-08-16,2024-08-16,2024-08-16,False,2024,8,16,555,Ağustos/16 (33. Hafta),294,Bilanço Dışı İşlemler,1,Gayrinakdi Kredi ve Yükümlülükler,YP,"2.592.527,87",2592527.87,TL,BDDK Haftalık Bülten
2024-08-16,2024-08-16,2024-08-16,False,2024,8,16,555,Ağustos/16 (33. Hafta),294,Bilanço Dışı İşlemler,2,Taahhütler (3+4),TOPLAM,"23.039.617,83",23039617.83,TL,BDDK Haftalık Bülten
2024-08-16,2024-08-16,2024-08-16,False,2024,8,16,555,Ağustos/16 (33. Hafta),294,Bilanço Dışı İşlemler,2,Taahhütler (3+4),TP,"11.010.485,72",11010485.72,TL,BDDK Haftalık Bülten
2024-08-16,2024-08-16,2024-08-16,False,2024,8,16,555,Ağustos/16 (33. Hafta),294,Bilanço Dışı İşlemler,2,Taahhütler (3+4),YP,"12.029.132,11",12029132.11,TL,BDDK Haftalık Bülten
2024-08-16,2024-08-16,2024-08-16,False,2024,8,16,555,Ağustos/16 (33. Hafta),294,Bilanço Dışı İşlemler,3,a) Türev Finansal Araçlar,TOPLAM,"13.565.314,09",13565314.09,TL,BDDK Haftalık Bülten
2024-08-16,2024-08-16,2024-08-16,False,2024,8,16,555,Ağustos/16 (33. Hafta),294,Bilanço Dışı İşlemler,3,a) Türev Finansal Araçlar,TP,"2.904.564,62",2904564.62,TL,BDDK Haftalık Bülten
2024-08-16,2024-08-16,2024-08-16,False,2024,8,16,555,Ağustos/16 (33. Hafta),294,Bilanço Dışı İşlemler,3,a) Türev Finansal Araçlar,YP,"10.660.749,47",10660749.47,TL,BDDK Haftalık Bülten
2024-08-16,2024-08-16,2024-08-16,False,2024,8,16,555,Ağustos/16 (33. Hafta),294,Bilanço Dışı İşlemler,4,b) Diğer,TOPLAM,"9.474.303,74",9474303.74,TL,BDDK Haftalık Bülten
2024-08-16,2024-08-16,2024-08-16,False,2024,8,16,555,Ağustos/16 (33. Hafta),294,Bilanço Dışı İşlemler,4,b) Diğer,TP,"8.105.921,10",8105921.1,TL,BDDK Haftalık Bülten
2024-08-16,2024-08-16,2024-08-16,False,2024,8,16,555,Ağustos/16 (33. Hafta),294,Bilanço Dışı İşlemler,4,b) Diğer,YP,"1.368.382,64",1368382.64,TL,BDDK Haftalık Bülten
2024-08-23,2024-08-23,2024-08-23,False,2024,8,23,556,Ağustos/23 (34. Hafta),294,Bilanço Dışı İşlemler,1,Gayrinakdi Kredi ve Yükümlülükler,TOPLAM,"5.532.269,69",5532269.69,TL,BDDK Haftalık Bülten
2024-08-23,2024-08-23,2024-08-23,False,2024,8,23,556,Ağustos/23 (34. Hafta),294,Bilanço Dışı İşlemler,1,Gayrinakdi Kredi ve Yükümlülükler,TP,"2.902.700,47",2902700.47,TL,BDDK Haftalık Bülten
2024-08-23,2024-08-23,2024-08-23,False,2024,8,23,556,Ağustos/23 (34. Hafta),294,Bilanço Dışı İşlemler,1,Gayrinakdi Kredi ve Yükümlülükler,YP,"2.629.569,22",2629569.22,TL,BDDK Haftalık Bülten
2024-08-23,2024-08-23,2024-08-23,False,2024,8,23,556,Ağustos/23 (34. Hafta),294,Bilanço Dışı İşlemler,2,Taahhütler (3+4),TOPLAM,"23.396.307,76",23396307.76,TL,BDDK Haftalık Bülten
2024-08-23,2024-08-23,2024-08-23,False,2024,8,23,556,Ağustos/23 (34. Hafta),294,Bilanço Dışı İşlemler,2,Taahhütler (3+4),TP,"11.099.397,78",11099397.78,TL,BDDK Haftalık Bülten
2024-08-23,2024-08-23,2024-08-23,False,2024,8,23,556,Ağustos/23 (34. Hafta),294,Bilanço Dışı İşlemler,2,Taahhütler (3+4),YP,"12.296.909,98",12296909.98,TL,BDDK Haftalık Bülten
2024-08-23,2024-08-23,2024-08-23,False,2024,8,23,556,Ağustos/23 (34. Hafta),294,Bilanço Dışı İşlemler,3,a) Türev Finansal Araçlar,TOPLAM,"13.601.231,05",13601231.05,TL,BDDK Haftalık Bülten
2024-08-23,2024-08-23,2024-08-23,False,2024,8,23,556,Ağustos/23 (34. Hafta),294,Bilanço Dışı İşlemler,3,a) Türev Finansal Araçlar,TP,"2.788.862,46",2788862.46,TL,BDDK Haftalık Bülten
2024-08-23,2024-08-23,2024-08-23,False,2024,8,23,556,Ağustos/23 (34. Hafta),294,Bilanço Dışı İşlemler,3,a) Türev Finansal Araçlar,YP,"10.812.368,59",10812368.59,TL,BDDK Haftalık Bülten
2024-08-23,2024-08-23,2024-08-23,False,2024,8,23,556,Ağustos/23 (34. Hafta),294,Bilanço Dışı İşlemler,4,b) Diğer,TOPLAM,"9.795.076,71",9795076.71,TL,BDDK Haftalık Bülten
2024-08-23,2024-08-23,2024-08-23,False,2024,8,23,556,Ağustos/23 (34. Hafta),294,Bilanço Dışı İşlemler,4,b) Diğer,TP,"8.310.535,32",8310535.32,TL,BDDK Haftalık Bülten
2024-08-23,2024-08-23,2024-08-23,False,2024,8,23,556,Ağustos/23 (34. Hafta),294,Bilanço Dışı İşlemler,4,b) Diğer,YP,"1.484.541,39",1484541.39,TL,BDDK Haftalık Bülten
2024-08-29,2024-08-29,2024-08-29,False,2024,8,29,557,Ağustos/29 (35. Hafta),294,Bilanço Dışı İşlemler,1,Gayrinakdi Kredi ve Yükümlülükler,TOPLAM,"5.548.242,65",5548242.65,TL,BDDK Haftalık Bülten
2024-08-29,2024-08-29,2024-08-29,False,2024,8,29,557,Ağustos/29 (35. Hafta),294,Bilanço Dışı İşlemler,1,Gayrinakdi Kredi ve Yükümlülükler,TP,"2.921.173,30",2921173.3,TL,BDDK Haftalık Bülten
2024-08-29,2024-08-29,2024-08-29,False,2024,8,29,557,Ağustos/29 (35. Hafta),294,Bilanço Dışı İşlemler,1,Gayrinakdi Kredi ve Yükümlülükler,YP,"2.627.069,35",2627069.35,TL,BDDK Haftalık Bülten
2024-08-29,2024-08-29,2024-08-29,False,2024,8,29,557,Ağustos/29 (35. Hafta),294,Bilanço Dışı İşlemler,2,Taahhütler (3+4),TOPLAM,"24.305.049,99",24305049.99,TL,BDDK Haftalık Bülten
2024-08-29,2024-08-29,2024-08-29,False,2024,8,29,557,Ağustos/29 (35. Hafta),294,Bilanço Dışı İşlemler,2,Taahhütler (3+4),TP,"11.506.616,97",11506616.97,TL,BDDK Haftalık Bülten
2024-08-29,2024-08-29,2024-08-29,False,2024,8,29,557,Ağustos/29 (35. Hafta),294,Bilanço Dışı İşlemler,2,Taahhütler (3+4),YP,"12.798.433,02",12798433.02,TL,BDDK Haftalık Bülten
2024-08-29,2024-08-29,2024-08-29,False,2024,8,29,557,Ağustos/29 (35. Hafta),294,Bilanço Dışı İşlemler,3,a) Türev Finansal Araçlar,TOPLAM,"13.589.378,70",13589378.7,TL,BDDK Haftalık Bülten
2024-08-29,2024-08-29,2024-08-29,False,2024,8,29,557,Ağustos/29 (35. Hafta),294,Bilanço Dışı İşlemler,3,a) Türev Finansal Araçlar,TP,"2.749.374,71",2749374.71,TL,BDDK Haftalık Bülten
2024-08-29,2024-08-29,2024-08-29,False,2024,8,29,557,Ağustos/29 (35. Hafta),294,Bilanço Dışı İşlemler,3,a) Türev Finansal Araçlar,YP,"10.840.003,99",10840003.99,TL,BDDK Haftalık Bülten
2024-08-29,2024-08-29,2024-08-29,False,2024,8,29,557,Ağustos/29 (35. Hafta),294,Bilanço Dışı İşlemler,4,b) Diğer,TOPLAM,"10.715.671,29",10715671.29,TL,BDDK Haftalık Bülten
2024-08-29,2024-08-29,2024-08-29,False,2024,8,29,557,Ağustos/29 (35. Hafta),294,Bilanço Dışı İşlemler,4,b) Diğer,TP,"8.757.242,27",8757242.27,TL,BDDK Haftalık Bülten
2024-08-29,2024-08-29,2024-08-29,False,2024,8,29,557,Ağustos/29 (35. Hafta),294,Bilanço Dışı İşlemler,4,b) Diğer,YP,"1.958.429,03",1958429.03,TL,BDDK Haftalık Bülten
2024-09-06,2024-09-06,2024-09-06,False,2024,9,6,558,Eylül/06 (36. Hafta),294,Bilanço Dışı İşlemler,1,Gayrinakdi Kredi ve Yükümlülükler,TOPLAM,"5.573.657,24",5573657.24,TL,BDDK Haftalık Bülten
2024-09-06,2024-09-06,2024-09-06,False,2024,9,6,558,Eylül/06 (36. Hafta),294,Bilanço Dışı İşlemler,1,Gayrinakdi Kredi ve Yükümlülükler,TP,"2.965.092,16",2965092.16,TL,BDDK Haftalık Bülten
2024-09-06,2024-09-06,2024-09-06,False,2024,9,6,558,Eylül/06 (36. Hafta),294,Bilanço Dışı İşlemler,1,Gayrinakdi Kredi ve Yükümlülükler,YP,"2.608.565,08",2608565.08,TL,BDDK Haftalık Bülten
2024-09-06,2024-09-06,2024-09-06,False,2024,9,6,558,Eylül/06 (36. Hafta),294,Bilanço Dışı İşlemler,2,Taahhütler (3+4),TOPLAM,"23.468.022,26",23468022.26,TL,BDDK Haftalık Bülten
2024-09-06,2024-09-06,2024-09-06,False,2024,9,6,558,Eylül/06 (36. Hafta),294,Bilanço Dışı İşlemler,2,Taahhütler (3+4),TP,"11.281.441,39",11281441.39,TL,BDDK Haftalık Bülten
2024-09-06,2024-09-06,2024-09-06,False,2024,9,6,558,Eylül/06 (36. Hafta),294,Bilanço Dışı İşlemler,2,Taahhütler (3+4),YP,"12.186.580,87",12186580.87,TL,BDDK Haftalık Bülten
2024-09-06,2024-09-06,2024-09-06,False,2024,9,6,558,Eylül/06 (36. Hafta),294,Bilanço Dışı İşlemler,3,a) Türev Finansal Araçlar,TOPLAM,"13.438.171,68",13438171.68,TL,BDDK Haftalık Bülten
2024-09-06,2024-09-06,2024-09-06,False,2024,9,6,558,Eylül/06 (36. Hafta),294,Bilanço Dışı İşlemler,3,a) Türev Finansal Araçlar,TP,"2.835.310,72",2835310.72,TL,BDDK Haftalık Bülten
2024-09-06,2024-09-06,2024-09-06,False,2024,9,6,558,Eylül/06 (36. Hafta),294,Bilanço Dışı İşlemler,3,a) Türev Finansal Araçlar,YP,"10.602.860,96",10602860.96,TL,BDDK Haftalık Bülten
2024-09-06,2024-09-06,2024-09-06,False,2024,9,6,558,Eylül/06 (36. Hafta),294,Bilanço Dışı İşlemler,4,b) Diğer,TOPLAM,"10.029.850,58",10029850.58,TL,BDDK Haftalık Bülten
2024-09-06,2024-09-06,2024-09-06,False,2024,9,6,558,Eylül/06 (36. Hafta),294,Bilanço Dışı İşlemler,4,b) Diğer,TP,"8.446.130,67",8446130.67,TL,BDDK Haftalık Bülten
2024-09-06,2024-09-06,2024-09-06,False,2024,9,6,558,Eylül/06 (36. Hafta),294,Bilanço Dışı İşlemler,4,b) Diğer,YP,"1.583.719,91",1583719.91,TL,BDDK Haftalık Bülten
2024-09-13,2024-09-13,2024-09-13,False,2024,9,13,559,Eylül/13 (37. Hafta),294,Bilanço Dışı İşlemler,1,Gayrinakdi Kredi ve Yükümlülükler,TOPLAM,"5.583.395,98",5583395.98,TL,BDDK Haftalık Bülten
2024-09-13,2024-09-13,2024-09-13,False,2024,9,13,559,Eylül/13 (37. Hafta),294,Bilanço Dışı İşlemler,1,Gayrinakdi Kredi ve Yükümlülükler,TP,"2.974.945,16",2974945.16,TL,BDDK Haftalık Bülten
2024-09-13,2024-09-13,2024-09-13,False,2024,9,13,559,Eylül/13 (37. Hafta),294,Bilanço Dışı İşlemler,1,Gayrinakdi Kredi ve Yükümlülükler,YP,"2.608.450,82",2608450.82,TL,BDDK Haftalık Bülten
2024-09-13,2024-09-13,2024-09-13,False,2024,9,13,559,Eylül/13 (37. Hafta),294,Bilanço Dışı İşlemler,2,Taahhütler (3+4),TOPLAM,"23.376.818,14",23376818.14,TL,BDDK Haftalık Bülten
2024-09-13,2024-09-13,2024-09-13,False,2024,9,13,559,Eylül/13 (37. Hafta),294,Bilanço Dışı İşlemler,2,Taahhütler (3+4),TP,"11.337.586,69",11337586.69,TL,BDDK Haftalık Bülten
2024-09-13,2024-09-13,2024-09-13,False,2024,9,13,559,Eylül/13 (37. Hafta),294,Bilanço Dışı İşlemler,2,Taahhütler (3+4),YP,"12.039.231,45",12039231.45,TL,BDDK Haftalık Bülten
2024-09-13,2024-09-13,2024-09-13,False,2024,9,13,559,Eylül/13 (37. Hafta),294,Bilanço Dışı İşlemler,3,a) Türev Finansal Araçlar,TOPLAM,"13.602.451,02",13602451.02,TL,BDDK Haftalık Bülten
2024-09-13,2024-09-13,2024-09-13,False,2024,9,13,559,Eylül/13 (37. Hafta),294,Bilanço Dışı İşlemler,3,a) Türev Finansal Araçlar,TP,"2.932.225,63",2932225.63,TL,BDDK Haftalık Bülten
2024-09-13,2024-09-13,2024-09-13,False,2024,9,13,559,Eylül/13 (37. Hafta),294,Bilanço Dışı İşlemler,3,a) Türev Finansal Araçlar,YP,"10.670.225,39",10670225.39,TL,BDDK Haftalık Bülten
2024-09-13,2024-09-13,2024-09-13,False,2024,9,13,559,Eylül/13 (37. Hafta),294,Bilanço Dışı İşlemler,4,b) Diğer,TOPLAM,"9.774.367,12",9774367.12,TL,BDDK Haftalık Bülten
2024-09-13,2024-09-13,2024-09-13,False,2024,9,13,559,Eylül/13 (37. Hafta),294,Bilanço Dışı İşlemler,4,b) Diğer,TP,"8.405.361,06",8405361.06,TL,BDDK Haftalık Bülten
2024-09-13,2024-09-13,2024-09-13,False,2024,9,13,559,Eylül/13 (37. Hafta),294,Bilanço Dışı İşlemler,4,b) Diğer,YP,"1.369.006,06",1369006.06,TL,BDDK Haftalık Bülten
2024-09-20,2024-09-20,2024-09-20,False,2024,9,20,560,Eylül/20 (38. Hafta),294,Bilanço Dışı İşlemler,1,Gayrinakdi Kredi ve Yükümlülükler,TOPLAM,"5.629.448,58",5629448.58,TL,BDDK Haftalık Bülten
2024-09-20,2024-09-20,2024-09-20,False,2024,9,20,560,Eylül/20 (38. Hafta),294,Bilanço Dışı İşlemler,1,Gayrinakdi Kredi ve Yükümlülükler,TP,"2.999.306,64",2999306.64,TL,BDDK Haftalık Bülten
2024-09-20,2024-09-20,2024-09-20,False,2024,9,20,560,Eylül/20 (38. Hafta),294,Bilanço Dışı İşlemler,1,Gayrinakdi Kredi ve Yükümlülükler,YP,"2.630.141,94",2630141.94,TL,BDDK Haftalık Bülten
2024-09-20,2024-09-20,2024-09-20,False,2024,9,20,560,Eylül/20 (38. Hafta),294,Bilanço Dışı İşlemler,2,Taahhütler (3+4),TOPLAM,"23.658.604,65",23658604.65,TL,BDDK Haftalık Bülten
2024-09-20,2024-09-20,2024-09-20,False,2024,9,20,560,Eylül/20 (38. Hafta),294,Bilanço Dışı İşlemler,2,Taahhütler (3+4),TP,"11.470.637,20",11470637.2,TL,BDDK Haftalık Bülten
2024-09-20,2024-09-20,2024-09-20,False,2024,9,20,560,Eylül/20 (38. Hafta),294,Bilanço Dışı İşlemler,2,Taahhütler (3+4),YP,"12.187.967,44",12187967.44,TL,BDDK Haftalık Bülten
2024-09-20,2024-09-20,2024-09-20,False,2024,9,20,560,Eylül/20 (38. Hafta),294,Bilanço Dışı İşlemler,3,a) Türev Finansal Araçlar,TOPLAM,"13.725.799,57",13725799.57,TL,BDDK Haftalık Bülten
2024-09-20,2024-09-20,2024-09-20,False,2024,9,20,560,Eylül/20 (38. Hafta),294,Bilanço Dışı İşlemler,3,a) Türev Finansal Araçlar,TP,"2.909.256,89",2909256.89,TL,BDDK Haftalık Bülten
2024-09-20,2024-09-20,2024-09-20,False,2024,9,20,560,Eylül/20 (38. Hafta),294,Bilanço Dışı İşlemler,3,a) Türev Finansal Araçlar,YP,"10.816.542,67",10816542.67,TL,BDDK Haftalık Bülten
2024-09-20,2024-09-20,2024-09-20,False,2024,9,20,560,Eylül/20 (38. Hafta),294,Bilanço Dışı İşlemler,4,b) Diğer,TOPLAM,"9.932.805,08",9932805.08,TL,BDDK Haftalık Bülten
2024-09-20,2024-09-20,2024-09-20,False,2024,9,20,560,Eylül/20 (38. Hafta),294,Bilanço Dışı İşlemler,4,b) Diğer,TP,"8.561.380,31",8561380.31,TL,BDDK Haftalık Bülten
2024-09-20,2024-09-20,2024-09-20,False,2024,9,20,560,Eylül/20 (38. Hafta),294,Bilanço Dışı İşlemler,4,b) Diğer,YP,"1.371.424,77",1371424.77,TL,BDDK Haftalık Bülten
2024-09-27,2024-09-27,2024-09-27,False,2024,9,27,561,Eylül/27 (39. Hafta),294,Bilanço Dışı İşlemler,1,Gayrinakdi Kredi ve Yükümlülükler,TOPLAM,"5.669.694,84",5669694.84,TL,BDDK Haftalık Bülten
2024-09-27,2024-09-27,2024-09-27,False,2024,9,27,561,Eylül/27 (39. Hafta),294,Bilanço Dışı İşlemler,1,Gayrinakdi Kredi ve Yükümlülükler,TP,"3.021.721,40",3021721.4,TL,BDDK Haftalık Bülten
2024-09-27,2024-09-27,2024-09-27,False,2024,9,27,561,Eylül/27 (39. Hafta),294,Bilanço Dışı İşlemler,1,Gayrinakdi Kredi ve Yükümlülükler,YP,"2.647.973,43",2647973.43,TL,BDDK Haftalık Bülten
2024-09-27,2024-09-27,2024-09-27,False,2024,9,27,561,Eylül/27 (39. Hafta),294,Bilanço Dışı İşlemler,2,Taahhütler (3+4),TOPLAM,"24.629.617,22",24629617.22,TL,BDDK Haftalık Bülten
2024-09-27,2024-09-27,2024-09-27,False,2024,9,27,561,Eylül/27 (39. Hafta),294,Bilanço Dışı İşlemler,2,Taahhütler (3+4),TP,"11.867.364,74",11867364.74,TL,BDDK Haftalık Bülten
2024-09-27,2024-09-27,2024-09-27,False,2024,9,27,561,Eylül/27 (39. Hafta),294,Bilanço Dışı İşlemler,2,Taahhütler (3+4),YP,"12.762.252,48",12762252.48,TL,BDDK Haftalık Bülten
2024-09-27,2024-09-27,2024-09-27,False,2024,9,27,561,Eylül/27 (39. Hafta),294,Bilanço Dışı İşlemler,3,a) Türev Finansal Araçlar,TOPLAM,"13.841.699,42",13841699.42,TL,BDDK Haftalık Bülten
2024-09-27,2024-09-27,2024-09-27,False,2024,9,27,561,Eylül/27 (39. Hafta),294,Bilanço Dışı İşlemler,3,a) Türev Finansal Araçlar,TP,"2.974.607,31",2974607.31,TL,BDDK Haftalık Bülten
2024-09-27,2024-09-27,2024-09-27,False,2024,9,27,561,Eylül/27 (39. Hafta),294,Bilanço Dışı İşlemler,3,a) Türev Finansal Araçlar,YP,"10.867.092,12",10867092.12,TL,BDDK Haftalık Bülten
2024-09-27,2024-09-27,2024-09-27,False,2024,9,27,561,Eylül/27 (39. Hafta),294,Bilanço Dışı İşlemler,4,b) Diğer,TOPLAM,"10.787.917,80",10787917.8,TL,BDDK Haftalık Bülten
2024-09-27,2024-09-27,2024-09-27,False,2024,9,27,561,Eylül/27 (39. Hafta),294,Bilanço Dışı İşlemler,4,b) Diğer,TP,"8.892.757,43",8892757.43,TL,BDDK Haftalık Bülten
2024-09-27,2024-09-27,2024-09-27,False,2024,9,27,561,Eylül/27 (39. Hafta),294,Bilanço Dışı İşlemler,4,b) Diğer,YP,"1.895.160,36",1895160.36,TL,BDDK Haftalık Bülten
2024-10-04,2024-10-04,2024-10-04,False,2024,10,4,562,Ekim/04 (40. Hafta),294,Bilanço Dışı İşlemler,1,Gayrinakdi Kredi ve Yükümlülükler,TOPLAM,"5.642.491,00",5642491.0,TL,BDDK Haftalık Bülten
2024-10-04,2024-10-04,2024-10-04,False,2024,10,4,562,Ekim/04 (40. Hafta),294,Bilanço Dışı İşlemler,1,Gayrinakdi Kredi ve Yükümlülükler,TP,"3.008.883,52",3008883.52,TL,BDDK Haftalık Bülten
2024-10-04,2024-10-04,2024-10-04,False,2024,10,4,562,Ekim/04 (40. Hafta),294,Bilanço Dışı İşlemler,1,Gayrinakdi Kredi ve Yükümlülükler,YP,"2.633.607,48",2633607.48,TL,BDDK Haftalık Bülten
2024-10-04,2024-10-04,2024-10-04,False,2024,10,4,562,Ekim/04 (40. Hafta),294,Bilanço Dışı İşlemler,2,Taahhütler (3+4),TOPLAM,"24.040.124,61",24040124.61,TL,BDDK Haftalık Bülten
2024-10-04,2024-10-04,2024-10-04,False,2024,10,4,562,Ekim/04 (40. Hafta),294,Bilanço Dışı İşlemler,2,Taahhütler (3+4),TP,"11.686.140,65",11686140.65,TL,BDDK Haftalık Bülten
2024-10-04,2024-10-04,2024-10-04,False,2024,10,4,562,Ekim/04 (40. Hafta),294,Bilanço Dışı İşlemler,2,Taahhütler (3+4),YP,"12.353.983,96",12353983.96,TL,BDDK Haftalık Bülten
2024-10-04,2024-10-04,2024-10-04,False,2024,10,4,562,Ekim/04 (40. Hafta),294,Bilanço Dışı İşlemler,3,a) Türev Finansal Araçlar,TOPLAM,"13.851.864,78",13851864.78,TL,BDDK Haftalık Bülten
2024-10-04,2024-10-04,2024-10-04,False,2024,10,4,562,Ekim/04 (40. Hafta),294,Bilanço Dışı İşlemler,3,a) Türev Finansal Araçlar,TP,"2.984.475,06",2984475.06,TL,BDDK Haftalık Bülten
2024-10-04,2024-10-04,2024-10-04,False,2024,10,4,562,Ekim/04 (40. Hafta),294,Bilanço Dışı İşlemler,3,a) Türev Finansal Araçlar,YP,"10.867.389,71",10867389.71,TL,BDDK Haftalık Bülten
2024-10-04,2024-10-04,2024-10-04,False,2024,10,4,562,Ekim/04 (40. Hafta),294,Bilanço Dışı İşlemler,4,b) Diğer,TOPLAM,"10.188.259,84",10188259.84,TL,BDDK Haftalık Bülten
2024-10-04,2024-10-04,2024-10-04,False,2024,10,4,562,Ekim/04 (40. Hafta),294,Bilanço Dışı İşlemler,4,b) Diğer,TP,"8.701.665,59",8701665.59,TL,BDDK Haftalık Bülten
2024-10-04,2024-10-04,2024-10-04,False,2024,10,4,562,Ekim/04 (40. Hafta),294,Bilanço Dışı İşlemler,4,b) Diğer,YP,"1.486.594,25",1486594.25,TL,BDDK Haftalık Bülten
2024-10-11,2024-10-11,2024-10-11,False,2024,10,11,563,Ekim/11 (41. Hafta),294,Bilanço Dışı İşlemler,1,Gayrinakdi Kredi ve Yükümlülükler,TOPLAM,"5.685.492,40",5685492.4,TL,BDDK Haftalık Bülten
2024-10-11,2024-10-11,2024-10-11,False,2024,10,11,563,Ekim/11 (41. Hafta),294,Bilanço Dışı İşlemler,1,Gayrinakdi Kredi ve Yükümlülükler,TP,"3.030.482,97",3030482.97,TL,BDDK Haftalık Bülten
2024-10-11,2024-10-11,2024-10-11,False,2024,10,11,563,Ekim/11 (41. Hafta),294,Bilanço Dışı İşlemler,1,Gayrinakdi Kredi ve Yükümlülükler,YP,"2.655.009,44",2655009.44,TL,BDDK Haftalık Bülten
2024-10-11,2024-10-11,2024-10-11,False,2024,10,11,563,Ekim/11 (41. Hafta),294,Bilanço Dışı İşlemler,2,Taahhütler (3+4),TOPLAM,"23.750.720,60",23750720.6,TL,BDDK Haftalık Bülten
2024-10-11,2024-10-11,2024-10-11,False,2024,10,11,563,Ekim/11 (41. Hafta),294,Bilanço Dışı İşlemler,2,Taahhütler (3+4),TP,"11.726.911,90",11726911.9,TL,BDDK Haftalık Bülten
2024-10-11,2024-10-11,2024-10-11,False,2024,10,11,563,Ekim/11 (41. Hafta),294,Bilanço Dışı İşlemler,2,Taahhütler (3+4),YP,"12.023.808,70",12023808.7,TL,BDDK Haftalık Bülten
2024-10-11,2024-10-11,2024-10-11,False,2024,10,11,563,Ekim/11 (41. Hafta),294,Bilanço Dışı İşlemler,3,a) Türev Finansal Araçlar,TOPLAM,"13.664.012,17",13664012.17,TL,BDDK Haftalık Bülten
2024-10-11,2024-10-11,2024-10-11,False,2024,10,11,563,Ekim/11 (41. Hafta),294,Bilanço Dışı İşlemler,3,a) Türev Finansal Araçlar,TP,"3.025.771,54",3025771.54,TL,BDDK Haftalık Bülten
2024-10-11,2024-10-11,2024-10-11,False,2024,10,11,563,Ekim/11 (41. Hafta),294,Bilanço Dışı İşlemler,3,a) Türev Finansal Araçlar,YP,"10.638.240,63",10638240.63,TL,BDDK Haftalık Bülten
2024-10-11,2024-10-11,2024-10-11,False,2024,10,11,563,Ekim/11 (41. Hafta),294,Bilanço Dışı İşlemler,4,b) Diğer,TOPLAM,"10.086.708,43",10086708.43,TL,BDDK Haftalık Bülten
2024-10-11,2024-10-11,2024-10-11,False,2024,10,11,563,Ekim/11 (41. Hafta),294,Bilanço Dışı İşlemler,4,b) Diğer,TP,"8.701.140,37",8701140.37,TL,BDDK Haftalık Bülten
2024-10-11,2024-10-11,2024-10-11,False,2024,10,11,563,Ekim/11 (41. Hafta),294,Bilanço Dışı İşlemler,4,b) Diğer,YP,"1.385.568,07",1385568.07,TL,BDDK Haftalık Bülten
2024-10-18,2024-10-18,2024-10-18,False,2024,10,18,564,Ekim/18 (42. Hafta),294,Bilanço Dışı İşlemler,1,Gayrinakdi Kredi ve Yükümlülükler,TOPLAM,"5.722.763,41",5722763.41,TL,BDDK Haftalık Bülten
2024-10-18,2024-10-18,2024-10-18,False,2024,10,18,564,Ekim/18 (42. Hafta),294,Bilanço Dışı İşlemler,1,Gayrinakdi Kredi ve Yükümlülükler,TP,"3.061.327,29",3061327.29,TL,BDDK Haftalık Bülten
2024-10-18,2024-10-18,2024-10-18,False,2024,10,18,564,Ekim/18 (42. Hafta),294,Bilanço Dışı İşlemler,1,Gayrinakdi Kredi ve Yükümlülükler,YP,"2.661.436,11",2661436.11,TL,BDDK Haftalık Bülten
2024-10-18,2024-10-18,2024-10-18,False,2024,10,18,564,Ekim/18 (42. Hafta),294,Bilanço Dışı İşlemler,2,Taahhütler (3+4),TOPLAM,"23.651.513,80",23651513.8,TL,BDDK Haftalık Bülten
2024-10-18,2024-10-18,2024-10-18,False,2024,10,18,564,Ekim/18 (42. Hafta),294,Bilanço Dışı İşlemler,2,Taahhütler (3+4),TP,"11.563.664,19",11563664.19,TL,BDDK Haftalık Bülten
2024-10-18,2024-10-18,2024-10-18,False,2024,10,18,564,Ekim/18 (42. Hafta),294,Bilanço Dışı İşlemler,2,Taahhütler (3+4),YP,"12.087.849,60",12087849.6,TL,BDDK Haftalık Bülten
2024-10-18,2024-10-18,2024-10-18,False,2024,10,18,564,Ekim/18 (42. Hafta),294,Bilanço Dışı İşlemler,3,a) Türev Finansal Araçlar,TOPLAM,"13.677.514,10",13677514.1,TL,BDDK Haftalık Bülten
2024-10-18,2024-10-18,2024-10-18,False,2024,10,18,564,Ekim/18 (42. Hafta),294,Bilanço Dışı İşlemler,3,a) Türev Finansal Araçlar,TP,"3.030.808,16",3030808.16,TL,BDDK Haftalık Bülten
2024-10-18,2024-10-18,2024-10-18,False,2024,10,18,564,Ekim/18 (42. Hafta),294,Bilanço Dışı İşlemler,3,a) Türev Finansal Araçlar,YP,"10.646.705,94",10646705.94,TL,BDDK Haftalık Bülten
2024-10-18,2024-10-18,2024-10-18,False,2024,10,18,564,Ekim/18 (42. Hafta),294,Bilanço Dışı İşlemler,4,b) Diğer,TOPLAM,"9.973.999,69",9973999.69,TL,BDDK Haftalık Bülten
2024-10-18,2024-10-18,2024-10-18,False,2024,10,18,564,Ekim/18 (42. Hafta),294,Bilanço Dışı İşlemler,4,b) Diğer,TP,"8.532.856,03",8532856.03,TL,BDDK Haftalık Bülten
2024-10-18,2024-10-18,2024-10-18,False,2024,10,18,564,Ekim/18 (42. Hafta),294,Bilanço Dışı İşlemler,4,b) Diğer,YP,"1.441.143,66",1441143.66,TL,BDDK Haftalık Bülten
2024-10-25,2024-10-25,2024-10-25,False,2024,10,25,565,Ekim/25 (43. Hafta),294,Bilanço Dışı İşlemler,1,Gayrinakdi Kredi ve Yükümlülükler,TOPLAM,"5.750.152,98",5750152.98,TL,BDDK Haftalık Bülten
2024-10-25,2024-10-25,2024-10-25,False,2024,10,25,565,Ekim/25 (43. Hafta),294,Bilanço Dışı İşlemler,1,Gayrinakdi Kredi ve Yükümlülükler,TP,"3.085.032,46",3085032.46,TL,BDDK Haftalık Bülten
2024-10-25,2024-10-25,2024-10-25,False,2024,10,25,565,Ekim/25 (43. Hafta),294,Bilanço Dışı İşlemler,1,Gayrinakdi Kredi ve Yükümlülükler,YP,"2.665.120,52",2665120.52,TL,BDDK Haftalık Bülten
2024-10-25,2024-10-25,2024-10-25,False,2024,10,25,565,Ekim/25 (43. Hafta),294,Bilanço Dışı İşlemler,2,Taahhütler (3+4),TOPLAM,"24.284.946,99",24284946.99,TL,BDDK Haftalık Bülten
2024-10-25,2024-10-25,2024-10-25,False,2024,10,25,565,Ekim/25 (43. Hafta),294,Bilanço Dışı İşlemler,2,Taahhütler (3+4),TP,"11.777.723,49",11777723.49,TL,BDDK Haftalık Bülten
2024-10-25,2024-10-25,2024-10-25,False,2024,10,25,565,Ekim/25 (43. Hafta),294,Bilanço Dışı İşlemler,2,Taahhütler (3+4),YP,"12.507.223,49",12507223.49,TL,BDDK Haftalık Bülten
2024-10-25,2024-10-25,2024-10-25,False,2024,10,25,565,Ekim/25 (43. Hafta),294,Bilanço Dışı İşlemler,3,a) Türev Finansal Araçlar,TOPLAM,"14.059.886,94",14059886.94,TL,BDDK Haftalık Bülten
2024-10-25,2024-10-25,2024-10-25,False,2024,10,25,565,Ekim/25 (43. Hafta),294,Bilanço Dışı İşlemler,3,a) Türev Finansal Araçlar,TP,"3.143.578,47",3143578.47,TL,BDDK Haftalık Bülten
2024-10-25,2024-10-25,2024-10-25,False,2024,10,25,565,Ekim/25 (43. Hafta),294,Bilanço Dışı İşlemler,3,a) Türev Finansal Araçlar,YP,"10.916.308,47",10916308.47,TL,BDDK Haftalık Bülten
2024-10-25,2024-10-25,2024-10-25,False,2024,10,25,565,Ekim/25 (43. Hafta),294,Bilanço Dışı İşlemler,4,b) Diğer,TOPLAM,"10.225.060,05",10225060.05,TL,BDDK Haftalık Bülten
2024-10-25,2024-10-25,2024-10-25,False,2024,10,25,565,Ekim/25 (43. Hafta),294,Bilanço Dışı İşlemler,4,b) Diğer,TP,"8.634.145,02",8634145.02,TL,BDDK Haftalık Bülten
2024-10-25,2024-10-25,2024-10-25,False,2024,10,25,565,Ekim/25 (43. Hafta),294,Bilanço Dışı İşlemler,4,b) Diğer,YP,"1.590.915,03",1590915.03,TL,BDDK Haftalık Bülten
2024-11-01,2024-11-01,2024-11-01,False,2024,11,1,566,Kasım/01 (44. Hafta),294,Bilanço Dışı İşlemler,1,Gayrinakdi Kredi ve Yükümlülükler,TOPLAM,"5.739.582,14",5739582.14,TL,BDDK Haftalık Bülten
2024-11-01,2024-11-01,2024-11-01,False,2024,11,1,566,Kasım/01 (44. Hafta),294,Bilanço Dışı İşlemler,1,Gayrinakdi Kredi ve Yükümlülükler,TP,"3.080.860,11",3080860.11,TL,BDDK Haftalık Bülten
2024-11-01,2024-11-01,2024-11-01,False,2024,11,1,566,Kasım/01 (44. Hafta),294,Bilanço Dışı İşlemler,1,Gayrinakdi Kredi ve Yükümlülükler,YP,"2.658.722,03",2658722.03,TL,BDDK Haftalık Bülten
2024-11-01,2024-11-01,2024-11-01,False,2024,11,1,566,Kasım/01 (44. Hafta),294,Bilanço Dışı İşlemler,2,Taahhütler (3+4),TOPLAM,"25.034.075,80",25034075.8,TL,BDDK Haftalık Bülten
2024-11-01,2024-11-01,2024-11-01,False,2024,11,1,566,Kasım/01 (44. Hafta),294,Bilanço Dışı İşlemler,2,Taahhütler (3+4),TP,"12.212.690,74",12212690.74,TL,BDDK Haftalık Bülten
2024-11-01,2024-11-01,2024-11-01,False,2024,11,1,566,Kasım/01 (44. Hafta),294,Bilanço Dışı İşlemler,2,Taahhütler (3+4),YP,"12.821.385,06",12821385.06,TL,BDDK Haftalık Bülten
2024-11-01,2024-11-01,2024-11-01,False,2024,11,1,566,Kasım/01 (44. Hafta),294,Bilanço Dışı İşlemler,3,a) Türev Finansal Araçlar,TOPLAM,"14.054.601,06",14054601.06,TL,BDDK Haftalık Bülten
2024-11-01,2024-11-01,2024-11-01,False,2024,11,1,566,Kasım/01 (44. Hafta),294,Bilanço Dışı İşlemler,3,a) Türev Finansal Araçlar,TP,"3.161.958,78",3161958.78,TL,BDDK Haftalık Bülten
2024-11-01,2024-11-01,2024-11-01,False,2024,11,1,566,Kasım/01 (44. Hafta),294,Bilanço Dışı İşlemler,3,a) Türev Finansal Araçlar,YP,"10.892.642,27",10892642.27,TL,BDDK Haftalık Bülten
2024-11-01,2024-11-01,2024-11-01,False,2024,11,1,566,Kasım/01 (44. Hafta),294,Bilanço Dışı İşlemler,4,b) Diğer,TOPLAM,"10.979.474,74",10979474.74,TL,BDDK Haftalık Bülten
2024-11-01,2024-11-01,2024-11-01,False,2024,11,1,566,Kasım/01 (44. Hafta),294,Bilanço Dışı İşlemler,4,b) Diğer,TP,"9.050.731,96",9050731.96,TL,BDDK Haftalık Bülten
2024-11-01,2024-11-01,2024-11-01,False,2024,11,1,566,Kasım/01 (44. Hafta),294,Bilanço Dışı İşlemler,4,b) Diğer,YP,"1.928.742,79",1928742.79,TL,BDDK Haftalık Bülten
2024-11-08,2024-11-08,2024-11-08,False,2024,11,8,567,Kasım/08 (45. Hafta),294,Bilanço Dışı İşlemler,1,Gayrinakdi Kredi ve Yükümlülükler,TOPLAM,"5.784.046,56",5784046.56,TL,BDDK Haftalık Bülten
2024-11-08,2024-11-08,2024-11-08,False,2024,11,8,567,Kasım/08 (45. Hafta),294,Bilanço Dışı İşlemler,1,Gayrinakdi Kredi ve Yükümlülükler,TP,"3.116.412,14",3116412.14,TL,BDDK Haftalık Bülten
2024-11-08,2024-11-08,2024-11-08,False,2024,11,8,567,Kasım/08 (45. Hafta),294,Bilanço Dışı İşlemler,1,Gayrinakdi Kredi ve Yükümlülükler,YP,"2.667.634,42",2667634.42,TL,BDDK Haftalık Bülten
2024-11-08,2024-11-08,2024-11-08,False,2024,11,8,567,Kasım/08 (45. Hafta),294,Bilanço Dışı İşlemler,2,Taahhütler (3+4),TOPLAM,"24.508.618,17",24508618.17,TL,BDDK Haftalık Bülten
2024-11-08,2024-11-08,2024-11-08,False,2024,11,8,567,Kasım/08 (45. Hafta),294,Bilanço Dışı İşlemler,2,Taahhütler (3+4),TP,"12.008.964,75",12008964.75,TL,BDDK Haftalık Bülten
2024-11-08,2024-11-08,2024-11-08,False,2024,11,8,567,Kasım/08 (45. Hafta),294,Bilanço Dışı İşlemler,2,Taahhütler (3+4),YP,"12.499.653,43",12499653.43,TL,BDDK Haftalık Bülten
2024-11-08,2024-11-08,2024-11-08,False,2024,11,8,567,Kasım/08 (45. Hafta),294,Bilanço Dışı İşlemler,3,a) Türev Finansal Araçlar,TOPLAM,"14.228.776,76",14228776.76,TL,BDDK Haftalık Bülten
2024-11-08,2024-11-08,2024-11-08,False,2024,11,8,567,Kasım/08 (45. Hafta),294,Bilanço Dışı İşlemler,3,a) Türev Finansal Araçlar,TP,"3.206.908,55",3206908.55,TL,BDDK Haftalık Bülten
2024-11-08,2024-11-08,2024-11-08,False,2024,11,8,567,Kasım/08 (45. Hafta),294,Bilanço Dışı İşlemler,3,a) Türev Finansal Araçlar,YP,"11.021.868,21",11021868.21,TL,BDDK Haftalık Bülten
2024-11-08,2024-11-08,2024-11-08,False,2024,11,8,567,Kasım/08 (45. Hafta),294,Bilanço Dışı İşlemler,4,b) Diğer,TOPLAM,"10.279.841,41",10279841.41,TL,BDDK Haftalık Bülten
2024-11-08,2024-11-08,2024-11-08,False,2024,11,8,567,Kasım/08 (45. Hafta),294,Bilanço Dışı İşlemler,4,b) Diğer,TP,"8.802.056,20",8802056.2,TL,BDDK Haftalık Bülten
2024-11-08,2024-11-08,2024-11-08,False,2024,11,8,567,Kasım/08 (45. Hafta),294,Bilanço Dışı İşlemler,4,b) Diğer,YP,"1.477.785,22",1477785.22,TL,BDDK Haftalık Bülten
2024-11-15,2024-11-15,2024-11-15,False,2024,11,15,568,Kasım/15 (46. Hafta),294,Bilanço Dışı İşlemler,1,Gayrinakdi Kredi ve Yükümlülükler,TOPLAM,"5.816.405,40",5816405.4,TL,BDDK Haftalık Bülten
2024-11-15,2024-11-15,2024-11-15,False,2024,11,15,568,Kasım/15 (46. Hafta),294,Bilanço Dışı İşlemler,1,Gayrinakdi Kredi ve Yükümlülükler,TP,"3.164.910,40",3164910.4,TL,BDDK Haftalık Bülten
2024-11-15,2024-11-15,2024-11-15,False,2024,11,15,568,Kasım/15 (46. Hafta),294,Bilanço Dışı İşlemler,1,Gayrinakdi Kredi ve Yükümlülükler,YP,"2.651.495,00",2651495.0,TL,BDDK Haftalık Bülten
2024-11-15,2024-11-15,2024-11-15,False,2024,11,15,568,Kasım/15 (46. Hafta),294,Bilanço Dışı İşlemler,2,Taahhütler (3+4),TOPLAM,"24.920.607,55",24920607.55,TL,BDDK Haftalık Bülten
2024-11-15,2024-11-15,2024-11-15,False,2024,11,15,568,Kasım/15 (46. Hafta),294,Bilanço Dışı İşlemler,2,Taahhütler (3+4),TP,"12.181.910,92",12181910.92,TL,BDDK Haftalık Bülten
2024-11-15,2024-11-15,2024-11-15,False,2024,11,15,568,Kasım/15 (46. Hafta),294,Bilanço Dışı İşlemler,2,Taahhütler (3+4),YP,"12.738.696,63",12738696.63,TL,BDDK Haftalık Bülten
2024-11-15,2024-11-15,2024-11-15,False,2024,11,15,568,Kasım/15 (46. Hafta),294,Bilanço Dışı İşlemler,3,a) Türev Finansal Araçlar,TOPLAM,"14.265.319,37",14265319.37,TL,BDDK Haftalık Bülten
2024-11-15,2024-11-15,2024-11-15,False,2024,11,15,568,Kasım/15 (46. Hafta),294,Bilanço Dışı İşlemler,3,a) Türev Finansal Araçlar,TP,"3.212.238,76",3212238.76,TL,BDDK Haftalık Bülten
2024-11-15,2024-11-15,2024-11-15,False,2024,11,15,568,Kasım/15 (46. Hafta),294,Bilanço Dışı İşlemler,3,a) Türev Finansal Araçlar,YP,"11.053.080,61",11053080.61,TL,BDDK Haftalık Bülten
2024-11-15,2024-11-15,2024-11-15,False,2024,11,15,568,Kasım/15 (46. Hafta),294,Bilanço Dışı İşlemler,4,b) Diğer,TOPLAM,"10.655.288,18",10655288.18,TL,BDDK Haftalık Bülten
2024-11-15,2024-11-15,2024-11-15,False,2024,11,15,568,Kasım/15 (46. Hafta),294,Bilanço Dışı İşlemler,4,b) Diğer,TP,"8.969.672,16",8969672.16,TL,BDDK Haftalık Bülten
2024-11-15,2024-11-15,2024-11-15,False,2024,11,15,568,Kasım/15 (46. Hafta),294,Bilanço Dışı İşlemler,4,b) Diğer,YP,"1.685.616,02",1685616.02,TL,BDDK Haftalık Bülten
2024-11-22,2024-11-22,2024-11-22,False,2024,11,22,569,Kasım/22 (47. Hafta),294,Bilanço Dışı İşlemler,1,Gayrinakdi Kredi ve Yükümlülükler,TOPLAM,"5.852.115,89",5852115.89,TL,BDDK Haftalık Bülten
2024-11-22,2024-11-22,2024-11-22,False,2024,11,22,569,Kasım/22 (47. Hafta),294,Bilanço Dışı İşlemler,1,Gayrinakdi Kredi ve Yükümlülükler,TP,"3.189.301,16",3189301.16,TL,BDDK Haftalık Bülten
2024-11-22,2024-11-22,2024-11-22,False,2024,11,22,569,Kasım/22 (47. Hafta),294,Bilanço Dışı İşlemler,1,Gayrinakdi Kredi ve Yükümlülükler,YP,"2.662.814,73",2662814.73,TL,BDDK Haftalık Bülten
2024-11-22,2024-11-22,2024-11-22,False,2024,11,22,569,Kasım/22 (47. Hafta),294,Bilanço Dışı İşlemler,2,Taahhütler (3+4),TOPLAM,"24.520.238,73",24520238.73,TL,BDDK Haftalık Bülten
2024-11-22,2024-11-22,2024-11-22,False,2024,11,22,569,Kasım/22 (47. Hafta),294,Bilanço Dışı İşlemler,2,Taahhütler (3+4),TP,"12.015.430,06",12015430.06,TL,BDDK Haftalık Bülten
2024-11-22,2024-11-22,2024-11-22,False,2024,11,22,569,Kasım/22 (47. Hafta),294,Bilanço Dışı İşlemler,2,Taahhütler (3+4),YP,"12.504.808,67",12504808.67,TL,BDDK Haftalık Bülten
2024-11-22,2024-11-22,2024-11-22,False,2024,11,22,569,Kasım/22 (47. Hafta),294,Bilanço Dışı İşlemler,3,a) Türev Finansal Araçlar,TOPLAM,"13.992.342,41",13992342.41,TL,BDDK Haftalık Bülten
2024-11-22,2024-11-22,2024-11-22,False,2024,11,22,569,Kasım/22 (47. Hafta),294,Bilanço Dışı İşlemler,3,a) Türev Finansal Araçlar,TP,"3.072.974,12",3072974.12,TL,BDDK Haftalık Bülten
2024-11-22,2024-11-22,2024-11-22,False,2024,11,22,569,Kasım/22 (47. Hafta),294,Bilanço Dışı İşlemler,3,a) Türev Finansal Araçlar,YP,"10.919.368,30",10919368.3,TL,BDDK Haftalık Bülten
2024-11-22,2024-11-22,2024-11-22,False,2024,11,22,569,Kasım/22 (47. Hafta),294,Bilanço Dışı İşlemler,4,b) Diğer,TOPLAM,"10.527.896,32",10527896.32,TL,BDDK Haftalık Bülten
2024-11-22,2024-11-22,2024-11-22,False,2024,11,22,569,Kasım/22 (47. Hafta),294,Bilanço Dışı İşlemler,4,b) Diğer,TP,"8.942.455,94",8942455.94,TL,BDDK Haftalık Bülten
2024-11-22,2024-11-22,2024-11-22,False,2024,11,22,569,Kasım/22 (47. Hafta),294,Bilanço Dışı İşlemler,4,b) Diğer,YP,"1.585.440,37",1585440.37,TL,BDDK Haftalık Bülten
2024-11-29,2024-11-29,2024-11-29,False,2024,11,29,570,Kasım/29 (48. Hafta),294,Bilanço Dışı İşlemler,1,Gayrinakdi Kredi ve Yükümlülükler,TOPLAM,"5.931.520,88",5931520.88,TL,BDDK Haftalık Bülten
2024-11-29,2024-11-29,2024-11-29,False,2024,11,29,570,Kasım/29 (48. Hafta),294,Bilanço Dışı İşlemler,1,Gayrinakdi Kredi ve Yükümlülükler,TP,"3.201.014,15",3201014.15,TL,BDDK Haftalık Bülten
2024-11-29,2024-11-29,2024-11-29,False,2024,11,29,570,Kasım/29 (48. Hafta),294,Bilanço Dışı İşlemler,1,Gayrinakdi Kredi ve Yükümlülükler,YP,"2.730.506,72",2730506.72,TL,BDDK Haftalık Bülten
2024-11-29,2024-11-29,2024-11-29,False,2024,11,29,570,Kasım/29 (48. Hafta),294,Bilanço Dışı İşlemler,2,Taahhütler (3+4),TOPLAM,"24.392.727,42",24392727.42,TL,BDDK Haftalık Bülten
2024-11-29,2024-11-29,2024-11-29,False,2024,11,29,570,Kasım/29 (48. Hafta),294,Bilanço Dışı İşlemler,2,Taahhütler (3+4),TP,"11.981.383,37",11981383.37,TL,BDDK Haftalık Bülten
2024-11-29,2024-11-29,2024-11-29,False,2024,11,29,570,Kasım/29 (48. Hafta),294,Bilanço Dışı İşlemler,2,Taahhütler (3+4),YP,"12.411.344,05",12411344.05,TL,BDDK Haftalık Bülten
2024-11-29,2024-11-29,2024-11-29,False,2024,11,29,570,Kasım/29 (48. Hafta),294,Bilanço Dışı İşlemler,3,a) Türev Finansal Araçlar,TOPLAM,"13.917.828,26",13917828.26,TL,BDDK Haftalık Bülten
2024-11-29,2024-11-29,2024-11-29,False,2024,11,29,570,Kasım/29 (48. Hafta),294,Bilanço Dışı İşlemler,3,a) Türev Finansal Araçlar,TP,"3.039.115,80",3039115.8,TL,BDDK Haftalık Bülten
2024-11-29,2024-11-29,2024-11-29,False,2024,11,29,570,Kasım/29 (48. Hafta),294,Bilanço Dışı İşlemler,3,a) Türev Finansal Araçlar,YP,"10.878.712,46",10878712.46,TL,BDDK Haftalık Bülten
2024-11-29,2024-11-29,2024-11-29,False,2024,11,29,570,Kasım/29 (48. Hafta),294,Bilanço Dışı İşlemler,4,b) Diğer,TOPLAM,"10.474.899,16",10474899.16,TL,BDDK Haftalık Bülten
2024-11-29,2024-11-29,2024-11-29,False,2024,11,29,570,Kasım/29 (48. Hafta),294,Bilanço Dışı İşlemler,4,b) Diğer,TP,"8.942.267,58",8942267.58,TL,BDDK Haftalık Bülten
2024-11-29,2024-11-29,2024-11-29,False,2024,11,29,570,Kasım/29 (48. Hafta),294,Bilanço Dışı İşlemler,4,b) Diğer,YP,"1.532.631,59",1532631.59,TL,BDDK Haftalık Bülten
2024-12-06,2024-12-06,2024-12-06,False,2024,12,6,571,Aralık/06 (49. Hafta),294,Bilanço Dışı İşlemler,1,Gayrinakdi Kredi ve Yükümlülükler,TOPLAM,"5.979.633,78",5979633.78,TL,BDDK Haftalık Bülten
2024-12-06,2024-12-06,2024-12-06,False,2024,12,6,571,Aralık/06 (49. Hafta),294,Bilanço Dışı İşlemler,1,Gayrinakdi Kredi ve Yükümlülükler,TP,"3.219.813,12",3219813.12,TL,BDDK Haftalık Bülten
2024-12-06,2024-12-06,2024-12-06,False,2024,12,6,571,Aralık/06 (49. Hafta),294,Bilanço Dışı İşlemler,1,Gayrinakdi Kredi ve Yükümlülükler,YP,"2.759.820,65",2759820.65,TL,BDDK Haftalık Bülten
2024-12-06,2024-12-06,2024-12-06,False,2024,12,6,571,Aralık/06 (49. Hafta),294,Bilanço Dışı İşlemler,2,Taahhütler (3+4),TOPLAM,"25.269.228,90",25269228.9,TL,BDDK Haftalık Bülten
2024-12-06,2024-12-06,2024-12-06,False,2024,12,6,571,Aralık/06 (49. Hafta),294,Bilanço Dışı İşlemler,2,Taahhütler (3+4),TP,"12.400.315,62",12400315.62,TL,BDDK Haftalık Bülten
2024-12-06,2024-12-06,2024-12-06,False,2024,12,6,571,Aralık/06 (49. Hafta),294,Bilanço Dışı İşlemler,2,Taahhütler (3+4),YP,"12.868.913,28",12868913.28,TL,BDDK Haftalık Bülten
2024-12-06,2024-12-06,2024-12-06,False,2024,12,6,571,Aralık/06 (49. Hafta),294,Bilanço Dışı İşlemler,3,a) Türev Finansal Araçlar,TOPLAM,"14.520.445,86",14520445.86,TL,BDDK Haftalık Bülten
2024-12-06,2024-12-06,2024-12-06,False,2024,12,6,571,Aralık/06 (49. Hafta),294,Bilanço Dışı İşlemler,3,a) Türev Finansal Araçlar,TP,"3.286.856,68",3286856.68,TL,BDDK Haftalık Bülten
2024-12-06,2024-12-06,2024-12-06,False,2024,12,6,571,Aralık/06 (49. Hafta),294,Bilanço Dışı İşlemler,3,a) Türev Finansal Araçlar,YP,"11.233.589,18",11233589.18,TL,BDDK Haftalık Bülten
2024-12-06,2024-12-06,2024-12-06,False,2024,12,6,571,Aralık/06 (49. Hafta),294,Bilanço Dışı İşlemler,4,b) Diğer,TOPLAM,"10.748.783,04",10748783.04,TL,BDDK Haftalık Bülten
2024-12-06,2024-12-06,2024-12-06,False,2024,12,6,571,Aralık/06 (49. Hafta),294,Bilanço Dışı İşlemler,4,b) Diğer,TP,"9.113.458,94",9113458.94,TL,BDDK Haftalık Bülten
2024-12-06,2024-12-06,2024-12-06,False,2024,12,6,571,Aralık/06 (49. Hafta),294,Bilanço Dışı İşlemler,4,b) Diğer,YP,"1.635.324,11",1635324.11,TL,BDDK Haftalık Bülten
2024-12-13,2024-12-13,2024-12-13,False,2024,12,13,572,Aralık/13 (50. Hafta),294,Bilanço Dışı İşlemler,1,Gayrinakdi Kredi ve Yükümlülükler,TOPLAM,"6.023.175,56",6023175.56,TL,BDDK Haftalık Bülten
2024-12-13,2024-12-13,2024-12-13,False,2024,12,13,572,Aralık/13 (50. Hafta),294,Bilanço Dışı İşlemler,1,Gayrinakdi Kredi ve Yükümlülükler,TP,"3.238.567,37",3238567.37,TL,BDDK Haftalık Bülten
2024-12-13,2024-12-13,2024-12-13,False,2024,12,13,572,Aralık/13 (50. Hafta),294,Bilanço Dışı İşlemler,1,Gayrinakdi Kredi ve Yükümlülükler,YP,"2.784.608,19",2784608.19,TL,BDDK Haftalık Bülten
2024-12-13,2024-12-13,2024-12-13,False,2024,12,13,572,Aralık/13 (50. Hafta),294,Bilanço Dışı İşlemler,2,Taahhütler (3+4),TOPLAM,"26.564.568,35",26564568.35,TL,BDDK Haftalık Bülten
2024-12-13,2024-12-13,2024-12-13,False,2024,12,13,572,Aralık/13 (50. Hafta),294,Bilanço Dışı İşlemler,2,Taahhütler (3+4),TP,"12.880.448,43",12880448.43,TL,BDDK Haftalık Bülten
2024-12-13,2024-12-13,2024-12-13,False,2024,12,13,572,Aralık/13 (50. Hafta),294,Bilanço Dışı İşlemler,2,Taahhütler (3+4),YP,"13.684.119,92",13684119.92,TL,BDDK Haftalık Bülten
2024-12-13,2024-12-13,2024-12-13,False,2024,12,13,572,Aralık/13 (50. Hafta),294,Bilanço Dışı İşlemler,3,a) Türev Finansal Araçlar,TOPLAM,"15.006.382,51",15006382.51,TL,BDDK Haftalık Bülten
2024-12-13,2024-12-13,2024-12-13,False,2024,12,13,572,Aralık/13 (50. Hafta),294,Bilanço Dışı İşlemler,3,a) Türev Finansal Araçlar,TP,"3.383.078,05",3383078.05,TL,BDDK Haftalık Bülten
2024-12-13,2024-12-13,2024-12-13,False,2024,12,13,572,Aralık/13 (50. Hafta),294,Bilanço Dışı İşlemler,3,a) Türev Finansal Araçlar,YP,"11.623.304,46",11623304.46,TL,BDDK Haftalık Bülten
2024-12-13,2024-12-13,2024-12-13,False,2024,12,13,572,Aralık/13 (50. Hafta),294,Bilanço Dışı İşlemler,4,b) Diğer,TOPLAM,"11.558.185,84",11558185.84,TL,BDDK Haftalık Bülten
2024-12-13,2024-12-13,2024-12-13,False,2024,12,13,572,Aralık/13 (50. Hafta),294,Bilanço Dışı İşlemler,4,b) Diğer,TP,"9.497.370,38",9497370.38,TL,BDDK Haftalık Bülten
2024-12-13,2024-12-13,2024-12-13,False,2024,12,13,572,Aralık/13 (50. Hafta),294,Bilanço Dışı İşlemler,4,b) Diğer,YP,"2.060.815,46",2060815.46,TL,BDDK Haftalık Bülten
2024-12-20,2024-12-20,2024-12-20,False,2024,12,20,573,Aralık/20 (51. Hafta),294,Bilanço Dışı İşlemler,1,Gayrinakdi Kredi ve Yükümlülükler,TOPLAM,"6.084.299,37",6084299.37,TL,BDDK Haftalık Bülten
2024-12-20,2024-12-20,2024-12-20,False,2024,12,20,573,Aralık/20 (51. Hafta),294,Bilanço Dışı İşlemler,1,Gayrinakdi Kredi ve Yükümlülükler,TP,"3.277.652,61",3277652.61,TL,BDDK Haftalık Bülten
2024-12-20,2024-12-20,2024-12-20,False,2024,12,20,573,Aralık/20 (51. Hafta),294,Bilanço Dışı İşlemler,1,Gayrinakdi Kredi ve Yükümlülükler,YP,"2.806.646,76",2806646.76,TL,BDDK Haftalık Bülten
2024-12-20,2024-12-20,2024-12-20,False,2024,12,20,573,Aralık/20 (51. Hafta),294,Bilanço Dışı İşlemler,2,Taahhütler (3+4),TOPLAM,"26.919.720,59",26919720.59,TL,BDDK Haftalık Bülten
2024-12-20,2024-12-20,2024-12-20,False,2024,12,20,573,Aralık/20 (51. Hafta),294,Bilanço Dışı İşlemler,2,Taahhütler (3+4),TP,"13.031.664,18",13031664.18,TL,BDDK Haftalık Bülten
2024-12-20,2024-12-20,2024-12-20,False,2024,12,20,573,Aralık/20 (51. Hafta),294,Bilanço Dışı İşlemler,2,Taahhütler (3+4),YP,"13.888.056,42",13888056.42,TL,BDDK Haftalık Bülten
2024-12-20,2024-12-20,2024-12-20,False,2024,12,20,573,Aralık/20 (51. Hafta),294,Bilanço Dışı İşlemler,3,a) Türev Finansal Araçlar,TOPLAM,"15.212.509,73",15212509.73,TL,BDDK Haftalık Bülten
2024-12-20,2024-12-20,2024-12-20,False,2024,12,20,573,Aralık/20 (51. Hafta),294,Bilanço Dışı İşlemler,3,a) Türev Finansal Araçlar,TP,"3.335.914,54",3335914.54,TL,BDDK Haftalık Bülten
2024-12-20,2024-12-20,2024-12-20,False,2024,12,20,573,Aralık/20 (51. Hafta),294,Bilanço Dışı İşlemler,3,a) Türev Finansal Araçlar,YP,"11.876.595,19",11876595.19,TL,BDDK Haftalık Bülten
2024-12-20,2024-12-20,2024-12-20,False,2024,12,20,573,Aralık/20 (51. Hafta),294,Bilanço Dışı İşlemler,4,b) Diğer,TOPLAM,"11.707.210,87",11707210.87,TL,BDDK Haftalık Bülten
2024-12-20,2024-12-20,2024-12-20,False,2024,12,20,573,Aralık/20 (51. Hafta),294,Bilanço Dışı İşlemler,4,b) Diğer,TP,"9.695.749,64",9695749.64,TL,BDDK Haftalık Bülten
2024-12-20,2024-12-20,2024-12-20,False,2024,12,20,573,Aralık/20 (51. Hafta),294,Bilanço Dışı İşlemler,4,b) Diğer,YP,"2.011.461,23",2011461.23,TL,BDDK Haftalık Bülten
2024-12-27,2024-12-27,2024-12-27,False,2024,12,27,574,Aralık/27 (52. Hafta),294,Bilanço Dışı İşlemler,1,Gayrinakdi Kredi ve Yükümlülükler,TOPLAM,"6.109.657,36",6109657.36,TL,BDDK Haftalık Bülten
2024-12-27,2024-12-27,2024-12-27,False,2024,12,27,574,Aralık/27 (52. Hafta),294,Bilanço Dışı İşlemler,1,Gayrinakdi Kredi ve Yükümlülükler,TP,"3.284.615,30",3284615.3,TL,BDDK Haftalık Bülten
2024-12-27,2024-12-27,2024-12-27,False,2024,12,27,574,Aralık/27 (52. Hafta),294,Bilanço Dışı İşlemler,1,Gayrinakdi Kredi ve Yükümlülükler,YP,"2.825.042,06",2825042.06,TL,BDDK Haftalık Bülten
2024-12-27,2024-12-27,2024-12-27,False,2024,12,27,574,Aralık/27 (52. Hafta),294,Bilanço Dışı İşlemler,2,Taahhütler (3+4),TOPLAM,"25.976.793,70",25976793.7,TL,BDDK Haftalık Bülten
2024-12-27,2024-12-27,2024-12-27,False,2024,12,27,574,Aralık/27 (52. Hafta),294,Bilanço Dışı İşlemler,2,Taahhütler (3+4),TP,"12.612.242,18",12612242.18,TL,BDDK Haftalık Bülten
2024-12-27,2024-12-27,2024-12-27,False,2024,12,27,574,Aralık/27 (52. Hafta),294,Bilanço Dışı İşlemler,2,Taahhütler (3+4),YP,"13.364.551,53",13364551.53,TL,BDDK Haftalık Bülten
2024-12-27,2024-12-27,2024-12-27,False,2024,12,27,574,Aralık/27 (52. Hafta),294,Bilanço Dışı İşlemler,3,a) Türev Finansal Araçlar,TOPLAM,"14.943.857,53",14943857.53,TL,BDDK Haftalık Bülten
2024-12-27,2024-12-27,2024-12-27,False,2024,12,27,574,Aralık/27 (52. Hafta),294,Bilanço Dışı İşlemler,3,a) Türev Finansal Araçlar,TP,"3.203.666,20",3203666.2,TL,BDDK Haftalık Bülten
2024-12-27,2024-12-27,2024-12-27,False,2024,12,27,574,Aralık/27 (52. Hafta),294,Bilanço Dışı İşlemler,3,a) Türev Finansal Araçlar,YP,"11.740.191,34",11740191.34,TL,BDDK Haftalık Bülten
2024-12-27,2024-12-27,2024-12-27,False,2024,12,27,574,Aralık/27 (52. Hafta),294,Bilanço Dışı İşlemler,4,b) Diğer,TOPLAM,"11.032.936,17",11032936.17,TL,BDDK Haftalık Bülten
2024-12-27,2024-12-27,2024-12-27,False,2024,12,27,574,Aralık/27 (52. Hafta),294,Bilanço Dışı İşlemler,4,b) Diğer,TP,"9.408.575,98",9408575.98,TL,BDDK Haftalık Bülten
2024-12-27,2024-12-27,2024-12-27,False,2024,12,27,574,Aralık/27 (52. Hafta),294,Bilanço Dışı İşlemler,4,b) Diğer,YP,"1.624.360,19",1624360.19,TL,BDDK Haftalık Bülten
2025-01-03,2025-01-03,2025-01-03,False,2025,1,3,575,Ocak/03 (1. Hafta),294,Bilanço Dışı İşlemler,1,Gayrinakdi Kredi ve Yükümlülükler,TOPLAM,"6.050.709,95",6050709.95,TL,BDDK Haftalık Bülten
2025-01-03,2025-01-03,2025-01-03,False,2025,1,3,575,Ocak/03 (1. Hafta),294,Bilanço Dışı İşlemler,1,Gayrinakdi Kredi ve Yükümlülükler,TP,"3.271.963,54",3271963.54,TL,BDDK Haftalık Bülten
2025-01-03,2025-01-03,2025-01-03,False,2025,1,3,575,Ocak/03 (1. Hafta),294,Bilanço Dışı İşlemler,1,Gayrinakdi Kredi ve Yükümlülükler,YP,"2.778.746,42",2778746.42,TL,BDDK Haftalık Bülten
2025-01-03,2025-01-03,2025-01-03,False,2025,1,3,575,Ocak/03 (1. Hafta),294,Bilanço Dışı İşlemler,2,Taahhütler (3+4),TOPLAM,"25.841.489,83",25841489.83,TL,BDDK Haftalık Bülten
2025-01-03,2025-01-03,2025-01-03,False,2025,1,3,575,Ocak/03 (1. Hafta),294,Bilanço Dışı İşlemler,2,Taahhütler (3+4),TP,"12.676.808,83",12676808.83,TL,BDDK Haftalık Bülten
2025-01-03,2025-01-03,2025-01-03,False,2025,1,3,575,Ocak/03 (1. Hafta),294,Bilanço Dışı İşlemler,2,Taahhütler (3+4),YP,"13.164.681,00",13164681.0,TL,BDDK Haftalık Bülten
2025-01-03,2025-01-03,2025-01-03,False,2025,1,3,575,Ocak/03 (1. Hafta),294,Bilanço Dışı İşlemler,3,a) Türev Finansal Araçlar,TOPLAM,"14.691.889,57",14691889.57,TL,BDDK Haftalık Bülten
2025-01-03,2025-01-03,2025-01-03,False,2025,1,3,575,Ocak/03 (1. Hafta),294,Bilanço Dışı İşlemler,3,a) Türev Finansal Araçlar,TP,"3.151.043,55",3151043.55,TL,BDDK Haftalık Bülten
2025-01-03,2025-01-03,2025-01-03,False,2025,1,3,575,Ocak/03 (1. Hafta),294,Bilanço Dışı İşlemler,3,a) Türev Finansal Araçlar,YP,"11.540.846,02",11540846.02,TL,BDDK Haftalık Bülten
2025-01-03,2025-01-03,2025-01-03,False,2025,1,3,575,Ocak/03 (1. Hafta),294,Bilanço Dışı İşlemler,4,b) Diğer,TOPLAM,"11.149.600,25",11149600.25,TL,BDDK Haftalık Bülten
2025-01-03,2025-01-03,2025-01-03,False,2025,1,3,575,Ocak/03 (1. Hafta),294,Bilanço Dışı İşlemler,4,b) Diğer,TP,"9.525.765,28",9525765.28,TL,BDDK Haftalık Bülten
2025-01-03,2025-01-03,2025-01-03,False,2025,1,3,575,Ocak/03 (1. Hafta),294,Bilanço Dışı İşlemler,4,b) Diğer,YP,"1.623.834,98",1623834.98,TL,BDDK Haftalık Bülten
2025-01-10,2025-01-10,2025-01-10,False,2025,1,10,576,Ocak/10 (2. Hafta),294,Bilanço Dışı İşlemler,1,Gayrinakdi Kredi ve Yükümlülükler,TOPLAM,"6.074.128,82",6074128.82,TL,BDDK Haftalık Bülten
2025-01-10,2025-01-10,2025-01-10,False,2025,1,10,576,Ocak/10 (2. Hafta),294,Bilanço Dışı İşlemler,1,Gayrinakdi Kredi ve Yükümlülükler,TP,"3.282.074,50",3282074.5,TL,BDDK Haftalık Bülten
2025-01-10,2025-01-10,2025-01-10,False,2025,1,10,576,Ocak/10 (2. Hafta),294,Bilanço Dışı İşlemler,1,Gayrinakdi Kredi ve Yükümlülükler,YP,"2.792.054,32",2792054.32,TL,BDDK Haftalık Bülten
2025-01-10,2025-01-10,2025-01-10,False,2025,1,10,576,Ocak/10 (2. Hafta),294,Bilanço Dışı İşlemler,2,Taahhütler (3+4),TOPLAM,"26.525.772,14",26525772.14,TL,BDDK Haftalık Bülten
2025-01-10,2025-01-10,2025-01-10,False,2025,1,10,576,Ocak/10 (2. Hafta),294,Bilanço Dışı İşlemler,2,Taahhütler (3+4),TP,"13.165.629,16",13165629.16,TL,BDDK Haftalık Bülten
2025-01-10,2025-01-10,2025-01-10,False,2025,1,10,576,Ocak/10 (2. Hafta),294,Bilanço Dışı İşlemler,2,Taahhütler (3+4),YP,"13.360.142,98",13360142.98,TL,BDDK Haftalık Bülten
2025-01-10,2025-01-10,2025-01-10,False,2025,1,10,576,Ocak/10 (2. Hafta),294,Bilanço Dışı İşlemler,3,a) Türev Finansal Araçlar,TOPLAM,"15.173.875,01",15173875.01,TL,BDDK Haftalık Bülten
2025-01-10,2025-01-10,2025-01-10,False,2025,1,10,576,Ocak/10 (2. Hafta),294,Bilanço Dışı İşlemler,3,a) Türev Finansal Araçlar,TP,"3.466.702,83",3466702.83,TL,BDDK Haftalık Bülten
2025-01-10,2025-01-10,2025-01-10,False,2025,1,10,576,Ocak/10 (2. Hafta),294,Bilanço Dışı İşlemler,3,a) Türev Finansal Araçlar,YP,"11.707.172,18",11707172.18,TL,BDDK Haftalık Bülten
2025-01-10,2025-01-10,2025-01-10,False,2025,1,10,576,Ocak/10 (2. Hafta),294,Bilanço Dışı İşlemler,4,b) Diğer,TOPLAM,"11.351.897,14",11351897.14,TL,BDDK Haftalık Bülten
2025-01-10,2025-01-10,2025-01-10,False,2025,1,10,576,Ocak/10 (2. Hafta),294,Bilanço Dışı İşlemler,4,b) Diğer,TP,"9.698.926,34",9698926.34,TL,BDDK Haftalık Bülten
2025-01-10,2025-01-10,2025-01-10,False,2025,1,10,576,Ocak/10 (2. Hafta),294,Bilanço Dışı İşlemler,4,b) Diğer,YP,"1.652.970,80",1652970.8,TL,BDDK Haftalık Bülten
2025-01-17,2025-01-17,2025-01-17,False,2025,1,17,577,Ocak/17 (3. Hafta),294,Bilanço Dışı İşlemler,1,Gayrinakdi Kredi ve Yükümlülükler,TOPLAM,"6.142.724,32",6142724.32,TL,BDDK Haftalık Bülten
2025-01-17,2025-01-17,2025-01-17,False,2025,1,17,577,Ocak/17 (3. Hafta),294,Bilanço Dışı İşlemler,1,Gayrinakdi Kredi ve Yükümlülükler,TP,"3.312.962,29",3312962.29,TL,BDDK Haftalık Bülten
2025-01-17,2025-01-17,2025-01-17,False,2025,1,17,577,Ocak/17 (3. Hafta),294,Bilanço Dışı İşlemler,1,Gayrinakdi Kredi ve Yükümlülükler,YP,"2.829.762,03",2829762.03,TL,BDDK Haftalık Bülten
2025-01-17,2025-01-17,2025-01-17,False,2025,1,17,577,Ocak/17 (3. Hafta),294,Bilanço Dışı İşlemler,2,Taahhütler (3+4),TOPLAM,"26.955.594,88",26955594.88,TL,BDDK Haftalık Bülten
2025-01-17,2025-01-17,2025-01-17,False,2025,1,17,577,Ocak/17 (3. Hafta),294,Bilanço Dışı İşlemler,2,Taahhütler (3+4),TP,"13.467.971,24",13467971.24,TL,BDDK Haftalık Bülten
2025-01-17,2025-01-17,2025-01-17,False,2025,1,17,577,Ocak/17 (3. Hafta),294,Bilanço Dışı İşlemler,2,Taahhütler (3+4),YP,"13.487.623,64",13487623.64,TL,BDDK Haftalık Bülten
2025-01-17,2025-01-17,2025-01-17,False,2025,1,17,577,Ocak/17 (3. Hafta),294,Bilanço Dışı İşlemler,3,a) Türev Finansal Araçlar,TOPLAM,"15.614.552,72",15614552.72,TL,BDDK Haftalık Bülten
2025-01-17,2025-01-17,2025-01-17,False,2025,1,17,577,Ocak/17 (3. Hafta),294,Bilanço Dışı İşlemler,3,a) Türev Finansal Araçlar,TP,"3.666.237,91",3666237.91,TL,BDDK Haftalık Bülten
2025-01-17,2025-01-17,2025-01-17,False,2025,1,17,577,Ocak/17 (3. Hafta),294,Bilanço Dışı İşlemler,3,a) Türev Finansal Araçlar,YP,"11.948.314,82",11948314.82,TL,BDDK Haftalık Bülten
2025-01-17,2025-01-17,2025-01-17,False,2025,1,17,577,Ocak/17 (3. Hafta),294,Bilanço Dışı İşlemler,4,b) Diğer,TOPLAM,"11.341.042,16",11341042.16,TL,BDDK Haftalık Bülten
2025-01-17,2025-01-17,2025-01-17,False,2025,1,17,577,Ocak/17 (3. Hafta),294,Bilanço Dışı İşlemler,4,b) Diğer,TP,"9.801.733,34",9801733.34,TL,BDDK Haftalık Bülten
2025-01-17,2025-01-17,2025-01-17,False,2025,1,17,577,Ocak/17 (3. Hafta),294,Bilanço Dışı İşlemler,4,b) Diğer,YP,"1.539.308,82",1539308.82,TL,BDDK Haftalık Bülten
2025-01-24,2025-01-24,2025-01-24,False,2025,1,24,578,Ocak/24 (4. Hafta),294,Bilanço Dışı İşlemler,1,Gayrinakdi Kredi ve Yükümlülükler,TOPLAM,"6.204.433,17",6204433.17,TL,BDDK Haftalık Bülten
2025-01-24,2025-01-24,2025-01-24,False,2025,1,24,578,Ocak/24 (4. Hafta),294,Bilanço Dışı İşlemler,1,Gayrinakdi Kredi ve Yükümlülükler,TP,"3.321.009,30",3321009.3,TL,BDDK Haftalık Bülten
2025-01-24,2025-01-24,2025-01-24,False,2025,1,24,578,Ocak/24 (4. Hafta),294,Bilanço Dışı İşlemler,1,Gayrinakdi Kredi ve Yükümlülükler,YP,"2.883.423,87",2883423.87,TL,BDDK Haftalık Bülten
2025-01-24,2025-01-24,2025-01-24,False,2025,1,24,578,Ocak/24 (4. Hafta),294,Bilanço Dışı İşlemler,2,Taahhütler (3+4),TOPLAM,"27.895.308,33",27895308.33,TL,BDDK Haftalık Bülten
2025-01-24,2025-01-24,2025-01-24,False,2025,1,24,578,Ocak/24 (4. Hafta),294,Bilanço Dışı İşlemler,2,Taahhütler (3+4),TP,"13.884.997,61",13884997.61,TL,BDDK Haftalık Bülten
2025-01-24,2025-01-24,2025-01-24,False,2025,1,24,578,Ocak/24 (4. Hafta),294,Bilanço Dışı İşlemler,2,Taahhütler (3+4),YP,"14.010.310,72",14010310.72,TL,BDDK Haftalık Bülten
2025-01-24,2025-01-24,2025-01-24,False,2025,1,24,578,Ocak/24 (4. Hafta),294,Bilanço Dışı İşlemler,3,a) Türev Finansal Araçlar,TOPLAM,"16.171.313,03",16171313.03,TL,BDDK Haftalık Bülten
2025-01-24,2025-01-24,2025-01-24,False,2025,1,24,578,Ocak/24 (4. Hafta),294,Bilanço Dışı İşlemler,3,a) Türev Finansal Araçlar,TP,"3.829.050,12",3829050.12,TL,BDDK Haftalık Bülten
2025-01-24,2025-01-24,2025-01-24,False,2025,1,24,578,Ocak/24 (4. Hafta),294,Bilanço Dışı İşlemler,3,a) Türev Finansal Araçlar,YP,"12.342.262,91",12342262.91,TL,BDDK Haftalık Bülten
2025-01-24,2025-01-24,2025-01-24,False,2025,1,24,578,Ocak/24 (4. Hafta),294,Bilanço Dışı İşlemler,4,b) Diğer,TOPLAM,"11.723.995,30",11723995.3,TL,BDDK Haftalık Bülten
2025-01-24,2025-01-24,2025-01-24,False,2025,1,24,578,Ocak/24 (4. Hafta),294,Bilanço Dışı İşlemler,4,b) Diğer,TP,"10.055.947,49",10055947.49,TL,BDDK Haftalık Bülten
2025-01-24,2025-01-24,2025-01-24,False,2025,1,24,578,Ocak/24 (4. Hafta),294,Bilanço Dışı İşlemler,4,b) Diğer,YP,"1.668.047,81",1668047.81,TL,BDDK Haftalık Bülten
2025-01-31,2025-01-31,2025-01-31,False,2025,1,31,579,Ocak/31 (5. Hafta),294,Bilanço Dışı İşlemler,1,Gayrinakdi Kredi ve Yükümlülükler,TOPLAM,"6.259.794,43",6259794.43,TL,BDDK Haftalık Bülten
2025-01-31,2025-01-31,2025-01-31,False,2025,1,31,579,Ocak/31 (5. Hafta),294,Bilanço Dışı İşlemler,1,Gayrinakdi Kredi ve Yükümlülükler,TP,"3.339.737,71",3339737.71,TL,BDDK Haftalık Bülten
2025-01-31,2025-01-31,2025-01-31,False,2025,1,31,579,Ocak/31 (5. Hafta),294,Bilanço Dışı İşlemler,1,Gayrinakdi Kredi ve Yükümlülükler,YP,"2.920.056,72",2920056.72,TL,BDDK Haftalık Bülten
2025-01-31,2025-01-31,2025-01-31,False,2025,1,31,579,Ocak/31 (5. Hafta),294,Bilanço Dışı İşlemler,2,Taahhütler (3+4),TOPLAM,"28.485.445,73",28485445.73,TL,BDDK Haftalık Bülten
2025-01-31,2025-01-31,2025-01-31,False,2025,1,31,579,Ocak/31 (5. Hafta),294,Bilanço Dışı İşlemler,2,Taahhütler (3+4),TP,"14.156.876,97",14156876.97,TL,BDDK Haftalık Bülten
2025-01-31,2025-01-31,2025-01-31,False,2025,1,31,579,Ocak/31 (5. Hafta),294,Bilanço Dışı İşlemler,2,Taahhütler (3+4),YP,"14.328.568,76",14328568.76,TL,BDDK Haftalık Bülten
2025-01-31,2025-01-31,2025-01-31,False,2025,1,31,579,Ocak/31 (5. Hafta),294,Bilanço Dışı İşlemler,3,a) Türev Finansal Araçlar,TOPLAM,"16.680.225,86",16680225.86,TL,BDDK Haftalık Bülten
2025-01-31,2025-01-31,2025-01-31,False,2025,1,31,579,Ocak/31 (5. Hafta),294,Bilanço Dışı İşlemler,3,a) Türev Finansal Araçlar,TP,"4.007.139,12",4007139.12,TL,BDDK Haftalık Bülten
2025-01-31,2025-01-31,2025-01-31,False,2025,1,31,579,Ocak/31 (5. Hafta),294,Bilanço Dışı İşlemler,3,a) Türev Finansal Araçlar,YP,"12.673.086,74",12673086.74,TL,BDDK Haftalık Bülten
2025-01-31,2025-01-31,2025-01-31,False,2025,1,31,579,Ocak/31 (5. Hafta),294,Bilanço Dışı İşlemler,4,b) Diğer,TOPLAM,"11.805.219,87",11805219.87,TL,BDDK Haftalık Bülten
2025-01-31,2025-01-31,2025-01-31,False,2025,1,31,579,Ocak/31 (5. Hafta),294,Bilanço Dışı İşlemler,4,b) Diğer,TP,"10.149.737,85",10149737.85,TL,BDDK Haftalık Bülten
2025-01-31,2025-01-31,2025-01-31,False,2025,1,31,579,Ocak/31 (5. Hafta),294,Bilanço Dışı İşlemler,4,b) Diğer,YP,"1.655.482,02",1655482.02,TL,BDDK Haftalık Bülten
2025-02-07,2025-02-07,2025-02-07,False,2025,2,7,580,Şubat/07 (6. Hafta),294,Bilanço Dışı İşlemler,1,Gayrinakdi Kredi ve Yükümlülükler,TOPLAM,"6.303.514,87",6303514.87,TL,BDDK Haftalık Bülten
2025-02-07,2025-02-07,2025-02-07,False,2025,2,7,580,Şubat/07 (6. Hafta),294,Bilanço Dışı İşlemler,1,Gayrinakdi Kredi ve Yükümlülükler,TP,"3.353.949,54",3353949.54,TL,BDDK Haftalık Bülten
2025-02-07,2025-02-07,2025-02-07,False,2025,2,7,580,Şubat/07 (6. Hafta),294,Bilanço Dışı İşlemler,1,Gayrinakdi Kredi ve Yükümlülükler,YP,"2.949.565,33",2949565.33,TL,BDDK Haftalık Bülten
2025-02-07,2025-02-07,2025-02-07,False,2025,2,7,580,Şubat/07 (6. Hafta),294,Bilanço Dışı İşlemler,2,Taahhütler (3+4),TOPLAM,"28.831.953,35",28831953.35,TL,BDDK Haftalık Bülten
2025-02-07,2025-02-07,2025-02-07,False,2025,2,7,580,Şubat/07 (6. Hafta),294,Bilanço Dışı İşlemler,2,Taahhütler (3+4),TP,"14.364.540,09",14364540.09,TL,BDDK Haftalık Bülten
2025-02-07,2025-02-07,2025-02-07,False,2025,2,7,580,Şubat/07 (6. Hafta),294,Bilanço Dışı İşlemler,2,Taahhütler (3+4),YP,"14.467.413,26",14467413.26,TL,BDDK Haftalık Bülten
2025-02-07,2025-02-07,2025-02-07,False,2025,2,7,580,Şubat/07 (6. Hafta),294,Bilanço Dışı İşlemler,3,a) Türev Finansal Araçlar,TOPLAM,"17.053.434,87",17053434.87,TL,BDDK Haftalık Bülten
2025-02-07,2025-02-07,2025-02-07,False,2025,2,7,580,Şubat/07 (6. Hafta),294,Bilanço Dışı İşlemler,3,a) Türev Finansal Araçlar,TP,"4.164.390,95",4164390.95,TL,BDDK Haftalık Bülten
2025-02-07,2025-02-07,2025-02-07,False,2025,2,7,580,Şubat/07 (6. Hafta),294,Bilanço Dışı İşlemler,3,a) Türev Finansal Araçlar,YP,"12.889.043,91",12889043.91,TL,BDDK Haftalık Bülten
2025-02-07,2025-02-07,2025-02-07,False,2025,2,7,580,Şubat/07 (6. Hafta),294,Bilanço Dışı İşlemler,4,b) Diğer,TOPLAM,"11.778.518,48",11778518.48,TL,BDDK Haftalık Bülten
2025-02-07,2025-02-07,2025-02-07,False,2025,2,7,580,Şubat/07 (6. Hafta),294,Bilanço Dışı İşlemler,4,b) Diğer,TP,"10.200.149,14",10200149.14,TL,BDDK Haftalık Bülten
2025-02-07,2025-02-07,2025-02-07,False,2025,2,7,580,Şubat/07 (6. Hafta),294,Bilanço Dışı İşlemler,4,b) Diğer,YP,"1.578.369,34",1578369.34,TL,BDDK Haftalık Bülten
2025-02-14,2025-02-14,2025-02-14,False,2025,2,14,581,Şubat/14 (7. Hafta),294,Bilanço Dışı İşlemler,1,Gayrinakdi Kredi ve Yükümlülükler,TOPLAM,"6.367.853,61",6367853.61,TL,BDDK Haftalık Bülten
2025-02-14,2025-02-14,2025-02-14,False,2025,2,14,581,Şubat/14 (7. Hafta),294,Bilanço Dışı İşlemler,1,Gayrinakdi Kredi ve Yükümlülükler,TP,"3.381.582,34",3381582.34,TL,BDDK Haftalık Bülten
2025-02-14,2025-02-14,2025-02-14,False,2025,2,14,581,Şubat/14 (7. Hafta),294,Bilanço Dışı İşlemler,1,Gayrinakdi Kredi ve Yükümlülükler,YP,"2.986.271,26",2986271.26,TL,BDDK Haftalık Bülten
2025-02-14,2025-02-14,2025-02-14,False,2025,2,14,581,Şubat/14 (7. Hafta),294,Bilanço Dışı İşlemler,2,Taahhütler (3+4),TOPLAM,"30.436.116,21",30436116.21,TL,BDDK Haftalık Bülten
2025-02-14,2025-02-14,2025-02-14,False,2025,2,14,581,Şubat/14 (7. Hafta),294,Bilanço Dışı İşlemler,2,Taahhütler (3+4),TP,"15.162.064,56",15162064.56,TL,BDDK Haftalık Bülten
2025-02-14,2025-02-14,2025-02-14,False,2025,2,14,581,Şubat/14 (7. Hafta),294,Bilanço Dışı İşlemler,2,Taahhütler (3+4),YP,"15.274.051,65",15274051.65,TL,BDDK Haftalık Bülten
2025-02-14,2025-02-14,2025-02-14,False,2025,2,14,581,Şubat/14 (7. Hafta),294,Bilanço Dışı İşlemler,3,a) Türev Finansal Araçlar,TOPLAM,"17.704.950,02",17704950.02,TL,BDDK Haftalık Bülten
2025-02-14,2025-02-14,2025-02-14,False,2025,2,14,581,Şubat/14 (7. Hafta),294,Bilanço Dışı İşlemler,3,a) Türev Finansal Araçlar,TP,"4.344.834,24",4344834.24,TL,BDDK Haftalık Bülten
2025-02-14,2025-02-14,2025-02-14,False,2025,2,14,581,Şubat/14 (7. Hafta),294,Bilanço Dışı İşlemler,3,a) Türev Finansal Araçlar,YP,"13.360.115,78",13360115.78,TL,BDDK Haftalık Bülten
2025-02-14,2025-02-14,2025-02-14,False,2025,2,14,581,Şubat/14 (7. Hafta),294,Bilanço Dışı İşlemler,4,b) Diğer,TOPLAM,"12.731.166,19",12731166.19,TL,BDDK Haftalık Bülten
2025-02-14,2025-02-14,2025-02-14,False,2025,2,14,581,Şubat/14 (7. Hafta),294,Bilanço Dışı İşlemler,4,b) Diğer,TP,"10.817.230,32",10817230.32,TL,BDDK Haftalık Bülten
2025-02-14,2025-02-14,2025-02-14,False,2025,2,14,581,Şubat/14 (7. Hafta),294,Bilanço Dışı İşlemler,4,b) Diğer,YP,"1.913.935,87",1913935.87,TL,BDDK Haftalık Bülten
2025-02-21,2025-02-21,2025-02-21,False,2025,2,21,582,Şubat/21 (8. Hafta),294,Bilanço Dışı İşlemler,1,Gayrinakdi Kredi ve Yükümlülükler,TOPLAM,"6.424.138,57",6424138.57,TL,BDDK Haftalık Bülten
2025-02-21,2025-02-21,2025-02-21,False,2025,2,21,582,Şubat/21 (8. Hafta),294,Bilanço Dışı İşlemler,1,Gayrinakdi Kredi ve Yükümlülükler,TP,"3.405.610,48",3405610.48,TL,BDDK Haftalık Bülten
2025-02-21,2025-02-21,2025-02-21,False,2025,2,21,582,Şubat/21 (8. Hafta),294,Bilanço Dışı İşlemler,1,Gayrinakdi Kredi ve Yükümlülükler,YP,"3.018.528,09",3018528.09,TL,BDDK Haftalık Bülten
2025-02-21,2025-02-21,2025-02-21,False,2025,2,21,582,Şubat/21 (8. Hafta),294,Bilanço Dışı İşlemler,2,Taahhütler (3+4),TOPLAM,"30.463.975,98",30463975.98,TL,BDDK Haftalık Bülten
2025-02-21,2025-02-21,2025-02-21,False,2025,2,21,582,Şubat/21 (8. Hafta),294,Bilanço Dışı İşlemler,2,Taahhütler (3+4),TP,"15.215.187,93",15215187.93,TL,BDDK Haftalık Bülten
2025-02-21,2025-02-21,2025-02-21,False,2025,2,21,582,Şubat/21 (8. Hafta),294,Bilanço Dışı İşlemler,2,Taahhütler (3+4),YP,"15.248.788,05",15248788.05,TL,BDDK Haftalık Bülten
2025-02-21,2025-02-21,2025-02-21,False,2025,2,21,582,Şubat/21 (8. Hafta),294,Bilanço Dışı İşlemler,3,a) Türev Finansal Araçlar,TOPLAM,"17.753.686,16",17753686.16,TL,BDDK Haftalık Bülten
2025-02-21,2025-02-21,2025-02-21,False,2025,2,21,582,Şubat/21 (8. Hafta),294,Bilanço Dışı İşlemler,3,a) Türev Finansal Araçlar,TP,"4.292.569,63",4292569.63,TL,BDDK Haftalık Bülten
2025-02-21,2025-02-21,2025-02-21,False,2025,2,21,582,Şubat/21 (8. Hafta),294,Bilanço Dışı İşlemler,3,a) Türev Finansal Araçlar,YP,"13.461.116,52",13461116.52,TL,BDDK Haftalık Bülten
2025-02-21,2025-02-21,2025-02-21,False,2025,2,21,582,Şubat/21 (8. Hafta),294,Bilanço Dışı İşlemler,4,b) Diğer,TOPLAM,"12.710.289,82",12710289.82,TL,BDDK Haftalık Bülten
2025-02-21,2025-02-21,2025-02-21,False,2025,2,21,582,Şubat/21 (8. Hafta),294,Bilanço Dışı İşlemler,4,b) Diğer,TP,"10.922.618,30",10922618.3,TL,BDDK Haftalık Bülten
2025-02-21,2025-02-21,2025-02-21,False,2025,2,21,582,Şubat/21 (8. Hafta),294,Bilanço Dışı İşlemler,4,b) Diğer,YP,"1.787.671,53",1787671.53,TL,BDDK Haftalık Bülten
2025-02-28,2025-02-28,2025-02-28,False,2025,2,28,583,Şubat/28 (9. Hafta),294,Bilanço Dışı İşlemler,1,Gayrinakdi Kredi ve Yükümlülükler,TOPLAM,"6.453.156,53",6453156.53,TL,BDDK Haftalık Bülten
2025-02-28,2025-02-28,2025-02-28,False,2025,2,28,583,Şubat/28 (9. Hafta),294,Bilanço Dışı İşlemler,1,Gayrinakdi Kredi ve Yükümlülükler,TP,"3.433.774,47",3433774.47,TL,BDDK Haftalık Bülten
2025-02-28,2025-02-28,2025-02-28,False,2025,2,28,583,Şubat/28 (9. Hafta),294,Bilanço Dışı İşlemler,1,Gayrinakdi Kredi ve Yükümlülükler,YP,"3.019.382,06",3019382.06,TL,BDDK Haftalık Bülten
2025-02-28,2025-02-28,2025-02-28,False,2025,2,28,583,Şubat/28 (9. Hafta),294,Bilanço Dışı İşlemler,2,Taahhütler (3+4),TOPLAM,"30.622.691,60",30622691.6,TL,BDDK Haftalık Bülten
2025-02-28,2025-02-28,2025-02-28,False,2025,2,28,583,Şubat/28 (9. Hafta),294,Bilanço Dışı İşlemler,2,Taahhütler (3+4),TP,"15.336.810,39",15336810.39,TL,BDDK Haftalık Bülten
2025-02-28,2025-02-28,2025-02-28,False,2025,2,28,583,Şubat/28 (9. Hafta),294,Bilanço Dışı İşlemler,2,Taahhütler (3+4),YP,"15.285.881,21",15285881.21,TL,BDDK Haftalık Bülten
2025-02-28,2025-02-28,2025-02-28,False,2025,2,28,583,Şubat/28 (9. Hafta),294,Bilanço Dışı İşlemler,3,a) Türev Finansal Araçlar,TOPLAM,"17.925.278,30",17925278.3,TL,BDDK Haftalık Bülten
2025-02-28,2025-02-28,2025-02-28,False,2025,2,28,583,Şubat/28 (9. Hafta),294,Bilanço Dışı İşlemler,3,a) Türev Finansal Araçlar,TP,"4.414.811,54",4414811.54,TL,BDDK Haftalık Bülten
2025-02-28,2025-02-28,2025-02-28,False,2025,2,28,583,Şubat/28 (9. Hafta),294,Bilanço Dışı İşlemler,3,a) Türev Finansal Araçlar,YP,"13.510.466,77",13510466.77,TL,BDDK Haftalık Bülten
2025-02-28,2025-02-28,2025-02-28,False,2025,2,28,583,Şubat/28 (9. Hafta),294,Bilanço Dışı İşlemler,4,b) Diğer,TOPLAM,"12.697.413,30",12697413.3,TL,BDDK Haftalık Bülten
2025-02-28,2025-02-28,2025-02-28,False,2025,2,28,583,Şubat/28 (9. Hafta),294,Bilanço Dışı İşlemler,4,b) Diğer,TP,"10.921.998,86",10921998.86,TL,BDDK Haftalık Bülten
2025-02-28,2025-02-28,2025-02-28,False,2025,2,28,583,Şubat/28 (9. Hafta),294,Bilanço Dışı İşlemler,4,b) Diğer,YP,"1.775.414,45",1775414.45,TL,BDDK Haftalık Bülten
2025-03-07,2025-03-07,2025-03-07,False,2025,3,7,584,Mart/07 (10. Hafta),294,Bilanço Dışı İşlemler,1,Gayrinakdi Kredi ve Yükümlülükler,TOPLAM,"6.545.846,63",6545846.63,TL,BDDK Haftalık Bülten
2025-03-07,2025-03-07,2025-03-07,False,2025,3,7,584,Mart/07 (10. Hafta),294,Bilanço Dışı İşlemler,1,Gayrinakdi Kredi ve Yükümlülükler,TP,"3.472.243,50",3472243.5,TL,BDDK Haftalık Bülten
2025-03-07,2025-03-07,2025-03-07,False,2025,3,7,584,Mart/07 (10. Hafta),294,Bilanço Dışı İşlemler,1,Gayrinakdi Kredi ve Yükümlülükler,YP,"3.073.603,13",3073603.13,TL,BDDK Haftalık Bülten
2025-03-07,2025-03-07,2025-03-07,False,2025,3,7,584,Mart/07 (10. Hafta),294,Bilanço Dışı İşlemler,2,Taahhütler (3+4),TOPLAM,"31.183.433,17",31183433.17,TL,BDDK Haftalık Bülten
2025-03-07,2025-03-07,2025-03-07,False,2025,3,7,584,Mart/07 (10. Hafta),294,Bilanço Dışı İşlemler,2,Taahhütler (3+4),TP,"15.483.418,71",15483418.71,TL,BDDK Haftalık Bülten
2025-03-07,2025-03-07,2025-03-07,False,2025,3,7,584,Mart/07 (10. Hafta),294,Bilanço Dışı İşlemler,2,Taahhütler (3+4),YP,"15.700.014,46",15700014.46,TL,BDDK Haftalık Bülten
2025-03-07,2025-03-07,2025-03-07,False,2025,3,7,584,Mart/07 (10. Hafta),294,Bilanço Dışı İşlemler,3,a) Türev Finansal Araçlar,TOPLAM,"18.345.746,18",18345746.18,TL,BDDK Haftalık Bülten
2025-03-07,2025-03-07,2025-03-07,False,2025,3,7,584,Mart/07 (10. Hafta),294,Bilanço Dışı İşlemler,3,a) Türev Finansal Araçlar,TP,"4.456.689,81",4456689.81,TL,BDDK Haftalık Bülten
2025-03-07,2025-03-07,2025-03-07,False,2025,3,7,584,Mart/07 (10. Hafta),294,Bilanço Dışı İşlemler,3,a) Türev Finansal Araçlar,YP,"13.889.056,37",13889056.37,TL,BDDK Haftalık Bülten
2025-03-07,2025-03-07,2025-03-07,False,2025,3,7,584,Mart/07 (10. Hafta),294,Bilanço Dışı İşlemler,4,b) Diğer,TOPLAM,"12.837.686,99",12837686.99,TL,BDDK Haftalık Bülten
2025-03-07,2025-03-07,2025-03-07,False,2025,3,7,584,Mart/07 (10. Hafta),294,Bilanço Dışı İşlemler,4,b) Diğer,TP,"11.026.728,89",11026728.89,TL,BDDK Haftalık Bülten
2025-03-07,2025-03-07,2025-03-07,False,2025,3,7,584,Mart/07 (10. Hafta),294,Bilanço Dışı İşlemler,4,b) Diğer,YP,"1.810.958,10",1810958.1,TL,BDDK Haftalık Bülten
2025-03-14,2025-03-14,2025-03-14,False,2025,3,14,585,Mart/14 (11. Hafta),294,Bilanço Dışı İşlemler,1,Gayrinakdi Kredi ve Yükümlülükler,TOPLAM,"6.633.596,08",6633596.08,TL,BDDK Haftalık Bülten
2025-03-14,2025-03-14,2025-03-14,False,2025,3,14,585,Mart/14 (11. Hafta),294,Bilanço Dışı İşlemler,1,Gayrinakdi Kredi ve Yükümlülükler,TP,"3.512.007,54",3512007.54,TL,BDDK Haftalık Bülten
2025-03-14,2025-03-14,2025-03-14,False,2025,3,14,585,Mart/14 (11. Hafta),294,Bilanço Dışı İşlemler,1,Gayrinakdi Kredi ve Yükümlülükler,YP,"3.121.588,54",3121588.54,TL,BDDK Haftalık Bülten
2025-03-14,2025-03-14,2025-03-14,False,2025,3,14,585,Mart/14 (11. Hafta),294,Bilanço Dışı İşlemler,2,Taahhütler (3+4),TOPLAM,"32.009.451,23",32009451.23,TL,BDDK Haftalık Bülten
2025-03-14,2025-03-14,2025-03-14,False,2025,3,14,585,Mart/14 (11. Hafta),294,Bilanço Dışı İşlemler,2,Taahhütler (3+4),TP,"15.805.635,56",15805635.56,TL,BDDK Haftalık Bülten
2025-03-14,2025-03-14,2025-03-14,False,2025,3,14,585,Mart/14 (11. Hafta),294,Bilanço Dışı İşlemler,2,Taahhütler (3+4),YP,"16.203.815,66",16203815.66,TL,BDDK Haftalık Bülten
2025-03-14,2025-03-14,2025-03-14,False,2025,3,14,585,Mart/14 (11. Hafta),294,Bilanço Dışı İşlemler,3,a) Türev Finansal Araçlar,TOPLAM,"18.885.495,19",18885495.19,TL,BDDK Haftalık Bülten
2025-03-14,2025-03-14,2025-03-14,False,2025,3,14,585,Mart/14 (11. Hafta),294,Bilanço Dışı İşlemler,3,a) Türev Finansal Araçlar,TP,"4.564.695,24",4564695.24,TL,BDDK Haftalık Bülten
2025-03-14,2025-03-14,2025-03-14,False,2025,3,14,585,Mart/14 (11. Hafta),294,Bilanço Dışı İşlemler,3,a) Türev Finansal Araçlar,YP,"14.320.799,95",14320799.95,TL,BDDK Haftalık Bülten
2025-03-14,2025-03-14,2025-03-14,False,2025,3,14,585,Mart/14 (11. Hafta),294,Bilanço Dışı İşlemler,4,b) Diğer,TOPLAM,"13.123.956,03",13123956.03,TL,BDDK Haftalık Bülten
2025-03-14,2025-03-14,2025-03-14,False,2025,3,14,585,Mart/14 (11. Hafta),294,Bilanço Dışı İşlemler,4,b) Diğer,TP,"11.240.940,32",11240940.32,TL,BDDK Haftalık Bülten
2025-03-14,2025-03-14,2025-03-14,False,2025,3,14,585,Mart/14 (11. Hafta),294,Bilanço Dışı İşlemler,4,b) Diğer,YP,"1.883.015,71",1883015.71,TL,BDDK Haftalık Bülten
2025-03-21,2025-03-21,2025-03-21,False,2025,3,21,586,Mart/21 (12. Hafta),294,Bilanço Dışı İşlemler,1,Gayrinakdi Kredi ve Yükümlülükler,TOPLAM,"6.773.145,49",6773145.49,TL,BDDK Haftalık Bülten
2025-03-21,2025-03-21,2025-03-21,False,2025,3,21,586,Mart/21 (12. Hafta),294,Bilanço Dışı İşlemler,1,Gayrinakdi Kredi ve Yükümlülükler,TP,"3.516.570,60",3516570.6,TL,BDDK Haftalık Bülten
2025-03-21,2025-03-21,2025-03-21,False,2025,3,21,586,Mart/21 (12. Hafta),294,Bilanço Dışı İşlemler,1,Gayrinakdi Kredi ve Yükümlülükler,YP,"3.256.574,89",3256574.89,TL,BDDK Haftalık Bülten
2025-03-21,2025-03-21,2025-03-21,False,2025,3,21,586,Mart/21 (12. Hafta),294,Bilanço Dışı İşlemler,2,Taahhütler (3+4),TOPLAM,"35.168.008,94",35168008.94,TL,BDDK Haftalık Bülten
2025-03-21,2025-03-21,2025-03-21,False,2025,3,21,586,Mart/21 (12. Hafta),294,Bilanço Dışı İşlemler,2,Taahhütler (3+4),TP,"17.227.402,65",17227402.65,TL,BDDK Haftalık Bülten
2025-03-21,2025-03-21,2025-03-21,False,2025,3,21,586,Mart/21 (12. Hafta),294,Bilanço Dışı İşlemler,2,Taahhütler (3+4),YP,"17.940.606,29",17940606.29,TL,BDDK Haftalık Bülten
2025-03-21,2025-03-21,2025-03-21,False,2025,3,21,586,Mart/21 (12. Hafta),294,Bilanço Dışı İşlemler,3,a) Türev Finansal Araçlar,TOPLAM,"19.722.025,53",19722025.53,TL,BDDK Haftalık Bülten
2025-03-21,2025-03-21,2025-03-21,False,2025,3,21,586,Mart/21 (12. Hafta),294,Bilanço Dışı İşlemler,3,a) Türev Finansal Araçlar,TP,"4.712.135,77",4712135.77,TL,BDDK Haftalık Bülten
2025-03-21,2025-03-21,2025-03-21,False,2025,3,21,586,Mart/21 (12. Hafta),294,Bilanço Dışı İşlemler,3,a) Türev Finansal Araçlar,YP,"15.009.889,76",15009889.76,TL,BDDK Haftalık Bülten
2025-03-21,2025-03-21,2025-03-21,False,2025,3,21,586,Mart/21 (12. Hafta),294,Bilanço Dışı İşlemler,4,b) Diğer,TOPLAM,"15.445.983,41",15445983.41,TL,BDDK Haftalık Bülten
2025-03-21,2025-03-21,2025-03-21,False,2025,3,21,586,Mart/21 (12. Hafta),294,Bilanço Dışı İşlemler,4,b) Diğer,TP,"12.515.266,87",12515266.87,TL,BDDK Haftalık Bülten
2025-03-21,2025-03-21,2025-03-21,False,2025,3,21,586,Mart/21 (12. Hafta),294,Bilanço Dışı İşlemler,4,b) Diğer,YP,"2.930.716,53",2930716.53,TL,BDDK Haftalık Bülten
2025-03-28,2025-03-28,2025-03-28,False,2025,3,28,587,Mart/28 (13. Hafta),294,Bilanço Dışı İşlemler,1,Gayrinakdi Kredi ve Yükümlülükler,TOPLAM,"6.800.028,80",6800028.8,TL,BDDK Haftalık Bülten
2025-03-28,2025-03-28,2025-03-28,False,2025,3,28,587,Mart/28 (13. Hafta),294,Bilanço Dışı İşlemler,1,Gayrinakdi Kredi ve Yükümlülükler,TP,"3.556.261,72",3556261.72,TL,BDDK Haftalık Bülten
2025-03-28,2025-03-28,2025-03-28,False,2025,3,28,587,Mart/28 (13. Hafta),294,Bilanço Dışı İşlemler,1,Gayrinakdi Kredi ve Yükümlülükler,YP,"3.243.767,08",3243767.08,TL,BDDK Haftalık Bülten
2025-03-28,2025-03-28,2025-03-28,False,2025,3,28,587,Mart/28 (13. Hafta),294,Bilanço Dışı İşlemler,2,Taahhütler (3+4),TOPLAM,"33.366.571,86",33366571.86,TL,BDDK Haftalık Bülten
2025-03-28,2025-03-28,2025-03-28,False,2025,3,28,587,Mart/28 (13. Hafta),294,Bilanço Dışı İşlemler,2,Taahhütler (3+4),TP,"16.294.638,50",16294638.5,TL,BDDK Haftalık Bülten
2025-03-28,2025-03-28,2025-03-28,False,2025,3,28,587,Mart/28 (13. Hafta),294,Bilanço Dışı İşlemler,2,Taahhütler (3+4),YP,"17.071.933,36",17071933.36,TL,BDDK Haftalık Bülten
2025-03-28,2025-03-28,2025-03-28,False,2025,3,28,587,Mart/28 (13. Hafta),294,Bilanço Dışı İşlemler,3,a) Türev Finansal Araçlar,TOPLAM,"19.106.211,59",19106211.59,TL,BDDK Haftalık Bülten
2025-03-28,2025-03-28,2025-03-28,False,2025,3,28,587,Mart/28 (13. Hafta),294,Bilanço Dışı İşlemler,3,a) Türev Finansal Araçlar,TP,"4.425.471,51",4425471.51,TL,BDDK Haftalık Bülten
2025-03-28,2025-03-28,2025-03-28,False,2025,3,28,587,Mart/28 (13. Hafta),294,Bilanço Dışı İşlemler,3,a) Türev Finansal Araçlar,YP,"14.680.740,08",14680740.08,TL,BDDK Haftalık Bülten
2025-03-28,2025-03-28,2025-03-28,False,2025,3,28,587,Mart/28 (13. Hafta),294,Bilanço Dışı İşlemler,4,b) Diğer,TOPLAM,"14.260.360,27",14260360.27,TL,BDDK Haftalık Bülten
2025-03-28,2025-03-28,2025-03-28,False,2025,3,28,587,Mart/28 (13. Hafta),294,Bilanço Dışı İşlemler,4,b) Diğer,TP,"11.869.166,99",11869166.99,TL,BDDK Haftalık Bülten
2025-03-28,2025-03-28,2025-03-28,False,2025,3,28,587,Mart/28 (13. Hafta),294,Bilanço Dışı İşlemler,4,b) Diğer,YP,"2.391.193,28",2391193.28,TL,BDDK Haftalık Bülten
2025-04-04,2025-04-04,2025-04-04,False,2025,4,4,588,Nisan/04 (14. Hafta),294,Bilanço Dışı İşlemler,1,Gayrinakdi Kredi ve Yükümlülükler,TOPLAM,"6.820.876,15",6820876.15,TL,BDDK Haftalık Bülten
2025-04-04,2025-04-04,2025-04-04,False,2025,4,4,588,Nisan/04 (14. Hafta),294,Bilanço Dışı İşlemler,1,Gayrinakdi Kredi ve Yükümlülükler,TP,"3.555.598,88",3555598.88,TL,BDDK Haftalık Bülten
2025-04-04,2025-04-04,2025-04-04,False,2025,4,4,588,Nisan/04 (14. Hafta),294,Bilanço Dışı İşlemler,1,Gayrinakdi Kredi ve Yükümlülükler,YP,"3.265.277,28",3265277.28,TL,BDDK Haftalık Bülten
2025-04-04,2025-04-04,2025-04-04,False,2025,4,4,588,Nisan/04 (14. Hafta),294,Bilanço Dışı İşlemler,2,Taahhütler (3+4),TOPLAM,"33.573.718,99",33573718.99,TL,BDDK Haftalık Bülten
2025-04-04,2025-04-04,2025-04-04,False,2025,4,4,588,Nisan/04 (14. Hafta),294,Bilanço Dışı İşlemler,2,Taahhütler (3+4),TP,"16.357.474,44",16357474.44,TL,BDDK Haftalık Bülten
2025-04-04,2025-04-04,2025-04-04,False,2025,4,4,588,Nisan/04 (14. Hafta),294,Bilanço Dışı İşlemler,2,Taahhütler (3+4),YP,"17.216.244,54",17216244.54,TL,BDDK Haftalık Bülten
2025-04-04,2025-04-04,2025-04-04,False,2025,4,4,588,Nisan/04 (14. Hafta),294,Bilanço Dışı İşlemler,3,a) Türev Finansal Araçlar,TOPLAM,"18.744.960,27",18744960.27,TL,BDDK Haftalık Bülten
2025-04-04,2025-04-04,2025-04-04,False,2025,4,4,588,Nisan/04 (14. Hafta),294,Bilanço Dışı İşlemler,3,a) Türev Finansal Araçlar,TP,"4.291.206,93",4291206.93,TL,BDDK Haftalık Bülten
2025-04-04,2025-04-04,2025-04-04,False,2025,4,4,588,Nisan/04 (14. Hafta),294,Bilanço Dışı İşlemler,3,a) Türev Finansal Araçlar,YP,"14.453.753,34",14453753.34,TL,BDDK Haftalık Bülten
2025-04-04,2025-04-04,2025-04-04,False,2025,4,4,588,Nisan/04 (14. Hafta),294,Bilanço Dışı İşlemler,4,b) Diğer,TOPLAM,"14.828.758,71",14828758.71,TL,BDDK Haftalık Bülten
2025-04-04,2025-04-04,2025-04-04,False,2025,4,4,588,Nisan/04 (14. Hafta),294,Bilanço Dışı İşlemler,4,b) Diğer,TP,"12.066.267,51",12066267.51,TL,BDDK Haftalık Bülten
2025-04-04,2025-04-04,2025-04-04,False,2025,4,4,588,Nisan/04 (14. Hafta),294,Bilanço Dışı İşlemler,4,b) Diğer,YP,"2.762.491,21",2762491.21,TL,BDDK Haftalık Bülten
2025-04-11,2025-04-11,2025-04-11,False,2025,4,11,589,Nisan/11 (15. Hafta),294,Bilanço Dışı İşlemler,1,Gayrinakdi Kredi ve Yükümlülükler,TOPLAM,"6.954.486,43",6954486.43,TL,BDDK Haftalık Bülten
2025-04-11,2025-04-11,2025-04-11,False,2025,4,11,589,Nisan/11 (15. Hafta),294,Bilanço Dışı İşlemler,1,Gayrinakdi Kredi ve Yükümlülükler,TP,"3.613.741,55",3613741.55,TL,BDDK Haftalık Bülten
2025-04-11,2025-04-11,2025-04-11,False,2025,4,11,589,Nisan/11 (15. Hafta),294,Bilanço Dışı İşlemler,1,Gayrinakdi Kredi ve Yükümlülükler,YP,"3.340.744,88",3340744.88,TL,BDDK Haftalık Bülten
2025-04-11,2025-04-11,2025-04-11,False,2025,4,11,589,Nisan/11 (15. Hafta),294,Bilanço Dışı İşlemler,2,Taahhütler (3+4),TOPLAM,"32.894.044,70",32894044.7,TL,BDDK Haftalık Bülten
2025-04-11,2025-04-11,2025-04-11,False,2025,4,11,589,Nisan/11 (15. Hafta),294,Bilanço Dışı İşlemler,2,Taahhütler (3+4),TP,"15.968.859,57",15968859.57,TL,BDDK Haftalık Bülten
2025-04-11,2025-04-11,2025-04-11,False,2025,4,11,589,Nisan/11 (15. Hafta),294,Bilanço Dışı İşlemler,2,Taahhütler (3+4),YP,"16.925.185,13",16925185.13,TL,BDDK Haftalık Bülten
2025-04-11,2025-04-11,2025-04-11,False,2025,4,11,589,Nisan/11 (15. Hafta),294,Bilanço Dışı İşlemler,3,a) Türev Finansal Araçlar,TOPLAM,"19.032.876,75",19032876.75,TL,BDDK Haftalık Bülten
2025-04-11,2025-04-11,2025-04-11,False,2025,4,11,589,Nisan/11 (15. Hafta),294,Bilanço Dışı İşlemler,3,a) Türev Finansal Araçlar,TP,"4.296.784,46",4296784.46,TL,BDDK Haftalık Bülten
2025-04-11,2025-04-11,2025-04-11,False,2025,4,11,589,Nisan/11 (15. Hafta),294,Bilanço Dışı İşlemler,3,a) Türev Finansal Araçlar,YP,"14.736.092,29",14736092.29,TL,BDDK Haftalık Bülten
2025-04-11,2025-04-11,2025-04-11,False,2025,4,11,589,Nisan/11 (15. Hafta),294,Bilanço Dışı İşlemler,4,b) Diğer,TOPLAM,"13.861.167,94",13861167.94,TL,BDDK Haftalık Bülten
2025-04-11,2025-04-11,2025-04-11,False,2025,4,11,589,Nisan/11 (15. Hafta),294,Bilanço Dışı İşlemler,4,b) Diğer,TP,"11.672.075,11",11672075.11,TL,BDDK Haftalık Bülten
2025-04-11,2025-04-11,2025-04-11,False,2025,4,11,589,Nisan/11 (15. Hafta),294,Bilanço Dışı İşlemler,4,b) Diğer,YP,"2.189.092,83",2189092.83,TL,BDDK Haftalık Bülten
2025-04-18,2025-04-18,2025-04-18,False,2025,4,18,590,Nisan/18 (16. Hafta),294,Bilanço Dışı İşlemler,1,Gayrinakdi Kredi ve Yükümlülükler,TOPLAM,"6.982.177,13",6982177.13,TL,BDDK Haftalık Bülten
2025-04-18,2025-04-18,2025-04-18,False,2025,4,18,590,Nisan/18 (16. Hafta),294,Bilanço Dışı İşlemler,1,Gayrinakdi Kredi ve Yükümlülükler,TP,"3.611.609,56",3611609.56,TL,BDDK Haftalık Bülten
2025-04-18,2025-04-18,2025-04-18,False,2025,4,18,590,Nisan/18 (16. Hafta),294,Bilanço Dışı İşlemler,1,Gayrinakdi Kredi ve Yükümlülükler,YP,"3.370.567,56",3370567.56,TL,BDDK Haftalık Bülten
2025-04-18,2025-04-18,2025-04-18,False,2025,4,18,590,Nisan/18 (16. Hafta),294,Bilanço Dışı İşlemler,2,Taahhütler (3+4),TOPLAM,"32.108.513,14",32108513.14,TL,BDDK Haftalık Bülten
2025-04-18,2025-04-18,2025-04-18,False,2025,4,18,590,Nisan/18 (16. Hafta),294,Bilanço Dışı İşlemler,2,Taahhütler (3+4),TP,"15.788.387,43",15788387.43,TL,BDDK Haftalık Bülten
2025-04-18,2025-04-18,2025-04-18,False,2025,4,18,590,Nisan/18 (16. Hafta),294,Bilanço Dışı İşlemler,2,Taahhütler (3+4),YP,"16.320.125,71",16320125.71,TL,BDDK Haftalık Bülten
2025-04-18,2025-04-18,2025-04-18,False,2025,4,18,590,Nisan/18 (16. Hafta),294,Bilanço Dışı İşlemler,3,a) Türev Finansal Araçlar,TOPLAM,"18.852.252,00",18852252.0,TL,BDDK Haftalık Bülten
2025-04-18,2025-04-18,2025-04-18,False,2025,4,18,590,Nisan/18 (16. Hafta),294,Bilanço Dışı İşlemler,3,a) Türev Finansal Araçlar,TP,"4.247.573,05",4247573.05,TL,BDDK Haftalık Bülten
2025-04-18,2025-04-18,2025-04-18,False,2025,4,18,590,Nisan/18 (16. Hafta),294,Bilanço Dışı İşlemler,3,a) Türev Finansal Araçlar,YP,"14.604.678,94",14604678.94,TL,BDDK Haftalık Bülten
2025-04-18,2025-04-18,2025-04-18,False,2025,4,18,590,Nisan/18 (16. Hafta),294,Bilanço Dışı İşlemler,4,b) Diğer,TOPLAM,"13.256.261,15",13256261.15,TL,BDDK Haftalık Bülten
2025-04-18,2025-04-18,2025-04-18,False,2025,4,18,590,Nisan/18 (16. Hafta),294,Bilanço Dışı İşlemler,4,b) Diğer,TP,"11.540.814,38",11540814.38,TL,BDDK Haftalık Bülten
2025-04-18,2025-04-18,2025-04-18,False,2025,4,18,590,Nisan/18 (16. Hafta),294,Bilanço Dışı İşlemler,4,b) Diğer,YP,"1.715.446,77",1715446.77,TL,BDDK Haftalık Bülten
2025-04-25,2025-04-25,2025-04-25,False,2025,4,25,591,Nisan/25 (17. Hafta),294,Bilanço Dışı İşlemler,1,Gayrinakdi Kredi ve Yükümlülükler,TOPLAM,"7.042.533,80",7042533.8,TL,BDDK Haftalık Bülten
2025-04-25,2025-04-25,2025-04-25,False,2025,4,25,591,Nisan/25 (17. Hafta),294,Bilanço Dışı İşlemler,1,Gayrinakdi Kredi ve Yükümlülükler,TP,"3.660.527,59",3660527.59,TL,BDDK Haftalık Bülten
2025-04-25,2025-04-25,2025-04-25,False,2025,4,25,591,Nisan/25 (17. Hafta),294,Bilanço Dışı İşlemler,1,Gayrinakdi Kredi ve Yükümlülükler,YP,"3.382.006,21",3382006.21,TL,BDDK Haftalık Bülten
2025-04-25,2025-04-25,2025-04-25,False,2025,4,25,591,Nisan/25 (17. Hafta),294,Bilanço Dışı İşlemler,2,Taahhütler (3+4),TOPLAM,"33.152.205,88",33152205.88,TL,BDDK Haftalık Bülten
2025-04-25,2025-04-25,2025-04-25,False,2025,4,25,591,Nisan/25 (17. Hafta),294,Bilanço Dışı İşlemler,2,Taahhütler (3+4),TP,"16.340.090,63",16340090.63,TL,BDDK Haftalık Bülten
2025-04-25,2025-04-25,2025-04-25,False,2025,4,25,591,Nisan/25 (17. Hafta),294,Bilanço Dışı İşlemler,2,Taahhütler (3+4),YP,"16.812.115,25",16812115.25,TL,BDDK Haftalık Bülten
2025-04-25,2025-04-25,2025-04-25,False,2025,4,25,591,Nisan/25 (17. Hafta),294,Bilanço Dışı İşlemler,3,a) Türev Finansal Araçlar,TOPLAM,"18.903.025,47",18903025.47,TL,BDDK Haftalık Bülten
2025-04-25,2025-04-25,2025-04-25,False,2025,4,25,591,Nisan/25 (17. Hafta),294,Bilanço Dışı İşlemler,3,a) Türev Finansal Araçlar,TP,"4.231.895,81",4231895.81,TL,BDDK Haftalık Bülten
2025-04-25,2025-04-25,2025-04-25,False,2025,4,25,591,Nisan/25 (17. Hafta),294,Bilanço Dışı İşlemler,3,a) Türev Finansal Araçlar,YP,"14.671.129,66",14671129.66,TL,BDDK Haftalık Bülten
2025-04-25,2025-04-25,2025-04-25,False,2025,4,25,591,Nisan/25 (17. Hafta),294,Bilanço Dışı İşlemler,4,b) Diğer,TOPLAM,"14.249.180,41",14249180.41,TL,BDDK Haftalık Bülten
2025-04-25,2025-04-25,2025-04-25,False,2025,4,25,591,Nisan/25 (17. Hafta),294,Bilanço Dışı İşlemler,4,b) Diğer,TP,"12.108.194,82",12108194.82,TL,BDDK Haftalık Bülten
2025-04-25,2025-04-25,2025-04-25,False,2025,4,25,591,Nisan/25 (17. Hafta),294,Bilanço Dışı İşlemler,4,b) Diğer,YP,"2.140.985,59",2140985.59,TL,BDDK Haftalık Bülten
2025-05-02,2025-05-02,2025-05-02,False,2025,5,2,592,Mayıs/02 (18. Hafta),294,Bilanço Dışı İşlemler,1,Gayrinakdi Kredi ve Yükümlülükler,TOPLAM,"7.099.126,68",7099126.68,TL,BDDK Haftalık Bülten
2025-05-02,2025-05-02,2025-05-02,False,2025,5,2,592,Mayıs/02 (18. Hafta),294,Bilanço Dışı İşlemler,1,Gayrinakdi Kredi ve Yükümlülükler,TP,"3.695.101,07",3695101.07,TL,BDDK Haftalık Bülten
2025-05-02,2025-05-02,2025-05-02,False,2025,5,2,592,Mayıs/02 (18. Hafta),294,Bilanço Dışı İşlemler,1,Gayrinakdi Kredi ve Yükümlülükler,YP,"3.404.025,61",3404025.61,TL,BDDK Haftalık Bülten
2025-05-02,2025-05-02,2025-05-02,False,2025,5,2,592,Mayıs/02 (18. Hafta),294,Bilanço Dışı İşlemler,2,Taahhütler (3+4),TOPLAM,"32.193.272,74",32193272.74,TL,BDDK Haftalık Bülten
2025-05-02,2025-05-02,2025-05-02,False,2025,5,2,592,Mayıs/02 (18. Hafta),294,Bilanço Dışı İşlemler,2,Taahhütler (3+4),TP,"15.799.072,81",15799072.81,TL,BDDK Haftalık Bülten
2025-05-02,2025-05-02,2025-05-02,False,2025,5,2,592,Mayıs/02 (18. Hafta),294,Bilanço Dışı İşlemler,2,Taahhütler (3+4),YP,"16.394.199,93",16394199.93,TL,BDDK Haftalık Bülten
2025-05-02,2025-05-02,2025-05-02,False,2025,5,2,592,Mayıs/02 (18. Hafta),294,Bilanço Dışı İşlemler,3,a) Türev Finansal Araçlar,TOPLAM,"18.793.317,32",18793317.32,TL,BDDK Haftalık Bülten
2025-05-02,2025-05-02,2025-05-02,False,2025,5,2,592,Mayıs/02 (18. Hafta),294,Bilanço Dışı İşlemler,3,a) Türev Finansal Araçlar,TP,"4.107.400,21",4107400.21,TL,BDDK Haftalık Bülten
2025-05-02,2025-05-02,2025-05-02,False,2025,5,2,592,Mayıs/02 (18. Hafta),294,Bilanço Dışı İşlemler,3,a) Türev Finansal Araçlar,YP,"14.685.917,11",14685917.11,TL,BDDK Haftalık Bülten
2025-05-02,2025-05-02,2025-05-02,False,2025,5,2,592,Mayıs/02 (18. Hafta),294,Bilanço Dışı İşlemler,4,b) Diğer,TOPLAM,"13.399.955,41",13399955.41,TL,BDDK Haftalık Bülten
2025-05-02,2025-05-02,2025-05-02,False,2025,5,2,592,Mayıs/02 (18. Hafta),294,Bilanço Dışı İşlemler,4,b) Diğer,TP,"11.691.672,59",11691672.59,TL,BDDK Haftalık Bülten
2025-05-02,2025-05-02,2025-05-02,False,2025,5,2,592,Mayıs/02 (18. Hafta),294,Bilanço Dışı İşlemler,4,b) Diğer,YP,"1.708.282,82",1708282.82,TL,BDDK Haftalık Bülten
2025-05-09,2025-05-09,2025-05-09,False,2025,5,9,593,Mayıs/09 (19. Hafta),294,Bilanço Dışı İşlemler,1,Gayrinakdi Kredi ve Yükümlülükler,TOPLAM,"7.145.546,93",7145546.93,TL,BDDK Haftalık Bülten
2025-05-09,2025-05-09,2025-05-09,False,2025,5,9,593,Mayıs/09 (19. Hafta),294,Bilanço Dışı İşlemler,1,Gayrinakdi Kredi ve Yükümlülükler,TP,"3.723.460,09",3723460.09,TL,BDDK Haftalık Bülten
2025-05-09,2025-05-09,2025-05-09,False,2025,5,9,593,Mayıs/09 (19. Hafta),294,Bilanço Dışı İşlemler,1,Gayrinakdi Kredi ve Yükümlülükler,YP,"3.422.086,84",3422086.84,TL,BDDK Haftalık Bülten
2025-05-09,2025-05-09,2025-05-09,False,2025,5,9,593,Mayıs/09 (19. Hafta),294,Bilanço Dışı İşlemler,2,Taahhütler (3+4),TOPLAM,"32.409.504,96",32409504.96,TL,BDDK Haftalık Bülten
2025-05-09,2025-05-09,2025-05-09,False,2025,5,9,593,Mayıs/09 (19. Hafta),294,Bilanço Dışı İşlemler,2,Taahhütler (3+4),TP,"15.969.377,28",15969377.28,TL,BDDK Haftalık Bülten
2025-05-09,2025-05-09,2025-05-09,False,2025,5,9,593,Mayıs/09 (19. Hafta),294,Bilanço Dışı İşlemler,2,Taahhütler (3+4),YP,"16.440.127,69",16440127.69,TL,BDDK Haftalık Bülten
2025-05-09,2025-05-09,2025-05-09,False,2025,5,9,593,Mayıs/09 (19. Hafta),294,Bilanço Dışı İşlemler,3,a) Türev Finansal Araçlar,TOPLAM,"18.862.715,03",18862715.03,TL,BDDK Haftalık Bülten
2025-05-09,2025-05-09,2025-05-09,False,2025,5,9,593,Mayıs/09 (19. Hafta),294,Bilanço Dışı İşlemler,3,a) Türev Finansal Araçlar,TP,"4.131.969,16",4131969.16,TL,BDDK Haftalık Bülten
2025-05-09,2025-05-09,2025-05-09,False,2025,5,9,593,Mayıs/09 (19. Hafta),294,Bilanço Dışı İşlemler,3,a) Türev Finansal Araçlar,YP,"14.730.745,88",14730745.88,TL,BDDK Haftalık Bülten
2025-05-09,2025-05-09,2025-05-09,False,2025,5,9,593,Mayıs/09 (19. Hafta),294,Bilanço Dışı İşlemler,4,b) Diğer,TOPLAM,"13.546.789,93",13546789.93,TL,BDDK Haftalık Bülten
2025-05-09,2025-05-09,2025-05-09,False,2025,5,9,593,Mayıs/09 (19. Hafta),294,Bilanço Dışı İşlemler,4,b) Diğer,TP,"11.837.408,12",11837408.12,TL,BDDK Haftalık Bülten
2025-05-09,2025-05-09,2025-05-09,False,2025,5,9,593,Mayıs/09 (19. Hafta),294,Bilanço Dışı İşlemler,4,b) Diğer,YP,"1.709.381,81",1709381.81,TL,BDDK Haftalık Bülten
2025-05-16,2025-05-16,2025-05-16,False,2025,5,16,594,Mayıs/16 (20. Hafta),294,Bilanço Dışı İşlemler,1,Gayrinakdi Kredi ve Yükümlülükler,TOPLAM,"7.163.825,25",7163825.25,TL,BDDK Haftalık Bülten
2025-05-16,2025-05-16,2025-05-16,False,2025,5,16,594,Mayıs/16 (20. Hafta),294,Bilanço Dışı İşlemler,1,Gayrinakdi Kredi ve Yükümlülükler,TP,"3.733.040,82",3733040.82,TL,BDDK Haftalık Bülten
2025-05-16,2025-05-16,2025-05-16,False,2025,5,16,594,Mayıs/16 (20. Hafta),294,Bilanço Dışı İşlemler,1,Gayrinakdi Kredi ve Yükümlülükler,YP,"3.430.784,43",3430784.43,TL,BDDK Haftalık Bülten
2025-05-16,2025-05-16,2025-05-16,False,2025,5,16,594,Mayıs/16 (20. Hafta),294,Bilanço Dışı İşlemler,2,Taahhütler (3+4),TOPLAM,"32.805.115,04",32805115.04,TL,BDDK Haftalık Bülten
2025-05-16,2025-05-16,2025-05-16,False,2025,5,16,594,Mayıs/16 (20. Hafta),294,Bilanço Dışı İşlemler,2,Taahhütler (3+4),TP,"16.198.793,56",16198793.56,TL,BDDK Haftalık Bülten
2025-05-16,2025-05-16,2025-05-16,False,2025,5,16,594,Mayıs/16 (20. Hafta),294,Bilanço Dışı İşlemler,2,Taahhütler (3+4),YP,"16.606.321,48",16606321.48,TL,BDDK Haftalık Bülten
2025-05-16,2025-05-16,2025-05-16,False,2025,5,16,594,Mayıs/16 (20. Hafta),294,Bilanço Dışı İşlemler,3,a) Türev Finansal Araçlar,TOPLAM,"18.973.051,74",18973051.74,TL,BDDK Haftalık Bülten
2025-05-16,2025-05-16,2025-05-16,False,2025,5,16,594,Mayıs/16 (20. Hafta),294,Bilanço Dışı İşlemler,3,a) Türev Finansal Araçlar,TP,"4.205.035,06",4205035.06,TL,BDDK Haftalık Bülten
2025-05-16,2025-05-16,2025-05-16,False,2025,5,16,594,Mayıs/16 (20. Hafta),294,Bilanço Dışı İşlemler,3,a) Türev Finansal Araçlar,YP,"14.768.016,68",14768016.68,TL,BDDK Haftalık Bülten
2025-05-16,2025-05-16,2025-05-16,False,2025,5,16,594,Mayıs/16 (20. Hafta),294,Bilanço Dışı İşlemler,4,b) Diğer,TOPLAM,"13.832.063,30",13832063.3,TL,BDDK Haftalık Bülten
2025-05-16,2025-05-16,2025-05-16,False,2025,5,16,594,Mayıs/16 (20. Hafta),294,Bilanço Dışı İşlemler,4,b) Diğer,TP,"11.993.758,50",11993758.5,TL,BDDK Haftalık Bülten
2025-05-16,2025-05-16,2025-05-16,False,2025,5,16,594,Mayıs/16 (20. Hafta),294,Bilanço Dışı İşlemler,4,b) Diğer,YP,"1.838.304,80",1838304.8,TL,BDDK Haftalık Bülten
2025-05-23,2025-05-23,2025-05-23,False,2025,5,23,595,Mayıs/23 (21. Hafta),294,Bilanço Dışı İşlemler,1,Gayrinakdi Kredi ve Yükümlülükler,TOPLAM,"7.234.368,17",7234368.17,TL,BDDK Haftalık Bülten
2025-05-23,2025-05-23,2025-05-23,False,2025,5,23,595,Mayıs/23 (21. Hafta),294,Bilanço Dışı İşlemler,1,Gayrinakdi Kredi ve Yükümlülükler,TP,"3.762.490,13",3762490.13,TL,BDDK Haftalık Bülten
2025-05-23,2025-05-23,2025-05-23,False,2025,5,23,595,Mayıs/23 (21. Hafta),294,Bilanço Dışı İşlemler,1,Gayrinakdi Kredi ve Yükümlülükler,YP,"3.471.878,04",3471878.04,TL,BDDK Haftalık Bülten
2025-05-23,2025-05-23,2025-05-23,False,2025,5,23,595,Mayıs/23 (21. Hafta),294,Bilanço Dışı İşlemler,2,Taahhütler (3+4),TOPLAM,"33.662.813,12",33662813.12,TL,BDDK Haftalık Bülten
2025-05-23,2025-05-23,2025-05-23,False,2025,5,23,595,Mayıs/23 (21. Hafta),294,Bilanço Dışı İşlemler,2,Taahhütler (3+4),TP,"16.707.071,92",16707071.92,TL,BDDK Haftalık Bülten
2025-05-23,2025-05-23,2025-05-23,False,2025,5,23,595,Mayıs/23 (21. Hafta),294,Bilanço Dışı İşlemler,2,Taahhütler (3+4),YP,"16.955.741,20",16955741.2,TL,BDDK Haftalık Bülten
2025-05-23,2025-05-23,2025-05-23,False,2025,5,23,595,Mayıs/23 (21. Hafta),294,Bilanço Dışı İşlemler,3,a) Türev Finansal Araçlar,TOPLAM,"19.126.818,17",19126818.17,TL,BDDK Haftalık Bülten
2025-05-23,2025-05-23,2025-05-23,False,2025,5,23,595,Mayıs/23 (21. Hafta),294,Bilanço Dışı İşlemler,3,a) Türev Finansal Araçlar,TP,"4.324.190,87",4324190.87,TL,BDDK Haftalık Bülten
2025-05-23,2025-05-23,2025-05-23,False,2025,5,23,595,Mayıs/23 (21. Hafta),294,Bilanço Dışı İşlemler,3,a) Türev Finansal Araçlar,YP,"14.802.627,30",14802627.3,TL,BDDK Haftalık Bülten
2025-05-23,2025-05-23,2025-05-23,False,2025,5,23,595,Mayıs/23 (21. Hafta),294,Bilanço Dışı İşlemler,4,b) Diğer,TOPLAM,"14.535.994,95",14535994.95,TL,BDDK Haftalık Bülten
2025-05-23,2025-05-23,2025-05-23,False,2025,5,23,595,Mayıs/23 (21. Hafta),294,Bilanço Dışı İşlemler,4,b) Diğer,TP,"12.382.881,06",12382881.06,TL,BDDK Haftalık Bülten
2025-05-23,2025-05-23,2025-05-23,False,2025,5,23,595,Mayıs/23 (21. Hafta),294,Bilanço Dışı İşlemler,4,b) Diğer,YP,"2.153.113,90",2153113.9,TL,BDDK Haftalık Bülten
2025-05-30,2025-05-30,2025-05-30,False,2025,5,30,596,Mayıs/30 (22. Hafta),294,Bilanço Dışı İşlemler,1,Gayrinakdi Kredi ve Yükümlülükler,TOPLAM,"7.319.127,57",7319127.57,TL,BDDK Haftalık Bülten
2025-05-30,2025-05-30,2025-05-30,False,2025,5,30,596,Mayıs/30 (22. Hafta),294,Bilanço Dışı İşlemler,1,Gayrinakdi Kredi ve Yükümlülükler,TP,"3.826.685,98",3826685.98,TL,BDDK Haftalık Bülten
2025-05-30,2025-05-30,2025-05-30,False,2025,5,30,596,Mayıs/30 (22. Hafta),294,Bilanço Dışı İşlemler,1,Gayrinakdi Kredi ve Yükümlülükler,YP,"3.492.441,60",3492441.6,TL,BDDK Haftalık Bülten
2025-05-30,2025-05-30,2025-05-30,False,2025,5,30,596,Mayıs/30 (22. Hafta),294,Bilanço Dışı İşlemler,2,Taahhütler (3+4),TOPLAM,"33.767.799,33",33767799.33,TL,BDDK Haftalık Bülten
2025-05-30,2025-05-30,2025-05-30,False,2025,5,30,596,Mayıs/30 (22. Hafta),294,Bilanço Dışı İşlemler,2,Taahhütler (3+4),TP,"16.843.888,87",16843888.87,TL,BDDK Haftalık Bülten
2025-05-30,2025-05-30,2025-05-30,False,2025,5,30,596,Mayıs/30 (22. Hafta),294,Bilanço Dışı İşlemler,2,Taahhütler (3+4),YP,"16.923.910,45",16923910.45,TL,BDDK Haftalık Bülten
2025-05-30,2025-05-30,2025-05-30,False,2025,5,30,596,Mayıs/30 (22. Hafta),294,Bilanço Dışı İşlemler,3,a) Türev Finansal Araçlar,TOPLAM,"19.002.483,11",19002483.11,TL,BDDK Haftalık Bülten
2025-05-30,2025-05-30,2025-05-30,False,2025,5,30,596,Mayıs/30 (22. Hafta),294,Bilanço Dışı İşlemler,3,a) Türev Finansal Araçlar,TP,"4.287.755,61",4287755.61,TL,BDDK Haftalık Bülten
2025-05-30,2025-05-30,2025-05-30,False,2025,5,30,596,Mayıs/30 (22. Hafta),294,Bilanço Dışı İşlemler,3,a) Türev Finansal Araçlar,YP,"14.714.727,50",14714727.5,TL,BDDK Haftalık Bülten
2025-05-30,2025-05-30,2025-05-30,False,2025,5,30,596,Mayıs/30 (22. Hafta),294,Bilanço Dışı İşlemler,4,b) Diğer,TOPLAM,"14.765.316,21",14765316.21,TL,BDDK Haftalık Bülten
2025-05-30,2025-05-30,2025-05-30,False,2025,5,30,596,Mayıs/30 (22. Hafta),294,Bilanço Dışı İşlemler,4,b) Diğer,TP,"12.556.133,26",12556133.26,TL,BDDK Haftalık Bülten
2025-05-30,2025-05-30,2025-05-30,False,2025,5,30,596,Mayıs/30 (22. Hafta),294,Bilanço Dışı İşlemler,4,b) Diğer,YP,"2.209.182,95",2209182.95,TL,BDDK Haftalık Bülten
2025-06-05,2025-06-05,2025-06-05,False,2025,6,5,597,Haziran/05 (23. Hafta),294,Bilanço Dışı İşlemler,1,Gayrinakdi Kredi ve Yükümlülükler,TOPLAM,"7.329.206,51",7329206.51,TL,BDDK Haftalık Bülten
2025-06-05,2025-06-05,2025-06-05,False,2025,6,5,597,Haziran/05 (23. Hafta),294,Bilanço Dışı İşlemler,1,Gayrinakdi Kredi ve Yükümlülükler,TP,"3.829.367,10",3829367.1,TL,BDDK Haftalık Bülten
2025-06-05,2025-06-05,2025-06-05,False,2025,6,5,597,Haziran/05 (23. Hafta),294,Bilanço Dışı İşlemler,1,Gayrinakdi Kredi ve Yükümlülükler,YP,"3.499.839,41",3499839.41,TL,BDDK Haftalık Bülten
2025-06-05,2025-06-05,2025-06-05,False,2025,6,5,597,Haziran/05 (23. Hafta),294,Bilanço Dışı İşlemler,2,Taahhütler (3+4),TOPLAM,"33.343.643,89",33343643.89,TL,BDDK Haftalık Bülten
2025-06-05,2025-06-05,2025-06-05,False,2025,6,5,597,Haziran/05 (23. Hafta),294,Bilanço Dışı İşlemler,2,Taahhütler (3+4),TP,"16.609.637,78",16609637.78,TL,BDDK Haftalık Bülten
2025-06-05,2025-06-05,2025-06-05,False,2025,6,5,597,Haziran/05 (23. Hafta),294,Bilanço Dışı İşlemler,2,Taahhütler (3+4),YP,"16.734.006,11",16734006.11,TL,BDDK Haftalık Bülten
2025-06-05,2025-06-05,2025-06-05,False,2025,6,5,597,Haziran/05 (23. Hafta),294,Bilanço Dışı İşlemler,3,a) Türev Finansal Araçlar,TOPLAM,"19.414.375,85",19414375.85,TL,BDDK Haftalık Bülten
2025-06-05,2025-06-05,2025-06-05,False,2025,6,5,597,Haziran/05 (23. Hafta),294,Bilanço Dışı İşlemler,3,a) Türev Finansal Araçlar,TP,"4.325.756,66",4325756.66,TL,BDDK Haftalık Bülten
2025-06-05,2025-06-05,2025-06-05,False,2025,6,5,597,Haziran/05 (23. Hafta),294,Bilanço Dışı İşlemler,3,a) Türev Finansal Araçlar,YP,"15.088.619,18",15088619.18,TL,BDDK Haftalık Bülten
2025-06-05,2025-06-05,2025-06-05,False,2025,6,5,597,Haziran/05 (23. Hafta),294,Bilanço Dışı İşlemler,4,b) Diğer,TOPLAM,"13.929.268,04",13929268.04,TL,BDDK Haftalık Bülten
2025-06-05,2025-06-05,2025-06-05,False,2025,6,5,597,Haziran/05 (23. Hafta),294,Bilanço Dışı İşlemler,4,b) Diğer,TP,"12.283.881,12",12283881.12,TL,BDDK Haftalık Bülten
2025-06-05,2025-06-05,2025-06-05,False,2025,6,5,597,Haziran/05 (23. Hafta),294,Bilanço Dışı İşlemler,4,b) Diğer,YP,"1.645.386,92",1645386.92,TL,BDDK Haftalık Bülten
2025-06-13,2025-06-13,2025-06-13,False,2025,6,13,598,Haziran/13 (24. Hafta),294,Bilanço Dışı İşlemler,1,Gayrinakdi Kredi ve Yükümlülükler,TOPLAM,"7.394.523,46",7394523.46,TL,BDDK Haftalık Bülten
2025-06-13,2025-06-13,2025-06-13,False,2025,6,13,598,Haziran/13 (24. Hafta),294,Bilanço Dışı İşlemler,1,Gayrinakdi Kredi ve Yükümlülükler,TP,"3.854.082,44",3854082.44,TL,BDDK Haftalık Bülten
2025-06-13,2025-06-13,2025-06-13,False,2025,6,13,598,Haziran/13 (24. Hafta),294,Bilanço Dışı İşlemler,1,Gayrinakdi Kredi ve Yükümlülükler,YP,"3.540.441,02",3540441.02,TL,BDDK Haftalık Bülten
2025-06-13,2025-06-13,2025-06-13,False,2025,6,13,598,Haziran/13 (24. Hafta),294,Bilanço Dışı İşlemler,2,Taahhütler (3+4),TOPLAM,"35.456.043,92",35456043.92,TL,BDDK Haftalık Bülten
2025-06-13,2025-06-13,2025-06-13,False,2025,6,13,598,Haziran/13 (24. Hafta),294,Bilanço Dışı İşlemler,2,Taahhütler (3+4),TP,"17.638.959,07",17638959.07,TL,BDDK Haftalık Bülten
2025-06-13,2025-06-13,2025-06-13,False,2025,6,13,598,Haziran/13 (24. Hafta),294,Bilanço Dışı İşlemler,2,Taahhütler (3+4),YP,"17.817.084,86",17817084.86,TL,BDDK Haftalık Bülten
2025-06-13,2025-06-13,2025-06-13,False,2025,6,13,598,Haziran/13 (24. Hafta),294,Bilanço Dışı İşlemler,3,a) Türev Finansal Araçlar,TOPLAM,"19.478.422,43",19478422.43,TL,BDDK Haftalık Bülten
2025-06-13,2025-06-13,2025-06-13,False,2025,6,13,598,Haziran/13 (24. Hafta),294,Bilanço Dışı İşlemler,3,a) Türev Finansal Araçlar,TP,"4.400.572,80",4400572.8,TL,BDDK Haftalık Bülten
2025-06-13,2025-06-13,2025-06-13,False,2025,6,13,598,Haziran/13 (24. Hafta),294,Bilanço Dışı İşlemler,3,a) Türev Finansal Araçlar,YP,"15.077.849,63",15077849.63,TL,BDDK Haftalık Bülten
2025-06-13,2025-06-13,2025-06-13,False,2025,6,13,598,Haziran/13 (24. Hafta),294,Bilanço Dışı İşlemler,4,b) Diğer,TOPLAM,"15.977.621,49",15977621.49,TL,BDDK Haftalık Bülten
2025-06-13,2025-06-13,2025-06-13,False,2025,6,13,598,Haziran/13 (24. Hafta),294,Bilanço Dışı İşlemler,4,b) Diğer,TP,"13.238.386,26",13238386.26,TL,BDDK Haftalık Bülten
2025-06-13,2025-06-13,2025-06-13,False,2025,6,13,598,Haziran/13 (24. Hafta),294,Bilanço Dışı İşlemler,4,b) Diğer,YP,"2.739.235,23",2739235.23,TL,BDDK Haftalık Bülten
2025-06-20,2025-06-20,2025-06-20,False,2025,6,20,599,Haziran/20 (25. Hafta),294,Bilanço Dışı İşlemler,1,Gayrinakdi Kredi ve Yükümlülükler,TOPLAM,"7.469.051,36",7469051.36,TL,BDDK Haftalık Bülten
2025-06-20,2025-06-20,2025-06-20,False,2025,6,20,599,Haziran/20 (25. Hafta),294,Bilanço Dışı İşlemler,1,Gayrinakdi Kredi ve Yükümlülükler,TP,"3.902.077,37",3902077.37,TL,BDDK Haftalık Bülten
2025-06-20,2025-06-20,2025-06-20,False,2025,6,20,599,Haziran/20 (25. Hafta),294,Bilanço Dışı İşlemler,1,Gayrinakdi Kredi ve Yükümlülükler,YP,"3.566.973,99",3566973.99,TL,BDDK Haftalık Bülten
2025-06-20,2025-06-20,2025-06-20,False,2025,6,20,599,Haziran/20 (25. Hafta),294,Bilanço Dışı İşlemler,2,Taahhütler (3+4),TOPLAM,"34.025.353,82",34025353.82,TL,BDDK Haftalık Bülten
2025-06-20,2025-06-20,2025-06-20,False,2025,6,20,599,Haziran/20 (25. Hafta),294,Bilanço Dışı İşlemler,2,Taahhütler (3+4),TP,"17.171.549,15",17171549.15,TL,BDDK Haftalık Bülten
2025-06-20,2025-06-20,2025-06-20,False,2025,6,20,599,Haziran/20 (25. Hafta),294,Bilanço Dışı İşlemler,2,Taahhütler (3+4),YP,"16.853.804,68",16853804.68,TL,BDDK Haftalık Bülten
2025-06-20,2025-06-20,2025-06-20,False,2025,6,20,599,Haziran/20 (25. Hafta),294,Bilanço Dışı İşlemler,3,a) Türev Finansal Araçlar,TOPLAM,"19.364.365,09",19364365.09,TL,BDDK Haftalık Bülten
2025-06-20,2025-06-20,2025-06-20,False,2025,6,20,599,Haziran/20 (25. Hafta),294,Bilanço Dışı İşlemler,3,a) Türev Finansal Araçlar,TP,"4.399.977,47",4399977.47,TL,BDDK Haftalık Bülten
2025-06-20,2025-06-20,2025-06-20,False,2025,6,20,599,Haziran/20 (25. Hafta),294,Bilanço Dışı İşlemler,3,a) Türev Finansal Araçlar,YP,"14.964.387,62",14964387.62,TL,BDDK Haftalık Bülten
2025-06-20,2025-06-20,2025-06-20,False,2025,6,20,599,Haziran/20 (25. Hafta),294,Bilanço Dışı İşlemler,4,b) Diğer,TOPLAM,"14.660.988,73",14660988.73,TL,BDDK Haftalık Bülten
2025-06-20,2025-06-20,2025-06-20,False,2025,6,20,599,Haziran/20 (25. Hafta),294,Bilanço Dışı İşlemler,4,b) Diğer,TP,"12.771.571,68",12771571.68,TL,BDDK Haftalık Bülten
2025-06-20,2025-06-20,2025-06-20,False,2025,6,20,599,Haziran/20 (25. Hafta),294,Bilanço Dışı İşlemler,4,b) Diğer,YP,"1.889.417,05",1889417.05,TL,BDDK Haftalık Bülten
2025-06-27,2025-06-27,2025-06-27,False,2025,6,27,600,Haziran/27 (26. Hafta),294,Bilanço Dışı İşlemler,1,Gayrinakdi Kredi ve Yükümlülükler,TOPLAM,"7.593.835,99",7593835.99,TL,BDDK Haftalık Bülten
2025-06-27,2025-06-27,2025-06-27,False,2025,6,27,600,Haziran/27 (26. Hafta),294,Bilanço Dışı İşlemler,1,Gayrinakdi Kredi ve Yükümlülükler,TP,"3.947.037,33",3947037.33,TL,BDDK Haftalık Bülten
2025-06-27,2025-06-27,2025-06-27,False,2025,6,27,600,Haziran/27 (26. Hafta),294,Bilanço Dışı İşlemler,1,Gayrinakdi Kredi ve Yükümlülükler,YP,"3.646.798,66",3646798.66,TL,BDDK Haftalık Bülten
2025-06-27,2025-06-27,2025-06-27,False,2025,6,27,600,Haziran/27 (26. Hafta),294,Bilanço Dışı İşlemler,2,Taahhütler (3+4),TOPLAM,"35.230.081,96",35230081.96,TL,BDDK Haftalık Bülten
2025-06-27,2025-06-27,2025-06-27,False,2025,6,27,600,Haziran/27 (26. Hafta),294,Bilanço Dışı İşlemler,2,Taahhütler (3+4),TP,"17.563.906,97",17563906.97,TL,BDDK Haftalık Bülten
2025-06-27,2025-06-27,2025-06-27,False,2025,6,27,600,Haziran/27 (26. Hafta),294,Bilanço Dışı İşlemler,2,Taahhütler (3+4),YP,"17.666.174,99",17666174.99,TL,BDDK Haftalık Bülten
2025-06-27,2025-06-27,2025-06-27,False,2025,6,27,600,Haziran/27 (26. Hafta),294,Bilanço Dışı İşlemler,3,a) Türev Finansal Araçlar,TOPLAM,"19.883.620,45",19883620.45,TL,BDDK Haftalık Bülten
2025-06-27,2025-06-27,2025-06-27,False,2025,6,27,600,Haziran/27 (26. Hafta),294,Bilanço Dışı İşlemler,3,a) Türev Finansal Araçlar,TP,"4.497.179,79",4497179.79,TL,BDDK Haftalık Bülten
2025-06-27,2025-06-27,2025-06-27,False,2025,6,27,600,Haziran/27 (26. Hafta),294,Bilanço Dışı İşlemler,3,a) Türev Finansal Araçlar,YP,"15.386.440,66",15386440.66,TL,BDDK Haftalık Bülten
2025-06-27,2025-06-27,2025-06-27,False,2025,6,27,600,Haziran/27 (26. Hafta),294,Bilanço Dışı İşlemler,4,b) Diğer,TOPLAM,"15.346.461,51",15346461.51,TL,BDDK Haftalık Bülten
2025-06-27,2025-06-27,2025-06-27,False,2025,6,27,600,Haziran/27 (26. Hafta),294,Bilanço Dışı İşlemler,4,b) Diğer,TP,"13.066.727,18",13066727.18,TL,BDDK Haftalık Bülten
2025-06-27,2025-06-27,2025-06-27,False,2025,6,27,600,Haziran/27 (26. Hafta),294,Bilanço Dışı İşlemler,4,b) Diğer,YP,"2.279.734,33",2279734.33,TL,BDDK Haftalık Bülten
2025-07-04,2025-07-04,2025-07-04,False,2025,7,4,601,Temmuz/04 (27. Hafta),294,Bilanço Dışı İşlemler,1,Gayrinakdi Kredi ve Yükümlülükler,TOPLAM,"7.576.318,55",7576318.55,TL,BDDK Haftalık Bülten
2025-07-04,2025-07-04,2025-07-04,False,2025,7,4,601,Temmuz/04 (27. Hafta),294,Bilanço Dışı İşlemler,1,Gayrinakdi Kredi ve Yükümlülükler,TP,"3.935.935,11",3935935.11,TL,BDDK Haftalık Bülten
2025-07-04,2025-07-04,2025-07-04,False,2025,7,4,601,Temmuz/04 (27. Hafta),294,Bilanço Dışı İşlemler,1,Gayrinakdi Kredi ve Yükümlülükler,YP,"3.640.383,44",3640383.44,TL,BDDK Haftalık Bülten
2025-07-04,2025-07-04,2025-07-04,False,2025,7,4,601,Temmuz/04 (27. Hafta),294,Bilanço Dışı İşlemler,2,Taahhütler (3+4),TOPLAM,"34.856.022,56",34856022.56,TL,BDDK Haftalık Bülten
2025-07-04,2025-07-04,2025-07-04,False,2025,7,4,601,Temmuz/04 (27. Hafta),294,Bilanço Dışı İşlemler,2,Taahhütler (3+4),TP,"17.442.130,02",17442130.02,TL,BDDK Haftalık Bülten
2025-07-04,2025-07-04,2025-07-04,False,2025,7,4,601,Temmuz/04 (27. Hafta),294,Bilanço Dışı İşlemler,2,Taahhütler (3+4),YP,"17.413.892,54",17413892.54,TL,BDDK Haftalık Bülten
2025-07-04,2025-07-04,2025-07-04,False,2025,7,4,601,Temmuz/04 (27. Hafta),294,Bilanço Dışı İşlemler,3,a) Türev Finansal Araçlar,TOPLAM,"19.995.426,45",19995426.45,TL,BDDK Haftalık Bülten
2025-07-04,2025-07-04,2025-07-04,False,2025,7,4,601,Temmuz/04 (27. Hafta),294,Bilanço Dışı İşlemler,3,a) Türev Finansal Araçlar,TP,"4.545.211,00",4545211.0,TL,BDDK Haftalık Bülten
2025-07-04,2025-07-04,2025-07-04,False,2025,7,4,601,Temmuz/04 (27. Hafta),294,Bilanço Dışı İşlemler,3,a) Türev Finansal Araçlar,YP,"15.450.215,46",15450215.46,TL,BDDK Haftalık Bülten
2025-07-04,2025-07-04,2025-07-04,False,2025,7,4,601,Temmuz/04 (27. Hafta),294,Bilanço Dışı İşlemler,4,b) Diğer,TOPLAM,"14.860.596,11",14860596.11,TL,BDDK Haftalık Bülten
2025-07-04,2025-07-04,2025-07-04,False,2025,7,4,601,Temmuz/04 (27. Hafta),294,Bilanço Dışı İşlemler,4,b) Diğer,TP,"12.896.919,03",12896919.03,TL,BDDK Haftalık Bülten
2025-07-04,2025-07-04,2025-07-04,False,2025,7,4,601,Temmuz/04 (27. Hafta),294,Bilanço Dışı İşlemler,4,b) Diğer,YP,"1.963.677,08",1963677.08,TL,BDDK Haftalık Bülten
2025-07-11,2025-07-11,2025-07-11,False,2025,7,11,602,Temmuz/11 (28. Hafta),294,Bilanço Dışı İşlemler,1,Gayrinakdi Kredi ve Yükümlülükler,TOPLAM,"7.653.570,34",7653570.34,TL,BDDK Haftalık Bülten
2025-07-11,2025-07-11,2025-07-11,False,2025,7,11,602,Temmuz/11 (28. Hafta),294,Bilanço Dışı İşlemler,1,Gayrinakdi Kredi ve Yükümlülükler,TP,"3.972.536,24",3972536.24,TL,BDDK Haftalık Bülten
2025-07-11,2025-07-11,2025-07-11,False,2025,7,11,602,Temmuz/11 (28. Hafta),294,Bilanço Dışı İşlemler,1,Gayrinakdi Kredi ve Yükümlülükler,YP,"3.681.034,11",3681034.11,TL,BDDK Haftalık Bülten
2025-07-11,2025-07-11,2025-07-11,False,2025,7,11,602,Temmuz/11 (28. Hafta),294,Bilanço Dışı İşlemler,2,Taahhütler (3+4),TOPLAM,"35.266.896,82",35266896.82,TL,BDDK Haftalık Bülten
2025-07-11,2025-07-11,2025-07-11,False,2025,7,11,602,Temmuz/11 (28. Hafta),294,Bilanço Dışı İşlemler,2,Taahhütler (3+4),TP,"17.830.850,87",17830850.87,TL,BDDK Haftalık Bülten
2025-07-11,2025-07-11,2025-07-11,False,2025,7,11,602,Temmuz/11 (28. Hafta),294,Bilanço Dışı İşlemler,2,Taahhütler (3+4),YP,"17.436.045,95",17436045.95,TL,BDDK Haftalık Bülten
2025-07-11,2025-07-11,2025-07-11,False,2025,7,11,602,Temmuz/11 (28. Hafta),294,Bilanço Dışı İşlemler,3,a) Türev Finansal Araçlar,TOPLAM,"20.348.329,81",20348329.81,TL,BDDK Haftalık Bülten
2025-07-11,2025-07-11,2025-07-11,False,2025,7,11,602,Temmuz/11 (28. Hafta),294,Bilanço Dışı İşlemler,3,a) Türev Finansal Araçlar,TP,"4.729.098,03",4729098.03,TL,BDDK Haftalık Bülten
2025-07-11,2025-07-11,2025-07-11,False,2025,7,11,602,Temmuz/11 (28. Hafta),294,Bilanço Dışı İşlemler,3,a) Türev Finansal Araçlar,YP,"15.619.231,78",15619231.78,TL,BDDK Haftalık Bülten
2025-07-11,2025-07-11,2025-07-11,False,2025,7,11,602,Temmuz/11 (28. Hafta),294,Bilanço Dışı İşlemler,4,b) Diğer,TOPLAM,"14.918.567,01",14918567.01,TL,BDDK Haftalık Bülten
2025-07-11,2025-07-11,2025-07-11,False,2025,7,11,602,Temmuz/11 (28. Hafta),294,Bilanço Dışı İşlemler,4,b) Diğer,TP,"13.101.752,85",13101752.85,TL,BDDK Haftalık Bülten
2025-07-11,2025-07-11,2025-07-11,False,2025,7,11,602,Temmuz/11 (28. Hafta),294,Bilanço Dışı İşlemler,4,b) Diğer,YP,"1.816.814,16",1816814.16,TL,BDDK Haftalık Bülten
2025-07-18,2025-07-18,2025-07-18,False,2025,7,18,603,Temmuz/18 (29. Hafta),294,Bilanço Dışı İşlemler,1,Gayrinakdi Kredi ve Yükümlülükler,TOPLAM,"7.681.781,31",7681781.31,TL,BDDK Haftalık Bülten
2025-07-18,2025-07-18,2025-07-18,False,2025,7,18,603,Temmuz/18 (29. Hafta),294,Bilanço Dışı İşlemler,1,Gayrinakdi Kredi ve Yükümlülükler,TP,"4.000.085,67",4000085.67,TL,BDDK Haftalık Bülten
2025-07-18,2025-07-18,2025-07-18,False,2025,7,18,603,Temmuz/18 (29. Hafta),294,Bilanço Dışı İşlemler,1,Gayrinakdi Kredi ve Yükümlülükler,YP,"3.681.695,64",3681695.64,TL,BDDK Haftalık Bülten
2025-07-18,2025-07-18,2025-07-18,False,2025,7,18,603,Temmuz/18 (29. Hafta),294,Bilanço Dışı İşlemler,2,Taahhütler (3+4),TOPLAM,"35.293.973,47",35293973.47,TL,BDDK Haftalık Bülten
2025-07-18,2025-07-18,2025-07-18,False,2025,7,18,603,Temmuz/18 (29. Hafta),294,Bilanço Dışı İşlemler,2,Taahhütler (3+4),TP,"18.000.041,49",18000041.49,TL,BDDK Haftalık Bülten
2025-07-18,2025-07-18,2025-07-18,False,2025,7,18,603,Temmuz/18 (29. Hafta),294,Bilanço Dışı İşlemler,2,Taahhütler (3+4),YP,"17.293.931,97",17293931.97,TL,BDDK Haftalık Bülten
2025-07-18,2025-07-18,2025-07-18,False,2025,7,18,603,Temmuz/18 (29. Hafta),294,Bilanço Dışı İşlemler,3,a) Türev Finansal Araçlar,TOPLAM,"20.078.452,92",20078452.92,TL,BDDK Haftalık Bülten
2025-07-18,2025-07-18,2025-07-18,False,2025,7,18,603,Temmuz/18 (29. Hafta),294,Bilanço Dışı İşlemler,3,a) Türev Finansal Araçlar,TP,"4.719.593,94",4719593.94,TL,BDDK Haftalık Bülten
2025-07-18,2025-07-18,2025-07-18,False,2025,7,18,603,Temmuz/18 (29. Hafta),294,Bilanço Dışı İşlemler,3,a) Türev Finansal Araçlar,YP,"15.358.858,98",15358858.98,TL,BDDK Haftalık Bülten
2025-07-18,2025-07-18,2025-07-18,False,2025,7,18,603,Temmuz/18 (29. Hafta),294,Bilanço Dışı İşlemler,4,b) Diğer,TOPLAM,"15.215.520,54",15215520.54,TL,BDDK Haftalık Bülten
2025-07-18,2025-07-18,2025-07-18,False,2025,7,18,603,Temmuz/18 (29. Hafta),294,Bilanço Dışı İşlemler,4,b) Diğer,TP,"13.280.447,55",13280447.55,TL,BDDK Haftalık Bülten
2025-07-18,2025-07-18,2025-07-18,False,2025,7,18,603,Temmuz/18 (29. Hafta),294,Bilanço Dışı İşlemler,4,b) Diğer,YP,"1.935.072,99",1935072.99,TL,BDDK Haftalık Bülten
2025-07-25,2025-07-25,2025-07-25,False,2025,7,25,604,Temmuz/25 (30. Hafta),294,Bilanço Dışı İşlemler,1,Gayrinakdi Kredi ve Yükümlülükler,TOPLAM,"7.776.295,10",7776295.1,TL,BDDK Haftalık Bülten
2025-07-25,2025-07-25,2025-07-25,False,2025,7,25,604,Temmuz/25 (30. Hafta),294,Bilanço Dışı İşlemler,1,Gayrinakdi Kredi ve Yükümlülükler,TP,"4.045.830,92",4045830.92,TL,BDDK Haftalık Bülten
2025-07-25,2025-07-25,2025-07-25,False,2025,7,25,604,Temmuz/25 (30. Hafta),294,Bilanço Dışı İşlemler,1,Gayrinakdi Kredi ve Yükümlülükler,YP,"3.730.464,18",3730464.18,TL,BDDK Haftalık Bülten
2025-07-25,2025-07-25,2025-07-25,False,2025,7,25,604,Temmuz/25 (30. Hafta),294,Bilanço Dışı İşlemler,2,Taahhütler (3+4),TOPLAM,"35.764.221,11",35764221.11,TL,BDDK Haftalık Bülten
2025-07-25,2025-07-25,2025-07-25,False,2025,7,25,604,Temmuz/25 (30. Hafta),294,Bilanço Dışı İşlemler,2,Taahhütler (3+4),TP,"18.153.482,13",18153482.13,TL,BDDK Haftalık Bülten
2025-07-25,2025-07-25,2025-07-25,False,2025,7,25,604,Temmuz/25 (30. Hafta),294,Bilanço Dışı İşlemler,2,Taahhütler (3+4),YP,"17.610.738,99",17610738.99,TL,BDDK Haftalık Bülten
2025-07-25,2025-07-25,2025-07-25,False,2025,7,25,604,Temmuz/25 (30. Hafta),294,Bilanço Dışı İşlemler,3,a) Türev Finansal Araçlar,TOPLAM,"20.249.666,33",20249666.33,TL,BDDK Haftalık Bülten
2025-07-25,2025-07-25,2025-07-25,False,2025,7,25,604,Temmuz/25 (30. Hafta),294,Bilanço Dışı İşlemler,3,a) Türev Finansal Araçlar,TP,"4.744.188,63",4744188.63,TL,BDDK Haftalık Bülten
2025-07-25,2025-07-25,2025-07-25,False,2025,7,25,604,Temmuz/25 (30. Hafta),294,Bilanço Dışı İşlemler,3,a) Türev Finansal Araçlar,YP,"15.505.477,70",15505477.7,TL,BDDK Haftalık Bülten
2025-07-25,2025-07-25,2025-07-25,False,2025,7,25,604,Temmuz/25 (30. Hafta),294,Bilanço Dışı İşlemler,4,b) Diğer,TOPLAM,"15.514.554,78",15514554.78,TL,BDDK Haftalık Bülten
2025-07-25,2025-07-25,2025-07-25,False,2025,7,25,604,Temmuz/25 (30. Hafta),294,Bilanço Dışı İşlemler,4,b) Diğer,TP,"13.409.293,50",13409293.5,TL,BDDK Haftalık Bülten
2025-07-25,2025-07-25,2025-07-25,False,2025,7,25,604,Temmuz/25 (30. Hafta),294,Bilanço Dışı İşlemler,4,b) Diğer,YP,"2.105.261,28",2105261.28,TL,BDDK Haftalık Bülten
2025-08-01,2025-08-01,2025-08-01,False,2025,8,1,605,Ağustos/01 (31. Hafta),294,Bilanço Dışı İşlemler,1,Gayrinakdi Kredi ve Yükümlülükler,TOPLAM,"7.803.740,27",7803740.27,TL,BDDK Haftalık Bülten
2025-08-01,2025-08-01,2025-08-01,False,2025,8,1,605,Ağustos/01 (31. Hafta),294,Bilanço Dışı İşlemler,1,Gayrinakdi Kredi ve Yükümlülükler,TP,"4.087.631,60",4087631.6,TL,BDDK Haftalık Bülten
2025-08-01,2025-08-01,2025-08-01,False,2025,8,1,605,Ağustos/01 (31. Hafta),294,Bilanço Dışı İşlemler,1,Gayrinakdi Kredi ve Yükümlülükler,YP,"3.716.108,67",3716108.67,TL,BDDK Haftalık Bülten
2025-08-01,2025-08-01,2025-08-01,False,2025,8,1,605,Ağustos/01 (31. Hafta),294,Bilanço Dışı İşlemler,2,Taahhütler (3+4),TOPLAM,"36.430.161,02",36430161.02,TL,BDDK Haftalık Bülten
2025-08-01,2025-08-01,2025-08-01,False,2025,8,1,605,Ağustos/01 (31. Hafta),294,Bilanço Dışı İşlemler,2,Taahhütler (3+4),TP,"18.255.991,39",18255991.39,TL,BDDK Haftalık Bülten
2025-08-01,2025-08-01,2025-08-01,False,2025,8,1,605,Ağustos/01 (31. Hafta),294,Bilanço Dışı İşlemler,2,Taahhütler (3+4),YP,"18.174.169,63",18174169.63,TL,BDDK Haftalık Bülten
2025-08-01,2025-08-01,2025-08-01,False,2025,8,1,605,Ağustos/01 (31. Hafta),294,Bilanço Dışı İşlemler,3,a) Türev Finansal Araçlar,TOPLAM,"20.513.146,28",20513146.28,TL,BDDK Haftalık Bülten
2025-08-01,2025-08-01,2025-08-01,False,2025,8,1,605,Ağustos/01 (31. Hafta),294,Bilanço Dışı İşlemler,3,a) Türev Finansal Araçlar,TP,"4.786.104,62",4786104.62,TL,BDDK Haftalık Bülten
2025-08-01,2025-08-01,2025-08-01,False,2025,8,1,605,Ağustos/01 (31. Hafta),294,Bilanço Dışı İşlemler,3,a) Türev Finansal Araçlar,YP,"15.727.041,66",15727041.66,TL,BDDK Haftalık Bülten
2025-08-01,2025-08-01,2025-08-01,False,2025,8,1,605,Ağustos/01 (31. Hafta),294,Bilanço Dışı İşlemler,4,b) Diğer,TOPLAM,"15.917.014,75",15917014.75,TL,BDDK Haftalık Bülten
2025-08-01,2025-08-01,2025-08-01,False,2025,8,1,605,Ağustos/01 (31. Hafta),294,Bilanço Dışı İşlemler,4,b) Diğer,TP,"13.469.886,78",13469886.78,TL,BDDK Haftalık Bülten
2025-08-01,2025-08-01,2025-08-01,False,2025,8,1,605,Ağustos/01 (31. Hafta),294,Bilanço Dışı İşlemler,4,b) Diğer,YP,"2.447.127,97",2447127.97,TL,BDDK Haftalık Bülten
2025-08-08,2025-08-08,2025-08-08,False,2025,8,8,606,Ağustos/08 (32. Hafta),294,Bilanço Dışı İşlemler,1,Gayrinakdi Kredi ve Yükümlülükler,TOPLAM,"7.843.730,39",7843730.39,TL,BDDK Haftalık Bülten
2025-08-08,2025-08-08,2025-08-08,False,2025,8,8,606,Ağustos/08 (32. Hafta),294,Bilanço Dışı İşlemler,1,Gayrinakdi Kredi ve Yükümlülükler,TP,"4.093.888,91",4093888.91,TL,BDDK Haftalık Bülten
2025-08-08,2025-08-08,2025-08-08,False,2025,8,8,606,Ağustos/08 (32. Hafta),294,Bilanço Dışı İşlemler,1,Gayrinakdi Kredi ve Yükümlülükler,YP,"3.749.841,48",3749841.48,TL,BDDK Haftalık Bülten
2025-08-08,2025-08-08,2025-08-08,False,2025,8,8,606,Ağustos/08 (32. Hafta),294,Bilanço Dışı İşlemler,2,Taahhütler (3+4),TOPLAM,"35.877.108,17",35877108.17,TL,BDDK Haftalık Bülten
2025-08-08,2025-08-08,2025-08-08,False,2025,8,8,606,Ağustos/08 (32. Hafta),294,Bilanço Dışı İşlemler,2,Taahhütler (3+4),TP,"18.224.499,73",18224499.73,TL,BDDK Haftalık Bülten
2025-08-08,2025-08-08,2025-08-08,False,2025,8,8,606,Ağustos/08 (32. Hafta),294,Bilanço Dışı İşlemler,2,Taahhütler (3+4),YP,"17.652.608,43",17652608.43,TL,BDDK Haftalık Bülten
2025-08-08,2025-08-08,2025-08-08,False,2025,8,8,606,Ağustos/08 (32. Hafta),294,Bilanço Dışı İşlemler,3,a) Türev Finansal Araçlar,TOPLAM,"20.551.968,65",20551968.65,TL,BDDK Haftalık Bülten
2025-08-08,2025-08-08,2025-08-08,False,2025,8,8,606,Ağustos/08 (32. Hafta),294,Bilanço Dışı İşlemler,3,a) Türev Finansal Araçlar,TP,"4.764.165,15",4764165.15,TL,BDDK Haftalık Bülten
2025-08-08,2025-08-08,2025-08-08,False,2025,8,8,606,Ağustos/08 (32. Hafta),294,Bilanço Dışı İşlemler,3,a) Türev Finansal Araçlar,YP,"15.787.803,50",15787803.5,TL,BDDK Haftalık Bülten
2025-08-08,2025-08-08,2025-08-08,False,2025,8,8,606,Ağustos/08 (32. Hafta),294,Bilanço Dışı İşlemler,4,b) Diğer,TOPLAM,"15.325.139,52",15325139.52,TL,BDDK Haftalık Bülten
2025-08-08,2025-08-08,2025-08-08,False,2025,8,8,606,Ağustos/08 (32. Hafta),294,Bilanço Dışı İşlemler,4,b) Diğer,TP,"13.460.334,59",13460334.59,TL,BDDK Haftalık Bülten
2025-08-08,2025-08-08,2025-08-08,False,2025,8,8,606,Ağustos/08 (32. Hafta),294,Bilanço Dışı İşlemler,4,b) Diğer,YP,"1.864.804,93",1864804.93,TL,BDDK Haftalık Bülten
2025-08-15,2025-08-15,2025-08-15,False,2025,8,15,607,Ağustos/15 (33. Hafta),294,Bilanço Dışı İşlemler,1,Gayrinakdi Kredi ve Yükümlülükler,TOPLAM,"7.929.611,45",7929611.45,TL,BDDK Haftalık Bülten
2025-08-15,2025-08-15,2025-08-15,False,2025,8,15,607,Ağustos/15 (33. Hafta),294,Bilanço Dışı İşlemler,1,Gayrinakdi Kredi ve Yükümlülükler,TP,"4.136.462,64",4136462.64,TL,BDDK Haftalık Bülten
2025-08-15,2025-08-15,2025-08-15,False,2025,8,15,607,Ağustos/15 (33. Hafta),294,Bilanço Dışı İşlemler,1,Gayrinakdi Kredi ve Yükümlülükler,YP,"3.793.148,81",3793148.81,TL,BDDK Haftalık Bülten
2025-08-15,2025-08-15,2025-08-15,False,2025,8,15,607,Ağustos/15 (33. Hafta),294,Bilanço Dışı İşlemler,2,Taahhütler (3+4),TOPLAM,"36.369.755,78",36369755.78,TL,BDDK Haftalık Bülten
2025-08-15,2025-08-15,2025-08-15,False,2025,8,15,607,Ağustos/15 (33. Hafta),294,Bilanço Dışı İşlemler,2,Taahhütler (3+4),TP,"18.628.981,45",18628981.45,TL,BDDK Haftalık Bülten
2025-08-15,2025-08-15,2025-08-15,False,2025,8,15,607,Ağustos/15 (33. Hafta),294,Bilanço Dışı İşlemler,2,Taahhütler (3+4),YP,"17.740.774,33",17740774.33,TL,BDDK Haftalık Bülten
2025-08-15,2025-08-15,2025-08-15,False,2025,8,15,607,Ağustos/15 (33. Hafta),294,Bilanço Dışı İşlemler,3,a) Türev Finansal Araçlar,TOPLAM,"20.894.255,07",20894255.07,TL,BDDK Haftalık Bülten
2025-08-15,2025-08-15,2025-08-15,False,2025,8,15,607,Ağustos/15 (33. Hafta),294,Bilanço Dışı İşlemler,3,a) Türev Finansal Araçlar,TP,"4.959.591,33",4959591.33,TL,BDDK Haftalık Bülten
2025-08-15,2025-08-15,2025-08-15,False,2025,8,15,607,Ağustos/15 (33. Hafta),294,Bilanço Dışı İşlemler,3,a) Türev Finansal Araçlar,YP,"15.934.663,73",15934663.73,TL,BDDK Haftalık Bülten
2025-08-15,2025-08-15,2025-08-15,False,2025,8,15,607,Ağustos/15 (33. Hafta),294,Bilanço Dışı İşlemler,4,b) Diğer,TOPLAM,"15.475.500,71",15475500.71,TL,BDDK Haftalık Bülten
2025-08-15,2025-08-15,2025-08-15,False,2025,8,15,607,Ağustos/15 (33. Hafta),294,Bilanço Dışı İşlemler,4,b) Diğer,TP,"13.669.390,12",13669390.12,TL,BDDK Haftalık Bülten
2025-08-15,2025-08-15,2025-08-15,False,2025,8,15,607,Ağustos/15 (33. Hafta),294,Bilanço Dışı İşlemler,4,b) Diğer,YP,"1.806.110,59",1806110.59,TL,BDDK Haftalık Bülten
2025-08-22,2025-08-22,2025-08-22,False,2025,8,22,608,Ağustos/22 (34. Hafta),294,Bilanço Dışı İşlemler,1,Gayrinakdi Kredi ve Yükümlülükler,TOPLAM,"7.981.426,22",7981426.22,TL,BDDK Haftalık Bülten
2025-08-22,2025-08-22,2025-08-22,False,2025,8,22,608,Ağustos/22 (34. Hafta),294,Bilanço Dışı İşlemler,1,Gayrinakdi Kredi ve Yükümlülükler,TP,"4.172.534,77",4172534.77,TL,BDDK Haftalık Bülten
2025-08-22,2025-08-22,2025-08-22,False,2025,8,22,608,Ağustos/22 (34. Hafta),294,Bilanço Dışı İşlemler,1,Gayrinakdi Kredi ve Yükümlülükler,YP,"3.808.891,45",3808891.45,TL,BDDK Haftalık Bülten
2025-08-22,2025-08-22,2025-08-22,False,2025,8,22,608,Ağustos/22 (34. Hafta),294,Bilanço Dışı İşlemler,2,Taahhütler (3+4),TOPLAM,"36.874.562,96",36874562.96,TL,BDDK Haftalık Bülten
2025-08-22,2025-08-22,2025-08-22,False,2025,8,22,608,Ağustos/22 (34. Hafta),294,Bilanço Dışı İşlemler,2,Taahhütler (3+4),TP,"18.727.170,57",18727170.57,TL,BDDK Haftalık Bülten
2025-08-22,2025-08-22,2025-08-22,False,2025,8,22,608,Ağustos/22 (34. Hafta),294,Bilanço Dışı İşlemler,2,Taahhütler (3+4),YP,"18.147.392,40",18147392.4,TL,BDDK Haftalık Bülten
2025-08-22,2025-08-22,2025-08-22,False,2025,8,22,608,Ağustos/22 (34. Hafta),294,Bilanço Dışı İşlemler,3,a) Türev Finansal Araçlar,TOPLAM,"21.008.775,92",21008775.92,TL,BDDK Haftalık Bülten
2025-08-22,2025-08-22,2025-08-22,False,2025,8,22,608,Ağustos/22 (34. Hafta),294,Bilanço Dışı İşlemler,3,a) Türev Finansal Araçlar,TP,"4.931.709,47",4931709.47,TL,BDDK Haftalık Bülten
2025-08-22,2025-08-22,2025-08-22,False,2025,8,22,608,Ağustos/22 (34. Hafta),294,Bilanço Dışı İşlemler,3,a) Türev Finansal Araçlar,YP,"16.077.066,45",16077066.45,TL,BDDK Haftalık Bülten
2025-08-22,2025-08-22,2025-08-22,False,2025,8,22,608,Ağustos/22 (34. Hafta),294,Bilanço Dışı İşlemler,4,b) Diğer,TOPLAM,"15.865.787,04",15865787.04,TL,BDDK Haftalık Bülten
2025-08-22,2025-08-22,2025-08-22,False,2025,8,22,608,Ağustos/22 (34. Hafta),294,Bilanço Dışı İşlemler,4,b) Diğer,TP,"13.795.461,10",13795461.1,TL,BDDK Haftalık Bülten
2025-08-22,2025-08-22,2025-08-22,False,2025,8,22,608,Ağustos/22 (34. Hafta),294,Bilanço Dışı İşlemler,4,b) Diğer,YP,"2.070.325,94",2070325.94,TL,BDDK Haftalık Bülten
2025-08-29,2025-08-29,2025-08-29,False,2025,8,29,609,Ağustos/29 (35. Hafta),294,Bilanço Dışı İşlemler,1,Gayrinakdi Kredi ve Yükümlülükler,TOPLAM,"8.001.363,24",8001363.24,TL,BDDK Haftalık Bülten
2025-08-29,2025-08-29,2025-08-29,False,2025,8,29,609,Ağustos/29 (35. Hafta),294,Bilanço Dışı İşlemler,1,Gayrinakdi Kredi ve Yükümlülükler,TP,"4.177.755,51",4177755.51,TL,BDDK Haftalık Bülten
2025-08-29,2025-08-29,2025-08-29,False,2025,8,29,609,Ağustos/29 (35. Hafta),294,Bilanço Dışı İşlemler,1,Gayrinakdi Kredi ve Yükümlülükler,YP,"3.823.607,73",3823607.73,TL,BDDK Haftalık Bülten
2025-08-29,2025-08-29,2025-08-29,False,2025,8,29,609,Ağustos/29 (35. Hafta),294,Bilanço Dışı İşlemler,2,Taahhütler (3+4),TOPLAM,"36.974.006,01",36974006.01,TL,BDDK Haftalık Bülten
2025-08-29,2025-08-29,2025-08-29,False,2025,8,29,609,Ağustos/29 (35. Hafta),294,Bilanço Dışı İşlemler,2,Taahhütler (3+4),TP,"18.988.226,20",18988226.2,TL,BDDK Haftalık Bülten
2025-08-29,2025-08-29,2025-08-29,False,2025,8,29,609,Ağustos/29 (35. Hafta),294,Bilanço Dışı İşlemler,2,Taahhütler (3+4),YP,"17.985.779,81",17985779.81,TL,BDDK Haftalık Bülten
2025-08-29,2025-08-29,2025-08-29,False,2025,8,29,609,Ağustos/29 (35. Hafta),294,Bilanço Dışı İşlemler,3,a) Türev Finansal Araçlar,TOPLAM,"20.552.238,37",20552238.37,TL,BDDK Haftalık Bülten
2025-08-29,2025-08-29,2025-08-29,False,2025,8,29,609,Ağustos/29 (35. Hafta),294,Bilanço Dışı İşlemler,3,a) Türev Finansal Araçlar,TP,"4.760.766,37",4760766.37,TL,BDDK Haftalık Bülten
2025-08-29,2025-08-29,2025-08-29,False,2025,8,29,609,Ağustos/29 (35. Hafta),294,Bilanço Dışı İşlemler,3,a) Türev Finansal Araçlar,YP,"15.791.471,99",15791471.99,TL,BDDK Haftalık Bülten
2025-08-29,2025-08-29,2025-08-29,False,2025,8,29,609,Ağustos/29 (35. Hafta),294,Bilanço Dışı İşlemler,4,b) Diğer,TOPLAM,"16.421.767,64",16421767.64,TL,BDDK Haftalık Bülten
2025-08-29,2025-08-29,2025-08-29,False,2025,8,29,609,Ağustos/29 (35. Hafta),294,Bilanço Dışı İşlemler,4,b) Diğer,TP,"14.227.459,82",14227459.82,TL,BDDK Haftalık Bülten
2025-08-29,2025-08-29,2025-08-29,False,2025,8,29,609,Ağustos/29 (35. Hafta),294,Bilanço Dışı İşlemler,4,b) Diğer,YP,"2.194.307,82",2194307.82,TL,BDDK Haftalık Bülten
2025-09-05,2025-09-05,2025-09-05,False,2025,9,5,610,Eylül/05 (36. Hafta),294,Bilanço Dışı İşlemler,1,Gayrinakdi Kredi ve Yükümlülükler,TOPLAM,"8.055.714,66",8055714.66,TL,BDDK Haftalık Bülten
2025-09-05,2025-09-05,2025-09-05,False,2025,9,5,610,Eylül/05 (36. Hafta),294,Bilanço Dışı İşlemler,1,Gayrinakdi Kredi ve Yükümlülükler,TP,"4.199.606,28",4199606.28,TL,BDDK Haftalık Bülten
2025-09-05,2025-09-05,2025-09-05,False,2025,9,5,610,Eylül/05 (36. Hafta),294,Bilanço Dışı İşlemler,1,Gayrinakdi Kredi ve Yükümlülükler,YP,"3.856.108,38",3856108.38,TL,BDDK Haftalık Bülten
2025-09-05,2025-09-05,2025-09-05,False,2025,9,5,610,Eylül/05 (36. Hafta),294,Bilanço Dışı İşlemler,2,Taahhütler (3+4),TOPLAM,"37.231.193,95",37231193.95,TL,BDDK Haftalık Bülten
2025-09-05,2025-09-05,2025-09-05,False,2025,9,5,610,Eylül/05 (36. Hafta),294,Bilanço Dışı İşlemler,2,Taahhütler (3+4),TP,"19.008.430,63",19008430.63,TL,BDDK Haftalık Bülten
2025-09-05,2025-09-05,2025-09-05,False,2025,9,5,610,Eylül/05 (36. Hafta),294,Bilanço Dışı İşlemler,2,Taahhütler (3+4),YP,"18.222.763,33",18222763.33,TL,BDDK Haftalık Bülten
2025-09-05,2025-09-05,2025-09-05,False,2025,9,5,610,Eylül/05 (36. Hafta),294,Bilanço Dışı İşlemler,3,a) Türev Finansal Araçlar,TOPLAM,"21.018.697,77",21018697.77,TL,BDDK Haftalık Bülten
2025-09-05,2025-09-05,2025-09-05,False,2025,9,5,610,Eylül/05 (36. Hafta),294,Bilanço Dışı İşlemler,3,a) Türev Finansal Araçlar,TP,"4.845.143,92",4845143.92,TL,BDDK Haftalık Bülten
2025-09-05,2025-09-05,2025-09-05,False,2025,9,5,610,Eylül/05 (36. Hafta),294,Bilanço Dışı İşlemler,3,a) Türev Finansal Araçlar,YP,"16.173.553,85",16173553.85,TL,BDDK Haftalık Bülten
2025-09-05,2025-09-05,2025-09-05,False,2025,9,5,610,Eylül/05 (36. Hafta),294,Bilanço Dışı İşlemler,4,b) Diğer,TOPLAM,"16.212.496,18",16212496.18,TL,BDDK Haftalık Bülten
2025-09-05,2025-09-05,2025-09-05,False,2025,9,5,610,Eylül/05 (36. Hafta),294,Bilanço Dışı İşlemler,4,b) Diğer,TP,"14.163.286,71",14163286.71,TL,BDDK Haftalık Bülten
2025-09-05,2025-09-05,2025-09-05,False,2025,9,5,610,Eylül/05 (36. Hafta),294,Bilanço Dışı İşlemler,4,b) Diğer,YP,"2.049.209,48",2049209.48,TL,BDDK Haftalık Bülten
2025-09-12,2025-09-12,2025-09-12,False,2025,9,12,611,Eylül/12 (37. Hafta),294,Bilanço Dışı İşlemler,1,Gayrinakdi Kredi ve Yükümlülükler,TOPLAM,"8.118.615,63",8118615.63,TL,BDDK Haftalık Bülten
2025-09-12,2025-09-12,2025-09-12,False,2025,9,12,611,Eylül/12 (37. Hafta),294,Bilanço Dışı İşlemler,1,Gayrinakdi Kredi ve Yükümlülükler,TP,"4.241.192,65",4241192.65,TL,BDDK Haftalık Bülten
2025-09-12,2025-09-12,2025-09-12,False,2025,9,12,611,Eylül/12 (37. Hafta),294,Bilanço Dışı İşlemler,1,Gayrinakdi Kredi ve Yükümlülükler,YP,"3.877.422,97",3877422.97,TL,BDDK Haftalık Bülten
2025-09-12,2025-09-12,2025-09-12,False,2025,9,12,611,Eylül/12 (37. Hafta),294,Bilanço Dışı İşlemler,2,Taahhütler (3+4),TOPLAM,"38.080.616,72",38080616.72,TL,BDDK Haftalık Bülten
2025-09-12,2025-09-12,2025-09-12,False,2025,9,12,611,Eylül/12 (37. Hafta),294,Bilanço Dışı İşlemler,2,Taahhütler (3+4),TP,"19.423.543,49",19423543.49,TL,BDDK Haftalık Bülten
2025-09-12,2025-09-12,2025-09-12,False,2025,9,12,611,Eylül/12 (37. Hafta),294,Bilanço Dışı İşlemler,2,Taahhütler (3+4),YP,"18.657.073,23",18657073.23,TL,BDDK Haftalık Bülten
2025-09-12,2025-09-12,2025-09-12,False,2025,9,12,611,Eylül/12 (37. Hafta),294,Bilanço Dışı İşlemler,3,a) Türev Finansal Araçlar,TOPLAM,"20.965.749,53",20965749.53,TL,BDDK Haftalık Bülten
2025-09-12,2025-09-12,2025-09-12,False,2025,9,12,611,Eylül/12 (37. Hafta),294,Bilanço Dışı İşlemler,3,a) Türev Finansal Araçlar,TP,"4.778.223,01",4778223.01,TL,BDDK Haftalık Bülten
2025-09-12,2025-09-12,2025-09-12,False,2025,9,12,611,Eylül/12 (37. Hafta),294,Bilanço Dışı İşlemler,3,a) Türev Finansal Araçlar,YP,"16.187.526,52",16187526.52,TL,BDDK Haftalık Bülten
2025-09-12,2025-09-12,2025-09-12,False,2025,9,12,611,Eylül/12 (37. Hafta),294,Bilanço Dışı İşlemler,4,b) Diğer,TOPLAM,"17.114.867,19",17114867.19,TL,BDDK Haftalık Bülten
2025-09-12,2025-09-12,2025-09-12,False,2025,9,12,611,Eylül/12 (37. Hafta),294,Bilanço Dışı İşlemler,4,b) Diğer,TP,"14.645.320,48",14645320.48,TL,BDDK Haftalık Bülten
2025-09-12,2025-09-12,2025-09-12,False,2025,9,12,611,Eylül/12 (37. Hafta),294,Bilanço Dışı İşlemler,4,b) Diğer,YP,"2.469.546,71",2469546.71,TL,BDDK Haftalık Bülten
2025-09-19,2025-09-19,2025-09-19,False,2025,9,19,612,Eylül/19 (38. Hafta),294,Bilanço Dışı İşlemler,1,Gayrinakdi Kredi ve Yükümlülükler,TOPLAM,"8.150.280,12",8150280.12,TL,BDDK Haftalık Bülten
2025-09-19,2025-09-19,2025-09-19,False,2025,9,19,612,Eylül/19 (38. Hafta),294,Bilanço Dışı İşlemler,1,Gayrinakdi Kredi ve Yükümlülükler,TP,"4.257.852,96",4257852.96,TL,BDDK Haftalık Bülten
2025-09-19,2025-09-19,2025-09-19,False,2025,9,19,612,Eylül/19 (38. Hafta),294,Bilanço Dışı İşlemler,1,Gayrinakdi Kredi ve Yükümlülükler,YP,"3.892.427,16",3892427.16,TL,BDDK Haftalık Bülten
2025-09-19,2025-09-19,2025-09-19,False,2025,9,19,612,Eylül/19 (38. Hafta),294,Bilanço Dışı İşlemler,2,Taahhütler (3+4),TOPLAM,"37.424.138,43",37424138.43,TL,BDDK Haftalık Bülten
2025-09-19,2025-09-19,2025-09-19,False,2025,9,19,612,Eylül/19 (38. Hafta),294,Bilanço Dışı İşlemler,2,Taahhütler (3+4),TP,"19.409.685,69",19409685.69,TL,BDDK Haftalık Bülten
2025-09-19,2025-09-19,2025-09-19,False,2025,9,19,612,Eylül/19 (38. Hafta),294,Bilanço Dışı İşlemler,2,Taahhütler (3+4),YP,"18.014.452,74",18014452.74,TL,BDDK Haftalık Bülten
2025-09-19,2025-09-19,2025-09-19,False,2025,9,19,612,Eylül/19 (38. Hafta),294,Bilanço Dışı İşlemler,3,a) Türev Finansal Araçlar,TOPLAM,"21.101.459,94",21101459.94,TL,BDDK Haftalık Bülten
2025-09-19,2025-09-19,2025-09-19,False,2025,9,19,612,Eylül/19 (38. Hafta),294,Bilanço Dışı İşlemler,3,a) Türev Finansal Araçlar,TP,"4.940.872,30",4940872.3,TL,BDDK Haftalık Bülten
2025-09-19,2025-09-19,2025-09-19,False,2025,9,19,612,Eylül/19 (38. Hafta),294,Bilanço Dışı İşlemler,3,a) Türev Finansal Araçlar,YP,"16.160.587,64",16160587.64,TL,BDDK Haftalık Bülten
2025-09-19,2025-09-19,2025-09-19,False,2025,9,19,612,Eylül/19 (38. Hafta),294,Bilanço Dışı İşlemler,4,b) Diğer,TOPLAM,"16.322.678,49",16322678.49,TL,BDDK Haftalık Bülten
2025-09-19,2025-09-19,2025-09-19,False,2025,9,19,612,Eylül/19 (38. Hafta),294,Bilanço Dışı İşlemler,4,b) Diğer,TP,"14.468.813,39",14468813.39,TL,BDDK Haftalık Bülten
2025-09-19,2025-09-19,2025-09-19,False,2025,9,19,612,Eylül/19 (38. Hafta),294,Bilanço Dışı İşlemler,4,b) Diğer,YP,"1.853.865,10",1853865.1,TL,BDDK Haftalık Bülten
2025-09-26,2025-09-26,2025-09-26,False,2025,9,26,613,Eylül/26 (39. Hafta),294,Bilanço Dışı İşlemler,1,Gayrinakdi Kredi ve Yükümlülükler,TOPLAM,"8.205.273,94",8205273.94,TL,BDDK Haftalık Bülten
2025-09-26,2025-09-26,2025-09-26,False,2025,9,26,613,Eylül/26 (39. Hafta),294,Bilanço Dışı İşlemler,1,Gayrinakdi Kredi ve Yükümlülükler,TP,"4.289.477,92",4289477.92,TL,BDDK Haftalık Bülten
2025-09-26,2025-09-26,2025-09-26,False,2025,9,26,613,Eylül/26 (39. Hafta),294,Bilanço Dışı İşlemler,1,Gayrinakdi Kredi ve Yükümlülükler,YP,"3.915.796,02",3915796.02,TL,BDDK Haftalık Bülten
2025-09-26,2025-09-26,2025-09-26,False,2025,9,26,613,Eylül/26 (39. Hafta),294,Bilanço Dışı İşlemler,2,Taahhütler (3+4),TOPLAM,"39.383.277,45",39383277.45,TL,BDDK Haftalık Bülten
2025-09-26,2025-09-26,2025-09-26,False,2025,9,26,613,Eylül/26 (39. Hafta),294,Bilanço Dışı İşlemler,2,Taahhütler (3+4),TP,"20.062.592,34",20062592.34,TL,BDDK Haftalık Bülten
2025-09-26,2025-09-26,2025-09-26,False,2025,9,26,613,Eylül/26 (39. Hafta),294,Bilanço Dışı İşlemler,2,Taahhütler (3+4),YP,"19.320.685,10",19320685.1,TL,BDDK Haftalık Bülten
2025-09-26,2025-09-26,2025-09-26,False,2025,9,26,613,Eylül/26 (39. Hafta),294,Bilanço Dışı İşlemler,3,a) Türev Finansal Araçlar,TOPLAM,"21.924.431,39",21924431.39,TL,BDDK Haftalık Bülten
2025-09-26,2025-09-26,2025-09-26,False,2025,9,26,613,Eylül/26 (39. Hafta),294,Bilanço Dışı İşlemler,3,a) Türev Finansal Araçlar,TP,"5.170.019,06",5170019.06,TL,BDDK Haftalık Bülten
2025-09-26,2025-09-26,2025-09-26,False,2025,9,26,613,Eylül/26 (39. Hafta),294,Bilanço Dışı İşlemler,3,a) Türev Finansal Araçlar,YP,"16.754.412,33",16754412.33,TL,BDDK Haftalık Bülten
2025-09-26,2025-09-26,2025-09-26,False,2025,9,26,613,Eylül/26 (39. Hafta),294,Bilanço Dışı İşlemler,4,b) Diğer,TOPLAM,"17.458.846,06",17458846.06,TL,BDDK Haftalık Bülten
2025-09-26,2025-09-26,2025-09-26,False,2025,9,26,613,Eylül/26 (39. Hafta),294,Bilanço Dışı İşlemler,4,b) Diğer,TP,"14.892.573,28",14892573.28,TL,BDDK Haftalık Bülten
2025-09-26,2025-09-26,2025-09-26,False,2025,9,26,613,Eylül/26 (39. Hafta),294,Bilanço Dışı İşlemler,4,b) Diğer,YP,"2.566.272,77",2566272.77,TL,BDDK Haftalık Bülten
2025-10-03,2025-10-03,2025-10-03,False,2025,10,3,614,Ekim/03 (40. Hafta),294,Bilanço Dışı İşlemler,1,Gayrinakdi Kredi ve Yükümlülükler,TOPLAM,"8.214.432,84",8214432.84,TL,BDDK Haftalık Bülten
2025-10-03,2025-10-03,2025-10-03,False,2025,10,3,614,Ekim/03 (40. Hafta),294,Bilanço Dışı İşlemler,1,Gayrinakdi Kredi ve Yükümlülükler,TP,"4.293.848,06",4293848.06,TL,BDDK Haftalık Bülten
2025-10-03,2025-10-03,2025-10-03,False,2025,10,3,614,Ekim/03 (40. Hafta),294,Bilanço Dışı İşlemler,1,Gayrinakdi Kredi ve Yükümlülükler,YP,"3.920.584,78",3920584.78,TL,BDDK Haftalık Bülten
2025-10-03,2025-10-03,2025-10-03,False,2025,10,3,614,Ekim/03 (40. Hafta),294,Bilanço Dışı İşlemler,2,Taahhütler (3+4),TOPLAM,"39.606.396,82",39606396.82,TL,BDDK Haftalık Bülten
2025-10-03,2025-10-03,2025-10-03,False,2025,10,3,614,Ekim/03 (40. Hafta),294,Bilanço Dışı İşlemler,2,Taahhütler (3+4),TP,"19.992.481,93",19992481.93,TL,BDDK Haftalık Bülten
2025-10-03,2025-10-03,2025-10-03,False,2025,10,3,614,Ekim/03 (40. Hafta),294,Bilanço Dışı İşlemler,2,Taahhütler (3+4),YP,"19.613.914,89",19613914.89,TL,BDDK Haftalık Bülten
2025-10-03,2025-10-03,2025-10-03,False,2025,10,3,614,Ekim/03 (40. Hafta),294,Bilanço Dışı İşlemler,3,a) Türev Finansal Araçlar,TOPLAM,"22.136.588,82",22136588.82,TL,BDDK Haftalık Bülten
2025-10-03,2025-10-03,2025-10-03,False,2025,10,3,614,Ekim/03 (40. Hafta),294,Bilanço Dışı İşlemler,3,a) Türev Finansal Araçlar,TP,"5.137.628,40",5137628.4,TL,BDDK Haftalık Bülten
2025-10-03,2025-10-03,2025-10-03,False,2025,10,3,614,Ekim/03 (40. Hafta),294,Bilanço Dışı İşlemler,3,a) Türev Finansal Araçlar,YP,"16.998.960,42",16998960.42,TL,BDDK Haftalık Bülten
2025-10-03,2025-10-03,2025-10-03,False,2025,10,3,614,Ekim/03 (40. Hafta),294,Bilanço Dışı İşlemler,4,b) Diğer,TOPLAM,"17.469.808,00",17469808.0,TL,BDDK Haftalık Bülten
2025-10-03,2025-10-03,2025-10-03,False,2025,10,3,614,Ekim/03 (40. Hafta),294,Bilanço Dışı İşlemler,4,b) Diğer,TP,"14.854.853,53",14854853.53,TL,BDDK Haftalık Bülten
2025-10-03,2025-10-03,2025-10-03,False,2025,10,3,614,Ekim/03 (40. Hafta),294,Bilanço Dışı İşlemler,4,b) Diğer,YP,"2.614.954,47",2614954.47,TL,BDDK Haftalık Bülten
2025-10-10,2025-10-10,2025-10-10,False,2025,10,10,615,Ekim/10 (41. Hafta),294,Bilanço Dışı İşlemler,1,Gayrinakdi Kredi ve Yükümlülükler,TOPLAM,"8.246.524,11",8246524.11,TL,BDDK Haftalık Bülten
2025-10-10,2025-10-10,2025-10-10,False,2025,10,10,615,Ekim/10 (41. Hafta),294,Bilanço Dışı İşlemler,1,Gayrinakdi Kredi ve Yükümlülükler,TP,"4.320.351,40",4320351.4,TL,BDDK Haftalık Bülten
2025-10-10,2025-10-10,2025-10-10,False,2025,10,10,615,Ekim/10 (41. Hafta),294,Bilanço Dışı İşlemler,1,Gayrinakdi Kredi ve Yükümlülükler,YP,"3.926.172,71",3926172.71,TL,BDDK Haftalık Bülten
2025-10-10,2025-10-10,2025-10-10,False,2025,10,10,615,Ekim/10 (41. Hafta),294,Bilanço Dışı İşlemler,2,Taahhütler (3+4),TOPLAM,"40.870.921,83",40870921.83,TL,BDDK Haftalık Bülten
2025-10-10,2025-10-10,2025-10-10,False,2025,10,10,615,Ekim/10 (41. Hafta),294,Bilanço Dışı İşlemler,2,Taahhütler (3+4),TP,"20.781.527,75",20781527.75,TL,BDDK Haftalık Bülten
2025-10-10,2025-10-10,2025-10-10,False,2025,10,10,615,Ekim/10 (41. Hafta),294,Bilanço Dışı İşlemler,2,Taahhütler (3+4),YP,"20.089.394,08",20089394.08,TL,BDDK Haftalık Bülten
2025-10-10,2025-10-10,2025-10-10,False,2025,10,10,615,Ekim/10 (41. Hafta),294,Bilanço Dışı İşlemler,3,a) Türev Finansal Araçlar,TOPLAM,"22.436.048,93",22436048.93,TL,BDDK Haftalık Bülten
2025-10-10,2025-10-10,2025-10-10,False,2025,10,10,615,Ekim/10 (41. Hafta),294,Bilanço Dışı İşlemler,3,a) Türev Finansal Araçlar,TP,"5.214.552,64",5214552.64,TL,BDDK Haftalık Bülten
2025-10-10,2025-10-10,2025-10-10,False,2025,10,10,615,Ekim/10 (41. Hafta),294,Bilanço Dışı İşlemler,3,a) Türev Finansal Araçlar,YP,"17.221.496,29",17221496.29,TL,BDDK Haftalık Bülten
2025-10-10,2025-10-10,2025-10-10,False,2025,10,10,615,Ekim/10 (41. Hafta),294,Bilanço Dışı İşlemler,4,b) Diğer,TOPLAM,"18.434.872,90",18434872.9,TL,BDDK Haftalık Bülten
2025-10-10,2025-10-10,2025-10-10,False,2025,10,10,615,Ekim/10 (41. Hafta),294,Bilanço Dışı İşlemler,4,b) Diğer,TP,"15.566.975,11",15566975.11,TL,BDDK Haftalık Bülten
2025-10-10,2025-10-10,2025-10-10,False,2025,10,10,615,Ekim/10 (41. Hafta),294,Bilanço Dışı İşlemler,4,b) Diğer,YP,"2.867.897,80",2867897.8,TL,BDDK Haftalık Bülten
2025-10-17,2025-10-17,2025-10-17,False,2025,10,17,616,Ekim/17 (42. Hafta),294,Bilanço Dışı İşlemler,1,Gayrinakdi Kredi ve Yükümlülükler,TOPLAM,"8.325.387,44",8325387.44,TL,BDDK Haftalık Bülten
2025-10-17,2025-10-17,2025-10-17,False,2025,10,17,616,Ekim/17 (42. Hafta),294,Bilanço Dışı İşlemler,1,Gayrinakdi Kredi ve Yükümlülükler,TP,"4.351.026,59",4351026.59,TL,BDDK Haftalık Bülten
2025-10-17,2025-10-17,2025-10-17,False,2025,10,17,616,Ekim/17 (42. Hafta),294,Bilanço Dışı İşlemler,1,Gayrinakdi Kredi ve Yükümlülükler,YP,"3.974.360,85",3974360.85,TL,BDDK Haftalık Bülten
2025-10-17,2025-10-17,2025-10-17,False,2025,10,17,616,Ekim/17 (42. Hafta),294,Bilanço Dışı İşlemler,2,Taahhütler (3+4),TOPLAM,"41.852.111,98",41852111.98,TL,BDDK Haftalık Bülten
2025-10-17,2025-10-17,2025-10-17,False,2025,10,17,616,Ekim/17 (42. Hafta),294,Bilanço Dışı İşlemler,2,Taahhütler (3+4),TP,"21.038.252,81",21038252.81,TL,BDDK Haftalık Bülten
2025-10-17,2025-10-17,2025-10-17,False,2025,10,17,616,Ekim/17 (42. Hafta),294,Bilanço Dışı İşlemler,2,Taahhütler (3+4),YP,"20.813.859,17",20813859.17,TL,BDDK Haftalık Bülten
2025-10-17,2025-10-17,2025-10-17,False,2025,10,17,616,Ekim/17 (42. Hafta),294,Bilanço Dışı İşlemler,3,a) Türev Finansal Araçlar,TOPLAM,"23.082.988,21",23082988.21,TL,BDDK Haftalık Bülten
2025-10-17,2025-10-17,2025-10-17,False,2025,10,17,616,Ekim/17 (42. Hafta),294,Bilanço Dışı İşlemler,3,a) Türev Finansal Araçlar,TP,"5.228.747,86",5228747.86,TL,BDDK Haftalık Bülten
2025-10-17,2025-10-17,2025-10-17,False,2025,10,17,616,Ekim/17 (42. Hafta),294,Bilanço Dışı İşlemler,3,a) Türev Finansal Araçlar,YP,"17.854.240,35",17854240.35,TL,BDDK Haftalık Bülten
2025-10-17,2025-10-17,2025-10-17,False,2025,10,17,616,Ekim/17 (42. Hafta),294,Bilanço Dışı İşlemler,4,b) Diğer,TOPLAM,"18.769.123,77",18769123.77,TL,BDDK Haftalık Bülten
2025-10-17,2025-10-17,2025-10-17,False,2025,10,17,616,Ekim/17 (42. Hafta),294,Bilanço Dışı İşlemler,4,b) Diğer,TP,"15.809.504,95",15809504.95,TL,BDDK Haftalık Bülten
2025-10-17,2025-10-17,2025-10-17,False,2025,10,17,616,Ekim/17 (42. Hafta),294,Bilanço Dışı İşlemler,4,b) Diğer,YP,"2.959.618,82",2959618.82,TL,BDDK Haftalık Bülten
2025-10-24,2025-10-24,2025-10-24,False,2025,10,24,617,Ekim/24 (43. Hafta),294,Bilanço Dışı İşlemler,1,Gayrinakdi Kredi ve Yükümlülükler,TOPLAM,"8.402.414,68",8402414.68,TL,BDDK Haftalık Bülten
2025-10-24,2025-10-24,2025-10-24,False,2025,10,24,617,Ekim/24 (43. Hafta),294,Bilanço Dışı İşlemler,1,Gayrinakdi Kredi ve Yükümlülükler,TP,"4.400.382,66",4400382.66,TL,BDDK Haftalık Bülten
2025-10-24,2025-10-24,2025-10-24,False,2025,10,24,617,Ekim/24 (43. Hafta),294,Bilanço Dışı İşlemler,1,Gayrinakdi Kredi ve Yükümlülükler,YP,"4.002.032,02",4002032.02,TL,BDDK Haftalık Bülten
2025-10-24,2025-10-24,2025-10-24,False,2025,10,24,617,Ekim/24 (43. Hafta),294,Bilanço Dışı İşlemler,2,Taahhütler (3+4),TOPLAM,"41.833.004,16",41833004.16,TL,BDDK Haftalık Bülten
2025-10-24,2025-10-24,2025-10-24,False,2025,10,24,617,Ekim/24 (43. Hafta),294,Bilanço Dışı İşlemler,2,Taahhütler (3+4),TP,"21.159.112,24",21159112.24,TL,BDDK Haftalık Bülten
2025-10-24,2025-10-24,2025-10-24,False,2025,10,24,617,Ekim/24 (43. Hafta),294,Bilanço Dışı İşlemler,2,Taahhütler (3+4),YP,"20.673.891,92",20673891.92,TL,BDDK Haftalık Bülten
2025-10-24,2025-10-24,2025-10-24,False,2025,10,24,617,Ekim/24 (43. Hafta),294,Bilanço Dışı İşlemler,3,a) Türev Finansal Araçlar,TOPLAM,"23.291.803,06",23291803.06,TL,BDDK Haftalık Bülten
2025-10-24,2025-10-24,2025-10-24,False,2025,10,24,617,Ekim/24 (43. Hafta),294,Bilanço Dışı İşlemler,3,a) Türev Finansal Araçlar,TP,"5.314.593,16",5314593.16,TL,BDDK Haftalık Bülten
2025-10-24,2025-10-24,2025-10-24,False,2025,10,24,617,Ekim/24 (43. Hafta),294,Bilanço Dışı İşlemler,3,a) Türev Finansal Araçlar,YP,"17.977.209,90",17977209.9,TL,BDDK Haftalık Bülten
2025-10-24,2025-10-24,2025-10-24,False,2025,10,24,617,Ekim/24 (43. Hafta),294,Bilanço Dışı İşlemler,4,b) Diğer,TOPLAM,"18.541.201,10",18541201.1,TL,BDDK Haftalık Bülten
2025-10-24,2025-10-24,2025-10-24,False,2025,10,24,617,Ekim/24 (43. Hafta),294,Bilanço Dışı İşlemler,4,b) Diğer,TP,"15.844.519,08",15844519.08,TL,BDDK Haftalık Bülten
2025-10-24,2025-10-24,2025-10-24,False,2025,10,24,617,Ekim/24 (43. Hafta),294,Bilanço Dışı İşlemler,4,b) Diğer,YP,"2.696.682,02",2696682.02,TL,BDDK Haftalık Bülten
2025-10-31,2025-10-31,2025-10-31,False,2025,10,31,618,Ekim/31 (44. Hafta),294,Bilanço Dışı İşlemler,1,Gayrinakdi Kredi ve Yükümlülükler,TOPLAM,"8.394.867,37",8394867.37,TL,BDDK Haftalık Bülten
2025-10-31,2025-10-31,2025-10-31,False,2025,10,31,618,Ekim/31 (44. Hafta),294,Bilanço Dışı İşlemler,1,Gayrinakdi Kredi ve Yükümlülükler,TP,"4.399.587,22",4399587.22,TL,BDDK Haftalık Bülten
2025-10-31,2025-10-31,2025-10-31,False,2025,10,31,618,Ekim/31 (44. Hafta),294,Bilanço Dışı İşlemler,1,Gayrinakdi Kredi ve Yükümlülükler,YP,"3.995.280,15",3995280.15,TL,BDDK Haftalık Bülten
2025-10-31,2025-10-31,2025-10-31,False,2025,10,31,618,Ekim/31 (44. Hafta),294,Bilanço Dışı İşlemler,2,Taahhütler (3+4),TOPLAM,"41.459.087,90",41459087.9,TL,BDDK Haftalık Bülten
2025-10-31,2025-10-31,2025-10-31,False,2025,10,31,618,Ekim/31 (44. Hafta),294,Bilanço Dışı İşlemler,2,Taahhütler (3+4),TP,"20.847.429,01",20847429.01,TL,BDDK Haftalık Bülten
2025-10-31,2025-10-31,2025-10-31,False,2025,10,31,618,Ekim/31 (44. Hafta),294,Bilanço Dışı İşlemler,2,Taahhütler (3+4),YP,"20.611.658,88",20611658.88,TL,BDDK Haftalık Bülten
2025-10-31,2025-10-31,2025-10-31,False,2025,10,31,618,Ekim/31 (44. Hafta),294,Bilanço Dışı İşlemler,3,a) Türev Finansal Araçlar,TOPLAM,"23.188.690,70",23188690.7,TL,BDDK Haftalık Bülten
2025-10-31,2025-10-31,2025-10-31,False,2025,10,31,618,Ekim/31 (44. Hafta),294,Bilanço Dışı İşlemler,3,a) Türev Finansal Araçlar,TP,"5.226.046,73",5226046.73,TL,BDDK Haftalık Bülten
2025-10-31,2025-10-31,2025-10-31,False,2025,10,31,618,Ekim/31 (44. Hafta),294,Bilanço Dışı İşlemler,3,a) Türev Finansal Araçlar,YP,"17.962.643,98",17962643.98,TL,BDDK Haftalık Bülten
2025-10-31,2025-10-31,2025-10-31,False,2025,10,31,618,Ekim/31 (44. Hafta),294,Bilanço Dışı İşlemler,4,b) Diğer,TOPLAM,"18.270.397,19",18270397.19,TL,BDDK Haftalık Bülten
2025-10-31,2025-10-31,2025-10-31,False,2025,10,31,618,Ekim/31 (44. Hafta),294,Bilanço Dışı İşlemler,4,b) Diğer,TP,"15.621.382,29",15621382.29,TL,BDDK Haftalık Bülten
2025-10-31,2025-10-31,2025-10-31,False,2025,10,31,618,Ekim/31 (44. Hafta),294,Bilanço Dışı İşlemler,4,b) Diğer,YP,"2.649.014,91",2649014.91,TL,BDDK Haftalık Bülten
2025-11-07,2025-11-07,2025-11-07,False,2025,11,7,619,Kasım/07 (45. Hafta),294,Bilanço Dışı İşlemler,1,Gayrinakdi Kredi ve Yükümlülükler,TOPLAM,"8.495.575,05",8495575.05,TL,BDDK Haftalık Bülten
2025-11-07,2025-11-07,2025-11-07,False,2025,11,7,619,Kasım/07 (45. Hafta),294,Bilanço Dışı İşlemler,1,Gayrinakdi Kredi ve Yükümlülükler,TP,"4.429.759,09",4429759.09,TL,BDDK Haftalık Bülten
2025-11-07,2025-11-07,2025-11-07,False,2025,11,7,619,Kasım/07 (45. Hafta),294,Bilanço Dışı İşlemler,1,Gayrinakdi Kredi ve Yükümlülükler,YP,"4.065.815,95",4065815.95,TL,BDDK Haftalık Bülten
2025-11-07,2025-11-07,2025-11-07,False,2025,11,7,619,Kasım/07 (45. Hafta),294,Bilanço Dışı İşlemler,2,Taahhütler (3+4),TOPLAM,"42.141.422,88",42141422.88,TL,BDDK Haftalık Bülten
2025-11-07,2025-11-07,2025-11-07,False,2025,11,7,619,Kasım/07 (45. Hafta),294,Bilanço Dışı İşlemler,2,Taahhütler (3+4),TP,"21.404.473,07",21404473.07,TL,BDDK Haftalık Bülten
2025-11-07,2025-11-07,2025-11-07,False,2025,11,7,619,Kasım/07 (45. Hafta),294,Bilanço Dışı İşlemler,2,Taahhütler (3+4),YP,"20.736.949,81",20736949.81,TL,BDDK Haftalık Bülten
2025-11-07,2025-11-07,2025-11-07,False,2025,11,7,619,Kasım/07 (45. Hafta),294,Bilanço Dışı İşlemler,3,a) Türev Finansal Araçlar,TOPLAM,"23.586.303,35",23586303.35,TL,BDDK Haftalık Bülten
2025-11-07,2025-11-07,2025-11-07,False,2025,11,7,619,Kasım/07 (45. Hafta),294,Bilanço Dışı İşlemler,3,a) Türev Finansal Araçlar,TP,"5.377.646,46",5377646.46,TL,BDDK Haftalık Bülten
2025-11-07,2025-11-07,2025-11-07,False,2025,11,7,619,Kasım/07 (45. Hafta),294,Bilanço Dışı İşlemler,3,a) Türev Finansal Araçlar,YP,"18.208.656,88",18208656.88,TL,BDDK Haftalık Bülten
2025-11-07,2025-11-07,2025-11-07,False,2025,11,7,619,Kasım/07 (45. Hafta),294,Bilanço Dışı İşlemler,4,b) Diğer,TOPLAM,"18.555.119,53",18555119.53,TL,BDDK Haftalık Bülten
2025-11-07,2025-11-07,2025-11-07,False,2025,11,7,619,Kasım/07 (45. Hafta),294,Bilanço Dışı İşlemler,4,b) Diğer,TP,"16.026.826,61",16026826.61,TL,BDDK Haftalık Bülten
2025-11-07,2025-11-07,2025-11-07,False,2025,11,7,619,Kasım/07 (45. Hafta),294,Bilanço Dışı İşlemler,4,b) Diğer,YP,"2.528.292,92",2528292.92,TL,BDDK Haftalık Bülten
2025-11-14,2025-11-14,2025-11-14,False,2025,11,14,620,Kasım/14 (46. Hafta),294,Bilanço Dışı İşlemler,1,Gayrinakdi Kredi ve Yükümlülükler,TOPLAM,"8.536.664,71",8536664.71,TL,BDDK Haftalık Bülten
2025-11-14,2025-11-14,2025-11-14,False,2025,11,14,620,Kasım/14 (46. Hafta),294,Bilanço Dışı İşlemler,1,Gayrinakdi Kredi ve Yükümlülükler,TP,"4.435.393,46",4435393.46,TL,BDDK Haftalık Bülten
2025-11-14,2025-11-14,2025-11-14,False,2025,11,14,620,Kasım/14 (46. Hafta),294,Bilanço Dışı İşlemler,1,Gayrinakdi Kredi ve Yükümlülükler,YP,"4.101.271,25",4101271.25,TL,BDDK Haftalık Bülten
2025-11-14,2025-11-14,2025-11-14,False,2025,11,14,620,Kasım/14 (46. Hafta),294,Bilanço Dışı İşlemler,2,Taahhütler (3+4),TOPLAM,"42.907.531,67",42907531.67,TL,BDDK Haftalık Bülten
2025-11-14,2025-11-14,2025-11-14,False,2025,11,14,620,Kasım/14 (46. Hafta),294,Bilanço Dışı İşlemler,2,Taahhütler (3+4),TP,"21.605.086,37",21605086.37,TL,BDDK Haftalık Bülten
2025-11-14,2025-11-14,2025-11-14,False,2025,11,14,620,Kasım/14 (46. Hafta),294,Bilanço Dışı İşlemler,2,Taahhütler (3+4),YP,"21.302.445,30",21302445.3,TL,BDDK Haftalık Bülten
2025-11-14,2025-11-14,2025-11-14,False,2025,11,14,620,Kasım/14 (46. Hafta),294,Bilanço Dışı İşlemler,3,a) Türev Finansal Araçlar,TOPLAM,"24.038.246,66",24038246.66,TL,BDDK Haftalık Bülten
2025-11-14,2025-11-14,2025-11-14,False,2025,11,14,620,Kasım/14 (46. Hafta),294,Bilanço Dışı İşlemler,3,a) Türev Finansal Araçlar,TP,"5.361.904,63",5361904.63,TL,BDDK Haftalık Bülten
2025-11-14,2025-11-14,2025-11-14,False,2025,11,14,620,Kasım/14 (46. Hafta),294,Bilanço Dışı İşlemler,3,a) Türev Finansal Araçlar,YP,"18.676.342,03",18676342.03,TL,BDDK Haftalık Bülten
2025-11-14,2025-11-14,2025-11-14,False,2025,11,14,620,Kasım/14 (46. Hafta),294,Bilanço Dışı İşlemler,4,b) Diğer,TOPLAM,"18.869.285,01",18869285.01,TL,BDDK Haftalık Bülten
2025-11-14,2025-11-14,2025-11-14,False,2025,11,14,620,Kasım/14 (46. Hafta),294,Bilanço Dışı İşlemler,4,b) Diğer,TP,"16.243.181,74",16243181.74,TL,BDDK Haftalık Bülten
2025-11-14,2025-11-14,2025-11-14,False,2025,11,14,620,Kasım/14 (46. Hafta),294,Bilanço Dışı İşlemler,4,b) Diğer,YP,"2.626.103,28",2626103.28,TL,BDDK Haftalık Bülten
2025-11-21,2025-11-21,2025-11-21,False,2025,11,21,621,Kasım/21 (47. Hafta),294,Bilanço Dışı İşlemler,1,Gayrinakdi Kredi ve Yükümlülükler,TOPLAM,"8.582.347,64",8582347.64,TL,BDDK Haftalık Bülten
2025-11-21,2025-11-21,2025-11-21,False,2025,11,21,621,Kasım/21 (47. Hafta),294,Bilanço Dışı İşlemler,1,Gayrinakdi Kredi ve Yükümlülükler,TP,"4.474.913,88",4474913.88,TL,BDDK Haftalık Bülten
2025-11-21,2025-11-21,2025-11-21,False,2025,11,21,621,Kasım/21 (47. Hafta),294,Bilanço Dışı İşlemler,1,Gayrinakdi Kredi ve Yükümlülükler,YP,"4.107.433,77",4107433.77,TL,BDDK Haftalık Bülten
2025-11-21,2025-11-21,2025-11-21,False,2025,11,21,621,Kasım/21 (47. Hafta),294,Bilanço Dışı İşlemler,2,Taahhütler (3+4),TOPLAM,"43.762.787,49",43762787.49,TL,BDDK Haftalık Bülten
2025-11-21,2025-11-21,2025-11-21,False,2025,11,21,621,Kasım/21 (47. Hafta),294,Bilanço Dışı İşlemler,2,Taahhütler (3+4),TP,"22.143.094,54",22143094.54,TL,BDDK Haftalık Bülten
2025-11-21,2025-11-21,2025-11-21,False,2025,11,21,621,Kasım/21 (47. Hafta),294,Bilanço Dışı İşlemler,2,Taahhütler (3+4),YP,"21.619.692,95",21619692.95,TL,BDDK Haftalık Bülten
2025-11-21,2025-11-21,2025-11-21,False,2025,11,21,621,Kasım/21 (47. Hafta),294,Bilanço Dışı İşlemler,3,a) Türev Finansal Araçlar,TOPLAM,"24.205.403,33",24205403.33,TL,BDDK Haftalık Bülten
2025-11-21,2025-11-21,2025-11-21,False,2025,11,21,621,Kasım/21 (47. Hafta),294,Bilanço Dışı İşlemler,3,a) Türev Finansal Araçlar,TP,"5.531.152,19",5531152.19,TL,BDDK Haftalık Bülten
2025-11-21,2025-11-21,2025-11-21,False,2025,11,21,621,Kasım/21 (47. Hafta),294,Bilanço Dışı İşlemler,3,a) Türev Finansal Araçlar,YP,"18.674.251,14",18674251.14,TL,BDDK Haftalık Bülten
2025-11-21,2025-11-21,2025-11-21,False,2025,11,21,621,Kasım/21 (47. Hafta),294,Bilanço Dışı İşlemler,4,b) Diğer,TOPLAM,"19.557.384,15",19557384.15,TL,BDDK Haftalık Bülten
2025-11-21,2025-11-21,2025-11-21,False,2025,11,21,621,Kasım/21 (47. Hafta),294,Bilanço Dışı İşlemler,4,b) Diğer,TP,"16.611.942,34",16611942.34,TL,BDDK Haftalık Bülten
2025-11-21,2025-11-21,2025-11-21,False,2025,11,21,621,Kasım/21 (47. Hafta),294,Bilanço Dışı İşlemler,4,b) Diğer,YP,"2.945.441,81",2945441.81,TL,BDDK Haftalık Bülten
2025-11-28,2025-11-28,2025-11-28,False,2025,11,28,622,Kasım/28 (48. Hafta),294,Bilanço Dışı İşlemler,1,Gayrinakdi Kredi ve Yükümlülükler,TOPLAM,"8.645.641,42",8645641.42,TL,BDDK Haftalık Bülten
2025-11-28,2025-11-28,2025-11-28,False,2025,11,28,622,Kasım/28 (48. Hafta),294,Bilanço Dışı İşlemler,1,Gayrinakdi Kredi ve Yükümlülükler,TP,"4.499.697,16",4499697.16,TL,BDDK Haftalık Bülten
2025-11-28,2025-11-28,2025-11-28,False,2025,11,28,622,Kasım/28 (48. Hafta),294,Bilanço Dışı İşlemler,1,Gayrinakdi Kredi ve Yükümlülükler,YP,"4.145.944,27",4145944.27,TL,BDDK Haftalık Bülten
2025-11-28,2025-11-28,2025-11-28,False,2025,11,28,622,Kasım/28 (48. Hafta),294,Bilanço Dışı İşlemler,2,Taahhütler (3+4),TOPLAM,"43.186.320,46",43186320.46,TL,BDDK Haftalık Bülten
2025-11-28,2025-11-28,2025-11-28,False,2025,11,28,622,Kasım/28 (48. Hafta),294,Bilanço Dışı İşlemler,2,Taahhütler (3+4),TP,"21.920.844,07",21920844.07,TL,BDDK Haftalık Bülten
2025-11-28,2025-11-28,2025-11-28,False,2025,11,28,622,Kasım/28 (48. Hafta),294,Bilanço Dışı İşlemler,2,Taahhütler (3+4),YP,"21.265.476,40",21265476.4,TL,BDDK Haftalık Bülten
2025-11-28,2025-11-28,2025-11-28,False,2025,11,28,622,Kasım/28 (48. Hafta),294,Bilanço Dışı İşlemler,3,a) Türev Finansal Araçlar,TOPLAM,"24.476.520,21",24476520.21,TL,BDDK Haftalık Bülten
2025-11-28,2025-11-28,2025-11-28,False,2025,11,28,622,Kasım/28 (48. Hafta),294,Bilanço Dışı İşlemler,3,a) Türev Finansal Araçlar,TP,"5.476.424,92",5476424.92,TL,BDDK Haftalık Bülten
2025-11-28,2025-11-28,2025-11-28,False,2025,11,28,622,Kasım/28 (48. Hafta),294,Bilanço Dışı İşlemler,3,a) Türev Finansal Araçlar,YP,"19.000.095,29",19000095.29,TL,BDDK Haftalık Bülten
2025-11-28,2025-11-28,2025-11-28,False,2025,11,28,622,Kasım/28 (48. Hafta),294,Bilanço Dışı İşlemler,4,b) Diğer,TOPLAM,"18.709.800,25",18709800.25,TL,BDDK Haftalık Bülten
2025-11-28,2025-11-28,2025-11-28,False,2025,11,28,622,Kasım/28 (48. Hafta),294,Bilanço Dışı İşlemler,4,b) Diğer,TP,"16.444.419,15",16444419.15,TL,BDDK Haftalık Bülten
2025-11-28,2025-11-28,2025-11-28,False,2025,11,28,622,Kasım/28 (48. Hafta),294,Bilanço Dışı İşlemler,4,b) Diğer,YP,"2.265.381,10",2265381.1,TL,BDDK Haftalık Bülten
2025-12-05,2025-12-05,2025-12-05,False,2025,12,5,623,Aralık/05 (49. Hafta),294,Bilanço Dışı İşlemler,1,Gayrinakdi Kredi ve Yükümlülükler,TOPLAM,"8.721.968,82",8721968.82,TL,BDDK Haftalık Bülten
2025-12-05,2025-12-05,2025-12-05,False,2025,12,5,623,Aralık/05 (49. Hafta),294,Bilanço Dışı İşlemler,1,Gayrinakdi Kredi ve Yükümlülükler,TP,"4.550.328,19",4550328.19,TL,BDDK Haftalık Bülten
2025-12-05,2025-12-05,2025-12-05,False,2025,12,5,623,Aralık/05 (49. Hafta),294,Bilanço Dışı İşlemler,1,Gayrinakdi Kredi ve Yükümlülükler,YP,"4.171.640,63",4171640.63,TL,BDDK Haftalık Bülten
2025-12-05,2025-12-05,2025-12-05,False,2025,12,5,623,Aralık/05 (49. Hafta),294,Bilanço Dışı İşlemler,2,Taahhütler (3+4),TOPLAM,"43.596.914,07",43596914.07,TL,BDDK Haftalık Bülten
2025-12-05,2025-12-05,2025-12-05,False,2025,12,5,623,Aralık/05 (49. Hafta),294,Bilanço Dışı İşlemler,2,Taahhütler (3+4),TP,"22.315.963,90",22315963.9,TL,BDDK Haftalık Bülten
2025-12-05,2025-12-05,2025-12-05,False,2025,12,5,623,Aralık/05 (49. Hafta),294,Bilanço Dışı İşlemler,2,Taahhütler (3+4),YP,"21.280.950,16",21280950.16,TL,BDDK Haftalık Bülten
2025-12-05,2025-12-05,2025-12-05,False,2025,12,5,623,Aralık/05 (49. Hafta),294,Bilanço Dışı İşlemler,3,a) Türev Finansal Araçlar,TOPLAM,"24.458.343,77",24458343.77,TL,BDDK Haftalık Bülten
2025-12-05,2025-12-05,2025-12-05,False,2025,12,5,623,Aralık/05 (49. Hafta),294,Bilanço Dışı İşlemler,3,a) Türev Finansal Araçlar,TP,"5.570.045,73",5570045.73,TL,BDDK Haftalık Bülten
2025-12-05,2025-12-05,2025-12-05,False,2025,12,5,623,Aralık/05 (49. Hafta),294,Bilanço Dışı İşlemler,3,a) Türev Finansal Araçlar,YP,"18.888.298,05",18888298.05,TL,BDDK Haftalık Bülten
2025-12-05,2025-12-05,2025-12-05,False,2025,12,5,623,Aralık/05 (49. Hafta),294,Bilanço Dışı İşlemler,4,b) Diğer,TOPLAM,"19.138.570,29",19138570.29,TL,BDDK Haftalık Bülten
2025-12-05,2025-12-05,2025-12-05,False,2025,12,5,623,Aralık/05 (49. Hafta),294,Bilanço Dışı İşlemler,4,b) Diğer,TP,"16.745.918,18",16745918.18,TL,BDDK Haftalık Bülten
2025-12-05,2025-12-05,2025-12-05,False,2025,12,5,623,Aralık/05 (49. Hafta),294,Bilanço Dışı İşlemler,4,b) Diğer,YP,"2.392.652,12",2392652.12,TL,BDDK Haftalık Bülten
2025-12-12,2025-12-12,2025-12-12,False,2025,12,12,624,Aralık/12 (50. Hafta),294,Bilanço Dışı İşlemler,1,Gayrinakdi Kredi ve Yükümlülükler,TOPLAM,"8.825.742,64",8825742.64,TL,BDDK Haftalık Bülten
2025-12-12,2025-12-12,2025-12-12,False,2025,12,12,624,Aralık/12 (50. Hafta),294,Bilanço Dışı İşlemler,1,Gayrinakdi Kredi ve Yükümlülükler,TP,"4.579.652,55",4579652.55,TL,BDDK Haftalık Bülten
2025-12-12,2025-12-12,2025-12-12,False,2025,12,12,624,Aralık/12 (50. Hafta),294,Bilanço Dışı İşlemler,1,Gayrinakdi Kredi ve Yükümlülükler,YP,"4.246.090,08",4246090.08,TL,BDDK Haftalık Bülten
2025-12-12,2025-12-12,2025-12-12,False,2025,12,12,624,Aralık/12 (50. Hafta),294,Bilanço Dışı İşlemler,2,Taahhütler (3+4),TOPLAM,"43.926.866,05",43926866.05,TL,BDDK Haftalık Bülten
2025-12-12,2025-12-12,2025-12-12,False,2025,12,12,624,Aralık/12 (50. Hafta),294,Bilanço Dışı İşlemler,2,Taahhütler (3+4),TP,"22.620.842,69",22620842.69,TL,BDDK Haftalık Bülten
2025-12-12,2025-12-12,2025-12-12,False,2025,12,12,624,Aralık/12 (50. Hafta),294,Bilanço Dışı İşlemler,2,Taahhütler (3+4),YP,"21.306.023,36",21306023.36,TL,BDDK Haftalık Bülten
2025-12-12,2025-12-12,2025-12-12,False,2025,12,12,624,Aralık/12 (50. Hafta),294,Bilanço Dışı İşlemler,3,a) Türev Finansal Araçlar,TOPLAM,"24.606.856,46",24606856.46,TL,BDDK Haftalık Bülten
2025-12-12,2025-12-12,2025-12-12,False,2025,12,12,624,Aralık/12 (50. Hafta),294,Bilanço Dışı İşlemler,3,a) Türev Finansal Araçlar,TP,"5.638.250,64",5638250.64,TL,BDDK Haftalık Bülten
2025-12-12,2025-12-12,2025-12-12,False,2025,12,12,624,Aralık/12 (50. Hafta),294,Bilanço Dışı İşlemler,3,a) Türev Finansal Araçlar,YP,"18.968.605,82",18968605.82,TL,BDDK Haftalık Bülten
2025-12-12,2025-12-12,2025-12-12,False,2025,12,12,624,Aralık/12 (50. Hafta),294,Bilanço Dışı İşlemler,4,b) Diğer,TOPLAM,"19.320.009,59",19320009.59,TL,BDDK Haftalık Bülten
2025-12-12,2025-12-12,2025-12-12,False,2025,12,12,624,Aralık/12 (50. Hafta),294,Bilanço Dışı İşlemler,4,b) Diğer,TP,"16.982.592,05",16982592.05,TL,BDDK Haftalık Bülten
2025-12-12,2025-12-12,2025-12-12,False,2025,12,12,624,Aralık/12 (50. Hafta),294,Bilanço Dışı İşlemler,4,b) Diğer,YP,"2.337.417,54",2337417.54,TL,BDDK Haftalık Bülten
2025-12-19,2025-12-19,2025-12-19,False,2025,12,19,625,Aralık/19 (51. Hafta),294,Bilanço Dışı İşlemler,1,Gayrinakdi Kredi ve Yükümlülükler,TOPLAM,"8.925.699,10",8925699.1,TL,BDDK Haftalık Bülten
2025-12-19,2025-12-19,2025-12-19,False,2025,12,19,625,Aralık/19 (51. Hafta),294,Bilanço Dışı İşlemler,1,Gayrinakdi Kredi ve Yükümlülükler,TP,"4.638.323,54",4638323.54,TL,BDDK Haftalık Bülten
2025-12-19,2025-12-19,2025-12-19,False,2025,12,19,625,Aralık/19 (51. Hafta),294,Bilanço Dışı İşlemler,1,Gayrinakdi Kredi ve Yükümlülükler,YP,"4.287.375,56",4287375.56,TL,BDDK Haftalık Bülten
2025-12-19,2025-12-19,2025-12-19,False,2025,12,19,625,Aralık/19 (51. Hafta),294,Bilanço Dışı İşlemler,2,Taahhütler (3+4),TOPLAM,"45.197.491,24",45197491.24,TL,BDDK Haftalık Bülten
2025-12-19,2025-12-19,2025-12-19,False,2025,12,19,625,Aralık/19 (51. Hafta),294,Bilanço Dışı İşlemler,2,Taahhütler (3+4),TP,"23.159.688,85",23159688.85,TL,BDDK Haftalık Bülten
2025-12-19,2025-12-19,2025-12-19,False,2025,12,19,625,Aralık/19 (51. Hafta),294,Bilanço Dışı İşlemler,2,Taahhütler (3+4),YP,"22.037.802,39",22037802.39,TL,BDDK Haftalık Bülten
2025-12-19,2025-12-19,2025-12-19,False,2025,12,19,625,Aralık/19 (51. Hafta),294,Bilanço Dışı İşlemler,3,a) Türev Finansal Araçlar,TOPLAM,"25.090.787,59",25090787.59,TL,BDDK Haftalık Bülten
2025-12-19,2025-12-19,2025-12-19,False,2025,12,19,625,Aralık/19 (51. Hafta),294,Bilanço Dışı İşlemler,3,a) Türev Finansal Araçlar,TP,"5.771.270,68",5771270.68,TL,BDDK Haftalık Bülten
2025-12-19,2025-12-19,2025-12-19,False,2025,12,19,625,Aralık/19 (51. Hafta),294,Bilanço Dışı İşlemler,3,a) Türev Finansal Araçlar,YP,"19.319.516,90",19319516.9,TL,BDDK Haftalık Bülten
2025-12-19,2025-12-19,2025-12-19,False,2025,12,19,625,Aralık/19 (51. Hafta),294,Bilanço Dışı İşlemler,4,b) Diğer,TOPLAM,"20.106.703,65",20106703.65,TL,BDDK Haftalık Bülten
2025-12-19,2025-12-19,2025-12-19,False,2025,12,19,625,Aralık/19 (51. Hafta),294,Bilanço Dışı İşlemler,4,b) Diğer,TP,"17.388.418,17",17388418.17,TL,BDDK Haftalık Bülten
2025-12-19,2025-12-19,2025-12-19,False,2025,12,19,625,Aralık/19 (51. Hafta),294,Bilanço Dışı İşlemler,4,b) Diğer,YP,"2.718.285,48",2718285.48,TL,BDDK Haftalık Bülten
2025-12-26,2025-12-26,2025-12-26,False,2025,12,26,626,Aralık/26 (52. Hafta),294,Bilanço Dışı İşlemler,1,Gayrinakdi Kredi ve Yükümlülükler,TOPLAM,"9.022.254,80",9022254.8,TL,BDDK Haftalık Bülten
2025-12-26,2025-12-26,2025-12-26,False,2025,12,26,626,Aralık/26 (52. Hafta),294,Bilanço Dışı İşlemler,1,Gayrinakdi Kredi ve Yükümlülükler,TP,"4.696.579,89",4696579.89,TL,BDDK Haftalık Bülten
2025-12-26,2025-12-26,2025-12-26,False,2025,12,26,626,Aralık/26 (52. Hafta),294,Bilanço Dışı İşlemler,1,Gayrinakdi Kredi ve Yükümlülükler,YP,"4.325.674,92",4325674.92,TL,BDDK Haftalık Bülten
2025-12-26,2025-12-26,2025-12-26,False,2025,12,26,626,Aralık/26 (52. Hafta),294,Bilanço Dışı İşlemler,2,Taahhütler (3+4),TOPLAM,"44.894.257,19",44894257.19,TL,BDDK Haftalık Bülten
2025-12-26,2025-12-26,2025-12-26,False,2025,12,26,626,Aralık/26 (52. Hafta),294,Bilanço Dışı İşlemler,2,Taahhütler (3+4),TP,"23.203.915,59",23203915.59,TL,BDDK Haftalık Bülten
2025-12-26,2025-12-26,2025-12-26,False,2025,12,26,626,Aralık/26 (52. Hafta),294,Bilanço Dışı İşlemler,2,Taahhütler (3+4),YP,"21.690.341,60",21690341.6,TL,BDDK Haftalık Bülten
2025-12-26,2025-12-26,2025-12-26,False,2025,12,26,626,Aralık/26 (52. Hafta),294,Bilanço Dışı İşlemler,3,a) Türev Finansal Araçlar,TOPLAM,"25.019.430,89",25019430.89,TL,BDDK Haftalık Bülten
2025-12-26,2025-12-26,2025-12-26,False,2025,12,26,626,Aralık/26 (52. Hafta),294,Bilanço Dışı İşlemler,3,a) Türev Finansal Araçlar,TP,"5.778.823,50",5778823.5,TL,BDDK Haftalık Bülten
2025-12-26,2025-12-26,2025-12-26,False,2025,12,26,626,Aralık/26 (52. Hafta),294,Bilanço Dışı İşlemler,3,a) Türev Finansal Araçlar,YP,"19.240.607,39",19240607.39,TL,BDDK Haftalık Bülten
2025-12-26,2025-12-26,2025-12-26,False,2025,12,26,626,Aralık/26 (52. Hafta),294,Bilanço Dışı İşlemler,4,b) Diğer,TOPLAM,"19.874.826,30",19874826.3,TL,BDDK Haftalık Bülten
2025-12-26,2025-12-26,2025-12-26,False,2025,12,26,626,Aralık/26 (52. Hafta),294,Bilanço Dışı İşlemler,4,b) Diğer,TP,"17.425.092,09",17425092.09,TL,BDDK Haftalık Bülten
2025-12-26,2025-12-26,2025-12-26,False,2025,12,26,626,Aralık/26 (52. Hafta),294,Bilanço Dışı İşlemler,4,b) Diğer,YP,"2.449.734,21",2449734.21,TL,BDDK Haftalık Bülten
2026-01-02,2026-01-02,2026-01-02,False,2026,1,2,627,Ocak/02 (1. Hafta),294,Bilanço Dışı İşlemler,1,Gayrinakdi Kredi ve Yükümlülükler,TOPLAM,"8.980.252,24",8980252.24,TL,BDDK Haftalık Bülten
2026-01-02,2026-01-02,2026-01-02,False,2026,1,2,627,Ocak/02 (1. Hafta),294,Bilanço Dışı İşlemler,1,Gayrinakdi Kredi ve Yükümlülükler,TP,"4.672.640,49",4672640.49,TL,BDDK Haftalık Bülten
2026-01-02,2026-01-02,2026-01-02,False,2026,1,2,627,Ocak/02 (1. Hafta),294,Bilanço Dışı İşlemler,1,Gayrinakdi Kredi ve Yükümlülükler,YP,"4.307.611,75",4307611.75,TL,BDDK Haftalık Bülten
2026-01-02,2026-01-02,2026-01-02,False,2026,1,2,627,Ocak/02 (1. Hafta),294,Bilanço Dışı İşlemler,2,Taahhütler (3+4),TOPLAM,"45.416.536,69",45416536.69,TL,BDDK Haftalık Bülten
2026-01-02,2026-01-02,2026-01-02,False,2026,1,2,627,Ocak/02 (1. Hafta),294,Bilanço Dışı İşlemler,2,Taahhütler (3+4),TP,"23.691.070,01",23691070.01,TL,BDDK Haftalık Bülten
2026-01-02,2026-01-02,2026-01-02,False,2026,1,2,627,Ocak/02 (1. Hafta),294,Bilanço Dışı İşlemler,2,Taahhütler (3+4),YP,"21.725.466,68",21725466.68,TL,BDDK Haftalık Bülten
2026-01-02,2026-01-02,2026-01-02,False,2026,1,2,627,Ocak/02 (1. Hafta),294,Bilanço Dışı İşlemler,3,a) Türev Finansal Araçlar,TOPLAM,"24.724.966,68",24724966.68,TL,BDDK Haftalık Bülten
2026-01-02,2026-01-02,2026-01-02,False,2026,1,2,627,Ocak/02 (1. Hafta),294,Bilanço Dışı İşlemler,3,a) Türev Finansal Araçlar,TP,"5.690.922,97",5690922.97,TL,BDDK Haftalık Bülten
2026-01-02,2026-01-02,2026-01-02,False,2026,1,2,627,Ocak/02 (1. Hafta),294,Bilanço Dışı İşlemler,3,a) Türev Finansal Araçlar,YP,"19.034.043,71",19034043.71,TL,BDDK Haftalık Bülten
2026-01-02,2026-01-02,2026-01-02,False,2026,1,2,627,Ocak/02 (1. Hafta),294,Bilanço Dışı İşlemler,4,b) Diğer,TOPLAM,"20.691.570,01",20691570.01,TL,BDDK Haftalık Bülten
2026-01-02,2026-01-02,2026-01-02,False,2026,1,2,627,Ocak/02 (1. Hafta),294,Bilanço Dışı İşlemler,4,b) Diğer,TP,"18.000.147,04",18000147.04,TL,BDDK Haftalık Bülten
2026-01-02,2026-01-02,2026-01-02,False,2026,1,2,627,Ocak/02 (1. Hafta),294,Bilanço Dışı İşlemler,4,b) Diğer,YP,"2.691.422,97",2691422.97,TL,BDDK Haftalık Bülten
2026-01-09,2026-01-09,2026-01-09,False,2026,1,9,628,Ocak/09 (2. Hafta),294,Bilanço Dışı İşlemler,1,Gayrinakdi Kredi ve Yükümlülükler,TOPLAM,"9.009.903,07",9009903.07,TL,BDDK Haftalık Bülten
2026-01-09,2026-01-09,2026-01-09,False,2026,1,9,628,Ocak/09 (2. Hafta),294,Bilanço Dışı İşlemler,1,Gayrinakdi Kredi ve Yükümlülükler,TP,"4.691.227,25",4691227.25,TL,BDDK Haftalık Bülten
2026-01-09,2026-01-09,2026-01-09,False,2026,1,9,628,Ocak/09 (2. Hafta),294,Bilanço Dışı İşlemler,1,Gayrinakdi Kredi ve Yükümlülükler,YP,"4.318.675,82",4318675.82,TL,BDDK Haftalık Bülten
2026-01-09,2026-01-09,2026-01-09,False,2026,1,9,628,Ocak/09 (2. Hafta),294,Bilanço Dışı İşlemler,2,Taahhütler (3+4),TOPLAM,"45.925.677,48",45925677.48,TL,BDDK Haftalık Bülten
2026-01-09,2026-01-09,2026-01-09,False,2026,1,9,628,Ocak/09 (2. Hafta),294,Bilanço Dışı İşlemler,2,Taahhütler (3+4),TP,"23.826.429,10",23826429.1,TL,BDDK Haftalık Bülten
2026-01-09,2026-01-09,2026-01-09,False,2026,1,9,628,Ocak/09 (2. Hafta),294,Bilanço Dışı İşlemler,2,Taahhütler (3+4),YP,"22.099.248,37",22099248.37,TL,BDDK Haftalık Bülten
2026-01-09,2026-01-09,2026-01-09,False,2026,1,9,628,Ocak/09 (2. Hafta),294,Bilanço Dışı İşlemler,3,a) Türev Finansal Araçlar,TOPLAM,"25.678.006,67",25678006.67,TL,BDDK Haftalık Bülten
2026-01-09,2026-01-09,2026-01-09,False,2026,1,9,628,Ocak/09 (2. Hafta),294,Bilanço Dışı İşlemler,3,a) Türev Finansal Araçlar,TP,"6.120.099,04",6120099.04,TL,BDDK Haftalık Bülten
2026-01-09,2026-01-09,2026-01-09,False,2026,1,9,628,Ocak/09 (2. Hafta),294,Bilanço Dışı İşlemler,3,a) Türev Finansal Araçlar,YP,"19.557.907,63",19557907.63,TL,BDDK Haftalık Bülten
2026-01-09,2026-01-09,2026-01-09,False,2026,1,9,628,Ocak/09 (2. Hafta),294,Bilanço Dışı İşlemler,4,b) Diğer,TOPLAM,"20.247.670,81",20247670.81,TL,BDDK Haftalık Bülten
2026-01-09,2026-01-09,2026-01-09,False,2026,1,9,628,Ocak/09 (2. Hafta),294,Bilanço Dışı İşlemler,4,b) Diğer,TP,"17.706.330,07",17706330.07,TL,BDDK Haftalık Bülten
2026-01-09,2026-01-09,2026-01-09,False,2026,1,9,628,Ocak/09 (2. Hafta),294,Bilanço Dışı İşlemler,4,b) Diğer,YP,"2.541.340,74",2541340.74,TL,BDDK Haftalık Bülten
2026-01-16,2026-01-16,2026-01-16,False,2026,1,16,629,Ocak/16 (3. Hafta),294,Bilanço Dışı İşlemler,1,Gayrinakdi Kredi ve Yükümlülükler,TOPLAM,"9.106.280,91",9106280.91,TL,BDDK Haftalık Bülten
2026-01-16,2026-01-16,2026-01-16,False,2026,1,16,629,Ocak/16 (3. Hafta),294,Bilanço Dışı İşlemler,1,Gayrinakdi Kredi ve Yükümlülükler,TP,"4.743.426,31",4743426.31,TL,BDDK Haftalık Bülten
2026-01-16,2026-01-16,2026-01-16,False,2026,1,16,629,Ocak/16 (3. Hafta),294,Bilanço Dışı İşlemler,1,Gayrinakdi Kredi ve Yükümlülükler,YP,"4.362.854,60",4362854.6,TL,BDDK Haftalık Bülten
2026-01-16,2026-01-16,2026-01-16,False,2026,1,16,629,Ocak/16 (3. Hafta),294,Bilanço Dışı İşlemler,2,Taahhütler (3+4),TOPLAM,"47.153.755,87",47153755.87,TL,BDDK Haftalık Bülten
2026-01-16,2026-01-16,2026-01-16,False,2026,1,16,629,Ocak/16 (3. Hafta),294,Bilanço Dışı İşlemler,2,Taahhütler (3+4),TP,"24.503.739,19",24503739.19,TL,BDDK Haftalık Bülten
2026-01-16,2026-01-16,2026-01-16,False,2026,1,16,629,Ocak/16 (3. Hafta),294,Bilanço Dışı İşlemler,2,Taahhütler (3+4),YP,"22.650.016,68",22650016.68,TL,BDDK Haftalık Bülten
2026-01-16,2026-01-16,2026-01-16,False,2026,1,16,629,Ocak/16 (3. Hafta),294,Bilanço Dışı İşlemler,3,a) Türev Finansal Araçlar,TOPLAM,"26.650.692,83",26650692.83,TL,BDDK Haftalık Bülten
2026-01-16,2026-01-16,2026-01-16,False,2026,1,16,629,Ocak/16 (3. Hafta),294,Bilanço Dışı İşlemler,3,a) Türev Finansal Araçlar,TP,"6.434.422,39",6434422.39,TL,BDDK Haftalık Bülten
2026-01-16,2026-01-16,2026-01-16,False,2026,1,16,629,Ocak/16 (3. Hafta),294,Bilanço Dışı İşlemler,3,a) Türev Finansal Araçlar,YP,"20.216.270,44",20216270.44,TL,BDDK Haftalık Bülten
2026-01-16,2026-01-16,2026-01-16,False,2026,1,16,629,Ocak/16 (3. Hafta),294,Bilanço Dışı İşlemler,4,b) Diğer,TOPLAM,"20.503.063,04",20503063.04,TL,BDDK Haftalık Bülten
2026-01-16,2026-01-16,2026-01-16,False,2026,1,16,629,Ocak/16 (3. Hafta),294,Bilanço Dışı İşlemler,4,b) Diğer,TP,"18.069.316,80",18069316.8,TL,BDDK Haftalık Bülten
2026-01-16,2026-01-16,2026-01-16,False,2026,1,16,629,Ocak/16 (3. Hafta),294,Bilanço Dışı İşlemler,4,b) Diğer,YP,"2.433.746,24",2433746.24,TL,BDDK Haftalık Bülten
2026-01-23,2026-01-23,2026-01-23,False,2026,1,23,630,Ocak/23 (4. Hafta),294,Bilanço Dışı İşlemler,1,Gayrinakdi Kredi ve Yükümlülükler,TOPLAM,"9.183.807,76",9183807.76,TL,BDDK Haftalık Bülten
2026-01-23,2026-01-23,2026-01-23,False,2026,1,23,630,Ocak/23 (4. Hafta),294,Bilanço Dışı İşlemler,1,Gayrinakdi Kredi ve Yükümlülükler,TP,"4.787.592,85",4787592.85,TL,BDDK Haftalık Bülten
2026-01-23,2026-01-23,2026-01-23,False,2026,1,23,630,Ocak/23 (4. Hafta),294,Bilanço Dışı İşlemler,1,Gayrinakdi Kredi ve Yükümlülükler,YP,"4.396.214,91",4396214.91,TL,BDDK Haftalık Bülten
2026-01-23,2026-01-23,2026-01-23,False,2026,1,23,630,Ocak/23 (4. Hafta),294,Bilanço Dışı İşlemler,2,Taahhütler (3+4),TOPLAM,"48.716.592,63",48716592.63,TL,BDDK Haftalık Bülten
2026-01-23,2026-01-23,2026-01-23,False,2026,1,23,630,Ocak/23 (4. Hafta),294,Bilanço Dışı İşlemler,2,Taahhütler (3+4),TP,"24.790.712,16",24790712.16,TL,BDDK Haftalık Bülten
2026-01-23,2026-01-23,2026-01-23,False,2026,1,23,630,Ocak/23 (4. Hafta),294,Bilanço Dışı İşlemler,2,Taahhütler (3+4),YP,"23.925.880,48",23925880.48,TL,BDDK Haftalık Bülten
2026-01-23,2026-01-23,2026-01-23,False,2026,1,23,630,Ocak/23 (4. Hafta),294,Bilanço Dışı İşlemler,3,a) Türev Finansal Araçlar,TOPLAM,"28.032.064,35",28032064.35,TL,BDDK Haftalık Bülten
2026-01-23,2026-01-23,2026-01-23,False,2026,1,23,630,Ocak/23 (4. Hafta),294,Bilanço Dışı İşlemler,3,a) Türev Finansal Araçlar,TP,"6.703.792,57",6703792.57,TL,BDDK Haftalık Bülten
2026-01-23,2026-01-23,2026-01-23,False,2026,1,23,630,Ocak/23 (4. Hafta),294,Bilanço Dışı İşlemler,3,a) Türev Finansal Araçlar,YP,"21.328.271,78",21328271.78,TL,BDDK Haftalık Bülten
2026-01-23,2026-01-23,2026-01-23,False,2026,1,23,630,Ocak/23 (4. Hafta),294,Bilanço Dışı İşlemler,4,b) Diğer,TOPLAM,"20.684.528,28",20684528.28,TL,BDDK Haftalık Bülten
2026-01-23,2026-01-23,2026-01-23,False,2026,1,23,630,Ocak/23 (4. Hafta),294,Bilanço Dışı İşlemler,4,b) Diğer,TP,"18.086.919,58",18086919.58,TL,BDDK Haftalık Bülten
2026-01-23,2026-01-23,2026-01-23,False,2026,1,23,630,Ocak/23 (4. Hafta),294,Bilanço Dışı İşlemler,4,b) Diğer,YP,"2.597.608,70",2597608.7,TL,BDDK Haftalık Bülten
2026-01-30,2026-01-30,2026-01-30,False,2026,1,30,631,Ocak/30 (5. Hafta),294,Bilanço Dışı İşlemler,1,Gayrinakdi Kredi ve Yükümlülükler,TOPLAM,"9.343.831,06",9343831.06,TL,BDDK Haftalık Bülten
2026-01-30,2026-01-30,2026-01-30,False,2026,1,30,631,Ocak/30 (5. Hafta),294,Bilanço Dışı İşlemler,1,Gayrinakdi Kredi ve Yükümlülükler,TP,"4.840.159,73",4840159.73,TL,BDDK Haftalık Bülten
2026-01-30,2026-01-30,2026-01-30,False,2026,1,30,631,Ocak/30 (5. Hafta),294,Bilanço Dışı İşlemler,1,Gayrinakdi Kredi ve Yükümlülükler,YP,"4.503.671,34",4503671.34,TL,BDDK Haftalık Bülten
2026-01-30,2026-01-30,2026-01-30,False,2026,1,30,631,Ocak/30 (5. Hafta),294,Bilanço Dışı İşlemler,2,Taahhütler (3+4),TOPLAM,"50.452.942,38",50452942.38,TL,BDDK Haftalık Bülten
2026-01-30,2026-01-30,2026-01-30,False,2026,1,30,631,Ocak/30 (5. Hafta),294,Bilanço Dışı İşlemler,2,Taahhütler (3+4),TP,"25.110.787,57",25110787.57,TL,BDDK Haftalık Bülten
2026-01-30,2026-01-30,2026-01-30,False,2026,1,30,631,Ocak/30 (5. Hafta),294,Bilanço Dışı İşlemler,2,Taahhütler (3+4),YP,"25.342.154,81",25342154.81,TL,BDDK Haftalık Bülten
2026-01-30,2026-01-30,2026-01-30,False,2026,1,30,631,Ocak/30 (5. Hafta),294,Bilanço Dışı İşlemler,3,a) Türev Finansal Araçlar,TOPLAM,"28.485.281,26",28485281.26,TL,BDDK Haftalık Bülten
2026-01-30,2026-01-30,2026-01-30,False,2026,1,30,631,Ocak/30 (5. Hafta),294,Bilanço Dışı İşlemler,3,a) Türev Finansal Araçlar,TP,"6.682.348,83",6682348.83,TL,BDDK Haftalık Bülten
2026-01-30,2026-01-30,2026-01-30,False,2026,1,30,631,Ocak/30 (5. Hafta),294,Bilanço Dışı İşlemler,3,a) Türev Finansal Araçlar,YP,"21.802.932,43",21802932.43,TL,BDDK Haftalık Bülten
2026-01-30,2026-01-30,2026-01-30,False,2026,1,30,631,Ocak/30 (5. Hafta),294,Bilanço Dışı İşlemler,4,b) Diğer,TOPLAM,"21.967.661,12",21967661.12,TL,BDDK Haftalık Bülten
2026-01-30,2026-01-30,2026-01-30,False,2026,1,30,631,Ocak/30 (5. Hafta),294,Bilanço Dışı İşlemler,4,b) Diğer,TP,"18.428.438,73",18428438.73,TL,BDDK Haftalık Bülten
2026-01-30,2026-01-30,2026-01-30,False,2026,1,30,631,Ocak/30 (5. Hafta),294,Bilanço Dışı İşlemler,4,b) Diğer,YP,"3.539.222,38",3539222.38,TL,BDDK Haftalık Bülten
2026-02-06,2026-02-06,2026-02-06,False,2026,2,6,632,Şubat/06 (6. Hafta),294,Bilanço Dışı İşlemler,1,Gayrinakdi Kredi ve Yükümlülükler,TOPLAM,"9.334.715,49",9334715.49,TL,BDDK Haftalık Bülten
2026-02-06,2026-02-06,2026-02-06,False,2026,2,6,632,Şubat/06 (6. Hafta),294,Bilanço Dışı İşlemler,1,Gayrinakdi Kredi ve Yükümlülükler,TP,"4.830.785,80",4830785.8,TL,BDDK Haftalık Bülten
2026-02-06,2026-02-06,2026-02-06,False,2026,2,6,632,Şubat/06 (6. Hafta),294,Bilanço Dışı İşlemler,1,Gayrinakdi Kredi ve Yükümlülükler,YP,"4.503.929,69",4503929.69,TL,BDDK Haftalık Bülten
2026-02-06,2026-02-06,2026-02-06,False,2026,2,6,632,Şubat/06 (6. Hafta),294,Bilanço Dışı İşlemler,2,Taahhütler (3+4),TOPLAM,"50.048.672,98",50048672.98,TL,BDDK Haftalık Bülten
2026-02-06,2026-02-06,2026-02-06,False,2026,2,6,632,Şubat/06 (6. Hafta),294,Bilanço Dışı İşlemler,2,Taahhütler (3+4),TP,"25.040.737,38",25040737.38,TL,BDDK Haftalık Bülten
2026-02-06,2026-02-06,2026-02-06,False,2026,2,6,632,Şubat/06 (6. Hafta),294,Bilanço Dışı İşlemler,2,Taahhütler (3+4),YP,"25.007.935,60",25007935.6,TL,BDDK Haftalık Bülten
2026-02-06,2026-02-06,2026-02-06,False,2026,2,6,632,Şubat/06 (6. Hafta),294,Bilanço Dışı İşlemler,3,a) Türev Finansal Araçlar,TOPLAM,"29.006.338,24",29006338.24,TL,BDDK Haftalık Bülten
2026-02-06,2026-02-06,2026-02-06,False,2026,2,6,632,Şubat/06 (6. Hafta),294,Bilanço Dışı İşlemler,3,a) Türev Finansal Araçlar,TP,"6.890.157,86",6890157.86,TL,BDDK Haftalık Bülten
2026-02-06,2026-02-06,2026-02-06,False,2026,2,6,632,Şubat/06 (6. Hafta),294,Bilanço Dışı İşlemler,3,a) Türev Finansal Araçlar,YP,"22.116.180,38",22116180.38,TL,BDDK Haftalık Bülten
2026-02-06,2026-02-06,2026-02-06,False,2026,2,6,632,Şubat/06 (6. Hafta),294,Bilanço Dışı İşlemler,4,b) Diğer,TOPLAM,"21.042.334,74",21042334.74,TL,BDDK Haftalık Bülten
2026-02-06,2026-02-06,2026-02-06,False,2026,2,6,632,Şubat/06 (6. Hafta),294,Bilanço Dışı İşlemler,4,b) Diğer,TP,"18.150.579,52",18150579.52,TL,BDDK Haftalık Bülten
2026-02-06,2026-02-06,2026-02-06,False,2026,2,6,632,Şubat/06 (6. Hafta),294,Bilanço Dışı İşlemler,4,b) Diğer,YP,"2.891.755,22",2891755.22,TL,BDDK Haftalık Bülten
2026-02-13,2026-02-13,2026-02-13,False,2026,2,13,633,Şubat/13 (7. Hafta),294,Bilanço Dışı İşlemler,1,Gayrinakdi Kredi ve Yükümlülükler,TOPLAM,"9.443.004,81",9443004.81,TL,BDDK Haftalık Bülten
2026-02-13,2026-02-13,2026-02-13,False,2026,2,13,633,Şubat/13 (7. Hafta),294,Bilanço Dışı İşlemler,1,Gayrinakdi Kredi ve Yükümlülükler,TP,"4.876.328,48",4876328.48,TL,BDDK Haftalık Bülten
2026-02-13,2026-02-13,2026-02-13,False,2026,2,13,633,Şubat/13 (7. Hafta),294,Bilanço Dışı İşlemler,1,Gayrinakdi Kredi ve Yükümlülükler,YP,"4.566.676,33",4566676.33,TL,BDDK Haftalık Bülten
2026-02-13,2026-02-13,2026-02-13,False,2026,2,13,633,Şubat/13 (7. Hafta),294,Bilanço Dışı İşlemler,2,Taahhütler (3+4),TOPLAM,"49.540.403,85",49540403.85,TL,BDDK Haftalık Bülten
2026-02-13,2026-02-13,2026-02-13,False,2026,2,13,633,Şubat/13 (7. Hafta),294,Bilanço Dışı İşlemler,2,Taahhütler (3+4),TP,"25.127.619,30",25127619.3,TL,BDDK Haftalık Bülten
2026-02-13,2026-02-13,2026-02-13,False,2026,2,13,633,Şubat/13 (7. Hafta),294,Bilanço Dışı İşlemler,2,Taahhütler (3+4),YP,"24.412.784,55",24412784.55,TL,BDDK Haftalık Bülten
2026-02-13,2026-02-13,2026-02-13,False,2026,2,13,633,Şubat/13 (7. Hafta),294,Bilanço Dışı İşlemler,3,a) Türev Finansal Araçlar,TOPLAM,"29.129.874,61",29129874.61,TL,BDDK Haftalık Bülten
2026-02-13,2026-02-13,2026-02-13,False,2026,2,13,633,Şubat/13 (7. Hafta),294,Bilanço Dışı İşlemler,3,a) Türev Finansal Araçlar,TP,"7.019.658,01",7019658.01,TL,BDDK Haftalık Bülten
2026-02-13,2026-02-13,2026-02-13,False,2026,2,13,633,Şubat/13 (7. Hafta),294,Bilanço Dışı İşlemler,3,a) Türev Finansal Araçlar,YP,"22.110.216,60",22110216.6,TL,BDDK Haftalık Bülten
2026-02-13,2026-02-13,2026-02-13,False,2026,2,13,633,Şubat/13 (7. Hafta),294,Bilanço Dışı İşlemler,4,b) Diğer,TOPLAM,"20.410.529,24",20410529.24,TL,BDDK Haftalık Bülten
2026-02-13,2026-02-13,2026-02-13,False,2026,2,13,633,Şubat/13 (7. Hafta),294,Bilanço Dışı İşlemler,4,b) Diğer,TP,"18.107.961,29",18107961.29,TL,BDDK Haftalık Bülten
2026-02-13,2026-02-13,2026-02-13,False,2026,2,13,633,Şubat/13 (7. Hafta),294,Bilanço Dışı İşlemler,4,b) Diğer,YP,"2.302.567,94",2302567.94,TL,BDDK Haftalık Bülten
2026-02-20,2026-02-20,2026-02-20,False,2026,2,20,634,Şubat/20 (8. Hafta),294,Bilanço Dışı İşlemler,1,Gayrinakdi Kredi ve Yükümlülükler,TOPLAM,"9.472.949,15",9472949.15,TL,BDDK Haftalık Bülten
2026-02-20,2026-02-20,2026-02-20,False,2026,2,20,634,Şubat/20 (8. Hafta),294,Bilanço Dışı İşlemler,1,Gayrinakdi Kredi ve Yükümlülükler,TP,"4.908.018,71",4908018.71,TL,BDDK Haftalık Bülten
2026-02-20,2026-02-20,2026-02-20,False,2026,2,20,634,Şubat/20 (8. Hafta),294,Bilanço Dışı İşlemler,1,Gayrinakdi Kredi ve Yükümlülükler,YP,"4.564.930,44",4564930.44,TL,BDDK Haftalık Bülten
2026-02-20,2026-02-20,2026-02-20,False,2026,2,20,634,Şubat/20 (8. Hafta),294,Bilanço Dışı İşlemler,2,Taahhütler (3+4),TOPLAM,"50.287.315,35",50287315.35,TL,BDDK Haftalık Bülten
2026-02-20,2026-02-20,2026-02-20,False,2026,2,20,634,Şubat/20 (8. Hafta),294,Bilanço Dışı İşlemler,2,Taahhütler (3+4),TP,"25.422.104,44",25422104.44,TL,BDDK Haftalık Bülten
2026-02-20,2026-02-20,2026-02-20,False,2026,2,20,634,Şubat/20 (8. Hafta),294,Bilanço Dışı İşlemler,2,Taahhütler (3+4),YP,"24.865.210,91",24865210.91,TL,BDDK Haftalık Bülten
2026-02-20,2026-02-20,2026-02-20,False,2026,2,20,634,Şubat/20 (8. Hafta),294,Bilanço Dışı İşlemler,3,a) Türev Finansal Araçlar,TOPLAM,"29.488.853,15",29488853.15,TL,BDDK Haftalık Bülten
2026-02-20,2026-02-20,2026-02-20,False,2026,2,20,634,Şubat/20 (8. Hafta),294,Bilanço Dışı İşlemler,3,a) Türev Finansal Araçlar,TP,"7.120.726,86",7120726.86,TL,BDDK Haftalık Bülten
2026-02-20,2026-02-20,2026-02-20,False,2026,2,20,634,Şubat/20 (8. Hafta),294,Bilanço Dışı İşlemler,3,a) Türev Finansal Araçlar,YP,"22.368.126,29",22368126.29,TL,BDDK Haftalık Bülten
2026-02-20,2026-02-20,2026-02-20,False,2026,2,20,634,Şubat/20 (8. Hafta),294,Bilanço Dışı İşlemler,4,b) Diğer,TOPLAM,"20.798.462,20",20798462.2,TL,BDDK Haftalık Bülten
2026-02-20,2026-02-20,2026-02-20,False,2026,2,20,634,Şubat/20 (8. Hafta),294,Bilanço Dışı İşlemler,4,b) Diğer,TP,"18.301.377,58",18301377.58,TL,BDDK Haftalık Bülten
2026-02-20,2026-02-20,2026-02-20,False,2026,2,20,634,Şubat/20 (8. Hafta),294,Bilanço Dışı İşlemler,4,b) Diğer,YP,"2.497.084,62",2497084.62,TL,BDDK Haftalık Bülten
2026-02-27,2026-02-27,2026-02-27,False,2026,2,27,635,Şubat/27 (9. Hafta),294,Bilanço Dışı İşlemler,1,Gayrinakdi Kredi ve Yükümlülükler,TOPLAM,"9.536.629,79",9536629.79,TL,BDDK Haftalık Bülten
2026-02-27,2026-02-27,2026-02-27,False,2026,2,27,635,Şubat/27 (9. Hafta),294,Bilanço Dışı İşlemler,1,Gayrinakdi Kredi ve Yükümlülükler,TP,"4.943.722,80",4943722.8,TL,BDDK Haftalık Bülten
2026-02-27,2026-02-27,2026-02-27,False,2026,2,27,635,Şubat/27 (9. Hafta),294,Bilanço Dışı İşlemler,1,Gayrinakdi Kredi ve Yükümlülükler,YP,"4.592.906,99",4592906.99,TL,BDDK Haftalık Bülten
2026-02-27,2026-02-27,2026-02-27,False,2026,2,27,635,Şubat/27 (9. Hafta),294,Bilanço Dışı İşlemler,2,Taahhütler (3+4),TOPLAM,"51.406.744,62",51406744.62,TL,BDDK Haftalık Bülten
2026-02-27,2026-02-27,2026-02-27,False,2026,2,27,635,Şubat/27 (9. Hafta),294,Bilanço Dışı İşlemler,2,Taahhütler (3+4),TP,"25.780.191,35",25780191.35,TL,BDDK Haftalık Bülten
2026-02-27,2026-02-27,2026-02-27,False,2026,2,27,635,Şubat/27 (9. Hafta),294,Bilanço Dışı İşlemler,2,Taahhütler (3+4),YP,"25.626.553,28",25626553.28,TL,BDDK Haftalık Bülten
2026-02-27,2026-02-27,2026-02-27,False,2026,2,27,635,Şubat/27 (9. Hafta),294,Bilanço Dışı İşlemler,3,a) Türev Finansal Araçlar,TOPLAM,"29.523.425,50",29523425.5,TL,BDDK Haftalık Bülten
2026-02-27,2026-02-27,2026-02-27,False,2026,2,27,635,Şubat/27 (9. Hafta),294,Bilanço Dışı İşlemler,3,a) Türev Finansal Araçlar,TP,"7.060.669,62",7060669.62,TL,BDDK Haftalık Bülten
2026-02-27,2026-02-27,2026-02-27,False,2026,2,27,635,Şubat/27 (9. Hafta),294,Bilanço Dışı İşlemler,3,a) Türev Finansal Araçlar,YP,"22.462.755,88",22462755.88,TL,BDDK Haftalık Bülten
2026-02-27,2026-02-27,2026-02-27,False,2026,2,27,635,Şubat/27 (9. Hafta),294,Bilanço Dışı İşlemler,4,b) Diğer,TOPLAM,"21.883.319,12",21883319.12,TL,BDDK Haftalık Bülten
2026-02-27,2026-02-27,2026-02-27,False,2026,2,27,635,Şubat/27 (9. Hafta),294,Bilanço Dışı İşlemler,4,b) Diğer,TP,"18.719.521,73",18719521.73,TL,BDDK Haftalık Bülten
2026-02-27,2026-02-27,2026-02-27,False,2026,2,27,635,Şubat/27 (9. Hafta),294,Bilanço Dışı İşlemler,4,b) Diğer,YP,"3.163.797,40",3163797.4,TL,BDDK Haftalık Bülten
2026-03-06,2026-03-06,2026-03-06,False,2026,3,6,636,Mart/06 (10. Hafta),294,Bilanço Dışı İşlemler,1,Gayrinakdi Kredi ve Yükümlülükler,TOPLAM,"9.556.491,03",9556491.03,TL,BDDK Haftalık Bülten
2026-03-06,2026-03-06,2026-03-06,False,2026,3,6,636,Mart/06 (10. Hafta),294,Bilanço Dışı İşlemler,1,Gayrinakdi Kredi ve Yükümlülükler,TP,"4.979.942,40",4979942.4,TL,BDDK Haftalık Bülten
2026-03-06,2026-03-06,2026-03-06,False,2026,3,6,636,Mart/06 (10. Hafta),294,Bilanço Dışı İşlemler,1,Gayrinakdi Kredi ve Yükümlülükler,YP,"4.576.548,63",4576548.63,TL,BDDK Haftalık Bülten
2026-03-06,2026-03-06,2026-03-06,False,2026,3,6,636,Mart/06 (10. Hafta),294,Bilanço Dışı İşlemler,2,Taahhütler (3+4),TOPLAM,"51.963.845,44",51963845.44,TL,BDDK Haftalık Bülten
2026-03-06,2026-03-06,2026-03-06,False,2026,3,6,636,Mart/06 (10. Hafta),294,Bilanço Dışı İşlemler,2,Taahhütler (3+4),TP,"26.344.347,39",26344347.39,TL,BDDK Haftalık Bülten
2026-03-06,2026-03-06,2026-03-06,False,2026,3,6,636,Mart/06 (10. Hafta),294,Bilanço Dışı İşlemler,2,Taahhütler (3+4),YP,"25.619.498,04",25619498.04,TL,BDDK Haftalık Bülten
2026-03-06,2026-03-06,2026-03-06,False,2026,3,6,636,Mart/06 (10. Hafta),294,Bilanço Dışı İşlemler,3,a) Türev Finansal Araçlar,TOPLAM,"29.276.303,24",29276303.24,TL,BDDK Haftalık Bülten
2026-03-06,2026-03-06,2026-03-06,False,2026,3,6,636,Mart/06 (10. Hafta),294,Bilanço Dışı İşlemler,3,a) Türev Finansal Araçlar,TP,"7.111.092,42",7111092.42,TL,BDDK Haftalık Bülten
2026-03-06,2026-03-06,2026-03-06,False,2026,3,6,636,Mart/06 (10. Hafta),294,Bilanço Dışı İşlemler,3,a) Türev Finansal Araçlar,YP,"22.165.210,82",22165210.82,TL,BDDK Haftalık Bülten
2026-03-06,2026-03-06,2026-03-06,False,2026,3,6,636,Mart/06 (10. Hafta),294,Bilanço Dışı İşlemler,4,b) Diğer,TOPLAM,"22.687.542,19",22687542.19,TL,BDDK Haftalık Bülten
2026-03-06,2026-03-06,2026-03-06,False,2026,3,6,636,Mart/06 (10. Hafta),294,Bilanço Dışı İşlemler,4,b) Diğer,TP,"19.233.254,97",19233254.97,TL,BDDK Haftalık Bülten
2026-03-06,2026-03-06,2026-03-06,False,2026,3,6,636,Mart/06 (10. Hafta),294,Bilanço Dışı İşlemler,4,b) Diğer,YP,"3.454.287,22",3454287.22,TL,BDDK Haftalık Bülten
2026-03-13,2026-03-13,2026-03-13,False,2026,3,13,637,Mart/13 (11. Hafta),294,Bilanço Dışı İşlemler,1,Gayrinakdi Kredi ve Yükümlülükler,TOPLAM,"9.607.657,15",9607657.15,TL,BDDK Haftalık Bülten
2026-03-13,2026-03-13,2026-03-13,False,2026,3,13,637,Mart/13 (11. Hafta),294,Bilanço Dışı İşlemler,1,Gayrinakdi Kredi ve Yükümlülükler,TP,"5.007.938,83",5007938.83,TL,BDDK Haftalık Bülten
2026-03-13,2026-03-13,2026-03-13,False,2026,3,13,637,Mart/13 (11. Hafta),294,Bilanço Dışı İşlemler,1,Gayrinakdi Kredi ve Yükümlülükler,YP,"4.599.718,33",4599718.33,TL,BDDK Haftalık Bülten
2026-03-13,2026-03-13,2026-03-13,False,2026,3,13,637,Mart/13 (11. Hafta),294,Bilanço Dışı İşlemler,2,Taahhütler (3+4),TOPLAM,"51.393.230,28",51393230.28,TL,BDDK Haftalık Bülten
2026-03-13,2026-03-13,2026-03-13,False,2026,3,13,637,Mart/13 (11. Hafta),294,Bilanço Dışı İşlemler,2,Taahhütler (3+4),TP,"26.010.758,65",26010758.65,TL,BDDK Haftalık Bülten
2026-03-13,2026-03-13,2026-03-13,False,2026,3,13,637,Mart/13 (11. Hafta),294,Bilanço Dışı İşlemler,2,Taahhütler (3+4),YP,"25.382.471,64",25382471.64,TL,BDDK Haftalık Bülten
2026-03-13,2026-03-13,2026-03-13,False,2026,3,13,637,Mart/13 (11. Hafta),294,Bilanço Dışı İşlemler,3,a) Türev Finansal Araçlar,TOPLAM,"29.275.796,54",29275796.54,TL,BDDK Haftalık Bülten
2026-03-13,2026-03-13,2026-03-13,False,2026,3,13,637,Mart/13 (11. Hafta),294,Bilanço Dışı İşlemler,3,a) Türev Finansal Araçlar,TP,"7.082.379,51",7082379.51,TL,BDDK Haftalık Bülten
2026-03-13,2026-03-13,2026-03-13,False,2026,3,13,637,Mart/13 (11. Hafta),294,Bilanço Dışı İşlemler,3,a) Türev Finansal Araçlar,YP,"22.193.417,04",22193417.04,TL,BDDK Haftalık Bülten
2026-03-13,2026-03-13,2026-03-13,False,2026,3,13,637,Mart/13 (11. Hafta),294,Bilanço Dışı İşlemler,4,b) Diğer,TOPLAM,"22.117.433,74",22117433.74,TL,BDDK Haftalık Bülten
2026-03-13,2026-03-13,2026-03-13,False,2026,3,13,637,Mart/13 (11. Hafta),294,Bilanço Dışı İşlemler,4,b) Diğer,TP,"18.928.379,14",18928379.14,TL,BDDK Haftalık Bülten
2026-03-13,2026-03-13,2026-03-13,False,2026,3,13,637,Mart/13 (11. Hafta),294,Bilanço Dışı İşlemler,4,b) Diğer,YP,"3.189.054,60",3189054.6,TL,BDDK Haftalık Bülten
2026-03-19,2026-03-19,2026-03-19,False,2026,3,19,638,Mart/19 (12. Hafta),294,Bilanço Dışı İşlemler,1,Gayrinakdi Kredi ve Yükümlülükler,TOPLAM,"9.649.967,80",9649967.8,TL,BDDK Haftalık Bülten
2026-03-19,2026-03-19,2026-03-19,False,2026,3,19,638,Mart/19 (12. Hafta),294,Bilanço Dışı İşlemler,1,Gayrinakdi Kredi ve Yükümlülükler,TP,"5.032.728,39",5032728.39,TL,BDDK Haftalık Bülten
2026-03-19,2026-03-19,2026-03-19,False,2026,3,19,638,Mart/19 (12. Hafta),294,Bilanço Dışı İşlemler,1,Gayrinakdi Kredi ve Yükümlülükler,YP,"4.617.239,41",4617239.41,TL,BDDK Haftalık Bülten
2026-03-19,2026-03-19,2026-03-19,False,2026,3,19,638,Mart/19 (12. Hafta),294,Bilanço Dışı İşlemler,2,Taahhütler (3+4),TOPLAM,"52.360.452,90",52360452.9,TL,BDDK Haftalık Bülten
2026-03-19,2026-03-19,2026-03-19,False,2026,3,19,638,Mart/19 (12. Hafta),294,Bilanço Dışı İşlemler,2,Taahhütler (3+4),TP,"26.251.172,80",26251172.8,TL,BDDK Haftalık Bülten
2026-03-19,2026-03-19,2026-03-19,False,2026,3,19,638,Mart/19 (12. Hafta),294,Bilanço Dışı İşlemler,2,Taahhütler (3+4),YP,"26.109.280,10",26109280.1,TL,BDDK Haftalık Bülten
2026-03-19,2026-03-19,2026-03-19,False,2026,3,19,638,Mart/19 (12. Hafta),294,Bilanço Dışı İşlemler,3,a) Türev Finansal Araçlar,TOPLAM,"29.544.268,08",29544268.08,TL,BDDK Haftalık Bülten
2026-03-19,2026-03-19,2026-03-19,False,2026,3,19,638,Mart/19 (12. Hafta),294,Bilanço Dışı İşlemler,3,a) Türev Finansal Araçlar,TP,"7.085.099,81",7085099.81,TL,BDDK Haftalık Bülten
2026-03-19,2026-03-19,2026-03-19,False,2026,3,19,638,Mart/19 (12. Hafta),294,Bilanço Dışı İşlemler,3,a) Türev Finansal Araçlar,YP,"22.459.168,26",22459168.26,TL,BDDK Haftalık Bülten
2026-03-19,2026-03-19,2026-03-19,False,2026,3,19,638,Mart/19 (12. Hafta),294,Bilanço Dışı İşlemler,4,b) Diğer,TOPLAM,"22.816.184,82",22816184.82,TL,BDDK Haftalık Bülten
2026-03-19,2026-03-19,2026-03-19,False,2026,3,19,638,Mart/19 (12. Hafta),294,Bilanço Dışı İşlemler,4,b) Diğer,TP,"19.166.072,98",19166072.98,TL,BDDK Haftalık Bülten
2026-03-19,2026-03-19,2026-03-19,False,2026,3,19,638,Mart/19 (12. Hafta),294,Bilanço Dışı İşlemler,4,b) Diğer,YP,"3.650.111,83",3650111.83,TL,BDDK Haftalık Bülten
2026-03-27,2026-03-27,2026-03-27,False,2026,3,27,639,Mart/27 (13. Hafta),294,Bilanço Dışı İşlemler,1,Gayrinakdi Kredi ve Yükümlülükler,TOPLAM,"9.770.542,70",9770542.7,TL,BDDK Haftalık Bülten
2026-03-27,2026-03-27,2026-03-27,False,2026,3,27,639,Mart/27 (13. Hafta),294,Bilanço Dışı İşlemler,1,Gayrinakdi Kredi ve Yükümlülükler,TP,"5.121.001,72",5121001.72,TL,BDDK Haftalık Bülten
2026-03-27,2026-03-27,2026-03-27,False,2026,3,27,639,Mart/27 (13. Hafta),294,Bilanço Dışı İşlemler,1,Gayrinakdi Kredi ve Yükümlülükler,YP,"4.649.540,98",4649540.98,TL,BDDK Haftalık Bülten
2026-03-27,2026-03-27,2026-03-27,False,2026,3,27,639,Mart/27 (13. Hafta),294,Bilanço Dışı İşlemler,2,Taahhütler (3+4),TOPLAM,"52.329.739,50",52329739.5,TL,BDDK Haftalık Bülten
2026-03-27,2026-03-27,2026-03-27,False,2026,3,27,639,Mart/27 (13. Hafta),294,Bilanço Dışı İşlemler,2,Taahhütler (3+4),TP,"26.179.631,23",26179631.23,TL,BDDK Haftalık Bülten
2026-03-27,2026-03-27,2026-03-27,False,2026,3,27,639,Mart/27 (13. Hafta),294,Bilanço Dışı İşlemler,2,Taahhütler (3+4),YP,"26.150.108,26",26150108.26,TL,BDDK Haftalık Bülten
2026-03-27,2026-03-27,2026-03-27,False,2026,3,27,639,Mart/27 (13. Hafta),294,Bilanço Dışı İşlemler,3,a) Türev Finansal Araçlar,TOPLAM,"30.047.114,37",30047114.37,TL,BDDK Haftalık Bülten
2026-03-27,2026-03-27,2026-03-27,False,2026,3,27,639,Mart/27 (13. Hafta),294,Bilanço Dışı İşlemler,3,a) Türev Finansal Araçlar,TP,"7.352.569,42",7352569.42,TL,BDDK Haftalık Bülten
2026-03-27,2026-03-27,2026-03-27,False,2026,3,27,639,Mart/27 (13. Hafta),294,Bilanço Dışı İşlemler,3,a) Türev Finansal Araçlar,YP,"22.694.544,95",22694544.95,TL,BDDK Haftalık Bülten
2026-03-27,2026-03-27,2026-03-27,False,2026,3,27,639,Mart/27 (13. Hafta),294,Bilanço Dışı İşlemler,4,b) Diğer,TOPLAM,"22.282.625,13",22282625.13,TL,BDDK Haftalık Bülten
2026-03-27,2026-03-27,2026-03-27,False,2026,3,27,639,Mart/27 (13. Hafta),294,Bilanço Dışı İşlemler,4,b) Diğer,TP,"18.827.061,81",18827061.81,TL,BDDK Haftalık Bülten
2026-03-27,2026-03-27,2026-03-27,False,2026,3,27,639,Mart/27 (13. Hafta),294,Bilanço Dışı İşlemler,4,b) Diğer,YP,"3.455.563,32",3455563.32,TL,BDDK Haftalık Bülten
2026-04-03,2026-04-03,2026-04-03,False,2026,4,3,640,Nisan/03 (14. Hafta),294,Bilanço Dışı İşlemler,1,Gayrinakdi Kredi ve Yükümlülükler,TOPLAM,"9.753.142,41",9753142.41,TL,BDDK Haftalık Bülten
2026-04-03,2026-04-03,2026-04-03,False,2026,4,3,640,Nisan/03 (14. Hafta),294,Bilanço Dışı İşlemler,1,Gayrinakdi Kredi ve Yükümlülükler,TP,"5.107.009,36",5107009.36,TL,BDDK Haftalık Bülten
2026-04-03,2026-04-03,2026-04-03,False,2026,4,3,640,Nisan/03 (14. Hafta),294,Bilanço Dışı İşlemler,1,Gayrinakdi Kredi ve Yükümlülükler,YP,"4.646.133,05",4646133.05,TL,BDDK Haftalık Bülten
2026-04-03,2026-04-03,2026-04-03,False,2026,4,3,640,Nisan/03 (14. Hafta),294,Bilanço Dışı İşlemler,2,Taahhütler (3+4),TOPLAM,"52.113.166,90",52113166.9,TL,BDDK Haftalık Bülten
2026-04-03,2026-04-03,2026-04-03,False,2026,4,3,640,Nisan/03 (14. Hafta),294,Bilanço Dışı İşlemler,2,Taahhütler (3+4),TP,"26.080.154,91",26080154.91,TL,BDDK Haftalık Bülten
2026-04-03,2026-04-03,2026-04-03,False,2026,4,3,640,Nisan/03 (14. Hafta),294,Bilanço Dışı İşlemler,2,Taahhütler (3+4),YP,"26.033.011,99",26033011.99,TL,BDDK Haftalık Bülten
2026-04-03,2026-04-03,2026-04-03,False,2026,4,3,640,Nisan/03 (14. Hafta),294,Bilanço Dışı İşlemler,3,a) Türev Finansal Araçlar,TOPLAM,"31.265.020,97",31265020.97,TL,BDDK Haftalık Bülten
2026-04-03,2026-04-03,2026-04-03,False,2026,4,3,640,Nisan/03 (14. Hafta),294,Bilanço Dışı İşlemler,3,a) Türev Finansal Araçlar,TP,"7.798.699,25",7798699.25,TL,BDDK Haftalık Bülten
2026-04-03,2026-04-03,2026-04-03,False,2026,4,3,640,Nisan/03 (14. Hafta),294,Bilanço Dışı İşlemler,3,a) Türev Finansal Araçlar,YP,"23.466.321,72",23466321.72,TL,BDDK Haftalık Bülten
2026-04-03,2026-04-03,2026-04-03,False,2026,4,3,640,Nisan/03 (14. Hafta),294,Bilanço Dışı İşlemler,4,b) Diğer,TOPLAM,"20.848.145,94",20848145.94,TL,BDDK Haftalık Bülten
2026-04-03,2026-04-03,2026-04-03,False,2026,4,3,640,Nisan/03 (14. Hafta),294,Bilanço Dışı İşlemler,4,b) Diğer,TP,"18.281.455,66",18281455.66,TL,BDDK Haftalık Bülten
2026-04-03,2026-04-03,2026-04-03,False,2026,4,3,640,Nisan/03 (14. Hafta),294,Bilanço Dışı İşlemler,4,b) Diğer,YP,"2.566.690,27",2566690.27,TL,BDDK Haftalık Bülten
2026-04-10,2026-04-10,2026-04-10,False,2026,4,10,641,Nisan/10 (15. Hafta),294,Bilanço Dışı İşlemler,1,Gayrinakdi Kredi ve Yükümlülükler,TOPLAM,"9.887.565,41",9887565.41,TL,BDDK Haftalık Bülten
2026-04-10,2026-04-10,2026-04-10,False,2026,4,10,641,Nisan/10 (15. Hafta),294,Bilanço Dışı İşlemler,1,Gayrinakdi Kredi ve Yükümlülükler,TP,"5.162.120,13",5162120.13,TL,BDDK Haftalık Bülten
2026-04-10,2026-04-10,2026-04-10,False,2026,4,10,641,Nisan/10 (15. Hafta),294,Bilanço Dışı İşlemler,1,Gayrinakdi Kredi ve Yükümlülükler,YP,"4.725.445,28",4725445.28,TL,BDDK Haftalık Bülten
2026-04-10,2026-04-10,2026-04-10,False,2026,4,10,641,Nisan/10 (15. Hafta),294,Bilanço Dışı İşlemler,2,Taahhütler (3+4),TOPLAM,"52.863.690,91",52863690.91,TL,BDDK Haftalık Bülten
2026-04-10,2026-04-10,2026-04-10,False,2026,4,10,641,Nisan/10 (15. Hafta),294,Bilanço Dışı İşlemler,2,Taahhütler (3+4),TP,"26.437.532,97",26437532.97,TL,BDDK Haftalık Bülten
2026-04-10,2026-04-10,2026-04-10,False,2026,4,10,641,Nisan/10 (15. Hafta),294,Bilanço Dışı İşlemler,2,Taahhütler (3+4),YP,"26.426.157,95",26426157.95,TL,BDDK Haftalık Bülten
2026-04-10,2026-04-10,2026-04-10,False,2026,4,10,641,Nisan/10 (15. Hafta),294,Bilanço Dışı İşlemler,3,a) Türev Finansal Araçlar,TOPLAM,"31.478.936,63",31478936.63,TL,BDDK Haftalık Bülten
2026-04-10,2026-04-10,2026-04-10,False,2026,4,10,641,Nisan/10 (15. Hafta),294,Bilanço Dışı İşlemler,3,a) Türev Finansal Araçlar,TP,"7.837.973,06",7837973.06,TL,BDDK Haftalık Bülten
2026-04-10,2026-04-10,2026-04-10,False,2026,4,10,641,Nisan/10 (15. Hafta),294,Bilanço Dışı İşlemler,3,a) Türev Finansal Araçlar,YP,"23.640.963,57",23640963.57,TL,BDDK Haftalık Bülten
2026-04-10,2026-04-10,2026-04-10,False,2026,4,10,641,Nisan/10 (15. Hafta),294,Bilanço Dışı İşlemler,4,b) Diğer,TOPLAM,"21.384.754,29",21384754.29,TL,BDDK Haftalık Bülten
2026-04-10,2026-04-10,2026-04-10,False,2026,4,10,641,Nisan/10 (15. Hafta),294,Bilanço Dışı İşlemler,4,b) Diğer,TP,"18.599.559,91",18599559.91,TL,BDDK Haftalık Bülten
2026-04-10,2026-04-10,2026-04-10,False,2026,4,10,641,Nisan/10 (15. Hafta),294,Bilanço Dışı İşlemler,4,b) Diğer,YP,"2.785.194,38",2785194.38,TL,BDDK Haftalık Bülten
2026-04-17,2026-04-17,2026-04-17,False,2026,4,17,642,Nisan/17 (16. Hafta),294,Bilanço Dışı İşlemler,1,Gayrinakdi Kredi ve Yükümlülükler,TOPLAM,"9.988.805,13",9988805.13,TL,BDDK Haftalık Bülten
2026-04-17,2026-04-17,2026-04-17,False,2026,4,17,642,Nisan/17 (16. Hafta),294,Bilanço Dışı İşlemler,1,Gayrinakdi Kredi ve Yükümlülükler,TP,"5.197.126,12",5197126.12,TL,BDDK Haftalık Bülten
2026-04-17,2026-04-17,2026-04-17,False,2026,4,17,642,Nisan/17 (16. Hafta),294,Bilanço Dışı İşlemler,1,Gayrinakdi Kredi ve Yükümlülükler,YP,"4.791.679,01",4791679.01,TL,BDDK Haftalık Bülten
2026-04-17,2026-04-17,2026-04-17,False,2026,4,17,642,Nisan/17 (16. Hafta),294,Bilanço Dışı İşlemler,2,Taahhütler (3+4),TOPLAM,"52.949.423,70",52949423.7,TL,BDDK Haftalık Bülten
2026-04-17,2026-04-17,2026-04-17,False,2026,4,17,642,Nisan/17 (16. Hafta),294,Bilanço Dışı İşlemler,2,Taahhütler (3+4),TP,"26.787.547,87",26787547.87,TL,BDDK Haftalık Bülten
2026-04-17,2026-04-17,2026-04-17,False,2026,4,17,642,Nisan/17 (16. Hafta),294,Bilanço Dışı İşlemler,2,Taahhütler (3+4),YP,"26.161.875,83",26161875.83,TL,BDDK Haftalık Bülten
2026-04-17,2026-04-17,2026-04-17,False,2026,4,17,642,Nisan/17 (16. Hafta),294,Bilanço Dışı İşlemler,3,a) Türev Finansal Araçlar,TOPLAM,"31.213.079,32",31213079.32,TL,BDDK Haftalık Bülten
2026-04-17,2026-04-17,2026-04-17,False,2026,4,17,642,Nisan/17 (16. Hafta),294,Bilanço Dışı İşlemler,3,a) Türev Finansal Araçlar,TP,"7.933.015,97",7933015.97,TL,BDDK Haftalık Bülten
2026-04-17,2026-04-17,2026-04-17,False,2026,4,17,642,Nisan/17 (16. Hafta),294,Bilanço Dışı İşlemler,3,a) Türev Finansal Araçlar,YP,"23.280.063,35",23280063.35,TL,BDDK Haftalık Bülten
2026-04-17,2026-04-17,2026-04-17,False,2026,4,17,642,Nisan/17 (16. Hafta),294,Bilanço Dışı İşlemler,4,b) Diğer,TOPLAM,"21.736.344,38",21736344.38,TL,BDDK Haftalık Bülten
2026-04-17,2026-04-17,2026-04-17,False,2026,4,17,642,Nisan/17 (16. Hafta),294,Bilanço Dışı İşlemler,4,b) Diğer,TP,"18.854.531,90",18854531.9,TL,BDDK Haftalık Bülten
2026-04-17,2026-04-17,2026-04-17,False,2026,4,17,642,Nisan/17 (16. Hafta),294,Bilanço Dışı İşlemler,4,b) Diğer,YP,"2.881.812,48",2881812.48,TL,BDDK Haftalık Bülten
2026-04-24,2026-04-24,2026-04-24,False,2026,4,24,643,Nisan/24 (17. Hafta),294,Bilanço Dışı İşlemler,1,Gayrinakdi Kredi ve Yükümlülükler,TOPLAM,"10.088.289,60",10088289.6,TL,BDDK Haftalık Bülten
2026-04-24,2026-04-24,2026-04-24,False,2026,4,24,643,Nisan/24 (17. Hafta),294,Bilanço Dışı İşlemler,1,Gayrinakdi Kredi ve Yükümlülükler,TP,"5.289.746,31",5289746.31,TL,BDDK Haftalık Bülten
2026-04-24,2026-04-24,2026-04-24,False,2026,4,24,643,Nisan/24 (17. Hafta),294,Bilanço Dışı İşlemler,1,Gayrinakdi Kredi ve Yükümlülükler,YP,"4.798.543,30",4798543.3,TL,BDDK Haftalık Bülten
2026-04-24,2026-04-24,2026-04-24,False,2026,4,24,643,Nisan/24 (17. Hafta),294,Bilanço Dışı İşlemler,2,Taahhütler (3+4),TOPLAM,"52.684.396,33",52684396.33,TL,BDDK Haftalık Bülten
2026-04-24,2026-04-24,2026-04-24,False,2026,4,24,643,Nisan/24 (17. Hafta),294,Bilanço Dışı İşlemler,2,Taahhütler (3+4),TP,"26.762.494,06",26762494.06,TL,BDDK Haftalık Bülten
2026-04-24,2026-04-24,2026-04-24,False,2026,4,24,643,Nisan/24 (17. Hafta),294,Bilanço Dışı İşlemler,2,Taahhütler (3+4),YP,"25.921.902,27",25921902.27,TL,BDDK Haftalık Bülten
2026-04-24,2026-04-24,2026-04-24,False,2026,4,24,643,Nisan/24 (17. Hafta),294,Bilanço Dışı İşlemler,3,a) Türev Finansal Araçlar,TOPLAM,"31.220.278,09",31220278.09,TL,BDDK Haftalık Bülten
2026-04-24,2026-04-24,2026-04-24,False,2026,4,24,643,Nisan/24 (17. Hafta),294,Bilanço Dışı İşlemler,3,a) Türev Finansal Araçlar,TP,"7.939.117,67",7939117.67,TL,BDDK Haftalık Bülten
2026-04-24,2026-04-24,2026-04-24,False,2026,4,24,643,Nisan/24 (17. Hafta),294,Bilanço Dışı İşlemler,3,a) Türev Finansal Araçlar,YP,"23.281.160,42",23281160.42,TL,BDDK Haftalık Bülten
2026-04-24,2026-04-24,2026-04-24,False,2026,4,24,643,Nisan/24 (17. Hafta),294,Bilanço Dışı İşlemler,4,b) Diğer,TOPLAM,"21.464.118,24",21464118.24,TL,BDDK Haftalık Bülten
2026-04-24,2026-04-24,2026-04-24,False,2026,4,24,643,Nisan/24 (17. Hafta),294,Bilanço Dışı İşlemler,4,b) Diğer,TP,"18.823.376,39",18823376.39,TL,BDDK Haftalık Bülten
2026-04-24,2026-04-24,2026-04-24,False,2026,4,24,643,Nisan/24 (17. Hafta),294,Bilanço Dışı İşlemler,4,b) Diğer,YP,"2.640.741,85",2640741.85,TL,BDDK Haftalık Bülten
2026-04-30,2026-04-30,2026-04-30,False,2026,4,30,644,Nisan/30 (18. Hafta),294,Bilanço Dışı İşlemler,1,Gayrinakdi Kredi ve Yükümlülükler,TOPLAM,"10.165.751,79",10165751.79,TL,BDDK Haftalık Bülten
2026-04-30,2026-04-30,2026-04-30,False,2026,4,30,644,Nisan/30 (18. Hafta),294,Bilanço Dışı İşlemler,1,Gayrinakdi Kredi ve Yükümlülükler,TP,"5.329.965,75",5329965.75,TL,BDDK Haftalık Bülten
2026-04-30,2026-04-30,2026-04-30,False,2026,4,30,644,Nisan/30 (18. Hafta),294,Bilanço Dışı İşlemler,1,Gayrinakdi Kredi ve Yükümlülükler,YP,"4.835.786,04",4835786.04,TL,BDDK Haftalık Bülten
2026-04-30,2026-04-30,2026-04-30,False,2026,4,30,644,Nisan/30 (18. Hafta),294,Bilanço Dışı İşlemler,2,Taahhütler (3+4),TOPLAM,"53.592.976,15",53592976.15,TL,BDDK Haftalık Bülten
2026-04-30,2026-04-30,2026-04-30,False,2026,4,30,644,Nisan/30 (18. Hafta),294,Bilanço Dışı İşlemler,2,Taahhütler (3+4),TP,"26.905.786,81",26905786.81,TL,BDDK Haftalık Bülten
2026-04-30,2026-04-30,2026-04-30,False,2026,4,30,644,Nisan/30 (18. Hafta),294,Bilanço Dışı İşlemler,2,Taahhütler (3+4),YP,"26.687.189,33",26687189.33,TL,BDDK Haftalık Bülten
2026-04-30,2026-04-30,2026-04-30,False,2026,4,30,644,Nisan/30 (18. Hafta),294,Bilanço Dışı İşlemler,3,a) Türev Finansal Araçlar,TOPLAM,"31.371.052,76",31371052.76,TL,BDDK Haftalık Bülten
2026-04-30,2026-04-30,2026-04-30,False,2026,4,30,644,Nisan/30 (18. Hafta),294,Bilanço Dışı İşlemler,3,a) Türev Finansal Araçlar,TP,"7.852.468,41",7852468.41,TL,BDDK Haftalık Bülten
2026-04-30,2026-04-30,2026-04-30,False,2026,4,30,644,Nisan/30 (18. Hafta),294,Bilanço Dışı İşlemler,3,a) Türev Finansal Araçlar,YP,"23.518.584,35",23518584.35,TL,BDDK Haftalık Bülten
2026-04-30,2026-04-30,2026-04-30,False,2026,4,30,644,Nisan/30 (18. Hafta),294,Bilanço Dışı İşlemler,4,b) Diğer,TOPLAM,"22.221.923,39",22221923.39,TL,BDDK Haftalık Bülten
2026-04-30,2026-04-30,2026-04-30,False,2026,4,30,644,Nisan/30 (18. Hafta),294,Bilanço Dışı İşlemler,4,b) Diğer,TP,"19.053.318,41",19053318.41,TL,BDDK Haftalık Bülten
2026-04-30,2026-04-30,2026-04-30,False,2026,4,30,644,Nisan/30 (18. Hafta),294,Bilanço Dışı İşlemler,4,b) Diğer,YP,"3.168.604,98",3168604.98,TL,BDDK Haftalık Bülten
2026-05-08,2026-05-08,2026-05-08,False,2026,5,8,645,Mayıs/08 (19. Hafta),294,Bilanço Dışı İşlemler,1,Gayrinakdi Kredi ve Yükümlülükler,TOPLAM,"10.269.910,97",10269910.97,TL,BDDK Haftalık Bülten
2026-05-08,2026-05-08,2026-05-08,False,2026,5,8,645,Mayıs/08 (19. Hafta),294,Bilanço Dışı İşlemler,1,Gayrinakdi Kredi ve Yükümlülükler,TP,"5.402.752,20",5402752.2,TL,BDDK Haftalık Bülten
2026-05-08,2026-05-08,2026-05-08,False,2026,5,8,645,Mayıs/08 (19. Hafta),294,Bilanço Dışı İşlemler,1,Gayrinakdi Kredi ve Yükümlülükler,YP,"4.867.158,77",4867158.77,TL,BDDK Haftalık Bülten
2026-05-08,2026-05-08,2026-05-08,False,2026,5,8,645,Mayıs/08 (19. Hafta),294,Bilanço Dışı İşlemler,2,Taahhütler (3+4),TOPLAM,"53.257.356,57",53257356.57,TL,BDDK Haftalık Bülten
2026-05-08,2026-05-08,2026-05-08,False,2026,5,8,645,Mayıs/08 (19. Hafta),294,Bilanço Dışı İşlemler,2,Taahhütler (3+4),TP,"27.014.260,45",27014260.45,TL,BDDK Haftalık Bülten
2026-05-08,2026-05-08,2026-05-08,False,2026,5,8,645,Mayıs/08 (19. Hafta),294,Bilanço Dışı İşlemler,2,Taahhütler (3+4),YP,"26.243.096,12",26243096.12,TL,BDDK Haftalık Bülten
2026-05-08,2026-05-08,2026-05-08,False,2026,5,8,645,Mayıs/08 (19. Hafta),294,Bilanço Dışı İşlemler,3,a) Türev Finansal Araçlar,TOPLAM,"31.367.642,31",31367642.31,TL,BDDK Haftalık Bülten
2026-05-08,2026-05-08,2026-05-08,False,2026,5,8,645,Mayıs/08 (19. Hafta),294,Bilanço Dışı İşlemler,3,a) Türev Finansal Araçlar,TP,"7.993.452,71",7993452.71,TL,BDDK Haftalık Bülten
2026-05-08,2026-05-08,2026-05-08,False,2026,5,8,645,Mayıs/08 (19. Hafta),294,Bilanço Dışı İşlemler,3,a) Türev Finansal Araçlar,YP,"23.374.189,61",23374189.61,TL,BDDK Haftalık Bülten
2026-05-08,2026-05-08,2026-05-08,False,2026,5,8,645,Mayıs/08 (19. Hafta),294,Bilanço Dışı İşlemler,4,b) Diğer,TOPLAM,"21.889.714,26",21889714.26,TL,BDDK Haftalık Bülten
2026-05-08,2026-05-08,2026-05-08,False,2026,5,8,645,Mayıs/08 (19. Hafta),294,Bilanço Dışı İşlemler,4,b) Diğer,TP,"19.020.807,74",19020807.74,TL,BDDK Haftalık Bülten
2026-05-08,2026-05-08,2026-05-08,False,2026,5,8,645,Mayıs/08 (19. Hafta),294,Bilanço Dışı İşlemler,4,b) Diğer,YP,"2.868.906,51",2868906.51,TL,BDDK Haftalık Bülten
2026-05-15,2026-05-15,2026-05-15,False,2026,5,15,646,Mayıs/15 (20. Hafta),294,Bilanço Dışı İşlemler,1,Gayrinakdi Kredi ve Yükümlülükler,TOPLAM,"10.251.823,64",10251823.64,TL,BDDK Haftalık Bülten
2026-05-15,2026-05-15,2026-05-15,False,2026,5,15,646,Mayıs/15 (20. Hafta),294,Bilanço Dışı İşlemler,1,Gayrinakdi Kredi ve Yükümlülükler,TP,"5.444.175,37",5444175.37,TL,BDDK Haftalık Bülten
2026-05-15,2026-05-15,2026-05-15,False,2026,5,15,646,Mayıs/15 (20. Hafta),294,Bilanço Dışı İşlemler,1,Gayrinakdi Kredi ve Yükümlülükler,YP,"4.807.648,27",4807648.27,TL,BDDK Haftalık Bülten
2026-05-15,2026-05-15,2026-05-15,False,2026,5,15,646,Mayıs/15 (20. Hafta),294,Bilanço Dışı İşlemler,2,Taahhütler (3+4),TOPLAM,"53.616.447,04",53616447.04,TL,BDDK Haftalık Bülten
2026-05-15,2026-05-15,2026-05-15,False,2026,5,15,646,Mayıs/15 (20. Hafta),294,Bilanço Dışı İşlemler,2,Taahhütler (3+4),TP,"27.111.823,75",27111823.75,TL,BDDK Haftalık Bülten
2026-05-15,2026-05-15,2026-05-15,False,2026,5,15,646,Mayıs/15 (20. Hafta),294,Bilanço Dışı İşlemler,2,Taahhütler (3+4),YP,"26.504.623,29",26504623.29,TL,BDDK Haftalık Bülten
2026-05-15,2026-05-15,2026-05-15,False,2026,5,15,646,Mayıs/15 (20. Hafta),294,Bilanço Dışı İşlemler,3,a) Türev Finansal Araçlar,TOPLAM,"31.563.123,10",31563123.1,TL,BDDK Haftalık Bülten
2026-05-15,2026-05-15,2026-05-15,False,2026,5,15,646,Mayıs/15 (20. Hafta),294,Bilanço Dışı İşlemler,3,a) Türev Finansal Araçlar,TP,"8.159.199,86",8159199.86,TL,BDDK Haftalık Bülten
2026-05-15,2026-05-15,2026-05-15,False,2026,5,15,646,Mayıs/15 (20. Hafta),294,Bilanço Dışı İşlemler,3,a) Türev Finansal Araçlar,YP,"23.403.923,23",23403923.23,TL,BDDK Haftalık Bülten
2026-05-15,2026-05-15,2026-05-15,False,2026,5,15,646,Mayıs/15 (20. Hafta),294,Bilanço Dışı İşlemler,4,b) Diğer,TOPLAM,"22.053.323,94",22053323.94,TL,BDDK Haftalık Bülten
2026-05-15,2026-05-15,2026-05-15,False,2026,5,15,646,Mayıs/15 (20. Hafta),294,Bilanço Dışı İşlemler,4,b) Diğer,TP,"18.952.623,89",18952623.89,TL,BDDK Haftalık Bülten
2026-05-15,2026-05-15,2026-05-15,False,2026,5,15,646,Mayıs/15 (20. Hafta),294,Bilanço Dışı İşlemler,4,b) Diğer,YP,"3.100.700,06",3100700.06,TL,BDDK Haftalık Bülten
2026-05-22,2026-05-22,2026-05-22,False,2026,5,22,647,Mayıs/22 (21. Hafta),294,Bilanço Dışı İşlemler,1,Gayrinakdi Kredi ve Yükümlülükler,TOPLAM,"10.447.759,80",10447759.8,TL,BDDK Haftalık Bülten
2026-05-22,2026-05-22,2026-05-22,False,2026,5,22,647,Mayıs/22 (21. Hafta),294,Bilanço Dışı İşlemler,1,Gayrinakdi Kredi ve Yükümlülükler,TP,"5.501.810,94",5501810.94,TL,BDDK Haftalık Bülten
2026-05-22,2026-05-22,2026-05-22,False,2026,5,22,647,Mayıs/22 (21. Hafta),294,Bilanço Dışı İşlemler,1,Gayrinakdi Kredi ve Yükümlülükler,YP,"4.945.948,86",4945948.86,TL,BDDK Haftalık Bülten
2026-05-22,2026-05-22,2026-05-22,False,2026,5,22,647,Mayıs/22 (21. Hafta),294,Bilanço Dışı İşlemler,2,Taahhütler (3+4),TOPLAM,"53.875.728,29",53875728.29,TL,BDDK Haftalık Bülten
2026-05-22,2026-05-22,2026-05-22,False,2026,5,22,647,Mayıs/22 (21. Hafta),294,Bilanço Dışı İşlemler,2,Taahhütler (3+4),TP,"27.419.178,07",27419178.07,TL,BDDK Haftalık Bülten
2026-05-22,2026-05-22,2026-05-22,False,2026,5,22,647,Mayıs/22 (21. Hafta),294,Bilanço Dışı İşlemler,2,Taahhütler (3+4),YP,"26.456.550,23",26456550.23,TL,BDDK Haftalık Bülten
2026-05-22,2026-05-22,2026-05-22,False,2026,5,22,647,Mayıs/22 (21. Hafta),294,Bilanço Dışı İşlemler,3,a) Türev Finansal Araçlar,TOPLAM,"31.571.672,90",31571672.9,TL,BDDK Haftalık Bülten
2026-05-22,2026-05-22,2026-05-22,False,2026,5,22,647,Mayıs/22 (21. Hafta),294,Bilanço Dışı İşlemler,3,a) Türev Finansal Araçlar,TP,"8.267.104,06",8267104.06,TL,BDDK Haftalık Bülten
2026-05-22,2026-05-22,2026-05-22,False,2026,5,22,647,Mayıs/22 (21. Hafta),294,Bilanço Dışı İşlemler,3,a) Türev Finansal Araçlar,YP,"23.304.568,84",23304568.84,TL,BDDK Haftalık Bülten
2026-05-22,2026-05-22,2026-05-22,False,2026,5,22,647,Mayıs/22 (21. Hafta),294,Bilanço Dışı İşlemler,4,b) Diğer,TOPLAM,"22.304.055,40",22304055.4,TL,BDDK Haftalık Bülten
2026-05-22,2026-05-22,2026-05-22,False,2026,5,22,647,Mayıs/22 (21. Hafta),294,Bilanço Dışı İşlemler,4,b) Diğer,TP,"19.152.074,01",19152074.01,TL,BDDK Haftalık Bülten
2026-05-22,2026-05-22,2026-05-22,False,2026,5,22,647,Mayıs/22 (21. Hafta),294,Bilanço Dışı İşlemler,4,b) Diğer,YP,"3.151.981,39",3151981.39,TL,BDDK Haftalık Bülten
2026-05-26,2026-05-26,2026-05-26,False,2026,5,26,648,Mayıs/26 (22. Hafta),294,Bilanço Dışı İşlemler,1,Gayrinakdi Kredi ve Yükümlülükler,TOPLAM,"10.437.104,02",10437104.02,TL,BDDK Haftalık Bülten
2026-05-26,2026-05-26,2026-05-26,False,2026,5,26,648,Mayıs/26 (22. Hafta),294,Bilanço Dışı İşlemler,1,Gayrinakdi Kredi ve Yükümlülükler,TP,"5.484.825,14",5484825.14,TL,BDDK Haftalık Bülten
2026-05-26,2026-05-26,2026-05-26,False,2026,5,26,648,Mayıs/26 (22. Hafta),294,Bilanço Dışı İşlemler,1,Gayrinakdi Kredi ve Yükümlülükler,YP,"4.952.278,88",4952278.88,TL,BDDK Haftalık Bülten
2026-05-26,2026-05-26,2026-05-26,False,2026,5,26,648,Mayıs/26 (22. Hafta),294,Bilanço Dışı İşlemler,2,Taahhütler (3+4),TOPLAM,"52.596.617,44",52596617.44,TL,BDDK Haftalık Bülten
2026-05-26,2026-05-26,2026-05-26,False,2026,5,26,648,Mayıs/26 (22. Hafta),294,Bilanço Dışı İşlemler,2,Taahhütler (3+4),TP,"26.702.553,29",26702553.29,TL,BDDK Haftalık Bülten
2026-05-26,2026-05-26,2026-05-26,False,2026,5,26,648,Mayıs/26 (22. Hafta),294,Bilanço Dışı İşlemler,2,Taahhütler (3+4),YP,"25.894.064,15",25894064.15,TL,BDDK Haftalık Bülten
2026-05-26,2026-05-26,2026-05-26,False,2026,5,26,648,Mayıs/26 (22. Hafta),294,Bilanço Dışı İşlemler,3,a) Türev Finansal Araçlar,TOPLAM,"31.495.439,17",31495439.17,TL,BDDK Haftalık Bülten
2026-05-26,2026-05-26,2026-05-26,False,2026,5,26,648,Mayıs/26 (22. Hafta),294,Bilanço Dışı İşlemler,3,a) Türev Finansal Araçlar,TP,"8.066.855,02",8066855.02,TL,BDDK Haftalık Bülten
2026-05-26,2026-05-26,2026-05-26,False,2026,5,26,648,Mayıs/26 (22. Hafta),294,Bilanço Dışı İşlemler,3,a) Türev Finansal Araçlar,YP,"23.428.584,15",23428584.15,TL,BDDK Haftalık Bülten
2026-05-26,2026-05-26,2026-05-26,False,2026,5,26,648,Mayıs/26 (22. Hafta),294,Bilanço Dışı İşlemler,4,b) Diğer,TOPLAM,"21.101.178,26",21101178.26,TL,BDDK Haftalık Bülten
2026-05-26,2026-05-26,2026-05-26,False,2026,5,26,648,Mayıs/26 (22. Hafta),294,Bilanço Dışı İşlemler,4,b) Diğer,TP,"18.635.698,27",18635698.27,TL,BDDK Haftalık Bülten
2026-05-26,2026-05-26,2026-05-26,False,2026,5,26,648,Mayıs/26 (22. Hafta),294,Bilanço Dışı İşlemler,4,b) Diğer,YP,"2.465.479,99",2465479.99,TL,BDDK Haftalık Bülten
2026-06-05,2026-06-05,2026-06-05,False,2026,6,5,649,Haziran/05 (23. Hafta),294,Bilanço Dışı İşlemler,1,Gayrinakdi Kredi ve Yükümlülükler,TOPLAM,"10.508.905,02",10508905.02,TL,BDDK Haftalık Bülten
2026-06-05,2026-06-05,2026-06-05,False,2026,6,5,649,Haziran/05 (23. Hafta),294,Bilanço Dışı İşlemler,1,Gayrinakdi Kredi ve Yükümlülükler,TP,"5.543.840,70",5543840.7,TL,BDDK Haftalık Bülten
2026-06-05,2026-06-05,2026-06-05,False,2026,6,5,649,Haziran/05 (23. Hafta),294,Bilanço Dışı İşlemler,1,Gayrinakdi Kredi ve Yükümlülükler,YP,"4.965.064,32",4965064.32,TL,BDDK Haftalık Bülten
2026-06-05,2026-06-05,2026-06-05,False,2026,6,5,649,Haziran/05 (23. Hafta),294,Bilanço Dışı İşlemler,2,Taahhütler (3+4),TOPLAM,"53.758.803,81",53758803.81,TL,BDDK Haftalık Bülten
2026-06-05,2026-06-05,2026-06-05,False,2026,6,5,649,Haziran/05 (23. Hafta),294,Bilanço Dışı İşlemler,2,Taahhütler (3+4),TP,"27.359.713,19",27359713.19,TL,BDDK Haftalık Bülten
2026-06-05,2026-06-05,2026-06-05,False,2026,6,5,649,Haziran/05 (23. Hafta),294,Bilanço Dışı İşlemler,2,Taahhütler (3+4),YP,"26.399.090,62",26399090.62,TL,BDDK Haftalık Bülten
2026-06-05,2026-06-05,2026-06-05,False,2026,6,5,649,Haziran/05 (23. Hafta),294,Bilanço Dışı İşlemler,3,a) Türev Finansal Araçlar,TOPLAM,"31.944.683,54",31944683.54,TL,BDDK Haftalık Bülten
2026-06-05,2026-06-05,2026-06-05,False,2026,6,5,649,Haziran/05 (23. Hafta),294,Bilanço Dışı İşlemler,3,a) Türev Finansal Araçlar,TP,"8.440.875,74",8440875.74,TL,BDDK Haftalık Bülten
2026-06-05,2026-06-05,2026-06-05,False,2026,6,5,649,Haziran/05 (23. Hafta),294,Bilanço Dışı İşlemler,3,a) Türev Finansal Araçlar,YP,"23.503.807,80",23503807.8,TL,BDDK Haftalık Bülten
2026-06-05,2026-06-05,2026-06-05,False,2026,6,5,649,Haziran/05 (23. Hafta),294,Bilanço Dışı İşlemler,4,b) Diğer,TOPLAM,"21.814.120,27",21814120.27,TL,BDDK Haftalık Bülten
2026-06-05,2026-06-05,2026-06-05,False,2026,6,5,649,Haziran/05 (23. Hafta),294,Bilanço Dışı İşlemler,4,b) Diğer,TP,"18.918.837,45",18918837.45,TL,BDDK Haftalık Bülten
2026-06-05,2026-06-05,2026-06-05,False,2026,6,5,649,Haziran/05 (23. Hafta),294,Bilanço Dışı İşlemler,4,b) Diğer,YP,"2.895.282,82",2895282.82,TL,BDDK Haftalık Bülten
2026-06-12,2026-06-12,2026-06-12,False,2026,6,12,650,Haziran/12 (24. Hafta),294,Bilanço Dışı İşlemler,1,Gayrinakdi Kredi ve Yükümlülükler,TOPLAM,"10.592.608,12",10592608.12,TL,BDDK Haftalık Bülten
2026-06-12,2026-06-12,2026-06-12,False,2026,6,12,650,Haziran/12 (24. Hafta),294,Bilanço Dışı İşlemler,1,Gayrinakdi Kredi ve Yükümlülükler,TP,"5.594.089,11",5594089.11,TL,BDDK Haftalık Bülten
2026-06-12,2026-06-12,2026-06-12,False,2026,6,12,650,Haziran/12 (24. Hafta),294,Bilanço Dışı İşlemler,1,Gayrinakdi Kredi ve Yükümlülükler,YP,"4.998.519,02",4998519.02,TL,BDDK Haftalık Bülten
2026-06-12,2026-06-12,2026-06-12,False,2026,6,12,650,Haziran/12 (24. Hafta),294,Bilanço Dışı İşlemler,2,Taahhütler (3+4),TOPLAM,"54.340.302,59",54340302.59,TL,BDDK Haftalık Bülten
2026-06-12,2026-06-12,2026-06-12,False,2026,6,12,650,Haziran/12 (24. Hafta),294,Bilanço Dışı İşlemler,2,Taahhütler (3+4),TP,"27.310.334,90",27310334.9,TL,BDDK Haftalık Bülten
2026-06-12,2026-06-12,2026-06-12,False,2026,6,12,650,Haziran/12 (24. Hafta),294,Bilanço Dışı İşlemler,2,Taahhütler (3+4),YP,"27.029.967,69",27029967.69,TL,BDDK Haftalık Bülten
2026-06-12,2026-06-12,2026-06-12,False,2026,6,12,650,Haziran/12 (24. Hafta),294,Bilanço Dışı İşlemler,3,a) Türev Finansal Araçlar,TOPLAM,"32.682.525,60",32682525.6,TL,BDDK Haftalık Bülten
2026-06-12,2026-06-12,2026-06-12,False,2026,6,12,650,Haziran/12 (24. Hafta),294,Bilanço Dışı İşlemler,3,a) Türev Finansal Araçlar,TP,"8.594.922,90",8594922.9,TL,BDDK Haftalık Bülten
2026-06-12,2026-06-12,2026-06-12,False,2026,6,12,650,Haziran/12 (24. Hafta),294,Bilanço Dışı İşlemler,3,a) Türev Finansal Araçlar,YP,"24.087.602,70",24087602.7,TL,BDDK Haftalık Bülten
2026-06-12,2026-06-12,2026-06-12,False,2026,6,12,650,Haziran/12 (24. Hafta),294,Bilanço Dışı İşlemler,4,b) Diğer,TOPLAM,"21.657.776,99",21657776.99,TL,BDDK Haftalık Bülten
2026-06-12,2026-06-12,2026-06-12,False,2026,6,12,650,Haziran/12 (24. Hafta),294,Bilanço Dışı İşlemler,4,b) Diğer,TP,"18.715.412,00",18715412.0,TL,BDDK Haftalık Bülten
2026-06-12,2026-06-12,2026-06-12,False,2026,6,12,650,Haziran/12 (24. Hafta),294,Bilanço Dışı İşlemler,4,b) Diğer,YP,"2.942.364,99",2942364.99,TL,BDDK Haftalık Bülten
2026-06-19,2026-06-19,2026-06-19,False,2026,6,19,651,Haziran/19 (25. Hafta),294,Bilanço Dışı İşlemler,1,Gayrinakdi Kredi ve Yükümlülükler,TOPLAM,"10.657.689,21",10657689.21,TL,BDDK Haftalık Bülten
2026-06-19,2026-06-19,2026-06-19,False,2026,6,19,651,Haziran/19 (25. Hafta),294,Bilanço Dışı İşlemler,1,Gayrinakdi Kredi ve Yükümlülükler,TP,"5.642.200,10",5642200.1,TL,BDDK Haftalık Bülten
2026-06-19,2026-06-19,2026-06-19,False,2026,6,19,651,Haziran/19 (25. Hafta),294,Bilanço Dışı İşlemler,1,Gayrinakdi Kredi ve Yükümlülükler,YP,"5.015.489,11",5015489.11,TL,BDDK Haftalık Bülten
2026-06-19,2026-06-19,2026-06-19,False,2026,6,19,651,Haziran/19 (25. Hafta),294,Bilanço Dışı İşlemler,2,Taahhütler (3+4),TOPLAM,"56.264.982,22",56264982.22,TL,BDDK Haftalık Bülten
2026-06-19,2026-06-19,2026-06-19,False,2026,6,19,651,Haziran/19 (25. Hafta),294,Bilanço Dışı İşlemler,2,Taahhütler (3+4),TP,"28.431.151,80",28431151.8,TL,BDDK Haftalık Bülten
2026-06-19,2026-06-19,2026-06-19,False,2026,6,19,651,Haziran/19 (25. Hafta),294,Bilanço Dışı İşlemler,2,Taahhütler (3+4),YP,"27.833.830,42",27833830.42,TL,BDDK Haftalık Bülten
2026-06-19,2026-06-19,2026-06-19,False,2026,6,19,651,Haziran/19 (25. Hafta),294,Bilanço Dışı İşlemler,3,a) Türev Finansal Araçlar,TOPLAM,"33.317.826,12",33317826.12,TL,BDDK Haftalık Bülten
2026-06-19,2026-06-19,2026-06-19,False,2026,6,19,651,Haziran/19 (25. Hafta),294,Bilanço Dışı İşlemler,3,a) Türev Finansal Araçlar,TP,"9.041.757,24",9041757.24,TL,BDDK Haftalık Bülten
2026-06-19,2026-06-19,2026-06-19,False,2026,6,19,651,Haziran/19 (25. Hafta),294,Bilanço Dışı İşlemler,3,a) Türev Finansal Araçlar,YP,"24.276.068,88",24276068.88,TL,BDDK Haftalık Bülten
2026-06-19,2026-06-19,2026-06-19,False,2026,6,19,651,Haziran/19 (25. Hafta),294,Bilanço Dışı İşlemler,4,b) Diğer,TOPLAM,"22.947.156,11",22947156.11,TL,BDDK Haftalık Bülten
2026-06-19,2026-06-19,2026-06-19,False,2026,6,19,651,Haziran/19 (25. Hafta),294,Bilanço Dışı İşlemler,4,b) Diğer,TP,"19.389.394,56",19389394.56,TL,BDDK Haftalık Bülten
2026-06-19,2026-06-19,2026-06-19,False,2026,6,19,651,Haziran/19 (25. Hafta),294,Bilanço Dışı İşlemler,4,b) Diğer,YP,"3.557.761,55",3557761.55,TL,BDDK Haftalık Bülten
2026-06-26,2026-06-26,2026-06-26,False,2026,6,26,652,Haziran/26 (26. Hafta),294,Bilanço Dışı İşlemler,1,Gayrinakdi Kredi ve Yükümlülükler,TOPLAM,"10.685.736,14",10685736.14,TL,BDDK Haftalık Bülten
2026-06-26,2026-06-26,2026-06-26,False,2026,6,26,652,Haziran/26 (26. Hafta),294,Bilanço Dışı İşlemler,1,Gayrinakdi Kredi ve Yükümlülükler,TP,"5.673.937,41",5673937.41,TL,BDDK Haftalık Bülten
2026-06-26,2026-06-26,2026-06-26,False,2026,6,26,652,Haziran/26 (26. Hafta),294,Bilanço Dışı İşlemler,1,Gayrinakdi Kredi ve Yükümlülükler,YP,"5.011.798,73",5011798.73,TL,BDDK Haftalık Bülten
2026-06-26,2026-06-26,2026-06-26,False,2026,6,26,652,Haziran/26 (26. Hafta),294,Bilanço Dışı İşlemler,2,Taahhütler (3+4),TOPLAM,"55.265.771,53",55265771.53,TL,BDDK Haftalık Bülten
2026-06-26,2026-06-26,2026-06-26,False,2026,6,26,652,Haziran/26 (26. Hafta),294,Bilanço Dışı İşlemler,2,Taahhütler (3+4),TP,"28.328.720,30",28328720.3,TL,BDDK Haftalık Bülten
2026-06-26,2026-06-26,2026-06-26,False,2026,6,26,652,Haziran/26 (26. Hafta),294,Bilanço Dışı İşlemler,2,Taahhütler (3+4),YP,"26.937.051,23",26937051.23,TL,BDDK Haftalık Bülten
2026-06-26,2026-06-26,2026-06-26,False,2026,6,26,652,Haziran/26 (26. Hafta),294,Bilanço Dışı İşlemler,3,a) Türev Finansal Araçlar,TOPLAM,"33.215.155,65",33215155.65,TL,BDDK Haftalık Bülten
2026-06-26,2026-06-26,2026-06-26,False,2026,6,26,652,Haziran/26 (26. Hafta),294,Bilanço Dışı İşlemler,3,a) Türev Finansal Araçlar,TP,"9.323.871,48",9323871.48,TL,BDDK Haftalık Bülten
2026-06-26,2026-06-26,2026-06-26,False,2026,6,26,652,Haziran/26 (26. Hafta),294,Bilanço Dışı İşlemler,3,a) Türev Finansal Araçlar,YP,"23.891.284,17",23891284.17,TL,BDDK Haftalık Bülten
2026-06-26,2026-06-26,2026-06-26,False,2026,6,26,652,Haziran/26 (26. Hafta),294,Bilanço Dışı İşlemler,4,b) Diğer,TOPLAM,"22.050.615,88",22050615.88,TL,BDDK Haftalık Bülten
2026-06-26,2026-06-26,2026-06-26,False,2026,6,26,652,Haziran/26 (26. Hafta),294,Bilanço Dışı İşlemler,4,b) Diğer,TP,"19.004.848,82",19004848.82,TL,BDDK Haftalık Bülten
2026-06-26,2026-06-26,2026-06-26,False,2026,6,26,652,Haziran/26 (26. Hafta),294,Bilanço Dışı İşlemler,4,b) Diğer,YP,"3.045.767,06",3045767.06,TL,BDDK Haftalık Bülten
