date,report_date,dropdown_date,date_mismatch,year,month,day,donem_id,period_text,category_id,category,row_no,item,variable,value_raw,value,currency,source
2021-01-08,2021-01-08,2021-01-08,False,2021,1,8,367,Ocak/08 (1. Hafta),297,Yabancı Para Pozisyonu,1,Bilanço İçi Yabancı Para Pozisyonu (2-3),TOPLAM,"-440.531,02",-440531.02,TL,BDDK Haftalık Bülten
2021-01-08,2021-01-08,2021-01-08,False,2021,1,8,367,Ocak/08 (1. Hafta),297,Yabancı Para Pozisyonu,10,Dövize Endeksli Yükümlülükler (Bilgi),TOPLAM,"0,00",0.0,TL,BDDK Haftalık Bülten
2021-01-08,2021-01-08,2021-01-08,False,2021,1,8,367,Ocak/08 (1. Hafta),297,Yabancı Para Pozisyonu,2,a) Bilanço İçi Varlıklar,TOPLAM,"2.610.974,45",2610974.45,TL,BDDK Haftalık Bülten
2021-01-08,2021-01-08,2021-01-08,False,2021,1,8,367,Ocak/08 (1. Hafta),297,Yabancı Para Pozisyonu,3,b) Bilanço İçi Yükümlülükler,TOPLAM,"3.051.505,47",3051505.47,TL,BDDK Haftalık Bülten
2021-01-08,2021-01-08,2021-01-08,False,2021,1,8,367,Ocak/08 (1. Hafta),297,Yabancı Para Pozisyonu,4,Bilanço Dışı Yabancı Para Pozisyonu (5-6),TOPLAM,"476.828,45",476828.45,TL,BDDK Haftalık Bülten
2021-01-08,2021-01-08,2021-01-08,False,2021,1,8,367,Ocak/08 (1. Hafta),297,Yabancı Para Pozisyonu,5,a) Bilanço Dışı Varlıklar,TOPLAM,"1.235.758,99",1235758.99,TL,BDDK Haftalık Bülten
2021-01-08,2021-01-08,2021-01-08,False,2021,1,8,367,Ocak/08 (1. Hafta),297,Yabancı Para Pozisyonu,6,b) Bilanço Dışı Yükümlülükler,TOPLAM,"758.930,54",758930.54,TL,BDDK Haftalık Bülten
2021-01-08,2021-01-08,2021-01-08,False,2021,1,8,367,Ocak/08 (1. Hafta),297,Yabancı Para Pozisyonu,7,Yabancı Para Net Genel Pozisyonu (1+4),TOPLAM,"36.297,44",36297.44,TL,BDDK Haftalık Bülten
2021-01-08,2021-01-08,2021-01-08,False,2021,1,8,367,Ocak/08 (1. Hafta),297,Yabancı Para Pozisyonu,8,Yasal Özkaynak,TOPLAM,"763.542,94",763542.94,TL,BDDK Haftalık Bülten
2021-01-08,2021-01-08,2021-01-08,False,2021,1,8,367,Ocak/08 (1. Hafta),297,Yabancı Para Pozisyonu,9,Dövize Endeskli Varlıklar (Bilgi),TOPLAM,"28.382,67",28382.67,TL,BDDK Haftalık Bülten
2021-01-15,2021-01-15,2021-01-15,False,2021,1,15,368,Ocak/15 (2. Hafta),297,Yabancı Para Pozisyonu,1,Bilanço İçi Yabancı Para Pozisyonu (2-3),TOPLAM,"-445.465,74",-445465.74,TL,BDDK Haftalık Bülten
2021-01-15,2021-01-15,2021-01-15,False,2021,1,15,368,Ocak/15 (2. Hafta),297,Yabancı Para Pozisyonu,10,Dövize Endeksli Yükümlülükler (Bilgi),TOPLAM,"0,00",0.0,TL,BDDK Haftalık Bülten
2021-01-15,2021-01-15,2021-01-15,False,2021,1,15,368,Ocak/15 (2. Hafta),297,Yabancı Para Pozisyonu,2,a) Bilanço İçi Varlıklar,TOPLAM,"2.637.285,36",2637285.36,TL,BDDK Haftalık Bülten
2021-01-15,2021-01-15,2021-01-15,False,2021,1,15,368,Ocak/15 (2. Hafta),297,Yabancı Para Pozisyonu,3,b) Bilanço İçi Yükümlülükler,TOPLAM,"3.082.751,10",3082751.1,TL,BDDK Haftalık Bülten
2021-01-15,2021-01-15,2021-01-15,False,2021,1,15,368,Ocak/15 (2. Hafta),297,Yabancı Para Pozisyonu,4,Bilanço Dışı Yabancı Para Pozisyonu (5-6),TOPLAM,"483.454,64",483454.64,TL,BDDK Haftalık Bülten
2021-01-15,2021-01-15,2021-01-15,False,2021,1,15,368,Ocak/15 (2. Hafta),297,Yabancı Para Pozisyonu,5,a) Bilanço Dışı Varlıklar,TOPLAM,"1.223.547,13",1223547.13,TL,BDDK Haftalık Bülten
2021-01-15,2021-01-15,2021-01-15,False,2021,1,15,368,Ocak/15 (2. Hafta),297,Yabancı Para Pozisyonu,6,b) Bilanço Dışı Yükümlülükler,TOPLAM,"740.092,49",740092.49,TL,BDDK Haftalık Bülten
2021-01-15,2021-01-15,2021-01-15,False,2021,1,15,368,Ocak/15 (2. Hafta),297,Yabancı Para Pozisyonu,7,Yabancı Para Net Genel Pozisyonu (1+4),TOPLAM,"37.988,90",37988.9,TL,BDDK Haftalık Bülten
2021-01-15,2021-01-15,2021-01-15,False,2021,1,15,368,Ocak/15 (2. Hafta),297,Yabancı Para Pozisyonu,8,Yasal Özkaynak,TOPLAM,"763.735,90",763735.9,TL,BDDK Haftalık Bülten
2021-01-15,2021-01-15,2021-01-15,False,2021,1,15,368,Ocak/15 (2. Hafta),297,Yabancı Para Pozisyonu,9,Dövize Endeskli Varlıklar (Bilgi),TOPLAM,"28.336,08",28336.08,TL,BDDK Haftalık Bülten
2021-01-22,2021-01-22,2021-01-22,False,2021,1,22,369,Ocak/22 (3. Hafta),297,Yabancı Para Pozisyonu,1,Bilanço İçi Yabancı Para Pozisyonu (2-3),TOPLAM,"-443.798,73",-443798.73,TL,BDDK Haftalık Bülten
2021-01-22,2021-01-22,2021-01-22,False,2021,1,22,369,Ocak/22 (3. Hafta),297,Yabancı Para Pozisyonu,10,Dövize Endeksli Yükümlülükler (Bilgi),TOPLAM,"0,00",0.0,TL,BDDK Haftalık Bülten
2021-01-22,2021-01-22,2021-01-22,False,2021,1,22,369,Ocak/22 (3. Hafta),297,Yabancı Para Pozisyonu,2,a) Bilanço İçi Varlıklar,TOPLAM,"2.646.480,43",2646480.43,TL,BDDK Haftalık Bülten
2021-01-22,2021-01-22,2021-01-22,False,2021,1,22,369,Ocak/22 (3. Hafta),297,Yabancı Para Pozisyonu,3,b) Bilanço İçi Yükümlülükler,TOPLAM,"3.090.279,16",3090279.16,TL,BDDK Haftalık Bülten
2021-01-22,2021-01-22,2021-01-22,False,2021,1,22,369,Ocak/22 (3. Hafta),297,Yabancı Para Pozisyonu,4,Bilanço Dışı Yabancı Para Pozisyonu (5-6),TOPLAM,"482.160,06",482160.06,TL,BDDK Haftalık Bülten
2021-01-22,2021-01-22,2021-01-22,False,2021,1,22,369,Ocak/22 (3. Hafta),297,Yabancı Para Pozisyonu,5,a) Bilanço Dışı Varlıklar,TOPLAM,"1.246.912,62",1246912.62,TL,BDDK Haftalık Bülten
2021-01-22,2021-01-22,2021-01-22,False,2021,1,22,369,Ocak/22 (3. Hafta),297,Yabancı Para Pozisyonu,6,b) Bilanço Dışı Yükümlülükler,TOPLAM,"764.752,57",764752.57,TL,BDDK Haftalık Bülten
2021-01-22,2021-01-22,2021-01-22,False,2021,1,22,369,Ocak/22 (3. Hafta),297,Yabancı Para Pozisyonu,7,Yabancı Para Net Genel Pozisyonu (1+4),TOPLAM,"38.361,33",38361.33,TL,BDDK Haftalık Bülten
2021-01-22,2021-01-22,2021-01-22,False,2021,1,22,369,Ocak/22 (3. Hafta),297,Yabancı Para Pozisyonu,8,Yasal Özkaynak,TOPLAM,"764.459,81",764459.81,TL,BDDK Haftalık Bülten
2021-01-22,2021-01-22,2021-01-22,False,2021,1,22,369,Ocak/22 (3. Hafta),297,Yabancı Para Pozisyonu,9,Dövize Endeskli Varlıklar (Bilgi),TOPLAM,"27.744,11",27744.11,TL,BDDK Haftalık Bülten
2021-01-29,2021-01-29,2021-01-29,False,2021,1,29,370,Ocak/29 (4. Hafta),297,Yabancı Para Pozisyonu,1,Bilanço İçi Yabancı Para Pozisyonu (2-3),TOPLAM,"-431.627,37",-431627.37,TL,BDDK Haftalık Bülten
2021-01-29,2021-01-29,2021-01-29,False,2021,1,29,370,Ocak/29 (4. Hafta),297,Yabancı Para Pozisyonu,10,Dövize Endeksli Yükümlülükler (Bilgi),TOPLAM,"0,00",0.0,TL,BDDK Haftalık Bülten
2021-01-29,2021-01-29,2021-01-29,False,2021,1,29,370,Ocak/29 (4. Hafta),297,Yabancı Para Pozisyonu,2,a) Bilanço İçi Varlıklar,TOPLAM,"2.623.672,15",2623672.15,TL,BDDK Haftalık Bülten
2021-01-29,2021-01-29,2021-01-29,False,2021,1,29,370,Ocak/29 (4. Hafta),297,Yabancı Para Pozisyonu,3,b) Bilanço İçi Yükümlülükler,TOPLAM,"3.055.299,52",3055299.52,TL,BDDK Haftalık Bülten
2021-01-29,2021-01-29,2021-01-29,False,2021,1,29,370,Ocak/29 (4. Hafta),297,Yabancı Para Pozisyonu,4,Bilanço Dışı Yabancı Para Pozisyonu (5-6),TOPLAM,"472.481,44",472481.44,TL,BDDK Haftalık Bülten
2021-01-29,2021-01-29,2021-01-29,False,2021,1,29,370,Ocak/29 (4. Hafta),297,Yabancı Para Pozisyonu,5,a) Bilanço Dışı Varlıklar,TOPLAM,"1.229.103,86",1229103.86,TL,BDDK Haftalık Bülten
2021-01-29,2021-01-29,2021-01-29,False,2021,1,29,370,Ocak/29 (4. Hafta),297,Yabancı Para Pozisyonu,6,b) Bilanço Dışı Yükümlülükler,TOPLAM,"756.622,42",756622.42,TL,BDDK Haftalık Bülten
2021-01-29,2021-01-29,2021-01-29,False,2021,1,29,370,Ocak/29 (4. Hafta),297,Yabancı Para Pozisyonu,7,Yabancı Para Net Genel Pozisyonu (1+4),TOPLAM,"40.854,07",40854.07,TL,BDDK Haftalık Bülten
2021-01-29,2021-01-29,2021-01-29,False,2021,1,29,370,Ocak/29 (4. Hafta),297,Yabancı Para Pozisyonu,8,Yasal Özkaynak,TOPLAM,"769.493,47",769493.47,TL,BDDK Haftalık Bülten
2021-01-29,2021-01-29,2021-01-29,False,2021,1,29,370,Ocak/29 (4. Hafta),297,Yabancı Para Pozisyonu,9,Dövize Endeskli Varlıklar (Bilgi),TOPLAM,"27.046,17",27046.17,TL,BDDK Haftalık Bülten
2021-02-05,2021-02-05,2021-02-05,False,2021,2,5,371,Şubat/05 (5. Hafta),297,Yabancı Para Pozisyonu,1,Bilanço İçi Yabancı Para Pozisyonu (2-3),TOPLAM,"-409.422,61",-409422.61,TL,BDDK Haftalık Bülten
2021-02-05,2021-02-05,2021-02-05,False,2021,2,5,371,Şubat/05 (5. Hafta),297,Yabancı Para Pozisyonu,10,Dövize Endeksli Yükümlülükler (Bilgi),TOPLAM,"0,00",0.0,TL,BDDK Haftalık Bülten
2021-02-05,2021-02-05,2021-02-05,False,2021,2,5,371,Şubat/05 (5. Hafta),297,Yabancı Para Pozisyonu,2,a) Bilanço İçi Varlıklar,TOPLAM,"2.526.020,70",2526020.7,TL,BDDK Haftalık Bülten
2021-02-05,2021-02-05,2021-02-05,False,2021,2,5,371,Şubat/05 (5. Hafta),297,Yabancı Para Pozisyonu,3,b) Bilanço İçi Yükümlülükler,TOPLAM,"2.935.443,31",2935443.31,TL,BDDK Haftalık Bülten
2021-02-05,2021-02-05,2021-02-05,False,2021,2,5,371,Şubat/05 (5. Hafta),297,Yabancı Para Pozisyonu,4,Bilanço Dışı Yabancı Para Pozisyonu (5-6),TOPLAM,"451.217,32",451217.32,TL,BDDK Haftalık Bülten
2021-02-05,2021-02-05,2021-02-05,False,2021,2,5,371,Şubat/05 (5. Hafta),297,Yabancı Para Pozisyonu,5,a) Bilanço Dışı Varlıklar,TOPLAM,"1.195.312,54",1195312.54,TL,BDDK Haftalık Bülten
2021-02-05,2021-02-05,2021-02-05,False,2021,2,5,371,Şubat/05 (5. Hafta),297,Yabancı Para Pozisyonu,6,b) Bilanço Dışı Yükümlülükler,TOPLAM,"744.095,23",744095.23,TL,BDDK Haftalık Bülten
2021-02-05,2021-02-05,2021-02-05,False,2021,2,5,371,Şubat/05 (5. Hafta),297,Yabancı Para Pozisyonu,7,Yabancı Para Net Genel Pozisyonu (1+4),TOPLAM,"41.794,71",41794.71,TL,BDDK Haftalık Bülten
2021-02-05,2021-02-05,2021-02-05,False,2021,2,5,371,Şubat/05 (5. Hafta),297,Yabancı Para Pozisyonu,8,Yasal Özkaynak,TOPLAM,"769.379,67",769379.67,TL,BDDK Haftalık Bülten
2021-02-05,2021-02-05,2021-02-05,False,2021,2,5,371,Şubat/05 (5. Hafta),297,Yabancı Para Pozisyonu,9,Dövize Endeskli Varlıklar (Bilgi),TOPLAM,"26.018,97",26018.97,TL,BDDK Haftalık Bülten
2021-02-12,2021-02-12,2021-02-12,False,2021,2,12,372,Şubat/12 (6. Hafta),297,Yabancı Para Pozisyonu,1,Bilanço İçi Yabancı Para Pozisyonu (2-3),TOPLAM,"-405.671,53",-405671.53,TL,BDDK Haftalık Bülten
2021-02-12,2021-02-12,2021-02-12,False,2021,2,12,372,Şubat/12 (6. Hafta),297,Yabancı Para Pozisyonu,10,Dövize Endeksli Yükümlülükler (Bilgi),TOPLAM,"0,00",0.0,TL,BDDK Haftalık Bülten
2021-02-12,2021-02-12,2021-02-12,False,2021,2,12,372,Şubat/12 (6. Hafta),297,Yabancı Para Pozisyonu,2,a) Bilanço İçi Varlıklar,TOPLAM,"2.520.302,88",2520302.88,TL,BDDK Haftalık Bülten
2021-02-12,2021-02-12,2021-02-12,False,2021,2,12,372,Şubat/12 (6. Hafta),297,Yabancı Para Pozisyonu,3,b) Bilanço İçi Yükümlülükler,TOPLAM,"2.925.974,41",2925974.41,TL,BDDK Haftalık Bülten
2021-02-12,2021-02-12,2021-02-12,False,2021,2,12,372,Şubat/12 (6. Hafta),297,Yabancı Para Pozisyonu,4,Bilanço Dışı Yabancı Para Pozisyonu (5-6),TOPLAM,"447.662,53",447662.53,TL,BDDK Haftalık Bülten
2021-02-12,2021-02-12,2021-02-12,False,2021,2,12,372,Şubat/12 (6. Hafta),297,Yabancı Para Pozisyonu,5,a) Bilanço Dışı Varlıklar,TOPLAM,"1.166.246,73",1166246.73,TL,BDDK Haftalık Bülten
2021-02-12,2021-02-12,2021-02-12,False,2021,2,12,372,Şubat/12 (6. Hafta),297,Yabancı Para Pozisyonu,6,b) Bilanço Dışı Yükümlülükler,TOPLAM,"718.584,20",718584.2,TL,BDDK Haftalık Bülten
2021-02-12,2021-02-12,2021-02-12,False,2021,2,12,372,Şubat/12 (6. Hafta),297,Yabancı Para Pozisyonu,7,Yabancı Para Net Genel Pozisyonu (1+4),TOPLAM,"41.991,00",41991.0,TL,BDDK Haftalık Bülten
2021-02-12,2021-02-12,2021-02-12,False,2021,2,12,372,Şubat/12 (6. Hafta),297,Yabancı Para Pozisyonu,8,Yasal Özkaynak,TOPLAM,"769.842,28",769842.28,TL,BDDK Haftalık Bülten
2021-02-12,2021-02-12,2021-02-12,False,2021,2,12,372,Şubat/12 (6. Hafta),297,Yabancı Para Pozisyonu,9,Dövize Endeskli Varlıklar (Bilgi),TOPLAM,"25.980,89",25980.89,TL,BDDK Haftalık Bülten
2021-02-19,2021-02-19,2021-02-19,False,2021,2,19,373,Şubat/19 (7. Hafta),297,Yabancı Para Pozisyonu,1,Bilanço İçi Yabancı Para Pozisyonu (2-3),TOPLAM,"-401.862,57",-401862.57,TL,BDDK Haftalık Bülten
2021-02-19,2021-02-19,2021-02-19,False,2021,2,19,373,Şubat/19 (7. Hafta),297,Yabancı Para Pozisyonu,10,Dövize Endeksli Yükümlülükler (Bilgi),TOPLAM,"0,00",0.0,TL,BDDK Haftalık Bülten
2021-02-19,2021-02-19,2021-02-19,False,2021,2,19,373,Şubat/19 (7. Hafta),297,Yabancı Para Pozisyonu,2,a) Bilanço İçi Varlıklar,TOPLAM,"2.488.739,89",2488739.89,TL,BDDK Haftalık Bülten
2021-02-19,2021-02-19,2021-02-19,False,2021,2,19,373,Şubat/19 (7. Hafta),297,Yabancı Para Pozisyonu,3,b) Bilanço İçi Yükümlülükler,TOPLAM,"2.890.602,46",2890602.46,TL,BDDK Haftalık Bülten
2021-02-19,2021-02-19,2021-02-19,False,2021,2,19,373,Şubat/19 (7. Hafta),297,Yabancı Para Pozisyonu,4,Bilanço Dışı Yabancı Para Pozisyonu (5-6),TOPLAM,"444.609,21",444609.21,TL,BDDK Haftalık Bülten
2021-02-19,2021-02-19,2021-02-19,False,2021,2,19,373,Şubat/19 (7. Hafta),297,Yabancı Para Pozisyonu,5,a) Bilanço Dışı Varlıklar,TOPLAM,"1.177.424,07",1177424.07,TL,BDDK Haftalık Bülten
2021-02-19,2021-02-19,2021-02-19,False,2021,2,19,373,Şubat/19 (7. Hafta),297,Yabancı Para Pozisyonu,6,b) Bilanço Dışı Yükümlülükler,TOPLAM,"732.814,86",732814.86,TL,BDDK Haftalık Bülten
2021-02-19,2021-02-19,2021-02-19,False,2021,2,19,373,Şubat/19 (7. Hafta),297,Yabancı Para Pozisyonu,7,Yabancı Para Net Genel Pozisyonu (1+4),TOPLAM,"42.746,64",42746.64,TL,BDDK Haftalık Bülten
2021-02-19,2021-02-19,2021-02-19,False,2021,2,19,373,Şubat/19 (7. Hafta),297,Yabancı Para Pozisyonu,8,Yasal Özkaynak,TOPLAM,"773.640,87",773640.87,TL,BDDK Haftalık Bülten
2021-02-19,2021-02-19,2021-02-19,False,2021,2,19,373,Şubat/19 (7. Hafta),297,Yabancı Para Pozisyonu,9,Dövize Endeskli Varlıklar (Bilgi),TOPLAM,"25.427,17",25427.17,TL,BDDK Haftalık Bülten
2021-02-26,2021-02-26,2021-02-26,False,2021,2,26,374,Şubat/26 (8. Hafta),297,Yabancı Para Pozisyonu,1,Bilanço İçi Yabancı Para Pozisyonu (2-3),TOPLAM,"-423.121,35",-423121.35,TL,BDDK Haftalık Bülten
2021-02-26,2021-02-26,2021-02-26,False,2021,2,26,374,Şubat/26 (8. Hafta),297,Yabancı Para Pozisyonu,10,Dövize Endeksli Yükümlülükler (Bilgi),TOPLAM,"0,00",0.0,TL,BDDK Haftalık Bülten
2021-02-26,2021-02-26,2021-02-26,False,2021,2,26,374,Şubat/26 (8. Hafta),297,Yabancı Para Pozisyonu,2,a) Bilanço İçi Varlıklar,TOPLAM,"2.617.185,10",2617185.1,TL,BDDK Haftalık Bülten
2021-02-26,2021-02-26,2021-02-26,False,2021,2,26,374,Şubat/26 (8. Hafta),297,Yabancı Para Pozisyonu,3,b) Bilanço İçi Yükümlülükler,TOPLAM,"3.040.306,45",3040306.45,TL,BDDK Haftalık Bülten
2021-02-26,2021-02-26,2021-02-26,False,2021,2,26,374,Şubat/26 (8. Hafta),297,Yabancı Para Pozisyonu,4,Bilanço Dışı Yabancı Para Pozisyonu (5-6),TOPLAM,"463.644,60",463644.6,TL,BDDK Haftalık Bülten
2021-02-26,2021-02-26,2021-02-26,False,2021,2,26,374,Şubat/26 (8. Hafta),297,Yabancı Para Pozisyonu,5,a) Bilanço Dışı Varlıklar,TOPLAM,"1.238.666,79",1238666.79,TL,BDDK Haftalık Bülten
2021-02-26,2021-02-26,2021-02-26,False,2021,2,26,374,Şubat/26 (8. Hafta),297,Yabancı Para Pozisyonu,6,b) Bilanço Dışı Yükümlülükler,TOPLAM,"775.022,19",775022.19,TL,BDDK Haftalık Bülten
2021-02-26,2021-02-26,2021-02-26,False,2021,2,26,374,Şubat/26 (8. Hafta),297,Yabancı Para Pozisyonu,7,Yabancı Para Net Genel Pozisyonu (1+4),TOPLAM,"40.523,25",40523.25,TL,BDDK Haftalık Bülten
2021-02-26,2021-02-26,2021-02-26,False,2021,2,26,374,Şubat/26 (8. Hafta),297,Yabancı Para Pozisyonu,8,Yasal Özkaynak,TOPLAM,"774.771,67",774771.67,TL,BDDK Haftalık Bülten
2021-02-26,2021-02-26,2021-02-26,False,2021,2,26,374,Şubat/26 (8. Hafta),297,Yabancı Para Pozisyonu,9,Dövize Endeskli Varlıklar (Bilgi),TOPLAM,"29.583,57",29583.57,TL,BDDK Haftalık Bülten
2021-03-05,2021-03-05,2021-03-05,False,2021,3,5,375,Mart/05 (9. Hafta),297,Yabancı Para Pozisyonu,1,Bilanço İçi Yabancı Para Pozisyonu (2-3),TOPLAM,"-428.819,80",-428819.8,TL,BDDK Haftalık Bülten
2021-03-05,2021-03-05,2021-03-05,False,2021,3,5,375,Mart/05 (9. Hafta),297,Yabancı Para Pozisyonu,10,Dövize Endeksli Yükümlülükler (Bilgi),TOPLAM,"0,00",0.0,TL,BDDK Haftalık Bülten
2021-03-05,2021-03-05,2021-03-05,False,2021,3,5,375,Mart/05 (9. Hafta),297,Yabancı Para Pozisyonu,2,a) Bilanço İçi Varlıklar,TOPLAM,"2.644.491,92",2644491.92,TL,BDDK Haftalık Bülten
2021-03-05,2021-03-05,2021-03-05,False,2021,3,5,375,Mart/05 (9. Hafta),297,Yabancı Para Pozisyonu,3,b) Bilanço İçi Yükümlülükler,TOPLAM,"3.073.311,71",3073311.71,TL,BDDK Haftalık Bülten
2021-03-05,2021-03-05,2021-03-05,False,2021,3,5,375,Mart/05 (9. Hafta),297,Yabancı Para Pozisyonu,4,Bilanço Dışı Yabancı Para Pozisyonu (5-6),TOPLAM,"471.403,87",471403.87,TL,BDDK Haftalık Bülten
2021-03-05,2021-03-05,2021-03-05,False,2021,3,5,375,Mart/05 (9. Hafta),297,Yabancı Para Pozisyonu,5,a) Bilanço Dışı Varlıklar,TOPLAM,"1.256.306,94",1256306.94,TL,BDDK Haftalık Bülten
2021-03-05,2021-03-05,2021-03-05,False,2021,3,5,375,Mart/05 (9. Hafta),297,Yabancı Para Pozisyonu,6,b) Bilanço Dışı Yükümlülükler,TOPLAM,"784.903,07",784903.07,TL,BDDK Haftalık Bülten
2021-03-05,2021-03-05,2021-03-05,False,2021,3,5,375,Mart/05 (9. Hafta),297,Yabancı Para Pozisyonu,7,Yabancı Para Net Genel Pozisyonu (1+4),TOPLAM,"42.584,07",42584.07,TL,BDDK Haftalık Bülten
2021-03-05,2021-03-05,2021-03-05,False,2021,3,5,375,Mart/05 (9. Hafta),297,Yabancı Para Pozisyonu,8,Yasal Özkaynak,TOPLAM,"774.768,75",774768.75,TL,BDDK Haftalık Bülten
2021-03-05,2021-03-05,2021-03-05,False,2021,3,5,375,Mart/05 (9. Hafta),297,Yabancı Para Pozisyonu,9,Dövize Endeskli Varlıklar (Bilgi),TOPLAM,"26.347,56",26347.56,TL,BDDK Haftalık Bülten
2021-03-12,2021-03-12,2021-03-12,False,2021,3,12,376,Mart/12 (10. Hafta),297,Yabancı Para Pozisyonu,1,Bilanço İçi Yabancı Para Pozisyonu (2-3),TOPLAM,"-428.719,02",-428719.02,TL,BDDK Haftalık Bülten
2021-03-12,2021-03-12,2021-03-12,False,2021,3,12,376,Mart/12 (10. Hafta),297,Yabancı Para Pozisyonu,10,Dövize Endeksli Yükümlülükler (Bilgi),TOPLAM,"0,00",0.0,TL,BDDK Haftalık Bülten
2021-03-12,2021-03-12,2021-03-12,False,2021,3,12,376,Mart/12 (10. Hafta),297,Yabancı Para Pozisyonu,2,a) Bilanço İçi Varlıklar,TOPLAM,"2.663.187,58",2663187.58,TL,BDDK Haftalık Bülten
2021-03-12,2021-03-12,2021-03-12,False,2021,3,12,376,Mart/12 (10. Hafta),297,Yabancı Para Pozisyonu,3,b) Bilanço İçi Yükümlülükler,TOPLAM,"3.091.906,60",3091906.6,TL,BDDK Haftalık Bülten
2021-03-12,2021-03-12,2021-03-12,False,2021,3,12,376,Mart/12 (10. Hafta),297,Yabancı Para Pozisyonu,4,Bilanço Dışı Yabancı Para Pozisyonu (5-6),TOPLAM,"472.746,78",472746.78,TL,BDDK Haftalık Bülten
2021-03-12,2021-03-12,2021-03-12,False,2021,3,12,376,Mart/12 (10. Hafta),297,Yabancı Para Pozisyonu,5,a) Bilanço Dışı Varlıklar,TOPLAM,"1.224.154,30",1224154.3,TL,BDDK Haftalık Bülten
2021-03-12,2021-03-12,2021-03-12,False,2021,3,12,376,Mart/12 (10. Hafta),297,Yabancı Para Pozisyonu,6,b) Bilanço Dışı Yükümlülükler,TOPLAM,"751.407,52",751407.52,TL,BDDK Haftalık Bülten
2021-03-12,2021-03-12,2021-03-12,False,2021,3,12,376,Mart/12 (10. Hafta),297,Yabancı Para Pozisyonu,7,Yabancı Para Net Genel Pozisyonu (1+4),TOPLAM,"44.027,76",44027.76,TL,BDDK Haftalık Bülten
2021-03-12,2021-03-12,2021-03-12,False,2021,3,12,376,Mart/12 (10. Hafta),297,Yabancı Para Pozisyonu,8,Yasal Özkaynak,TOPLAM,"775.065,32",775065.32,TL,BDDK Haftalık Bülten
2021-03-12,2021-03-12,2021-03-12,False,2021,3,12,376,Mart/12 (10. Hafta),297,Yabancı Para Pozisyonu,9,Dövize Endeskli Varlıklar (Bilgi),TOPLAM,"26.376,09",26376.09,TL,BDDK Haftalık Bülten
2021-03-19,2021-03-19,2021-03-19,False,2021,3,19,377,Mart/19 (11. Hafta),297,Yabancı Para Pozisyonu,1,Bilanço İçi Yabancı Para Pozisyonu (2-3),TOPLAM,"-453.469,66",-453469.66,TL,BDDK Haftalık Bülten
2021-03-19,2021-03-19,2021-03-19,False,2021,3,19,377,Mart/19 (11. Hafta),297,Yabancı Para Pozisyonu,10,Dövize Endeksli Yükümlülükler (Bilgi),TOPLAM,"0,00",0.0,TL,BDDK Haftalık Bülten
2021-03-19,2021-03-19,2021-03-19,False,2021,3,19,377,Mart/19 (11. Hafta),297,Yabancı Para Pozisyonu,2,a) Bilanço İçi Varlıklar,TOPLAM,"2.545.626,75",2545626.75,TL,BDDK Haftalık Bülten
2021-03-19,2021-03-19,2021-03-19,False,2021,3,19,377,Mart/19 (11. Hafta),297,Yabancı Para Pozisyonu,3,b) Bilanço İçi Yükümlülükler,TOPLAM,"2.999.096,41",2999096.41,TL,BDDK Haftalık Bülten
2021-03-19,2021-03-19,2021-03-19,False,2021,3,19,377,Mart/19 (11. Hafta),297,Yabancı Para Pozisyonu,4,Bilanço Dışı Yabancı Para Pozisyonu (5-6),TOPLAM,"498.901,61",498901.61,TL,BDDK Haftalık Bülten
2021-03-19,2021-03-19,2021-03-19,False,2021,3,19,377,Mart/19 (11. Hafta),297,Yabancı Para Pozisyonu,5,a) Bilanço Dışı Varlıklar,TOPLAM,"1.249.521,57",1249521.57,TL,BDDK Haftalık Bülten
2021-03-19,2021-03-19,2021-03-19,False,2021,3,19,377,Mart/19 (11. Hafta),297,Yabancı Para Pozisyonu,6,b) Bilanço Dışı Yükümlülükler,TOPLAM,"750.619,95",750619.95,TL,BDDK Haftalık Bülten
2021-03-19,2021-03-19,2021-03-19,False,2021,3,19,377,Mart/19 (11. Hafta),297,Yabancı Para Pozisyonu,7,Yabancı Para Net Genel Pozisyonu (1+4),TOPLAM,"45.431,95",45431.95,TL,BDDK Haftalık Bülten
2021-03-19,2021-03-19,2021-03-19,False,2021,3,19,377,Mart/19 (11. Hafta),297,Yabancı Para Pozisyonu,8,Yasal Özkaynak,TOPLAM,"779.168,64",779168.64,TL,BDDK Haftalık Bülten
2021-03-19,2021-03-19,2021-03-19,False,2021,3,19,377,Mart/19 (11. Hafta),297,Yabancı Para Pozisyonu,9,Dövize Endeskli Varlıklar (Bilgi),TOPLAM,"25.808,69",25808.69,TL,BDDK Haftalık Bülten
2021-03-26,2021-03-26,2021-03-26,False,2021,3,26,378,Mart/26 (12. Hafta),297,Yabancı Para Pozisyonu,1,Bilanço İçi Yabancı Para Pozisyonu (2-3),TOPLAM,"-434.687,93",-434687.93,TL,BDDK Haftalık Bülten
2021-03-26,2021-03-26,2021-03-26,False,2021,3,26,378,Mart/26 (12. Hafta),297,Yabancı Para Pozisyonu,10,Dövize Endeksli Yükümlülükler (Bilgi),TOPLAM,"0,00",0.0,TL,BDDK Haftalık Bülten
2021-03-26,2021-03-26,2021-03-26,False,2021,3,26,378,Mart/26 (12. Hafta),297,Yabancı Para Pozisyonu,2,a) Bilanço İçi Varlıklar,TOPLAM,"2.802.822,72",2802822.72,TL,BDDK Haftalık Bülten
2021-03-26,2021-03-26,2021-03-26,False,2021,3,26,378,Mart/26 (12. Hafta),297,Yabancı Para Pozisyonu,3,b) Bilanço İçi Yükümlülükler,TOPLAM,"3.237.510,65",3237510.65,TL,BDDK Haftalık Bülten
2021-03-26,2021-03-26,2021-03-26,False,2021,3,26,378,Mart/26 (12. Hafta),297,Yabancı Para Pozisyonu,4,Bilanço Dışı Yabancı Para Pozisyonu (5-6),TOPLAM,"478.888,49",478888.49,TL,BDDK Haftalık Bülten
2021-03-26,2021-03-26,2021-03-26,False,2021,3,26,378,Mart/26 (12. Hafta),297,Yabancı Para Pozisyonu,5,a) Bilanço Dışı Varlıklar,TOPLAM,"1.303.213,15",1303213.15,TL,BDDK Haftalık Bülten
2021-03-26,2021-03-26,2021-03-26,False,2021,3,26,378,Mart/26 (12. Hafta),297,Yabancı Para Pozisyonu,6,b) Bilanço Dışı Yükümlülükler,TOPLAM,"824.324,66",824324.66,TL,BDDK Haftalık Bülten
2021-03-26,2021-03-26,2021-03-26,False,2021,3,26,378,Mart/26 (12. Hafta),297,Yabancı Para Pozisyonu,7,Yabancı Para Net Genel Pozisyonu (1+4),TOPLAM,"44.200,56",44200.56,TL,BDDK Haftalık Bülten
2021-03-26,2021-03-26,2021-03-26,False,2021,3,26,378,Mart/26 (12. Hafta),297,Yabancı Para Pozisyonu,8,Yasal Özkaynak,TOPLAM,"778.247,00",778247.0,TL,BDDK Haftalık Bülten
2021-03-26,2021-03-26,2021-03-26,False,2021,3,26,378,Mart/26 (12. Hafta),297,Yabancı Para Pozisyonu,9,Dövize Endeskli Varlıklar (Bilgi),TOPLAM,"30.620,07",30620.07,TL,BDDK Haftalık Bülten
2021-04-02,2021-04-02,2021-04-02,False,2021,4,2,379,Nisan/02 (13. Hafta),297,Yabancı Para Pozisyonu,1,Bilanço İçi Yabancı Para Pozisyonu (2-3),TOPLAM,"-427.937,36",-427937.36,TL,BDDK Haftalık Bülten
2021-04-02,2021-04-02,2021-04-02,False,2021,4,2,379,Nisan/02 (13. Hafta),297,Yabancı Para Pozisyonu,10,Dövize Endeksli Yükümlülükler (Bilgi),TOPLAM,"0,00",0.0,TL,BDDK Haftalık Bülten
2021-04-02,2021-04-02,2021-04-02,False,2021,4,2,379,Nisan/02 (13. Hafta),297,Yabancı Para Pozisyonu,2,a) Bilanço İçi Varlıklar,TOPLAM,"2.832.246,83",2832246.83,TL,BDDK Haftalık Bülten
2021-04-02,2021-04-02,2021-04-02,False,2021,4,2,379,Nisan/02 (13. Hafta),297,Yabancı Para Pozisyonu,3,b) Bilanço İçi Yükümlülükler,TOPLAM,"3.260.184,19",3260184.19,TL,BDDK Haftalık Bülten
2021-04-02,2021-04-02,2021-04-02,False,2021,4,2,379,Nisan/02 (13. Hafta),297,Yabancı Para Pozisyonu,4,Bilanço Dışı Yabancı Para Pozisyonu (5-6),TOPLAM,"475.888,53",475888.53,TL,BDDK Haftalık Bülten
2021-04-02,2021-04-02,2021-04-02,False,2021,4,2,379,Nisan/02 (13. Hafta),297,Yabancı Para Pozisyonu,5,a) Bilanço Dışı Varlıklar,TOPLAM,"1.281.998,42",1281998.42,TL,BDDK Haftalık Bülten
2021-04-02,2021-04-02,2021-04-02,False,2021,4,2,379,Nisan/02 (13. Hafta),297,Yabancı Para Pozisyonu,6,b) Bilanço Dışı Yükümlülükler,TOPLAM,"806.109,89",806109.89,TL,BDDK Haftalık Bülten
2021-04-02,2021-04-02,2021-04-02,False,2021,4,2,379,Nisan/02 (13. Hafta),297,Yabancı Para Pozisyonu,7,Yabancı Para Net Genel Pozisyonu (1+4),TOPLAM,"47.951,17",47951.17,TL,BDDK Haftalık Bülten
2021-04-02,2021-04-02,2021-04-02,False,2021,4,2,379,Nisan/02 (13. Hafta),297,Yabancı Para Pozisyonu,8,Yasal Özkaynak,TOPLAM,"778.537,14",778537.14,TL,BDDK Haftalık Bülten
2021-04-02,2021-04-02,2021-04-02,False,2021,4,2,379,Nisan/02 (13. Hafta),297,Yabancı Para Pozisyonu,9,Dövize Endeskli Varlıklar (Bilgi),TOPLAM,"18.382,43",18382.43,TL,BDDK Haftalık Bülten
2021-04-09,2021-04-09,2021-04-09,False,2021,4,9,380,Nisan/09 (14. Hafta),297,Yabancı Para Pozisyonu,1,Bilanço İçi Yabancı Para Pozisyonu (2-3),TOPLAM,"-426.384,43",-426384.43,TL,BDDK Haftalık Bülten
2021-04-09,2021-04-09,2021-04-09,False,2021,4,9,380,Nisan/09 (14. Hafta),297,Yabancı Para Pozisyonu,10,Dövize Endeksli Yükümlülükler (Bilgi),TOPLAM,"0,00",0.0,TL,BDDK Haftalık Bülten
2021-04-09,2021-04-09,2021-04-09,False,2021,4,9,380,Nisan/09 (14. Hafta),297,Yabancı Para Pozisyonu,2,a) Bilanço İçi Varlıklar,TOPLAM,"2.868.923,87",2868923.87,TL,BDDK Haftalık Bülten
2021-04-09,2021-04-09,2021-04-09,False,2021,4,9,380,Nisan/09 (14. Hafta),297,Yabancı Para Pozisyonu,3,b) Bilanço İçi Yükümlülükler,TOPLAM,"3.295.308,30",3295308.3,TL,BDDK Haftalık Bülten
2021-04-09,2021-04-09,2021-04-09,False,2021,4,9,380,Nisan/09 (14. Hafta),297,Yabancı Para Pozisyonu,4,Bilanço Dışı Yabancı Para Pozisyonu (5-6),TOPLAM,"475.844,64",475844.64,TL,BDDK Haftalık Bülten
2021-04-09,2021-04-09,2021-04-09,False,2021,4,9,380,Nisan/09 (14. Hafta),297,Yabancı Para Pozisyonu,5,a) Bilanço Dışı Varlıklar,TOPLAM,"1.285.833,69",1285833.69,TL,BDDK Haftalık Bülten
2021-04-09,2021-04-09,2021-04-09,False,2021,4,9,380,Nisan/09 (14. Hafta),297,Yabancı Para Pozisyonu,6,b) Bilanço Dışı Yükümlülükler,TOPLAM,"809.989,05",809989.05,TL,BDDK Haftalık Bülten
2021-04-09,2021-04-09,2021-04-09,False,2021,4,9,380,Nisan/09 (14. Hafta),297,Yabancı Para Pozisyonu,7,Yabancı Para Net Genel Pozisyonu (1+4),TOPLAM,"49.460,21",49460.21,TL,BDDK Haftalık Bülten
2021-04-09,2021-04-09,2021-04-09,False,2021,4,9,380,Nisan/09 (14. Hafta),297,Yabancı Para Pozisyonu,8,Yasal Özkaynak,TOPLAM,"778.548,47",778548.47,TL,BDDK Haftalık Bülten
2021-04-09,2021-04-09,2021-04-09,False,2021,4,9,380,Nisan/09 (14. Hafta),297,Yabancı Para Pozisyonu,9,Dövize Endeskli Varlıklar (Bilgi),TOPLAM,"18.437,68",18437.68,TL,BDDK Haftalık Bülten
2021-04-16,2021-04-16,2021-04-16,False,2021,4,16,381,Nisan/16 (15. Hafta),297,Yabancı Para Pozisyonu,1,Bilanço İçi Yabancı Para Pozisyonu (2-3),TOPLAM,"-422.594,34",-422594.34,TL,BDDK Haftalık Bülten
2021-04-16,2021-04-16,2021-04-16,False,2021,4,16,381,Nisan/16 (15. Hafta),297,Yabancı Para Pozisyonu,10,Dövize Endeksli Yükümlülükler (Bilgi),TOPLAM,"0,00",0.0,TL,BDDK Haftalık Bülten
2021-04-16,2021-04-16,2021-04-16,False,2021,4,16,381,Nisan/16 (15. Hafta),297,Yabancı Para Pozisyonu,2,a) Bilanço İçi Varlıklar,TOPLAM,"2.852.416,13",2852416.13,TL,BDDK Haftalık Bülten
2021-04-16,2021-04-16,2021-04-16,False,2021,4,16,381,Nisan/16 (15. Hafta),297,Yabancı Para Pozisyonu,3,b) Bilanço İçi Yükümlülükler,TOPLAM,"3.275.010,48",3275010.48,TL,BDDK Haftalık Bülten
2021-04-16,2021-04-16,2021-04-16,False,2021,4,16,381,Nisan/16 (15. Hafta),297,Yabancı Para Pozisyonu,4,Bilanço Dışı Yabancı Para Pozisyonu (5-6),TOPLAM,"471.961,54",471961.54,TL,BDDK Haftalık Bülten
2021-04-16,2021-04-16,2021-04-16,False,2021,4,16,381,Nisan/16 (15. Hafta),297,Yabancı Para Pozisyonu,5,a) Bilanço Dışı Varlıklar,TOPLAM,"1.279.770,04",1279770.04,TL,BDDK Haftalık Bülten
2021-04-16,2021-04-16,2021-04-16,False,2021,4,16,381,Nisan/16 (15. Hafta),297,Yabancı Para Pozisyonu,6,b) Bilanço Dışı Yükümlülükler,TOPLAM,"807.808,50",807808.5,TL,BDDK Haftalık Bülten
2021-04-16,2021-04-16,2021-04-16,False,2021,4,16,381,Nisan/16 (15. Hafta),297,Yabancı Para Pozisyonu,7,Yabancı Para Net Genel Pozisyonu (1+4),TOPLAM,"49.367,20",49367.2,TL,BDDK Haftalık Bülten
2021-04-16,2021-04-16,2021-04-16,False,2021,4,16,381,Nisan/16 (15. Hafta),297,Yabancı Para Pozisyonu,8,Yasal Özkaynak,TOPLAM,"782.440,21",782440.21,TL,BDDK Haftalık Bülten
2021-04-16,2021-04-16,2021-04-16,False,2021,4,16,381,Nisan/16 (15. Hafta),297,Yabancı Para Pozisyonu,9,Dövize Endeskli Varlıklar (Bilgi),TOPLAM,"18.406,62",18406.62,TL,BDDK Haftalık Bülten
2021-04-22,2021-04-22,2021-04-22,False,2021,4,22,382,Nisan/22 (16. Hafta),297,Yabancı Para Pozisyonu,1,Bilanço İçi Yabancı Para Pozisyonu (2-3),TOPLAM,"-429.619,39",-429619.39,TL,BDDK Haftalık Bülten
2021-04-22,2021-04-22,2021-04-22,False,2021,4,22,382,Nisan/22 (16. Hafta),297,Yabancı Para Pozisyonu,10,Dövize Endeksli Yükümlülükler (Bilgi),TOPLAM,"0,00",0.0,TL,BDDK Haftalık Bülten
2021-04-22,2021-04-22,2021-04-22,False,2021,4,22,382,Nisan/22 (16. Hafta),297,Yabancı Para Pozisyonu,2,a) Bilanço İçi Varlıklar,TOPLAM,"2.920.365,43",2920365.43,TL,BDDK Haftalık Bülten
2021-04-22,2021-04-22,2021-04-22,False,2021,4,22,382,Nisan/22 (16. Hafta),297,Yabancı Para Pozisyonu,3,b) Bilanço İçi Yükümlülükler,TOPLAM,"3.349.984,82",3349984.82,TL,BDDK Haftalık Bülten
2021-04-22,2021-04-22,2021-04-22,False,2021,4,22,382,Nisan/22 (16. Hafta),297,Yabancı Para Pozisyonu,4,Bilanço Dışı Yabancı Para Pozisyonu (5-6),TOPLAM,"479.437,81",479437.81,TL,BDDK Haftalık Bülten
2021-04-22,2021-04-22,2021-04-22,False,2021,4,22,382,Nisan/22 (16. Hafta),297,Yabancı Para Pozisyonu,5,a) Bilanço Dışı Varlıklar,TOPLAM,"1.337.782,07",1337782.07,TL,BDDK Haftalık Bülten
2021-04-22,2021-04-22,2021-04-22,False,2021,4,22,382,Nisan/22 (16. Hafta),297,Yabancı Para Pozisyonu,6,b) Bilanço Dışı Yükümlülükler,TOPLAM,"858.344,26",858344.26,TL,BDDK Haftalık Bülten
2021-04-22,2021-04-22,2021-04-22,False,2021,4,22,382,Nisan/22 (16. Hafta),297,Yabancı Para Pozisyonu,7,Yabancı Para Net Genel Pozisyonu (1+4),TOPLAM,"49.818,43",49818.43,TL,BDDK Haftalık Bülten
2021-04-22,2021-04-22,2021-04-22,False,2021,4,22,382,Nisan/22 (16. Hafta),297,Yabancı Para Pozisyonu,8,Yasal Özkaynak,TOPLAM,"785.110,91",785110.91,TL,BDDK Haftalık Bülten
2021-04-22,2021-04-22,2021-04-22,False,2021,4,22,382,Nisan/22 (16. Hafta),297,Yabancı Para Pozisyonu,9,Dövize Endeskli Varlıklar (Bilgi),TOPLAM,"18.943,77",18943.77,TL,BDDK Haftalık Bülten
2021-04-30,2021-04-30,2021-04-30,False,2021,4,30,383,Nisan/30 (17. Hafta),297,Yabancı Para Pozisyonu,1,Bilanço İçi Yabancı Para Pozisyonu (2-3),TOPLAM,"-426.860,86",-426860.86,TL,BDDK Haftalık Bülten
2021-04-30,2021-04-30,2021-04-30,False,2021,4,30,383,Nisan/30 (17. Hafta),297,Yabancı Para Pozisyonu,10,Dövize Endeksli Yükümlülükler (Bilgi),TOPLAM,"0,00",0.0,TL,BDDK Haftalık Bülten
2021-04-30,2021-04-30,2021-04-30,False,2021,4,30,383,Nisan/30 (17. Hafta),297,Yabancı Para Pozisyonu,2,a) Bilanço İçi Varlıklar,TOPLAM,"2.911.397,06",2911397.06,TL,BDDK Haftalık Bülten
2021-04-30,2021-04-30,2021-04-30,False,2021,4,30,383,Nisan/30 (17. Hafta),297,Yabancı Para Pozisyonu,3,b) Bilanço İçi Yükümlülükler,TOPLAM,"3.338.257,92",3338257.92,TL,BDDK Haftalık Bülten
2021-04-30,2021-04-30,2021-04-30,False,2021,4,30,383,Nisan/30 (17. Hafta),297,Yabancı Para Pozisyonu,4,Bilanço Dışı Yabancı Para Pozisyonu (5-6),TOPLAM,"477.091,14",477091.14,TL,BDDK Haftalık Bülten
2021-04-30,2021-04-30,2021-04-30,False,2021,4,30,383,Nisan/30 (17. Hafta),297,Yabancı Para Pozisyonu,5,a) Bilanço Dışı Varlıklar,TOPLAM,"1.290.880,60",1290880.6,TL,BDDK Haftalık Bülten
2021-04-30,2021-04-30,2021-04-30,False,2021,4,30,383,Nisan/30 (17. Hafta),297,Yabancı Para Pozisyonu,6,b) Bilanço Dışı Yükümlülükler,TOPLAM,"813.789,46",813789.46,TL,BDDK Haftalık Bülten
2021-04-30,2021-04-30,2021-04-30,False,2021,4,30,383,Nisan/30 (17. Hafta),297,Yabancı Para Pozisyonu,7,Yabancı Para Net Genel Pozisyonu (1+4),TOPLAM,"50.230,28",50230.28,TL,BDDK Haftalık Bülten
2021-04-30,2021-04-30,2021-04-30,False,2021,4,30,383,Nisan/30 (17. Hafta),297,Yabancı Para Pozisyonu,8,Yasal Özkaynak,TOPLAM,"787.831,49",787831.49,TL,BDDK Haftalık Bülten
2021-04-30,2021-04-30,2021-04-30,False,2021,4,30,383,Nisan/30 (17. Hafta),297,Yabancı Para Pozisyonu,9,Dövize Endeskli Varlıklar (Bilgi),TOPLAM,"18.846,15",18846.15,TL,BDDK Haftalık Bülten
2021-05-07,2021-05-07,2021-05-07,False,2021,5,7,384,Mayıs/07 (18. Hafta),297,Yabancı Para Pozisyonu,1,Bilanço İçi Yabancı Para Pozisyonu (2-3),TOPLAM,"-420.959,29",-420959.29,TL,BDDK Haftalık Bülten
2021-05-07,2021-05-07,2021-05-07,False,2021,5,7,384,Mayıs/07 (18. Hafta),297,Yabancı Para Pozisyonu,10,Dövize Endeksli Yükümlülükler (Bilgi),TOPLAM,"0,00",0.0,TL,BDDK Haftalık Bülten
2021-05-07,2021-05-07,2021-05-07,False,2021,5,7,384,Mayıs/07 (18. Hafta),297,Yabancı Para Pozisyonu,2,a) Bilanço İçi Varlıklar,TOPLAM,"2.916.969,19",2916969.19,TL,BDDK Haftalık Bülten
2021-05-07,2021-05-07,2021-05-07,False,2021,5,7,384,Mayıs/07 (18. Hafta),297,Yabancı Para Pozisyonu,3,b) Bilanço İçi Yükümlülükler,TOPLAM,"3.337.928,48",3337928.48,TL,BDDK Haftalık Bülten
2021-05-07,2021-05-07,2021-05-07,False,2021,5,7,384,Mayıs/07 (18. Hafta),297,Yabancı Para Pozisyonu,4,Bilanço Dışı Yabancı Para Pozisyonu (5-6),TOPLAM,"472.926,81",472926.81,TL,BDDK Haftalık Bülten
2021-05-07,2021-05-07,2021-05-07,False,2021,5,7,384,Mayıs/07 (18. Hafta),297,Yabancı Para Pozisyonu,5,a) Bilanço Dışı Varlıklar,TOPLAM,"1.287.539,76",1287539.76,TL,BDDK Haftalık Bülten
2021-05-07,2021-05-07,2021-05-07,False,2021,5,7,384,Mayıs/07 (18. Hafta),297,Yabancı Para Pozisyonu,6,b) Bilanço Dışı Yükümlülükler,TOPLAM,"814.612,94",814612.94,TL,BDDK Haftalık Bülten
2021-05-07,2021-05-07,2021-05-07,False,2021,5,7,384,Mayıs/07 (18. Hafta),297,Yabancı Para Pozisyonu,7,Yabancı Para Net Genel Pozisyonu (1+4),TOPLAM,"51.967,52",51967.52,TL,BDDK Haftalık Bülten
2021-05-07,2021-05-07,2021-05-07,False,2021,5,7,384,Mayıs/07 (18. Hafta),297,Yabancı Para Pozisyonu,8,Yasal Özkaynak,TOPLAM,"788.741,29",788741.29,TL,BDDK Haftalık Bülten
2021-05-07,2021-05-07,2021-05-07,False,2021,5,7,384,Mayıs/07 (18. Hafta),297,Yabancı Para Pozisyonu,9,Dövize Endeskli Varlıklar (Bilgi),TOPLAM,"18.811,47",18811.47,TL,BDDK Haftalık Bülten
2021-05-12,2021-05-12,2021-05-12,False,2021,5,12,385,Mayıs/12 (19. Hafta),297,Yabancı Para Pozisyonu,1,Bilanço İçi Yabancı Para Pozisyonu (2-3),TOPLAM,"-423.865,94",-423865.94,TL,BDDK Haftalık Bülten
2021-05-12,2021-05-12,2021-05-12,False,2021,5,12,385,Mayıs/12 (19. Hafta),297,Yabancı Para Pozisyonu,10,Dövize Endeksli Yükümlülükler (Bilgi),TOPLAM,"0,00",0.0,TL,BDDK Haftalık Bülten
2021-05-12,2021-05-12,2021-05-12,False,2021,5,12,385,Mayıs/12 (19. Hafta),297,Yabancı Para Pozisyonu,2,a) Bilanço İçi Varlıklar,TOPLAM,"2.950.887,37",2950887.37,TL,BDDK Haftalık Bülten
2021-05-12,2021-05-12,2021-05-12,False,2021,5,12,385,Mayıs/12 (19. Hafta),297,Yabancı Para Pozisyonu,3,b) Bilanço İçi Yükümlülükler,TOPLAM,"3.374.753,31",3374753.31,TL,BDDK Haftalık Bülten
2021-05-12,2021-05-12,2021-05-12,False,2021,5,12,385,Mayıs/12 (19. Hafta),297,Yabancı Para Pozisyonu,4,Bilanço Dışı Yabancı Para Pozisyonu (5-6),TOPLAM,"477.272,09",477272.09,TL,BDDK Haftalık Bülten
2021-05-12,2021-05-12,2021-05-12,False,2021,5,12,385,Mayıs/12 (19. Hafta),297,Yabancı Para Pozisyonu,5,a) Bilanço Dışı Varlıklar,TOPLAM,"1.320.186,89",1320186.89,TL,BDDK Haftalık Bülten
2021-05-12,2021-05-12,2021-05-12,False,2021,5,12,385,Mayıs/12 (19. Hafta),297,Yabancı Para Pozisyonu,6,b) Bilanço Dışı Yükümlülükler,TOPLAM,"842.914,79",842914.79,TL,BDDK Haftalık Bülten
2021-05-12,2021-05-12,2021-05-12,False,2021,5,12,385,Mayıs/12 (19. Hafta),297,Yabancı Para Pozisyonu,7,Yabancı Para Net Genel Pozisyonu (1+4),TOPLAM,"53.406,15",53406.15,TL,BDDK Haftalık Bülten
2021-05-12,2021-05-12,2021-05-12,False,2021,5,12,385,Mayıs/12 (19. Hafta),297,Yabancı Para Pozisyonu,8,Yasal Özkaynak,TOPLAM,"788.850,27",788850.27,TL,BDDK Haftalık Bülten
2021-05-12,2021-05-12,2021-05-12,False,2021,5,12,385,Mayıs/12 (19. Hafta),297,Yabancı Para Pozisyonu,9,Dövize Endeskli Varlıklar (Bilgi),TOPLAM,"18.857,77",18857.77,TL,BDDK Haftalık Bülten
2021-05-21,2021-05-21,2021-05-21,False,2021,5,21,386,Mayıs/21 (20. Hafta),297,Yabancı Para Pozisyonu,1,Bilanço İçi Yabancı Para Pozisyonu (2-3),TOPLAM,"-424.531,68",-424531.68,TL,BDDK Haftalık Bülten
2021-05-21,2021-05-21,2021-05-21,False,2021,5,21,386,Mayıs/21 (20. Hafta),297,Yabancı Para Pozisyonu,10,Dövize Endeksli Yükümlülükler (Bilgi),TOPLAM,"0,00",0.0,TL,BDDK Haftalık Bülten
2021-05-21,2021-05-21,2021-05-21,False,2021,5,21,386,Mayıs/21 (20. Hafta),297,Yabancı Para Pozisyonu,2,a) Bilanço İçi Varlıklar,TOPLAM,"2.971.181,96",2971181.96,TL,BDDK Haftalık Bülten
2021-05-21,2021-05-21,2021-05-21,False,2021,5,21,386,Mayıs/21 (20. Hafta),297,Yabancı Para Pozisyonu,3,b) Bilanço İçi Yükümlülükler,TOPLAM,"3.395.713,64",3395713.64,TL,BDDK Haftalık Bülten
2021-05-21,2021-05-21,2021-05-21,False,2021,5,21,386,Mayıs/21 (20. Hafta),297,Yabancı Para Pozisyonu,4,Bilanço Dışı Yabancı Para Pozisyonu (5-6),TOPLAM,"478.032,69",478032.69,TL,BDDK Haftalık Bülten
2021-05-21,2021-05-21,2021-05-21,False,2021,5,21,386,Mayıs/21 (20. Hafta),297,Yabancı Para Pozisyonu,5,a) Bilanço Dışı Varlıklar,TOPLAM,"1.321.537,57",1321537.57,TL,BDDK Haftalık Bülten
2021-05-21,2021-05-21,2021-05-21,False,2021,5,21,386,Mayıs/21 (20. Hafta),297,Yabancı Para Pozisyonu,6,b) Bilanço Dışı Yükümlülükler,TOPLAM,"843.504,88",843504.88,TL,BDDK Haftalık Bülten
2021-05-21,2021-05-21,2021-05-21,False,2021,5,21,386,Mayıs/21 (20. Hafta),297,Yabancı Para Pozisyonu,7,Yabancı Para Net Genel Pozisyonu (1+4),TOPLAM,"53.501,01",53501.01,TL,BDDK Haftalık Bülten
2021-05-21,2021-05-21,2021-05-21,False,2021,5,21,386,Mayıs/21 (20. Hafta),297,Yabancı Para Pozisyonu,8,Yasal Özkaynak,TOPLAM,"790.136,13",790136.13,TL,BDDK Haftalık Bülten
2021-05-21,2021-05-21,2021-05-21,False,2021,5,21,386,Mayıs/21 (20. Hafta),297,Yabancı Para Pozisyonu,9,Dövize Endeskli Varlıklar (Bilgi),TOPLAM,"18.997,22",18997.22,TL,BDDK Haftalık Bülten
2021-05-28,2021-05-28,2021-05-28,False,2021,5,28,387,Mayıs/28 (21. Hafta),297,Yabancı Para Pozisyonu,1,Bilanço İçi Yabancı Para Pozisyonu (2-3),TOPLAM,"-422.172,28",-422172.28,TL,BDDK Haftalık Bülten
2021-05-28,2021-05-28,2021-05-28,False,2021,5,28,387,Mayıs/28 (21. Hafta),297,Yabancı Para Pozisyonu,10,Dövize Endeksli Yükümlülükler (Bilgi),TOPLAM,"0,00",0.0,TL,BDDK Haftalık Bülten
2021-05-28,2021-05-28,2021-05-28,False,2021,5,28,387,Mayıs/28 (21. Hafta),297,Yabancı Para Pozisyonu,2,a) Bilanço İçi Varlıklar,TOPLAM,"3.051.099,41",3051099.41,TL,BDDK Haftalık Bülten
2021-05-28,2021-05-28,2021-05-28,False,2021,5,28,387,Mayıs/28 (21. Hafta),297,Yabancı Para Pozisyonu,3,b) Bilanço İçi Yükümlülükler,TOPLAM,"3.473.271,69",3473271.69,TL,BDDK Haftalık Bülten
2021-05-28,2021-05-28,2021-05-28,False,2021,5,28,387,Mayıs/28 (21. Hafta),297,Yabancı Para Pozisyonu,4,Bilanço Dışı Yabancı Para Pozisyonu (5-6),TOPLAM,"474.410,88",474410.88,TL,BDDK Haftalık Bülten
2021-05-28,2021-05-28,2021-05-28,False,2021,5,28,387,Mayıs/28 (21. Hafta),297,Yabancı Para Pozisyonu,5,a) Bilanço Dışı Varlıklar,TOPLAM,"1.317.391,92",1317391.92,TL,BDDK Haftalık Bülten
2021-05-28,2021-05-28,2021-05-28,False,2021,5,28,387,Mayıs/28 (21. Hafta),297,Yabancı Para Pozisyonu,6,b) Bilanço Dışı Yükümlülükler,TOPLAM,"842.981,04",842981.04,TL,BDDK Haftalık Bülten
2021-05-28,2021-05-28,2021-05-28,False,2021,5,28,387,Mayıs/28 (21. Hafta),297,Yabancı Para Pozisyonu,7,Yabancı Para Net Genel Pozisyonu (1+4),TOPLAM,"52.238,60",52238.6,TL,BDDK Haftalık Bülten
2021-05-28,2021-05-28,2021-05-28,False,2021,5,28,387,Mayıs/28 (21. Hafta),297,Yabancı Para Pozisyonu,8,Yasal Özkaynak,TOPLAM,"795.572,43",795572.43,TL,BDDK Haftalık Bülten
2021-05-28,2021-05-28,2021-05-28,False,2021,5,28,387,Mayıs/28 (21. Hafta),297,Yabancı Para Pozisyonu,9,Dövize Endeskli Varlıklar (Bilgi),TOPLAM,"19.104,99",19104.99,TL,BDDK Haftalık Bülten
2021-06-04,2021-06-04,2021-06-04,False,2021,6,4,388,Haziran/04 (22. Hafta),297,Yabancı Para Pozisyonu,1,Bilanço İçi Yabancı Para Pozisyonu (2-3),TOPLAM,"-435.143,94",-435143.94,TL,BDDK Haftalık Bülten
2021-06-04,2021-06-04,2021-06-04,False,2021,6,4,388,Haziran/04 (22. Hafta),297,Yabancı Para Pozisyonu,10,Dövize Endeksli Yükümlülükler (Bilgi),TOPLAM,"0,00",0.0,TL,BDDK Haftalık Bülten
2021-06-04,2021-06-04,2021-06-04,False,2021,6,4,388,Haziran/04 (22. Hafta),297,Yabancı Para Pozisyonu,2,a) Bilanço İçi Varlıklar,TOPLAM,"3.079.706,25",3079706.25,TL,BDDK Haftalık Bülten
2021-06-04,2021-06-04,2021-06-04,False,2021,6,4,388,Haziran/04 (22. Hafta),297,Yabancı Para Pozisyonu,3,b) Bilanço İçi Yükümlülükler,TOPLAM,"3.514.850,19",3514850.19,TL,BDDK Haftalık Bülten
2021-06-04,2021-06-04,2021-06-04,False,2021,6,4,388,Haziran/04 (22. Hafta),297,Yabancı Para Pozisyonu,4,Bilanço Dışı Yabancı Para Pozisyonu (5-6),TOPLAM,"487.898,49",487898.49,TL,BDDK Haftalık Bülten
2021-06-04,2021-06-04,2021-06-04,False,2021,6,4,388,Haziran/04 (22. Hafta),297,Yabancı Para Pozisyonu,5,a) Bilanço Dışı Varlıklar,TOPLAM,"1.362.686,99",1362686.99,TL,BDDK Haftalık Bülten
2021-06-04,2021-06-04,2021-06-04,False,2021,6,4,388,Haziran/04 (22. Hafta),297,Yabancı Para Pozisyonu,6,b) Bilanço Dışı Yükümlülükler,TOPLAM,"874.788,50",874788.5,TL,BDDK Haftalık Bülten
2021-06-04,2021-06-04,2021-06-04,False,2021,6,4,388,Haziran/04 (22. Hafta),297,Yabancı Para Pozisyonu,7,Yabancı Para Net Genel Pozisyonu (1+4),TOPLAM,"52.754,55",52754.55,TL,BDDK Haftalık Bülten
2021-06-04,2021-06-04,2021-06-04,False,2021,6,4,388,Haziran/04 (22. Hafta),297,Yabancı Para Pozisyonu,8,Yasal Özkaynak,TOPLAM,"795.872,21",795872.21,TL,BDDK Haftalık Bülten
2021-06-04,2021-06-04,2021-06-04,False,2021,6,4,388,Haziran/04 (22. Hafta),297,Yabancı Para Pozisyonu,9,Dövize Endeskli Varlıklar (Bilgi),TOPLAM,"19.185,72",19185.72,TL,BDDK Haftalık Bülten
2021-06-11,2021-06-11,2021-06-11,False,2021,6,11,389,Haziran/11 (23. Hafta),297,Yabancı Para Pozisyonu,1,Bilanço İçi Yabancı Para Pozisyonu (2-3),TOPLAM,"-427.840,26",-427840.26,TL,BDDK Haftalık Bülten
2021-06-11,2021-06-11,2021-06-11,False,2021,6,11,389,Haziran/11 (23. Hafta),297,Yabancı Para Pozisyonu,10,Dövize Endeksli Yükümlülükler (Bilgi),TOPLAM,"0,00",0.0,TL,BDDK Haftalık Bülten
2021-06-11,2021-06-11,2021-06-11,False,2021,6,11,389,Haziran/11 (23. Hafta),297,Yabancı Para Pozisyonu,2,a) Bilanço İçi Varlıklar,TOPLAM,"2.980.749,31",2980749.31,TL,BDDK Haftalık Bülten
2021-06-11,2021-06-11,2021-06-11,False,2021,6,11,389,Haziran/11 (23. Hafta),297,Yabancı Para Pozisyonu,3,b) Bilanço İçi Yükümlülükler,TOPLAM,"3.408.589,57",3408589.57,TL,BDDK Haftalık Bülten
2021-06-11,2021-06-11,2021-06-11,False,2021,6,11,389,Haziran/11 (23. Hafta),297,Yabancı Para Pozisyonu,4,Bilanço Dışı Yabancı Para Pozisyonu (5-6),TOPLAM,"482.182,03",482182.03,TL,BDDK Haftalık Bülten
2021-06-11,2021-06-11,2021-06-11,False,2021,6,11,389,Haziran/11 (23. Hafta),297,Yabancı Para Pozisyonu,5,a) Bilanço Dışı Varlıklar,TOPLAM,"1.343.853,02",1343853.02,TL,BDDK Haftalık Bülten
2021-06-11,2021-06-11,2021-06-11,False,2021,6,11,389,Haziran/11 (23. Hafta),297,Yabancı Para Pozisyonu,6,b) Bilanço Dışı Yükümlülükler,TOPLAM,"861.670,99",861670.99,TL,BDDK Haftalık Bülten
2021-06-11,2021-06-11,2021-06-11,False,2021,6,11,389,Haziran/11 (23. Hafta),297,Yabancı Para Pozisyonu,7,Yabancı Para Net Genel Pozisyonu (1+4),TOPLAM,"54.341,77",54341.77,TL,BDDK Haftalık Bülten
2021-06-11,2021-06-11,2021-06-11,False,2021,6,11,389,Haziran/11 (23. Hafta),297,Yabancı Para Pozisyonu,8,Yasal Özkaynak,TOPLAM,"795.878,82",795878.82,TL,BDDK Haftalık Bülten
2021-06-11,2021-06-11,2021-06-11,False,2021,6,11,389,Haziran/11 (23. Hafta),297,Yabancı Para Pozisyonu,9,Dövize Endeskli Varlıklar (Bilgi),TOPLAM,"18.714,17",18714.17,TL,BDDK Haftalık Bülten
2021-06-18,2021-06-18,2021-06-18,False,2021,6,18,390,Haziran/18 (24. Hafta),297,Yabancı Para Pozisyonu,1,Bilanço İçi Yabancı Para Pozisyonu (2-3),TOPLAM,"-441.279,10",-441279.1,TL,BDDK Haftalık Bülten
2021-06-18,2021-06-18,2021-06-18,False,2021,6,18,390,Haziran/18 (24. Hafta),297,Yabancı Para Pozisyonu,10,Dövize Endeksli Yükümlülükler (Bilgi),TOPLAM,"0,00",0.0,TL,BDDK Haftalık Bülten
2021-06-18,2021-06-18,2021-06-18,False,2021,6,18,390,Haziran/18 (24. Hafta),297,Yabancı Para Pozisyonu,2,a) Bilanço İçi Varlıklar,TOPLAM,"3.062.076,71",3062076.71,TL,BDDK Haftalık Bülten
2021-06-18,2021-06-18,2021-06-18,False,2021,6,18,390,Haziran/18 (24. Hafta),297,Yabancı Para Pozisyonu,3,b) Bilanço İçi Yükümlülükler,TOPLAM,"3.503.355,81",3503355.81,TL,BDDK Haftalık Bülten
2021-06-18,2021-06-18,2021-06-18,False,2021,6,18,390,Haziran/18 (24. Hafta),297,Yabancı Para Pozisyonu,4,Bilanço Dışı Yabancı Para Pozisyonu (5-6),TOPLAM,"495.605,93",495605.93,TL,BDDK Haftalık Bülten
2021-06-18,2021-06-18,2021-06-18,False,2021,6,18,390,Haziran/18 (24. Hafta),297,Yabancı Para Pozisyonu,5,a) Bilanço Dışı Varlıklar,TOPLAM,"1.375.796,56",1375796.56,TL,BDDK Haftalık Bülten
2021-06-18,2021-06-18,2021-06-18,False,2021,6,18,390,Haziran/18 (24. Hafta),297,Yabancı Para Pozisyonu,6,b) Bilanço Dışı Yükümlülükler,TOPLAM,"880.190,64",880190.64,TL,BDDK Haftalık Bülten
2021-06-18,2021-06-18,2021-06-18,False,2021,6,18,390,Haziran/18 (24. Hafta),297,Yabancı Para Pozisyonu,7,Yabancı Para Net Genel Pozisyonu (1+4),TOPLAM,"54.326,82",54326.82,TL,BDDK Haftalık Bülten
2021-06-18,2021-06-18,2021-06-18,False,2021,6,18,390,Haziran/18 (24. Hafta),297,Yabancı Para Pozisyonu,8,Yasal Özkaynak,TOPLAM,"798.069,54",798069.54,TL,BDDK Haftalık Bülten
2021-06-18,2021-06-18,2021-06-18,False,2021,6,18,390,Haziran/18 (24. Hafta),297,Yabancı Para Pozisyonu,9,Dövize Endeskli Varlıklar (Bilgi),TOPLAM,"19.470,16",19470.16,TL,BDDK Haftalık Bülten
2021-06-25,2021-06-25,2021-06-25,False,2021,6,25,391,Haziran/25 (25. Hafta),297,Yabancı Para Pozisyonu,1,Bilanço İçi Yabancı Para Pozisyonu (2-3),TOPLAM,"-443.935,93",-443935.93,TL,BDDK Haftalık Bülten
2021-06-25,2021-06-25,2021-06-25,False,2021,6,25,391,Haziran/25 (25. Hafta),297,Yabancı Para Pozisyonu,10,Dövize Endeksli Yükümlülükler (Bilgi),TOPLAM,"0,00",0.0,TL,BDDK Haftalık Bülten
2021-06-25,2021-06-25,2021-06-25,False,2021,6,25,391,Haziran/25 (25. Hafta),297,Yabancı Para Pozisyonu,2,a) Bilanço İçi Varlıklar,TOPLAM,"3.068.394,98",3068394.98,TL,BDDK Haftalık Bülten
2021-06-25,2021-06-25,2021-06-25,False,2021,6,25,391,Haziran/25 (25. Hafta),297,Yabancı Para Pozisyonu,3,b) Bilanço İçi Yükümlülükler,TOPLAM,"3.512.330,91",3512330.91,TL,BDDK Haftalık Bülten
2021-06-25,2021-06-25,2021-06-25,False,2021,6,25,391,Haziran/25 (25. Hafta),297,Yabancı Para Pozisyonu,4,Bilanço Dışı Yabancı Para Pozisyonu (5-6),TOPLAM,"496.459,07",496459.07,TL,BDDK Haftalık Bülten
2021-06-25,2021-06-25,2021-06-25,False,2021,6,25,391,Haziran/25 (25. Hafta),297,Yabancı Para Pozisyonu,5,a) Bilanço Dışı Varlıklar,TOPLAM,"1.350.731,71",1350731.71,TL,BDDK Haftalık Bülten
2021-06-25,2021-06-25,2021-06-25,False,2021,6,25,391,Haziran/25 (25. Hafta),297,Yabancı Para Pozisyonu,6,b) Bilanço Dışı Yükümlülükler,TOPLAM,"854.272,64",854272.64,TL,BDDK Haftalık Bülten
2021-06-25,2021-06-25,2021-06-25,False,2021,6,25,391,Haziran/25 (25. Hafta),297,Yabancı Para Pozisyonu,7,Yabancı Para Net Genel Pozisyonu (1+4),TOPLAM,"52.523,14",52523.14,TL,BDDK Haftalık Bülten
2021-06-25,2021-06-25,2021-06-25,False,2021,6,25,391,Haziran/25 (25. Hafta),297,Yabancı Para Pozisyonu,8,Yasal Özkaynak,TOPLAM,"803.699,55",803699.55,TL,BDDK Haftalık Bülten
2021-06-25,2021-06-25,2021-06-25,False,2021,6,25,391,Haziran/25 (25. Hafta),297,Yabancı Para Pozisyonu,9,Dövize Endeskli Varlıklar (Bilgi),TOPLAM,"19.435,86",19435.86,TL,BDDK Haftalık Bülten
2021-07-02,2021-07-02,2021-07-02,False,2021,7,2,392,Temmuz/02 (26. Hafta),297,Yabancı Para Pozisyonu,1,Bilanço İçi Yabancı Para Pozisyonu (2-3),TOPLAM,"-437.811,46",-437811.46,TL,BDDK Haftalık Bülten
2021-07-02,2021-07-02,2021-07-02,False,2021,7,2,392,Temmuz/02 (26. Hafta),297,Yabancı Para Pozisyonu,10,Dövize Endeksli Yükümlülükler (Bilgi),TOPLAM,"0,00",0.0,TL,BDDK Haftalık Bülten
2021-07-02,2021-07-02,2021-07-02,False,2021,7,2,392,Temmuz/02 (26. Hafta),297,Yabancı Para Pozisyonu,2,a) Bilanço İçi Varlıklar,TOPLAM,"3.049.498,62",3049498.62,TL,BDDK Haftalık Bülten
2021-07-02,2021-07-02,2021-07-02,False,2021,7,2,392,Temmuz/02 (26. Hafta),297,Yabancı Para Pozisyonu,3,b) Bilanço İçi Yükümlülükler,TOPLAM,"3.487.310,08",3487310.08,TL,BDDK Haftalık Bülten
2021-07-02,2021-07-02,2021-07-02,False,2021,7,2,392,Temmuz/02 (26. Hafta),297,Yabancı Para Pozisyonu,4,Bilanço Dışı Yabancı Para Pozisyonu (5-6),TOPLAM,"489.963,45",489963.45,TL,BDDK Haftalık Bülten
2021-07-02,2021-07-02,2021-07-02,False,2021,7,2,392,Temmuz/02 (26. Hafta),297,Yabancı Para Pozisyonu,5,a) Bilanço Dışı Varlıklar,TOPLAM,"1.286.474,47",1286474.47,TL,BDDK Haftalık Bülten
2021-07-02,2021-07-02,2021-07-02,False,2021,7,2,392,Temmuz/02 (26. Hafta),297,Yabancı Para Pozisyonu,6,b) Bilanço Dışı Yükümlülükler,TOPLAM,"796.511,02",796511.02,TL,BDDK Haftalık Bülten
2021-07-02,2021-07-02,2021-07-02,False,2021,7,2,392,Temmuz/02 (26. Hafta),297,Yabancı Para Pozisyonu,7,Yabancı Para Net Genel Pozisyonu (1+4),TOPLAM,"52.151,99",52151.99,TL,BDDK Haftalık Bülten
2021-07-02,2021-07-02,2021-07-02,False,2021,7,2,392,Temmuz/02 (26. Hafta),297,Yabancı Para Pozisyonu,8,Yasal Özkaynak,TOPLAM,"802.551,28",802551.28,TL,BDDK Haftalık Bülten
2021-07-02,2021-07-02,2021-07-02,False,2021,7,2,392,Temmuz/02 (26. Hafta),297,Yabancı Para Pozisyonu,9,Dövize Endeskli Varlıklar (Bilgi),TOPLAM,"18.166,04",18166.04,TL,BDDK Haftalık Bülten
2021-07-09,2021-07-09,2021-07-09,False,2021,7,9,393,Temmuz/09 (27. Hafta),297,Yabancı Para Pozisyonu,1,Bilanço İçi Yabancı Para Pozisyonu (2-3),TOPLAM,"-435.746,28",-435746.28,TL,BDDK Haftalık Bülten
2021-07-09,2021-07-09,2021-07-09,False,2021,7,9,393,Temmuz/09 (27. Hafta),297,Yabancı Para Pozisyonu,10,Dövize Endeksli Yükümlülükler (Bilgi),TOPLAM,"0,00",0.0,TL,BDDK Haftalık Bülten
2021-07-09,2021-07-09,2021-07-09,False,2021,7,9,393,Temmuz/09 (27. Hafta),297,Yabancı Para Pozisyonu,2,a) Bilanço İçi Varlıklar,TOPLAM,"3.069.017,57",3069017.57,TL,BDDK Haftalık Bülten
2021-07-09,2021-07-09,2021-07-09,False,2021,7,9,393,Temmuz/09 (27. Hafta),297,Yabancı Para Pozisyonu,3,b) Bilanço İçi Yükümlülükler,TOPLAM,"3.504.763,85",3504763.85,TL,BDDK Haftalık Bülten
2021-07-09,2021-07-09,2021-07-09,False,2021,7,9,393,Temmuz/09 (27. Hafta),297,Yabancı Para Pozisyonu,4,Bilanço Dışı Yabancı Para Pozisyonu (5-6),TOPLAM,"488.104,79",488104.79,TL,BDDK Haftalık Bülten
2021-07-09,2021-07-09,2021-07-09,False,2021,7,9,393,Temmuz/09 (27. Hafta),297,Yabancı Para Pozisyonu,5,a) Bilanço Dışı Varlıklar,TOPLAM,"1.337.179,70",1337179.7,TL,BDDK Haftalık Bülten
2021-07-09,2021-07-09,2021-07-09,False,2021,7,9,393,Temmuz/09 (27. Hafta),297,Yabancı Para Pozisyonu,6,b) Bilanço Dışı Yükümlülükler,TOPLAM,"849.074,90",849074.9,TL,BDDK Haftalık Bülten
2021-07-09,2021-07-09,2021-07-09,False,2021,7,9,393,Temmuz/09 (27. Hafta),297,Yabancı Para Pozisyonu,7,Yabancı Para Net Genel Pozisyonu (1+4),TOPLAM,"52.358,52",52358.52,TL,BDDK Haftalık Bülten
2021-07-09,2021-07-09,2021-07-09,False,2021,7,9,393,Temmuz/09 (27. Hafta),297,Yabancı Para Pozisyonu,8,Yasal Özkaynak,TOPLAM,"798.622,73",798622.73,TL,BDDK Haftalık Bülten
2021-07-09,2021-07-09,2021-07-09,False,2021,7,9,393,Temmuz/09 (27. Hafta),297,Yabancı Para Pozisyonu,9,Dövize Endeskli Varlıklar (Bilgi),TOPLAM,"18.100,33",18100.33,TL,BDDK Haftalık Bülten
2021-07-16,2021-07-16,2021-07-16,False,2021,7,16,394,Temmuz/16 (28. Hafta),297,Yabancı Para Pozisyonu,1,Bilanço İçi Yabancı Para Pozisyonu (2-3),TOPLAM,"-435.494,25",-435494.25,TL,BDDK Haftalık Bülten
2021-07-16,2021-07-16,2021-07-16,False,2021,7,16,394,Temmuz/16 (28. Hafta),297,Yabancı Para Pozisyonu,10,Dövize Endeksli Yükümlülükler (Bilgi),TOPLAM,"0,00",0.0,TL,BDDK Haftalık Bülten
2021-07-16,2021-07-16,2021-07-16,False,2021,7,16,394,Temmuz/16 (28. Hafta),297,Yabancı Para Pozisyonu,2,a) Bilanço İçi Varlıklar,TOPLAM,"3.017.608,71",3017608.71,TL,BDDK Haftalık Bülten
2021-07-16,2021-07-16,2021-07-16,False,2021,7,16,394,Temmuz/16 (28. Hafta),297,Yabancı Para Pozisyonu,3,b) Bilanço İçi Yükümlülükler,TOPLAM,"3.453.102,96",3453102.96,TL,BDDK Haftalık Bülten
2021-07-16,2021-07-16,2021-07-16,False,2021,7,16,394,Temmuz/16 (28. Hafta),297,Yabancı Para Pozisyonu,4,Bilanço Dışı Yabancı Para Pozisyonu (5-6),TOPLAM,"486.408,41",486408.41,TL,BDDK Haftalık Bülten
2021-07-16,2021-07-16,2021-07-16,False,2021,7,16,394,Temmuz/16 (28. Hafta),297,Yabancı Para Pozisyonu,5,a) Bilanço Dışı Varlıklar,TOPLAM,"1.308.454,43",1308454.43,TL,BDDK Haftalık Bülten
2021-07-16,2021-07-16,2021-07-16,False,2021,7,16,394,Temmuz/16 (28. Hafta),297,Yabancı Para Pozisyonu,6,b) Bilanço Dışı Yükümlülükler,TOPLAM,"822.046,01",822046.01,TL,BDDK Haftalık Bülten
2021-07-16,2021-07-16,2021-07-16,False,2021,7,16,394,Temmuz/16 (28. Hafta),297,Yabancı Para Pozisyonu,7,Yabancı Para Net Genel Pozisyonu (1+4),TOPLAM,"50.914,16",50914.16,TL,BDDK Haftalık Bülten
2021-07-16,2021-07-16,2021-07-16,False,2021,7,16,394,Temmuz/16 (28. Hafta),297,Yabancı Para Pozisyonu,8,Yasal Özkaynak,TOPLAM,"799.018,60",799018.6,TL,BDDK Haftalık Bülten
2021-07-16,2021-07-16,2021-07-16,False,2021,7,16,394,Temmuz/16 (28. Hafta),297,Yabancı Para Pozisyonu,9,Dövize Endeskli Varlıklar (Bilgi),TOPLAM,"17.744,45",17744.45,TL,BDDK Haftalık Bülten
2021-07-19,2021-07-19,2021-07-19,False,2021,7,19,395,Temmuz/19 (29. Hafta),297,Yabancı Para Pozisyonu,1,Bilanço İçi Yabancı Para Pozisyonu (2-3),TOPLAM,"-434.202,49",-434202.49,TL,BDDK Haftalık Bülten
2021-07-19,2021-07-19,2021-07-19,False,2021,7,19,395,Temmuz/19 (29. Hafta),297,Yabancı Para Pozisyonu,10,Dövize Endeksli Yükümlülükler (Bilgi),TOPLAM,"0,00",0.0,TL,BDDK Haftalık Bülten
2021-07-19,2021-07-19,2021-07-19,False,2021,7,19,395,Temmuz/19 (29. Hafta),297,Yabancı Para Pozisyonu,2,a) Bilanço İçi Varlıklar,TOPLAM,"3.022.675,76",3022675.76,TL,BDDK Haftalık Bülten
2021-07-19,2021-07-19,2021-07-19,False,2021,7,19,395,Temmuz/19 (29. Hafta),297,Yabancı Para Pozisyonu,3,b) Bilanço İçi Yükümlülükler,TOPLAM,"3.456.878,25",3456878.25,TL,BDDK Haftalık Bülten
2021-07-19,2021-07-19,2021-07-19,False,2021,7,19,395,Temmuz/19 (29. Hafta),297,Yabancı Para Pozisyonu,4,Bilanço Dışı Yabancı Para Pozisyonu (5-6),TOPLAM,"485.440,29",485440.29,TL,BDDK Haftalık Bülten
2021-07-19,2021-07-19,2021-07-19,False,2021,7,19,395,Temmuz/19 (29. Hafta),297,Yabancı Para Pozisyonu,5,a) Bilanço Dışı Varlıklar,TOPLAM,"1.314.615,41",1314615.41,TL,BDDK Haftalık Bülten
2021-07-19,2021-07-19,2021-07-19,False,2021,7,19,395,Temmuz/19 (29. Hafta),297,Yabancı Para Pozisyonu,6,b) Bilanço Dışı Yükümlülükler,TOPLAM,"829.175,12",829175.12,TL,BDDK Haftalık Bülten
2021-07-19,2021-07-19,2021-07-19,False,2021,7,19,395,Temmuz/19 (29. Hafta),297,Yabancı Para Pozisyonu,7,Yabancı Para Net Genel Pozisyonu (1+4),TOPLAM,"51.237,79",51237.79,TL,BDDK Haftalık Bülten
2021-07-19,2021-07-19,2021-07-19,False,2021,7,19,395,Temmuz/19 (29. Hafta),297,Yabancı Para Pozisyonu,8,Yasal Özkaynak,TOPLAM,"799.616,58",799616.58,TL,BDDK Haftalık Bülten
2021-07-19,2021-07-19,2021-07-19,False,2021,7,19,395,Temmuz/19 (29. Hafta),297,Yabancı Para Pozisyonu,9,Dövize Endeskli Varlıklar (Bilgi),TOPLAM,"17.715,12",17715.12,TL,BDDK Haftalık Bülten
2021-07-30,2021-07-30,2021-07-30,False,2021,7,30,396,Temmuz/30 (30. Hafta),297,Yabancı Para Pozisyonu,1,Bilanço İçi Yabancı Para Pozisyonu (2-3),TOPLAM,"-437.926,79",-437926.79,TL,BDDK Haftalık Bülten
2021-07-30,2021-07-30,2021-07-30,False,2021,7,30,396,Temmuz/30 (30. Hafta),297,Yabancı Para Pozisyonu,10,Dövize Endeksli Yükümlülükler (Bilgi),TOPLAM,"0,00",0.0,TL,BDDK Haftalık Bülten
2021-07-30,2021-07-30,2021-07-30,False,2021,7,30,396,Temmuz/30 (30. Hafta),297,Yabancı Para Pozisyonu,2,a) Bilanço İçi Varlıklar,TOPLAM,"3.000.240,06",3000240.06,TL,BDDK Haftalık Bülten
2021-07-30,2021-07-30,2021-07-30,False,2021,7,30,396,Temmuz/30 (30. Hafta),297,Yabancı Para Pozisyonu,3,b) Bilanço İçi Yükümlülükler,TOPLAM,"3.438.166,85",3438166.85,TL,BDDK Haftalık Bülten
2021-07-30,2021-07-30,2021-07-30,False,2021,7,30,396,Temmuz/30 (30. Hafta),297,Yabancı Para Pozisyonu,4,Bilanço Dışı Yabancı Para Pozisyonu (5-6),TOPLAM,"490.277,56",490277.56,TL,BDDK Haftalık Bülten
2021-07-30,2021-07-30,2021-07-30,False,2021,7,30,396,Temmuz/30 (30. Hafta),297,Yabancı Para Pozisyonu,5,a) Bilanço Dışı Varlıklar,TOPLAM,"1.328.130,15",1328130.15,TL,BDDK Haftalık Bülten
2021-07-30,2021-07-30,2021-07-30,False,2021,7,30,396,Temmuz/30 (30. Hafta),297,Yabancı Para Pozisyonu,6,b) Bilanço Dışı Yükümlülükler,TOPLAM,"837.852,59",837852.59,TL,BDDK Haftalık Bülten
2021-07-30,2021-07-30,2021-07-30,False,2021,7,30,396,Temmuz/30 (30. Hafta),297,Yabancı Para Pozisyonu,7,Yabancı Para Net Genel Pozisyonu (1+4),TOPLAM,"52.350,77",52350.77,TL,BDDK Haftalık Bülten
2021-07-30,2021-07-30,2021-07-30,False,2021,7,30,396,Temmuz/30 (30. Hafta),297,Yabancı Para Pozisyonu,8,Yasal Özkaynak,TOPLAM,"809.333,54",809333.54,TL,BDDK Haftalık Bülten
2021-07-30,2021-07-30,2021-07-30,False,2021,7,30,396,Temmuz/30 (30. Hafta),297,Yabancı Para Pozisyonu,9,Dövize Endeskli Varlıklar (Bilgi),TOPLAM,"17.537,18",17537.18,TL,BDDK Haftalık Bülten
2021-08-06,2021-08-06,2021-08-06,False,2021,8,6,397,Ağustos/06 (31. Hafta),297,Yabancı Para Pozisyonu,1,Bilanço İçi Yabancı Para Pozisyonu (2-3),TOPLAM,"-446.607,36",-446607.36,TL,BDDK Haftalık Bülten
2021-08-06,2021-08-06,2021-08-06,False,2021,8,6,397,Ağustos/06 (31. Hafta),297,Yabancı Para Pozisyonu,10,Dövize Endeksli Yükümlülükler (Bilgi),TOPLAM,"0,00",0.0,TL,BDDK Haftalık Bülten
2021-08-06,2021-08-06,2021-08-06,False,2021,8,6,397,Ağustos/06 (31. Hafta),297,Yabancı Para Pozisyonu,2,a) Bilanço İçi Varlıklar,TOPLAM,"3.056.315,17",3056315.17,TL,BDDK Haftalık Bülten
2021-08-06,2021-08-06,2021-08-06,False,2021,8,6,397,Ağustos/06 (31. Hafta),297,Yabancı Para Pozisyonu,3,b) Bilanço İçi Yükümlülükler,TOPLAM,"3.502.922,54",3502922.54,TL,BDDK Haftalık Bülten
2021-08-06,2021-08-06,2021-08-06,False,2021,8,6,397,Ağustos/06 (31. Hafta),297,Yabancı Para Pozisyonu,4,Bilanço Dışı Yabancı Para Pozisyonu (5-6),TOPLAM,"500.270,86",500270.86,TL,BDDK Haftalık Bülten
2021-08-06,2021-08-06,2021-08-06,False,2021,8,6,397,Ağustos/06 (31. Hafta),297,Yabancı Para Pozisyonu,5,a) Bilanço Dışı Varlıklar,TOPLAM,"1.338.957,15",1338957.15,TL,BDDK Haftalık Bülten
2021-08-06,2021-08-06,2021-08-06,False,2021,8,6,397,Ağustos/06 (31. Hafta),297,Yabancı Para Pozisyonu,6,b) Bilanço Dışı Yükümlülükler,TOPLAM,"838.686,29",838686.29,TL,BDDK Haftalık Bülten
2021-08-06,2021-08-06,2021-08-06,False,2021,8,6,397,Ağustos/06 (31. Hafta),297,Yabancı Para Pozisyonu,7,Yabancı Para Net Genel Pozisyonu (1+4),TOPLAM,"53.663,49",53663.49,TL,BDDK Haftalık Bülten
2021-08-06,2021-08-06,2021-08-06,False,2021,8,6,397,Ağustos/06 (31. Hafta),297,Yabancı Para Pozisyonu,8,Yasal Özkaynak,TOPLAM,"810.869,92",810869.92,TL,BDDK Haftalık Bülten
2021-08-06,2021-08-06,2021-08-06,False,2021,8,6,397,Ağustos/06 (31. Hafta),297,Yabancı Para Pozisyonu,9,Dövize Endeskli Varlıklar (Bilgi),TOPLAM,"17.287,84",17287.84,TL,BDDK Haftalık Bülten
2021-08-13,2021-08-13,2021-08-13,False,2021,8,13,398,Ağustos/13 (32. Hafta),297,Yabancı Para Pozisyonu,1,Bilanço İçi Yabancı Para Pozisyonu (2-3),TOPLAM,"-439.509,35",-439509.35,TL,BDDK Haftalık Bülten
2021-08-13,2021-08-13,2021-08-13,False,2021,8,13,398,Ağustos/13 (32. Hafta),297,Yabancı Para Pozisyonu,10,Dövize Endeksli Yükümlülükler (Bilgi),TOPLAM,"0,00",0.0,TL,BDDK Haftalık Bülten
2021-08-13,2021-08-13,2021-08-13,False,2021,8,13,398,Ağustos/13 (32. Hafta),297,Yabancı Para Pozisyonu,2,a) Bilanço İçi Varlıklar,TOPLAM,"3.049.888,84",3049888.84,TL,BDDK Haftalık Bülten
2021-08-13,2021-08-13,2021-08-13,False,2021,8,13,398,Ağustos/13 (32. Hafta),297,Yabancı Para Pozisyonu,3,b) Bilanço İçi Yükümlülükler,TOPLAM,"3.489.398,18",3489398.18,TL,BDDK Haftalık Bülten
2021-08-13,2021-08-13,2021-08-13,False,2021,8,13,398,Ağustos/13 (32. Hafta),297,Yabancı Para Pozisyonu,4,Bilanço Dışı Yabancı Para Pozisyonu (5-6),TOPLAM,"492.618,03",492618.03,TL,BDDK Haftalık Bülten
2021-08-13,2021-08-13,2021-08-13,False,2021,8,13,398,Ağustos/13 (32. Hafta),297,Yabancı Para Pozisyonu,5,a) Bilanço Dışı Varlıklar,TOPLAM,"1.316.678,37",1316678.37,TL,BDDK Haftalık Bülten
2021-08-13,2021-08-13,2021-08-13,False,2021,8,13,398,Ağustos/13 (32. Hafta),297,Yabancı Para Pozisyonu,6,b) Bilanço Dışı Yükümlülükler,TOPLAM,"824.060,34",824060.34,TL,BDDK Haftalık Bülten
2021-08-13,2021-08-13,2021-08-13,False,2021,8,13,398,Ağustos/13 (32. Hafta),297,Yabancı Para Pozisyonu,7,Yabancı Para Net Genel Pozisyonu (1+4),TOPLAM,"53.108,68",53108.68,TL,BDDK Haftalık Bülten
2021-08-13,2021-08-13,2021-08-13,False,2021,8,13,398,Ağustos/13 (32. Hafta),297,Yabancı Para Pozisyonu,8,Yasal Özkaynak,TOPLAM,"810.952,18",810952.18,TL,BDDK Haftalık Bülten
2021-08-13,2021-08-13,2021-08-13,False,2021,8,13,398,Ağustos/13 (32. Hafta),297,Yabancı Para Pozisyonu,9,Dövize Endeskli Varlıklar (Bilgi),TOPLAM,"17.199,27",17199.27,TL,BDDK Haftalık Bülten
2021-08-20,2021-08-20,2021-08-20,False,2021,8,20,399,Ağustos/20 (33. Hafta),297,Yabancı Para Pozisyonu,1,Bilanço İçi Yabancı Para Pozisyonu (2-3),TOPLAM,"-441.667,43",-441667.43,TL,BDDK Haftalık Bülten
2021-08-20,2021-08-20,2021-08-20,False,2021,8,20,399,Ağustos/20 (33. Hafta),297,Yabancı Para Pozisyonu,10,Dövize Endeksli Yükümlülükler (Bilgi),TOPLAM,"0,00",0.0,TL,BDDK Haftalık Bülten
2021-08-20,2021-08-20,2021-08-20,False,2021,8,20,399,Ağustos/20 (33. Hafta),297,Yabancı Para Pozisyonu,2,a) Bilanço İçi Varlıklar,TOPLAM,"3.015.470,61",3015470.61,TL,BDDK Haftalık Bülten
2021-08-20,2021-08-20,2021-08-20,False,2021,8,20,399,Ağustos/20 (33. Hafta),297,Yabancı Para Pozisyonu,3,b) Bilanço İçi Yükümlülükler,TOPLAM,"3.457.138,04",3457138.04,TL,BDDK Haftalık Bülten
2021-08-20,2021-08-20,2021-08-20,False,2021,8,20,399,Ağustos/20 (33. Hafta),297,Yabancı Para Pozisyonu,4,Bilanço Dışı Yabancı Para Pozisyonu (5-6),TOPLAM,"496.291,01",496291.01,TL,BDDK Haftalık Bülten
2021-08-20,2021-08-20,2021-08-20,False,2021,8,20,399,Ağustos/20 (33. Hafta),297,Yabancı Para Pozisyonu,5,a) Bilanço Dışı Varlıklar,TOPLAM,"1.326.122,87",1326122.87,TL,BDDK Haftalık Bülten
2021-08-20,2021-08-20,2021-08-20,False,2021,8,20,399,Ağustos/20 (33. Hafta),297,Yabancı Para Pozisyonu,6,b) Bilanço Dışı Yükümlülükler,TOPLAM,"829.831,86",829831.86,TL,BDDK Haftalık Bülten
2021-08-20,2021-08-20,2021-08-20,False,2021,8,20,399,Ağustos/20 (33. Hafta),297,Yabancı Para Pozisyonu,7,Yabancı Para Net Genel Pozisyonu (1+4),TOPLAM,"54.623,58",54623.58,TL,BDDK Haftalık Bülten
2021-08-20,2021-08-20,2021-08-20,False,2021,8,20,399,Ağustos/20 (33. Hafta),297,Yabancı Para Pozisyonu,8,Yasal Özkaynak,TOPLAM,"811.204,83",811204.83,TL,BDDK Haftalık Bülten
2021-08-20,2021-08-20,2021-08-20,False,2021,8,20,399,Ağustos/20 (33. Hafta),297,Yabancı Para Pozisyonu,9,Dövize Endeskli Varlıklar (Bilgi),TOPLAM,"16.897,73",16897.73,TL,BDDK Haftalık Bülten
2021-08-27,2021-08-27,2021-08-27,False,2021,8,27,400,Ağustos/27 (34. Hafta),297,Yabancı Para Pozisyonu,1,Bilanço İçi Yabancı Para Pozisyonu (2-3),TOPLAM,"-439.820,75",-439820.75,TL,BDDK Haftalık Bülten
2021-08-27,2021-08-27,2021-08-27,False,2021,8,27,400,Ağustos/27 (34. Hafta),297,Yabancı Para Pozisyonu,10,Dövize Endeksli Yükümlülükler (Bilgi),TOPLAM,"0,00",0.0,TL,BDDK Haftalık Bülten
2021-08-27,2021-08-27,2021-08-27,False,2021,8,27,400,Ağustos/27 (34. Hafta),297,Yabancı Para Pozisyonu,2,a) Bilanço İçi Varlıklar,TOPLAM,"3.000.481,87",3000481.87,TL,BDDK Haftalık Bülten
2021-08-27,2021-08-27,2021-08-27,False,2021,8,27,400,Ağustos/27 (34. Hafta),297,Yabancı Para Pozisyonu,3,b) Bilanço İçi Yükümlülükler,TOPLAM,"3.440.302,62",3440302.62,TL,BDDK Haftalık Bülten
2021-08-27,2021-08-27,2021-08-27,False,2021,8,27,400,Ağustos/27 (34. Hafta),297,Yabancı Para Pozisyonu,4,Bilanço Dışı Yabancı Para Pozisyonu (5-6),TOPLAM,"495.307,25",495307.25,TL,BDDK Haftalık Bülten
2021-08-27,2021-08-27,2021-08-27,False,2021,8,27,400,Ağustos/27 (34. Hafta),297,Yabancı Para Pozisyonu,5,a) Bilanço Dışı Varlıklar,TOPLAM,"1.358.373,85",1358373.85,TL,BDDK Haftalık Bülten
2021-08-27,2021-08-27,2021-08-27,False,2021,8,27,400,Ağustos/27 (34. Hafta),297,Yabancı Para Pozisyonu,6,b) Bilanço Dışı Yükümlülükler,TOPLAM,"863.066,60",863066.6,TL,BDDK Haftalık Bülten
2021-08-27,2021-08-27,2021-08-27,False,2021,8,27,400,Ağustos/27 (34. Hafta),297,Yabancı Para Pozisyonu,7,Yabancı Para Net Genel Pozisyonu (1+4),TOPLAM,"55.486,50",55486.5,TL,BDDK Haftalık Bülten
2021-08-27,2021-08-27,2021-08-27,False,2021,8,27,400,Ağustos/27 (34. Hafta),297,Yabancı Para Pozisyonu,8,Yasal Özkaynak,TOPLAM,"812.987,30",812987.3,TL,BDDK Haftalık Bülten
2021-08-27,2021-08-27,2021-08-27,False,2021,8,27,400,Ağustos/27 (34. Hafta),297,Yabancı Para Pozisyonu,9,Dövize Endeskli Varlıklar (Bilgi),TOPLAM,"16.692,11",16692.11,TL,BDDK Haftalık Bülten
2021-09-03,2021-09-03,2021-09-03,False,2021,9,3,401,Eylül/03 (35. Hafta),297,Yabancı Para Pozisyonu,1,Bilanço İçi Yabancı Para Pozisyonu (2-3),TOPLAM,"-441.452,22",-441452.22,TL,BDDK Haftalık Bülten
2021-09-03,2021-09-03,2021-09-03,False,2021,9,3,401,Eylül/03 (35. Hafta),297,Yabancı Para Pozisyonu,10,Dövize Endeksli Yükümlülükler (Bilgi),TOPLAM,"0,00",0.0,TL,BDDK Haftalık Bülten
2021-09-03,2021-09-03,2021-09-03,False,2021,9,3,401,Eylül/03 (35. Hafta),297,Yabancı Para Pozisyonu,2,a) Bilanço İçi Varlıklar,TOPLAM,"2.980.771,16",2980771.16,TL,BDDK Haftalık Bülten
2021-09-03,2021-09-03,2021-09-03,False,2021,9,3,401,Eylül/03 (35. Hafta),297,Yabancı Para Pozisyonu,3,b) Bilanço İçi Yükümlülükler,TOPLAM,"3.422.223,38",3422223.38,TL,BDDK Haftalık Bülten
2021-09-03,2021-09-03,2021-09-03,False,2021,9,3,401,Eylül/03 (35. Hafta),297,Yabancı Para Pozisyonu,4,Bilanço Dışı Yabancı Para Pozisyonu (5-6),TOPLAM,"496.413,06",496413.06,TL,BDDK Haftalık Bülten
2021-09-03,2021-09-03,2021-09-03,False,2021,9,3,401,Eylül/03 (35. Hafta),297,Yabancı Para Pozisyonu,5,a) Bilanço Dışı Varlıklar,TOPLAM,"1.305.866,43",1305866.43,TL,BDDK Haftalık Bülten
2021-09-03,2021-09-03,2021-09-03,False,2021,9,3,401,Eylül/03 (35. Hafta),297,Yabancı Para Pozisyonu,6,b) Bilanço Dışı Yükümlülükler,TOPLAM,"809.453,37",809453.37,TL,BDDK Haftalık Bülten
2021-09-03,2021-09-03,2021-09-03,False,2021,9,3,401,Eylül/03 (35. Hafta),297,Yabancı Para Pozisyonu,7,Yabancı Para Net Genel Pozisyonu (1+4),TOPLAM,"54.960,85",54960.85,TL,BDDK Haftalık Bülten
2021-09-03,2021-09-03,2021-09-03,False,2021,9,3,401,Eylül/03 (35. Hafta),297,Yabancı Para Pozisyonu,8,Yasal Özkaynak,TOPLAM,"813.072,91",813072.91,TL,BDDK Haftalık Bülten
2021-09-03,2021-09-03,2021-09-03,False,2021,9,3,401,Eylül/03 (35. Hafta),297,Yabancı Para Pozisyonu,9,Dövize Endeskli Varlıklar (Bilgi),TOPLAM,"16.407,41",16407.41,TL,BDDK Haftalık Bülten
2021-09-10,2021-09-10,2021-09-10,False,2021,9,10,402,Eylül/10 (36. Hafta),297,Yabancı Para Pozisyonu,1,Bilanço İçi Yabancı Para Pozisyonu (2-3),TOPLAM,"-454.126,97",-454126.97,TL,BDDK Haftalık Bülten
2021-09-10,2021-09-10,2021-09-10,False,2021,9,10,402,Eylül/10 (36. Hafta),297,Yabancı Para Pozisyonu,10,Dövize Endeksli Yükümlülükler (Bilgi),TOPLAM,"0,00",0.0,TL,BDDK Haftalık Bülten
2021-09-10,2021-09-10,2021-09-10,False,2021,9,10,402,Eylül/10 (36. Hafta),297,Yabancı Para Pozisyonu,2,a) Bilanço İçi Varlıklar,TOPLAM,"3.019.627,96",3019627.96,TL,BDDK Haftalık Bülten
2021-09-10,2021-09-10,2021-09-10,False,2021,9,10,402,Eylül/10 (36. Hafta),297,Yabancı Para Pozisyonu,3,b) Bilanço İçi Yükümlülükler,TOPLAM,"3.473.754,93",3473754.93,TL,BDDK Haftalık Bülten
2021-09-10,2021-09-10,2021-09-10,False,2021,9,10,402,Eylül/10 (36. Hafta),297,Yabancı Para Pozisyonu,4,Bilanço Dışı Yabancı Para Pozisyonu (5-6),TOPLAM,"508.118,74",508118.74,TL,BDDK Haftalık Bülten
2021-09-10,2021-09-10,2021-09-10,False,2021,9,10,402,Eylül/10 (36. Hafta),297,Yabancı Para Pozisyonu,5,a) Bilanço Dışı Varlıklar,TOPLAM,"1.362.761,20",1362761.2,TL,BDDK Haftalık Bülten
2021-09-10,2021-09-10,2021-09-10,False,2021,9,10,402,Eylül/10 (36. Hafta),297,Yabancı Para Pozisyonu,6,b) Bilanço Dışı Yükümlülükler,TOPLAM,"854.642,46",854642.46,TL,BDDK Haftalık Bülten
2021-09-10,2021-09-10,2021-09-10,False,2021,9,10,402,Eylül/10 (36. Hafta),297,Yabancı Para Pozisyonu,7,Yabancı Para Net Genel Pozisyonu (1+4),TOPLAM,"53.991,77",53991.77,TL,BDDK Haftalık Bülten
2021-09-10,2021-09-10,2021-09-10,False,2021,9,10,402,Eylül/10 (36. Hafta),297,Yabancı Para Pozisyonu,8,Yasal Özkaynak,TOPLAM,"813.076,74",813076.74,TL,BDDK Haftalık Bülten
2021-09-10,2021-09-10,2021-09-10,False,2021,9,10,402,Eylül/10 (36. Hafta),297,Yabancı Para Pozisyonu,9,Dövize Endeskli Varlıklar (Bilgi),TOPLAM,"16.470,01",16470.01,TL,BDDK Haftalık Bülten
2021-09-17,2021-09-17,2021-09-17,False,2021,9,17,403,Eylül/17 (37. Hafta),297,Yabancı Para Pozisyonu,1,Bilanço İçi Yabancı Para Pozisyonu (2-3),TOPLAM,"-462.188,10",-462188.1,TL,BDDK Haftalık Bülten
2021-09-17,2021-09-17,2021-09-17,False,2021,9,17,403,Eylül/17 (37. Hafta),297,Yabancı Para Pozisyonu,10,Dövize Endeksli Yükümlülükler (Bilgi),TOPLAM,"0,00",0.0,TL,BDDK Haftalık Bülten
2021-09-17,2021-09-17,2021-09-17,False,2021,9,17,403,Eylül/17 (37. Hafta),297,Yabancı Para Pozisyonu,2,a) Bilanço İçi Varlıklar,TOPLAM,"3.068.930,54",3068930.54,TL,BDDK Haftalık Bülten
2021-09-17,2021-09-17,2021-09-17,False,2021,9,17,403,Eylül/17 (37. Hafta),297,Yabancı Para Pozisyonu,3,b) Bilanço İçi Yükümlülükler,TOPLAM,"3.531.118,64",3531118.64,TL,BDDK Haftalık Bülten
2021-09-17,2021-09-17,2021-09-17,False,2021,9,17,403,Eylül/17 (37. Hafta),297,Yabancı Para Pozisyonu,4,Bilanço Dışı Yabancı Para Pozisyonu (5-6),TOPLAM,"513.261,58",513261.58,TL,BDDK Haftalık Bülten
2021-09-17,2021-09-17,2021-09-17,False,2021,9,17,403,Eylül/17 (37. Hafta),297,Yabancı Para Pozisyonu,5,a) Bilanço Dışı Varlıklar,TOPLAM,"1.387.048,33",1387048.33,TL,BDDK Haftalık Bülten
2021-09-17,2021-09-17,2021-09-17,False,2021,9,17,403,Eylül/17 (37. Hafta),297,Yabancı Para Pozisyonu,6,b) Bilanço Dışı Yükümlülükler,TOPLAM,"873.786,75",873786.75,TL,BDDK Haftalık Bülten
2021-09-17,2021-09-17,2021-09-17,False,2021,9,17,403,Eylül/17 (37. Hafta),297,Yabancı Para Pozisyonu,7,Yabancı Para Net Genel Pozisyonu (1+4),TOPLAM,"51.073,48",51073.48,TL,BDDK Haftalık Bülten
2021-09-17,2021-09-17,2021-09-17,False,2021,9,17,403,Eylül/17 (37. Hafta),297,Yabancı Para Pozisyonu,8,Yasal Özkaynak,TOPLAM,"814.833,41",814833.41,TL,BDDK Haftalık Bülten
2021-09-17,2021-09-17,2021-09-17,False,2021,9,17,403,Eylül/17 (37. Hafta),297,Yabancı Para Pozisyonu,9,Dövize Endeskli Varlıklar (Bilgi),TOPLAM,"16.385,37",16385.37,TL,BDDK Haftalık Bülten
2021-09-24,2021-09-24,2021-09-24,False,2021,9,24,404,Eylül/24 (38. Hafta),297,Yabancı Para Pozisyonu,1,Bilanço İçi Yabancı Para Pozisyonu (2-3),TOPLAM,"-452.465,78",-452465.78,TL,BDDK Haftalık Bülten
2021-09-24,2021-09-24,2021-09-24,False,2021,9,24,404,Eylül/24 (38. Hafta),297,Yabancı Para Pozisyonu,10,Dövize Endeksli Yükümlülükler (Bilgi),TOPLAM,"0,00",0.0,TL,BDDK Haftalık Bülten
2021-09-24,2021-09-24,2021-09-24,False,2021,9,24,404,Eylül/24 (38. Hafta),297,Yabancı Para Pozisyonu,2,a) Bilanço İçi Varlıklar,TOPLAM,"3.150.456,03",3150456.03,TL,BDDK Haftalık Bülten
2021-09-24,2021-09-24,2021-09-24,False,2021,9,24,404,Eylül/24 (38. Hafta),297,Yabancı Para Pozisyonu,3,b) Bilanço İçi Yükümlülükler,TOPLAM,"3.602.921,81",3602921.81,TL,BDDK Haftalık Bülten
2021-09-24,2021-09-24,2021-09-24,False,2021,9,24,404,Eylül/24 (38. Hafta),297,Yabancı Para Pozisyonu,4,Bilanço Dışı Yabancı Para Pozisyonu (5-6),TOPLAM,"503.350,00",503350.0,TL,BDDK Haftalık Bülten
2021-09-24,2021-09-24,2021-09-24,False,2021,9,24,404,Eylül/24 (38. Hafta),297,Yabancı Para Pozisyonu,5,a) Bilanço Dışı Varlıklar,TOPLAM,"1.433.763,26",1433763.26,TL,BDDK Haftalık Bülten
2021-09-24,2021-09-24,2021-09-24,False,2021,9,24,404,Eylül/24 (38. Hafta),297,Yabancı Para Pozisyonu,6,b) Bilanço Dışı Yükümlülükler,TOPLAM,"930.413,26",930413.26,TL,BDDK Haftalık Bülten
2021-09-24,2021-09-24,2021-09-24,False,2021,9,24,404,Eylül/24 (38. Hafta),297,Yabancı Para Pozisyonu,7,Yabancı Para Net Genel Pozisyonu (1+4),TOPLAM,"50.884,22",50884.22,TL,BDDK Haftalık Bülten
2021-09-24,2021-09-24,2021-09-24,False,2021,9,24,404,Eylül/24 (38. Hafta),297,Yabancı Para Pozisyonu,8,Yasal Özkaynak,TOPLAM,"822.852,80",822852.8,TL,BDDK Haftalık Bülten
2021-09-24,2021-09-24,2021-09-24,False,2021,9,24,404,Eylül/24 (38. Hafta),297,Yabancı Para Pozisyonu,9,Dövize Endeskli Varlıklar (Bilgi),TOPLAM,"16.564,80",16564.8,TL,BDDK Haftalık Bülten
2021-10-01,2021-10-01,2021-10-01,False,2021,10,1,405,Ekim/01 (39. Hafta),297,Yabancı Para Pozisyonu,1,Bilanço İçi Yabancı Para Pozisyonu (2-3),TOPLAM,"-438.670,11",-438670.11,TL,BDDK Haftalık Bülten
2021-10-01,2021-10-01,2021-10-01,False,2021,10,1,405,Ekim/01 (39. Hafta),297,Yabancı Para Pozisyonu,10,Dövize Endeksli Yükümlülükler (Bilgi),TOPLAM,"0,00",0.0,TL,BDDK Haftalık Bülten
2021-10-01,2021-10-01,2021-10-01,False,2021,10,1,405,Ekim/01 (39. Hafta),297,Yabancı Para Pozisyonu,2,a) Bilanço İçi Varlıklar,TOPLAM,"3.150.452,58",3150452.58,TL,BDDK Haftalık Bülten
2021-10-01,2021-10-01,2021-10-01,False,2021,10,1,405,Ekim/01 (39. Hafta),297,Yabancı Para Pozisyonu,3,b) Bilanço İçi Yükümlülükler,TOPLAM,"3.589.122,70",3589122.7,TL,BDDK Haftalık Bülten
2021-10-01,2021-10-01,2021-10-01,False,2021,10,1,405,Ekim/01 (39. Hafta),297,Yabancı Para Pozisyonu,4,Bilanço Dışı Yabancı Para Pozisyonu (5-6),TOPLAM,"487.442,31",487442.31,TL,BDDK Haftalık Bülten
2021-10-01,2021-10-01,2021-10-01,False,2021,10,1,405,Ekim/01 (39. Hafta),297,Yabancı Para Pozisyonu,5,a) Bilanço Dışı Varlıklar,TOPLAM,"1.393.621,79",1393621.79,TL,BDDK Haftalık Bülten
2021-10-01,2021-10-01,2021-10-01,False,2021,10,1,405,Ekim/01 (39. Hafta),297,Yabancı Para Pozisyonu,6,b) Bilanço Dışı Yükümlülükler,TOPLAM,"906.179,48",906179.48,TL,BDDK Haftalık Bülten
2021-10-01,2021-10-01,2021-10-01,False,2021,10,1,405,Ekim/01 (39. Hafta),297,Yabancı Para Pozisyonu,7,Yabancı Para Net Genel Pozisyonu (1+4),TOPLAM,"48.772,20",48772.2,TL,BDDK Haftalık Bülten
2021-10-01,2021-10-01,2021-10-01,False,2021,10,1,405,Ekim/01 (39. Hafta),297,Yabancı Para Pozisyonu,8,Yasal Özkaynak,TOPLAM,"822.807,95",822807.95,TL,BDDK Haftalık Bülten
2021-10-01,2021-10-01,2021-10-01,False,2021,10,1,405,Ekim/01 (39. Hafta),297,Yabancı Para Pozisyonu,9,Dövize Endeskli Varlıklar (Bilgi),TOPLAM,"16.447,04",16447.04,TL,BDDK Haftalık Bülten
2021-10-08,2021-10-08,2021-10-08,False,2021,10,8,406,Ekim/08 (40. Hafta),297,Yabancı Para Pozisyonu,1,Bilanço İçi Yabancı Para Pozisyonu (2-3),TOPLAM,"-435.955,97",-435955.97,TL,BDDK Haftalık Bülten
2021-10-08,2021-10-08,2021-10-08,False,2021,10,8,406,Ekim/08 (40. Hafta),297,Yabancı Para Pozisyonu,10,Dövize Endeksli Yükümlülükler (Bilgi),TOPLAM,"0,00",0.0,TL,BDDK Haftalık Bülten
2021-10-08,2021-10-08,2021-10-08,False,2021,10,8,406,Ekim/08 (40. Hafta),297,Yabancı Para Pozisyonu,2,a) Bilanço İçi Varlıklar,TOPLAM,"3.174.420,43",3174420.43,TL,BDDK Haftalık Bülten
2021-10-08,2021-10-08,2021-10-08,False,2021,10,8,406,Ekim/08 (40. Hafta),297,Yabancı Para Pozisyonu,3,b) Bilanço İçi Yükümlülükler,TOPLAM,"3.610.376,40",3610376.4,TL,BDDK Haftalık Bülten
2021-10-08,2021-10-08,2021-10-08,False,2021,10,8,406,Ekim/08 (40. Hafta),297,Yabancı Para Pozisyonu,4,Bilanço Dışı Yabancı Para Pozisyonu (5-6),TOPLAM,"486.269,44",486269.44,TL,BDDK Haftalık Bülten
2021-10-08,2021-10-08,2021-10-08,False,2021,10,8,406,Ekim/08 (40. Hafta),297,Yabancı Para Pozisyonu,5,a) Bilanço Dışı Varlıklar,TOPLAM,"1.354.879,95",1354879.95,TL,BDDK Haftalık Bülten
2021-10-08,2021-10-08,2021-10-08,False,2021,10,8,406,Ekim/08 (40. Hafta),297,Yabancı Para Pozisyonu,6,b) Bilanço Dışı Yükümlülükler,TOPLAM,"868.610,51",868610.51,TL,BDDK Haftalık Bülten
2021-10-08,2021-10-08,2021-10-08,False,2021,10,8,406,Ekim/08 (40. Hafta),297,Yabancı Para Pozisyonu,7,Yabancı Para Net Genel Pozisyonu (1+4),TOPLAM,"50.313,47",50313.47,TL,BDDK Haftalık Bülten
2021-10-08,2021-10-08,2021-10-08,False,2021,10,8,406,Ekim/08 (40. Hafta),297,Yabancı Para Pozisyonu,8,Yasal Özkaynak,TOPLAM,"822.824,78",822824.78,TL,BDDK Haftalık Bülten
2021-10-08,2021-10-08,2021-10-08,False,2021,10,8,406,Ekim/08 (40. Hafta),297,Yabancı Para Pozisyonu,9,Dövize Endeskli Varlıklar (Bilgi),TOPLAM,"16.365,72",16365.72,TL,BDDK Haftalık Bülten
2021-10-15,2021-10-15,2021-10-15,False,2021,10,15,407,Ekim/15 (41. Hafta),297,Yabancı Para Pozisyonu,1,Bilanço İçi Yabancı Para Pozisyonu (2-3),TOPLAM,"-450.416,50",-450416.5,TL,BDDK Haftalık Bülten
2021-10-15,2021-10-15,2021-10-15,False,2021,10,15,407,Ekim/15 (41. Hafta),297,Yabancı Para Pozisyonu,10,Dövize Endeksli Yükümlülükler (Bilgi),TOPLAM,"0,00",0.0,TL,BDDK Haftalık Bülten
2021-10-15,2021-10-15,2021-10-15,False,2021,10,15,407,Ekim/15 (41. Hafta),297,Yabancı Para Pozisyonu,2,a) Bilanço İçi Varlıklar,TOPLAM,"3.280.771,40",3280771.4,TL,BDDK Haftalık Bülten
2021-10-15,2021-10-15,2021-10-15,False,2021,10,15,407,Ekim/15 (41. Hafta),297,Yabancı Para Pozisyonu,3,b) Bilanço İçi Yükümlülükler,TOPLAM,"3.731.187,90",3731187.9,TL,BDDK Haftalık Bülten
2021-10-15,2021-10-15,2021-10-15,False,2021,10,15,407,Ekim/15 (41. Hafta),297,Yabancı Para Pozisyonu,4,Bilanço Dışı Yabancı Para Pozisyonu (5-6),TOPLAM,"501.397,23",501397.23,TL,BDDK Haftalık Bülten
2021-10-15,2021-10-15,2021-10-15,False,2021,10,15,407,Ekim/15 (41. Hafta),297,Yabancı Para Pozisyonu,5,a) Bilanço Dışı Varlıklar,TOPLAM,"1.423.420,59",1423420.59,TL,BDDK Haftalık Bülten
2021-10-15,2021-10-15,2021-10-15,False,2021,10,15,407,Ekim/15 (41. Hafta),297,Yabancı Para Pozisyonu,6,b) Bilanço Dışı Yükümlülükler,TOPLAM,"922.023,36",922023.36,TL,BDDK Haftalık Bülten
2021-10-15,2021-10-15,2021-10-15,False,2021,10,15,407,Ekim/15 (41. Hafta),297,Yabancı Para Pozisyonu,7,Yabancı Para Net Genel Pozisyonu (1+4),TOPLAM,"50.980,73",50980.73,TL,BDDK Haftalık Bülten
2021-10-15,2021-10-15,2021-10-15,False,2021,10,15,407,Ekim/15 (41. Hafta),297,Yabancı Para Pozisyonu,8,Yasal Özkaynak,TOPLAM,"822.996,84",822996.84,TL,BDDK Haftalık Bülten
2021-10-15,2021-10-15,2021-10-15,False,2021,10,15,407,Ekim/15 (41. Hafta),297,Yabancı Para Pozisyonu,9,Dövize Endeskli Varlıklar (Bilgi),TOPLAM,"16.218,39",16218.39,TL,BDDK Haftalık Bülten
2021-10-22,2021-10-22,2021-10-22,False,2021,10,22,408,Ekim/22 (42. Hafta),297,Yabancı Para Pozisyonu,1,Bilanço İçi Yabancı Para Pozisyonu (2-3),TOPLAM,"-468.365,35",-468365.35,TL,BDDK Haftalık Bülten
2021-10-22,2021-10-22,2021-10-22,False,2021,10,22,408,Ekim/22 (42. Hafta),297,Yabancı Para Pozisyonu,10,Dövize Endeksli Yükümlülükler (Bilgi),TOPLAM,"0,00",0.0,TL,BDDK Haftalık Bülten
2021-10-22,2021-10-22,2021-10-22,False,2021,10,22,408,Ekim/22 (42. Hafta),297,Yabancı Para Pozisyonu,2,a) Bilanço İçi Varlıklar,TOPLAM,"3.407.139,65",3407139.65,TL,BDDK Haftalık Bülten
2021-10-22,2021-10-22,2021-10-22,False,2021,10,22,408,Ekim/22 (42. Hafta),297,Yabancı Para Pozisyonu,3,b) Bilanço İçi Yükümlülükler,TOPLAM,"3.875.504,99",3875504.99,TL,BDDK Haftalık Bülten
2021-10-22,2021-10-22,2021-10-22,False,2021,10,22,408,Ekim/22 (42. Hafta),297,Yabancı Para Pozisyonu,4,Bilanço Dışı Yabancı Para Pozisyonu (5-6),TOPLAM,"518.075,57",518075.57,TL,BDDK Haftalık Bülten
2021-10-22,2021-10-22,2021-10-22,False,2021,10,22,408,Ekim/22 (42. Hafta),297,Yabancı Para Pozisyonu,5,a) Bilanço Dışı Varlıklar,TOPLAM,"1.514.553,06",1514553.06,TL,BDDK Haftalık Bülten
2021-10-22,2021-10-22,2021-10-22,False,2021,10,22,408,Ekim/22 (42. Hafta),297,Yabancı Para Pozisyonu,6,b) Bilanço Dışı Yükümlülükler,TOPLAM,"996.477,50",996477.5,TL,BDDK Haftalık Bülten
2021-10-22,2021-10-22,2021-10-22,False,2021,10,22,408,Ekim/22 (42. Hafta),297,Yabancı Para Pozisyonu,7,Yabancı Para Net Genel Pozisyonu (1+4),TOPLAM,"49.710,22",49710.22,TL,BDDK Haftalık Bülten
2021-10-22,2021-10-22,2021-10-22,False,2021,10,22,408,Ekim/22 (42. Hafta),297,Yabancı Para Pozisyonu,8,Yasal Özkaynak,TOPLAM,"840.798,27",840798.27,TL,BDDK Haftalık Bülten
2021-10-22,2021-10-22,2021-10-22,False,2021,10,22,408,Ekim/22 (42. Hafta),297,Yabancı Para Pozisyonu,9,Dövize Endeskli Varlıklar (Bilgi),TOPLAM,"16.495,30",16495.3,TL,BDDK Haftalık Bülten
2021-10-28,2021-10-28,2021-10-28,False,2021,10,28,409,Ekim/28 (43. Hafta),297,Yabancı Para Pozisyonu,1,Bilanço İçi Yabancı Para Pozisyonu (2-3),TOPLAM,"-458.720,86",-458720.86,TL,BDDK Haftalık Bülten
2021-10-28,2021-10-28,2021-10-28,False,2021,10,28,409,Ekim/28 (43. Hafta),297,Yabancı Para Pozisyonu,10,Dövize Endeksli Yükümlülükler (Bilgi),TOPLAM,"0,00",0.0,TL,BDDK Haftalık Bülten
2021-10-28,2021-10-28,2021-10-28,False,2021,10,28,409,Ekim/28 (43. Hafta),297,Yabancı Para Pozisyonu,2,a) Bilanço İçi Varlıklar,TOPLAM,"3.386.890,24",3386890.24,TL,BDDK Haftalık Bülten
2021-10-28,2021-10-28,2021-10-28,False,2021,10,28,409,Ekim/28 (43. Hafta),297,Yabancı Para Pozisyonu,3,b) Bilanço İçi Yükümlülükler,TOPLAM,"3.845.611,10",3845611.1,TL,BDDK Haftalık Bülten
2021-10-28,2021-10-28,2021-10-28,False,2021,10,28,409,Ekim/28 (43. Hafta),297,Yabancı Para Pozisyonu,4,Bilanço Dışı Yabancı Para Pozisyonu (5-6),TOPLAM,"509.817,06",509817.06,TL,BDDK Haftalık Bülten
2021-10-28,2021-10-28,2021-10-28,False,2021,10,28,409,Ekim/28 (43. Hafta),297,Yabancı Para Pozisyonu,5,a) Bilanço Dışı Varlıklar,TOPLAM,"1.491.631,57",1491631.57,TL,BDDK Haftalık Bülten
2021-10-28,2021-10-28,2021-10-28,False,2021,10,28,409,Ekim/28 (43. Hafta),297,Yabancı Para Pozisyonu,6,b) Bilanço Dışı Yükümlülükler,TOPLAM,"981.814,51",981814.51,TL,BDDK Haftalık Bülten
2021-10-28,2021-10-28,2021-10-28,False,2021,10,28,409,Ekim/28 (43. Hafta),297,Yabancı Para Pozisyonu,7,Yabancı Para Net Genel Pozisyonu (1+4),TOPLAM,"51.096,20",51096.2,TL,BDDK Haftalık Bülten
2021-10-28,2021-10-28,2021-10-28,False,2021,10,28,409,Ekim/28 (43. Hafta),297,Yabancı Para Pozisyonu,8,Yasal Özkaynak,TOPLAM,"840.428,49",840428.49,TL,BDDK Haftalık Bülten
2021-10-28,2021-10-28,2021-10-28,False,2021,10,28,409,Ekim/28 (43. Hafta),297,Yabancı Para Pozisyonu,9,Dövize Endeskli Varlıklar (Bilgi),TOPLAM,"16.410,99",16410.99,TL,BDDK Haftalık Bülten
2021-11-05,2021-11-05,2021-11-05,False,2021,11,5,410,Kasım/05 (44. Hafta),297,Yabancı Para Pozisyonu,1,Bilanço İçi Yabancı Para Pozisyonu (2-3),TOPLAM,"-443.275,08",-443275.08,TL,BDDK Haftalık Bülten
2021-11-05,2021-11-05,2021-11-05,False,2021,11,5,410,Kasım/05 (44. Hafta),297,Yabancı Para Pozisyonu,10,Dövize Endeksli Yükümlülükler (Bilgi),TOPLAM,"0,00",0.0,TL,BDDK Haftalık Bülten
2021-11-05,2021-11-05,2021-11-05,False,2021,11,5,410,Kasım/05 (44. Hafta),297,Yabancı Para Pozisyonu,2,a) Bilanço İçi Varlıklar,TOPLAM,"3.456.166,49",3456166.49,TL,BDDK Haftalık Bülten
2021-11-05,2021-11-05,2021-11-05,False,2021,11,5,410,Kasım/05 (44. Hafta),297,Yabancı Para Pozisyonu,3,b) Bilanço İçi Yükümlülükler,TOPLAM,"3.899.441,56",3899441.56,TL,BDDK Haftalık Bülten
2021-11-05,2021-11-05,2021-11-05,False,2021,11,5,410,Kasım/05 (44. Hafta),297,Yabancı Para Pozisyonu,4,Bilanço Dışı Yabancı Para Pozisyonu (5-6),TOPLAM,"498.411,40",498411.4,TL,BDDK Haftalık Bülten
2021-11-05,2021-11-05,2021-11-05,False,2021,11,5,410,Kasım/05 (44. Hafta),297,Yabancı Para Pozisyonu,5,a) Bilanço Dışı Varlıklar,TOPLAM,"1.506.460,33",1506460.33,TL,BDDK Haftalık Bülten
2021-11-05,2021-11-05,2021-11-05,False,2021,11,5,410,Kasım/05 (44. Hafta),297,Yabancı Para Pozisyonu,6,b) Bilanço Dışı Yükümlülükler,TOPLAM,"1.008.048,93",1008048.93,TL,BDDK Haftalık Bülten
2021-11-05,2021-11-05,2021-11-05,False,2021,11,5,410,Kasım/05 (44. Hafta),297,Yabancı Para Pozisyonu,7,Yabancı Para Net Genel Pozisyonu (1+4),TOPLAM,"55.136,32",55136.32,TL,BDDK Haftalık Bülten
2021-11-05,2021-11-05,2021-11-05,False,2021,11,5,410,Kasım/05 (44. Hafta),297,Yabancı Para Pozisyonu,8,Yasal Özkaynak,TOPLAM,"840.244,61",840244.61,TL,BDDK Haftalık Bülten
2021-11-05,2021-11-05,2021-11-05,False,2021,11,5,410,Kasım/05 (44. Hafta),297,Yabancı Para Pozisyonu,9,Dövize Endeskli Varlıklar (Bilgi),TOPLAM,"16.480,20",16480.2,TL,BDDK Haftalık Bülten
2021-11-12,2021-11-12,2021-11-12,False,2021,11,12,411,Kasım/12 (45. Hafta),297,Yabancı Para Pozisyonu,1,Bilanço İçi Yabancı Para Pozisyonu (2-3),TOPLAM,"-419.530,79",-419530.79,TL,BDDK Haftalık Bülten
2021-11-12,2021-11-12,2021-11-12,False,2021,11,12,411,Kasım/12 (45. Hafta),297,Yabancı Para Pozisyonu,10,Dövize Endeksli Yükümlülükler (Bilgi),TOPLAM,"0,00",0.0,TL,BDDK Haftalık Bülten
2021-11-12,2021-11-12,2021-11-12,False,2021,11,12,411,Kasım/12 (45. Hafta),297,Yabancı Para Pozisyonu,2,a) Bilanço İçi Varlıklar,TOPLAM,"3.581.730,82",3581730.82,TL,BDDK Haftalık Bülten
2021-11-12,2021-11-12,2021-11-12,False,2021,11,12,411,Kasım/12 (45. Hafta),297,Yabancı Para Pozisyonu,3,b) Bilanço İçi Yükümlülükler,TOPLAM,"4.001.261,60",4001261.6,TL,BDDK Haftalık Bülten
2021-11-12,2021-11-12,2021-11-12,False,2021,11,12,411,Kasım/12 (45. Hafta),297,Yabancı Para Pozisyonu,4,Bilanço Dışı Yabancı Para Pozisyonu (5-6),TOPLAM,"476.324,75",476324.75,TL,BDDK Haftalık Bülten
2021-11-12,2021-11-12,2021-11-12,False,2021,11,12,411,Kasım/12 (45. Hafta),297,Yabancı Para Pozisyonu,5,a) Bilanço Dışı Varlıklar,TOPLAM,"1.469.559,00",1469559.0,TL,BDDK Haftalık Bülten
2021-11-12,2021-11-12,2021-11-12,False,2021,11,12,411,Kasım/12 (45. Hafta),297,Yabancı Para Pozisyonu,6,b) Bilanço Dışı Yükümlülükler,TOPLAM,"993.234,25",993234.25,TL,BDDK Haftalık Bülten
2021-11-12,2021-11-12,2021-11-12,False,2021,11,12,411,Kasım/12 (45. Hafta),297,Yabancı Para Pozisyonu,7,Yabancı Para Net Genel Pozisyonu (1+4),TOPLAM,"56.793,97",56793.97,TL,BDDK Haftalık Bülten
2021-11-12,2021-11-12,2021-11-12,False,2021,11,12,411,Kasım/12 (45. Hafta),297,Yabancı Para Pozisyonu,8,Yasal Özkaynak,TOPLAM,"840.357,71",840357.71,TL,BDDK Haftalık Bülten
2021-11-12,2021-11-12,2021-11-12,False,2021,11,12,411,Kasım/12 (45. Hafta),297,Yabancı Para Pozisyonu,9,Dövize Endeskli Varlıklar (Bilgi),TOPLAM,"16.552,86",16552.86,TL,BDDK Haftalık Bülten
2021-11-19,2021-11-19,2021-11-19,False,2021,11,19,412,Kasım/19 (46. Hafta),297,Yabancı Para Pozisyonu,1,Bilanço İçi Yabancı Para Pozisyonu (2-3),TOPLAM,"-439.261,79",-439261.79,TL,BDDK Haftalık Bülten
2021-11-19,2021-11-19,2021-11-19,False,2021,11,19,412,Kasım/19 (46. Hafta),297,Yabancı Para Pozisyonu,10,Dövize Endeksli Yükümlülükler (Bilgi),TOPLAM,"0,00",0.0,TL,BDDK Haftalık Bülten
2021-11-19,2021-11-19,2021-11-19,False,2021,11,19,412,Kasım/19 (46. Hafta),297,Yabancı Para Pozisyonu,2,a) Bilanço İçi Varlıklar,TOPLAM,"3.984.439,08",3984439.08,TL,BDDK Haftalık Bülten
2021-11-19,2021-11-19,2021-11-19,False,2021,11,19,412,Kasım/19 (46. Hafta),297,Yabancı Para Pozisyonu,3,b) Bilanço İçi Yükümlülükler,TOPLAM,"4.423.700,87",4423700.87,TL,BDDK Haftalık Bülten
2021-11-19,2021-11-19,2021-11-19,False,2021,11,19,412,Kasım/19 (46. Hafta),297,Yabancı Para Pozisyonu,4,Bilanço Dışı Yabancı Para Pozisyonu (5-6),TOPLAM,"494.328,34",494328.34,TL,BDDK Haftalık Bülten
2021-11-19,2021-11-19,2021-11-19,False,2021,11,19,412,Kasım/19 (46. Hafta),297,Yabancı Para Pozisyonu,5,a) Bilanço Dışı Varlıklar,TOPLAM,"1.597.145,24",1597145.24,TL,BDDK Haftalık Bülten
2021-11-19,2021-11-19,2021-11-19,False,2021,11,19,412,Kasım/19 (46. Hafta),297,Yabancı Para Pozisyonu,6,b) Bilanço Dışı Yükümlülükler,TOPLAM,"1.102.816,90",1102816.9,TL,BDDK Haftalık Bülten
2021-11-19,2021-11-19,2021-11-19,False,2021,11,19,412,Kasım/19 (46. Hafta),297,Yabancı Para Pozisyonu,7,Yabancı Para Net Genel Pozisyonu (1+4),TOPLAM,"55.066,55",55066.55,TL,BDDK Haftalık Bülten
2021-11-19,2021-11-19,2021-11-19,False,2021,11,19,412,Kasım/19 (46. Hafta),297,Yabancı Para Pozisyonu,8,Yasal Özkaynak,TOPLAM,"853.184,72",853184.72,TL,BDDK Haftalık Bülten
2021-11-19,2021-11-19,2021-11-19,False,2021,11,19,412,Kasım/19 (46. Hafta),297,Yabancı Para Pozisyonu,9,Dövize Endeskli Varlıklar (Bilgi),TOPLAM,"17.458,29",17458.29,TL,BDDK Haftalık Bülten
2021-11-26,2021-11-26,2021-11-26,False,2021,11,26,413,Kasım/26 (47. Hafta),297,Yabancı Para Pozisyonu,1,Bilanço İçi Yabancı Para Pozisyonu (2-3),TOPLAM,"-491.373,41",-491373.41,TL,BDDK Haftalık Bülten
2021-11-26,2021-11-26,2021-11-26,False,2021,11,26,413,Kasım/26 (47. Hafta),297,Yabancı Para Pozisyonu,10,Dövize Endeksli Yükümlülükler (Bilgi),TOPLAM,"0,00",0.0,TL,BDDK Haftalık Bülten
2021-11-26,2021-11-26,2021-11-26,False,2021,11,26,413,Kasım/26 (47. Hafta),297,Yabancı Para Pozisyonu,2,a) Bilanço İçi Varlıklar,TOPLAM,"4.392.653,01",4392653.01,TL,BDDK Haftalık Bülten
2021-11-26,2021-11-26,2021-11-26,False,2021,11,26,413,Kasım/26 (47. Hafta),297,Yabancı Para Pozisyonu,3,b) Bilanço İçi Yükümlülükler,TOPLAM,"4.884.026,42",4884026.42,TL,BDDK Haftalık Bülten
2021-11-26,2021-11-26,2021-11-26,False,2021,11,26,413,Kasım/26 (47. Hafta),297,Yabancı Para Pozisyonu,4,Bilanço Dışı Yabancı Para Pozisyonu (5-6),TOPLAM,"548.872,47",548872.47,TL,BDDK Haftalık Bülten
2021-11-26,2021-11-26,2021-11-26,False,2021,11,26,413,Kasım/26 (47. Hafta),297,Yabancı Para Pozisyonu,5,a) Bilanço Dışı Varlıklar,TOPLAM,"1.768.473,77",1768473.77,TL,BDDK Haftalık Bülten
2021-11-26,2021-11-26,2021-11-26,False,2021,11,26,413,Kasım/26 (47. Hafta),297,Yabancı Para Pozisyonu,6,b) Bilanço Dışı Yükümlülükler,TOPLAM,"1.219.601,30",1219601.3,TL,BDDK Haftalık Bülten
2021-11-26,2021-11-26,2021-11-26,False,2021,11,26,413,Kasım/26 (47. Hafta),297,Yabancı Para Pozisyonu,7,Yabancı Para Net Genel Pozisyonu (1+4),TOPLAM,"57.499,06",57499.06,TL,BDDK Haftalık Bülten
2021-11-26,2021-11-26,2021-11-26,False,2021,11,26,413,Kasım/26 (47. Hafta),297,Yabancı Para Pozisyonu,8,Yasal Özkaynak,TOPLAM,"860.342,83",860342.83,TL,BDDK Haftalık Bülten
2021-11-26,2021-11-26,2021-11-26,False,2021,11,26,413,Kasım/26 (47. Hafta),297,Yabancı Para Pozisyonu,9,Dövize Endeskli Varlıklar (Bilgi),TOPLAM,"22.824,58",22824.58,TL,BDDK Haftalık Bülten
2021-12-03,2021-12-03,2021-12-03,False,2021,12,3,414,Aralık/03 (48. Hafta),297,Yabancı Para Pozisyonu,1,Bilanço İçi Yabancı Para Pozisyonu (2-3),TOPLAM,"-521.627,12",-521627.12,TL,BDDK Haftalık Bülten
2021-12-03,2021-12-03,2021-12-03,False,2021,12,3,414,Aralık/03 (48. Hafta),297,Yabancı Para Pozisyonu,10,Dövize Endeksli Yükümlülükler (Bilgi),TOPLAM,"0,00",0.0,TL,BDDK Haftalık Bülten
2021-12-03,2021-12-03,2021-12-03,False,2021,12,3,414,Aralık/03 (48. Hafta),297,Yabancı Para Pozisyonu,2,a) Bilanço İçi Varlıklar,TOPLAM,"4.888.502,84",4888502.84,TL,BDDK Haftalık Bülten
2021-12-03,2021-12-03,2021-12-03,False,2021,12,3,414,Aralık/03 (48. Hafta),297,Yabancı Para Pozisyonu,3,b) Bilanço İçi Yükümlülükler,TOPLAM,"5.410.129,97",5410129.97,TL,BDDK Haftalık Bülten
2021-12-03,2021-12-03,2021-12-03,False,2021,12,3,414,Aralık/03 (48. Hafta),297,Yabancı Para Pozisyonu,4,Bilanço Dışı Yabancı Para Pozisyonu (5-6),TOPLAM,"575.184,21",575184.21,TL,BDDK Haftalık Bülten
2021-12-03,2021-12-03,2021-12-03,False,2021,12,3,414,Aralık/03 (48. Hafta),297,Yabancı Para Pozisyonu,5,a) Bilanço Dışı Varlıklar,TOPLAM,"1.935.863,79",1935863.79,TL,BDDK Haftalık Bülten
2021-12-03,2021-12-03,2021-12-03,False,2021,12,3,414,Aralık/03 (48. Hafta),297,Yabancı Para Pozisyonu,6,b) Bilanço Dışı Yükümlülükler,TOPLAM,"1.360.679,59",1360679.59,TL,BDDK Haftalık Bülten
2021-12-03,2021-12-03,2021-12-03,False,2021,12,3,414,Aralık/03 (48. Hafta),297,Yabancı Para Pozisyonu,7,Yabancı Para Net Genel Pozisyonu (1+4),TOPLAM,"53.557,08",53557.08,TL,BDDK Haftalık Bülten
2021-12-03,2021-12-03,2021-12-03,False,2021,12,3,414,Aralık/03 (48. Hafta),297,Yabancı Para Pozisyonu,8,Yasal Özkaynak,TOPLAM,"864.976,17",864976.17,TL,BDDK Haftalık Bülten
2021-12-03,2021-12-03,2021-12-03,False,2021,12,3,414,Aralık/03 (48. Hafta),297,Yabancı Para Pozisyonu,9,Dövize Endeskli Varlıklar (Bilgi),TOPLAM,"25.014,77",25014.77,TL,BDDK Haftalık Bülten
2021-12-10,2021-12-10,2021-12-10,False,2021,12,10,415,Aralık/10 (49. Hafta),297,Yabancı Para Pozisyonu,1,Bilanço İçi Yabancı Para Pozisyonu (2-3),TOPLAM,"-532.946,35",-532946.35,TL,BDDK Haftalık Bülten
2021-12-10,2021-12-10,2021-12-10,False,2021,12,10,415,Aralık/10 (49. Hafta),297,Yabancı Para Pozisyonu,10,Dövize Endeksli Yükümlülükler (Bilgi),TOPLAM,"0,00",0.0,TL,BDDK Haftalık Bülten
2021-12-10,2021-12-10,2021-12-10,False,2021,12,10,415,Aralık/10 (49. Hafta),297,Yabancı Para Pozisyonu,2,a) Bilanço İçi Varlıklar,TOPLAM,"4.951.466,07",4951466.07,TL,BDDK Haftalık Bülten
2021-12-10,2021-12-10,2021-12-10,False,2021,12,10,415,Aralık/10 (49. Hafta),297,Yabancı Para Pozisyonu,3,b) Bilanço İçi Yükümlülükler,TOPLAM,"5.484.412,42",5484412.42,TL,BDDK Haftalık Bülten
2021-12-10,2021-12-10,2021-12-10,False,2021,12,10,415,Aralık/10 (49. Hafta),297,Yabancı Para Pozisyonu,4,Bilanço Dışı Yabancı Para Pozisyonu (5-6),TOPLAM,"590.968,45",590968.45,TL,BDDK Haftalık Bülten
2021-12-10,2021-12-10,2021-12-10,False,2021,12,10,415,Aralık/10 (49. Hafta),297,Yabancı Para Pozisyonu,5,a) Bilanço Dışı Varlıklar,TOPLAM,"1.997.754,32",1997754.32,TL,BDDK Haftalık Bülten
2021-12-10,2021-12-10,2021-12-10,False,2021,12,10,415,Aralık/10 (49. Hafta),297,Yabancı Para Pozisyonu,6,b) Bilanço Dışı Yükümlülükler,TOPLAM,"1.406.785,88",1406785.88,TL,BDDK Haftalık Bülten
2021-12-10,2021-12-10,2021-12-10,False,2021,12,10,415,Aralık/10 (49. Hafta),297,Yabancı Para Pozisyonu,7,Yabancı Para Net Genel Pozisyonu (1+4),TOPLAM,"58.022,09",58022.09,TL,BDDK Haftalık Bülten
2021-12-10,2021-12-10,2021-12-10,False,2021,12,10,415,Aralık/10 (49. Hafta),297,Yabancı Para Pozisyonu,8,Yasal Özkaynak,TOPLAM,"872.828,72",872828.72,TL,BDDK Haftalık Bülten
2021-12-10,2021-12-10,2021-12-10,False,2021,12,10,415,Aralık/10 (49. Hafta),297,Yabancı Para Pozisyonu,9,Dövize Endeskli Varlıklar (Bilgi),TOPLAM,"25.197,61",25197.61,TL,BDDK Haftalık Bülten
2021-12-17,2021-12-17,2021-12-17,False,2021,12,17,416,Aralık/17 (50. Hafta),297,Yabancı Para Pozisyonu,1,Bilanço İçi Yabancı Para Pozisyonu (2-3),TOPLAM,"-653.724,01",-653724.01,TL,BDDK Haftalık Bülten
2021-12-17,2021-12-17,2021-12-17,False,2021,12,17,416,Aralık/17 (50. Hafta),297,Yabancı Para Pozisyonu,10,Dövize Endeksli Yükümlülükler (Bilgi),TOPLAM,"0,00",0.0,TL,BDDK Haftalık Bülten
2021-12-17,2021-12-17,2021-12-17,False,2021,12,17,416,Aralık/17 (50. Hafta),297,Yabancı Para Pozisyonu,2,a) Bilanço İçi Varlıklar,TOPLAM,"5.898.742,16",5898742.16,TL,BDDK Haftalık Bülten
2021-12-17,2021-12-17,2021-12-17,False,2021,12,17,416,Aralık/17 (50. Hafta),297,Yabancı Para Pozisyonu,3,b) Bilanço İçi Yükümlülükler,TOPLAM,"6.552.466,17",6552466.17,TL,BDDK Haftalık Bülten
2021-12-17,2021-12-17,2021-12-17,False,2021,12,17,416,Aralık/17 (50. Hafta),297,Yabancı Para Pozisyonu,4,Bilanço Dışı Yabancı Para Pozisyonu (5-6),TOPLAM,"704.831,90",704831.9,TL,BDDK Haftalık Bülten
2021-12-17,2021-12-17,2021-12-17,False,2021,12,17,416,Aralık/17 (50. Hafta),297,Yabancı Para Pozisyonu,5,a) Bilanço Dışı Varlıklar,TOPLAM,"2.361.223,62",2361223.62,TL,BDDK Haftalık Bülten
2021-12-17,2021-12-17,2021-12-17,False,2021,12,17,416,Aralık/17 (50. Hafta),297,Yabancı Para Pozisyonu,6,b) Bilanço Dışı Yükümlülükler,TOPLAM,"1.656.391,72",1656391.72,TL,BDDK Haftalık Bülten
2021-12-17,2021-12-17,2021-12-17,False,2021,12,17,416,Aralık/17 (50. Hafta),297,Yabancı Para Pozisyonu,7,Yabancı Para Net Genel Pozisyonu (1+4),TOPLAM,"51.107,89",51107.89,TL,BDDK Haftalık Bülten
2021-12-17,2021-12-17,2021-12-17,False,2021,12,17,416,Aralık/17 (50. Hafta),297,Yabancı Para Pozisyonu,8,Yasal Özkaynak,TOPLAM,"886.460,64",886460.64,TL,BDDK Haftalık Bülten
2021-12-17,2021-12-17,2021-12-17,False,2021,12,17,416,Aralık/17 (50. Hafta),297,Yabancı Para Pozisyonu,9,Dövize Endeskli Varlıklar (Bilgi),TOPLAM,"29.799,33",29799.33,TL,BDDK Haftalık Bülten
2021-12-24,2021-12-24,2021-12-24,False,2021,12,24,417,Aralık/24 (51. Hafta),297,Yabancı Para Pozisyonu,1,Bilanço İçi Yabancı Para Pozisyonu (2-3),TOPLAM,"-490.955,56",-490955.56,TL,BDDK Haftalık Bülten
2021-12-24,2021-12-24,2021-12-24,False,2021,12,24,417,Aralık/24 (51. Hafta),297,Yabancı Para Pozisyonu,10,Dövize Endeksli Yükümlülükler (Bilgi),TOPLAM,"0,00",0.0,TL,BDDK Haftalık Bülten
2021-12-24,2021-12-24,2021-12-24,False,2021,12,24,417,Aralık/24 (51. Hafta),297,Yabancı Para Pozisyonu,2,a) Bilanço İçi Varlıklar,TOPLAM,"4.200.590,53",4200590.53,TL,BDDK Haftalık Bülten
2021-12-24,2021-12-24,2021-12-24,False,2021,12,24,417,Aralık/24 (51. Hafta),297,Yabancı Para Pozisyonu,3,b) Bilanço İçi Yükümlülükler,TOPLAM,"4.691.546,09",4691546.09,TL,BDDK Haftalık Bülten
2021-12-24,2021-12-24,2021-12-24,False,2021,12,24,417,Aralık/24 (51. Hafta),297,Yabancı Para Pozisyonu,4,Bilanço Dışı Yabancı Para Pozisyonu (5-6),TOPLAM,"544.923,10",544923.1,TL,BDDK Haftalık Bülten
2021-12-24,2021-12-24,2021-12-24,False,2021,12,24,417,Aralık/24 (51. Hafta),297,Yabancı Para Pozisyonu,5,a) Bilanço Dışı Varlıklar,TOPLAM,"1.680.382,39",1680382.39,TL,BDDK Haftalık Bülten
2021-12-24,2021-12-24,2021-12-24,False,2021,12,24,417,Aralık/24 (51. Hafta),297,Yabancı Para Pozisyonu,6,b) Bilanço Dışı Yükümlülükler,TOPLAM,"1.135.459,29",1135459.29,TL,BDDK Haftalık Bülten
2021-12-24,2021-12-24,2021-12-24,False,2021,12,24,417,Aralık/24 (51. Hafta),297,Yabancı Para Pozisyonu,7,Yabancı Para Net Genel Pozisyonu (1+4),TOPLAM,"53.967,54",53967.54,TL,BDDK Haftalık Bülten
2021-12-24,2021-12-24,2021-12-24,False,2021,12,24,417,Aralık/24 (51. Hafta),297,Yabancı Para Pozisyonu,8,Yasal Özkaynak,TOPLAM,"931.178,37",931178.37,TL,BDDK Haftalık Bülten
2021-12-24,2021-12-24,2021-12-24,False,2021,12,24,417,Aralık/24 (51. Hafta),297,Yabancı Para Pozisyonu,9,Dövize Endeskli Varlıklar (Bilgi),TOPLAM,"20.532,41",20532.41,TL,BDDK Haftalık Bülten
2021-12-31,2021-12-31,2021-12-31,False,2021,12,31,418,Aralık/31 (52. Hafta),297,Yabancı Para Pozisyonu,1,Bilanço İçi Yabancı Para Pozisyonu (2-3),TOPLAM,"-562.940,16",-562940.16,TL,BDDK Haftalık Bülten
2021-12-31,2021-12-31,2021-12-31,False,2021,12,31,418,Aralık/31 (52. Hafta),297,Yabancı Para Pozisyonu,10,Dövize Endeksli Yükümlülükler (Bilgi),TOPLAM,"0,00",0.0,TL,BDDK Haftalık Bülten
2021-12-31,2021-12-31,2021-12-31,False,2021,12,31,418,Aralık/31 (52. Hafta),297,Yabancı Para Pozisyonu,2,a) Bilanço İçi Varlıklar,TOPLAM,"4.762.576,27",4762576.27,TL,BDDK Haftalık Bülten
2021-12-31,2021-12-31,2021-12-31,False,2021,12,31,418,Aralık/31 (52. Hafta),297,Yabancı Para Pozisyonu,3,b) Bilanço İçi Yükümlülükler,TOPLAM,"5.325.516,43",5325516.43,TL,BDDK Haftalık Bülten
2021-12-31,2021-12-31,2021-12-31,False,2021,12,31,418,Aralık/31 (52. Hafta),297,Yabancı Para Pozisyonu,4,Bilanço Dışı Yabancı Para Pozisyonu (5-6),TOPLAM,"622.374,25",622374.25,TL,BDDK Haftalık Bülten
2021-12-31,2021-12-31,2021-12-31,False,2021,12,31,418,Aralık/31 (52. Hafta),297,Yabancı Para Pozisyonu,5,a) Bilanço Dışı Varlıklar,TOPLAM,"1.955.444,51",1955444.51,TL,BDDK Haftalık Bülten
2021-12-31,2021-12-31,2021-12-31,False,2021,12,31,418,Aralık/31 (52. Hafta),297,Yabancı Para Pozisyonu,6,b) Bilanço Dışı Yükümlülükler,TOPLAM,"1.333.070,26",1333070.26,TL,BDDK Haftalık Bülten
2021-12-31,2021-12-31,2021-12-31,False,2021,12,31,418,Aralık/31 (52. Hafta),297,Yabancı Para Pozisyonu,7,Yabancı Para Net Genel Pozisyonu (1+4),TOPLAM,"59.434,09",59434.09,TL,BDDK Haftalık Bülten
2021-12-31,2021-12-31,2021-12-31,False,2021,12,31,418,Aralık/31 (52. Hafta),297,Yabancı Para Pozisyonu,8,Yasal Özkaynak,TOPLAM,"934.270,79",934270.79,TL,BDDK Haftalık Bülten
2021-12-31,2021-12-31,2021-12-31,False,2021,12,31,418,Aralık/31 (52. Hafta),297,Yabancı Para Pozisyonu,9,Dövize Endeskli Varlıklar (Bilgi),TOPLAM,"23.683,07",23683.07,TL,BDDK Haftalık Bülten
2022-01-07,2022-01-07,2022-01-07,False,2022,1,7,419,Ocak/07 (1. Hafta),297,Yabancı Para Pozisyonu,1,Bilanço İçi Yabancı Para Pozisyonu (2-3),TOPLAM,"-568.656,77",-568656.77,TL,BDDK Haftalık Bülten
2022-01-07,2022-01-07,2022-01-07,False,2022,1,7,419,Ocak/07 (1. Hafta),297,Yabancı Para Pozisyonu,10,Dövize Endeksli Yükümlülükler (Bilgi),TOPLAM,"0,00",0.0,TL,BDDK Haftalık Bülten
2022-01-07,2022-01-07,2022-01-07,False,2022,1,7,419,Ocak/07 (1. Hafta),297,Yabancı Para Pozisyonu,2,a) Bilanço İçi Varlıklar,TOPLAM,"4.911.621,31",4911621.31,TL,BDDK Haftalık Bülten
2022-01-07,2022-01-07,2022-01-07,False,2022,1,7,419,Ocak/07 (1. Hafta),297,Yabancı Para Pozisyonu,3,b) Bilanço İçi Yükümlülükler,TOPLAM,"5.480.278,08",5480278.08,TL,BDDK Haftalık Bülten
2022-01-07,2022-01-07,2022-01-07,False,2022,1,7,419,Ocak/07 (1. Hafta),297,Yabancı Para Pozisyonu,4,Bilanço Dışı Yabancı Para Pozisyonu (5-6),TOPLAM,"628.164,56",628164.56,TL,BDDK Haftalık Bülten
2022-01-07,2022-01-07,2022-01-07,False,2022,1,7,419,Ocak/07 (1. Hafta),297,Yabancı Para Pozisyonu,5,a) Bilanço Dışı Varlıklar,TOPLAM,"2.014.125,64",2014125.64,TL,BDDK Haftalık Bülten
2022-01-07,2022-01-07,2022-01-07,False,2022,1,7,419,Ocak/07 (1. Hafta),297,Yabancı Para Pozisyonu,6,b) Bilanço Dışı Yükümlülükler,TOPLAM,"1.385.961,08",1385961.08,TL,BDDK Haftalık Bülten
2022-01-07,2022-01-07,2022-01-07,False,2022,1,7,419,Ocak/07 (1. Hafta),297,Yabancı Para Pozisyonu,7,Yabancı Para Net Genel Pozisyonu (1+4),TOPLAM,"59.507,79",59507.79,TL,BDDK Haftalık Bülten
2022-01-07,2022-01-07,2022-01-07,False,2022,1,7,419,Ocak/07 (1. Hafta),297,Yabancı Para Pozisyonu,8,Yasal Özkaynak,TOPLAM,"936.180,30",936180.3,TL,BDDK Haftalık Bülten
2022-01-07,2022-01-07,2022-01-07,False,2022,1,7,419,Ocak/07 (1. Hafta),297,Yabancı Para Pozisyonu,9,Dövize Endeskli Varlıklar (Bilgi),TOPLAM,"23.706,56",23706.56,TL,BDDK Haftalık Bülten
2022-01-14,2022-01-14,2022-01-14,False,2022,1,14,420,Ocak/14 (2. Hafta),297,Yabancı Para Pozisyonu,1,Bilanço İçi Yabancı Para Pozisyonu (2-3),TOPLAM,"-543.420,38",-543420.38,TL,BDDK Haftalık Bülten
2022-01-14,2022-01-14,2022-01-14,False,2022,1,14,420,Ocak/14 (2. Hafta),297,Yabancı Para Pozisyonu,10,Dövize Endeksli Yükümlülükler (Bilgi),TOPLAM,"0,00",0.0,TL,BDDK Haftalık Bülten
2022-01-14,2022-01-14,2022-01-14,False,2022,1,14,420,Ocak/14 (2. Hafta),297,Yabancı Para Pozisyonu,2,a) Bilanço İçi Varlıklar,TOPLAM,"4.854.326,72",4854326.72,TL,BDDK Haftalık Bülten
2022-01-14,2022-01-14,2022-01-14,False,2022,1,14,420,Ocak/14 (2. Hafta),297,Yabancı Para Pozisyonu,3,b) Bilanço İçi Yükümlülükler,TOPLAM,"5.397.747,10",5397747.1,TL,BDDK Haftalık Bülten
2022-01-14,2022-01-14,2022-01-14,False,2022,1,14,420,Ocak/14 (2. Hafta),297,Yabancı Para Pozisyonu,4,Bilanço Dışı Yabancı Para Pozisyonu (5-6),TOPLAM,"603.965,73",603965.73,TL,BDDK Haftalık Bülten
2022-01-14,2022-01-14,2022-01-14,False,2022,1,14,420,Ocak/14 (2. Hafta),297,Yabancı Para Pozisyonu,5,a) Bilanço Dışı Varlıklar,TOPLAM,"1.962.228,76",1962228.76,TL,BDDK Haftalık Bülten
2022-01-14,2022-01-14,2022-01-14,False,2022,1,14,420,Ocak/14 (2. Hafta),297,Yabancı Para Pozisyonu,6,b) Bilanço Dışı Yükümlülükler,TOPLAM,"1.358.263,02",1358263.02,TL,BDDK Haftalık Bülten
2022-01-14,2022-01-14,2022-01-14,False,2022,1,14,420,Ocak/14 (2. Hafta),297,Yabancı Para Pozisyonu,7,Yabancı Para Net Genel Pozisyonu (1+4),TOPLAM,"60.545,35",60545.35,TL,BDDK Haftalık Bülten
2022-01-14,2022-01-14,2022-01-14,False,2022,1,14,420,Ocak/14 (2. Hafta),297,Yabancı Para Pozisyonu,8,Yasal Özkaynak,TOPLAM,"935.583,71",935583.71,TL,BDDK Haftalık Bülten
2022-01-14,2022-01-14,2022-01-14,False,2022,1,14,420,Ocak/14 (2. Hafta),297,Yabancı Para Pozisyonu,9,Dövize Endeskli Varlıklar (Bilgi),TOPLAM,"23.376,82",23376.82,TL,BDDK Haftalık Bülten
2022-01-21,2022-01-21,2022-01-21,False,2022,1,21,421,Ocak/21 (3. Hafta),297,Yabancı Para Pozisyonu,1,Bilanço İçi Yabancı Para Pozisyonu (2-3),TOPLAM,"-548.112,76",-548112.76,TL,BDDK Haftalık Bülten
2022-01-21,2022-01-21,2022-01-21,False,2022,1,21,421,Ocak/21 (3. Hafta),297,Yabancı Para Pozisyonu,10,Dövize Endeksli Yükümlülükler (Bilgi),TOPLAM,"0,00",0.0,TL,BDDK Haftalık Bülten
2022-01-21,2022-01-21,2022-01-21,False,2022,1,21,421,Ocak/21 (3. Hafta),297,Yabancı Para Pozisyonu,2,a) Bilanço İçi Varlıklar,TOPLAM,"4.775.358,11",4775358.11,TL,BDDK Haftalık Bülten
2022-01-21,2022-01-21,2022-01-21,False,2022,1,21,421,Ocak/21 (3. Hafta),297,Yabancı Para Pozisyonu,3,b) Bilanço İçi Yükümlülükler,TOPLAM,"5.323.470,87",5323470.87,TL,BDDK Haftalık Bülten
2022-01-21,2022-01-21,2022-01-21,False,2022,1,21,421,Ocak/21 (3. Hafta),297,Yabancı Para Pozisyonu,4,Bilanço Dışı Yabancı Para Pozisyonu (5-6),TOPLAM,"611.592,18",611592.18,TL,BDDK Haftalık Bülten
2022-01-21,2022-01-21,2022-01-21,False,2022,1,21,421,Ocak/21 (3. Hafta),297,Yabancı Para Pozisyonu,5,a) Bilanço Dışı Varlıklar,TOPLAM,"1.935.179,61",1935179.61,TL,BDDK Haftalık Bülten
2022-01-21,2022-01-21,2022-01-21,False,2022,1,21,421,Ocak/21 (3. Hafta),297,Yabancı Para Pozisyonu,6,b) Bilanço Dışı Yükümlülükler,TOPLAM,"1.323.587,43",1323587.43,TL,BDDK Haftalık Bülten
2022-01-21,2022-01-21,2022-01-21,False,2022,1,21,421,Ocak/21 (3. Hafta),297,Yabancı Para Pozisyonu,7,Yabancı Para Net Genel Pozisyonu (1+4),TOPLAM,"63.479,43",63479.43,TL,BDDK Haftalık Bülten
2022-01-21,2022-01-21,2022-01-21,False,2022,1,21,421,Ocak/21 (3. Hafta),297,Yabancı Para Pozisyonu,8,Yasal Özkaynak,TOPLAM,"952.690,98",952690.98,TL,BDDK Haftalık Bülten
2022-01-21,2022-01-21,2022-01-21,False,2022,1,21,421,Ocak/21 (3. Hafta),297,Yabancı Para Pozisyonu,9,Dövize Endeskli Varlıklar (Bilgi),TOPLAM,"23.121,19",23121.19,TL,BDDK Haftalık Bülten
2022-01-28,2022-01-28,2022-01-28,False,2022,1,28,422,Ocak/28 (4. Hafta),297,Yabancı Para Pozisyonu,1,Bilanço İçi Yabancı Para Pozisyonu (2-3),TOPLAM,"-544.450,89",-544450.89,TL,BDDK Haftalık Bülten
2022-01-28,2022-01-28,2022-01-28,False,2022,1,28,422,Ocak/28 (4. Hafta),297,Yabancı Para Pozisyonu,10,Dövize Endeksli Yükümlülükler (Bilgi),TOPLAM,"0,00",0.0,TL,BDDK Haftalık Bülten
2022-01-28,2022-01-28,2022-01-28,False,2022,1,28,422,Ocak/28 (4. Hafta),297,Yabancı Para Pozisyonu,2,a) Bilanço İçi Varlıklar,TOPLAM,"4.782.286,43",4782286.43,TL,BDDK Haftalık Bülten
2022-01-28,2022-01-28,2022-01-28,False,2022,1,28,422,Ocak/28 (4. Hafta),297,Yabancı Para Pozisyonu,3,b) Bilanço İçi Yükümlülükler,TOPLAM,"5.326.737,32",5326737.32,TL,BDDK Haftalık Bülten
2022-01-28,2022-01-28,2022-01-28,False,2022,1,28,422,Ocak/28 (4. Hafta),297,Yabancı Para Pozisyonu,4,Bilanço Dışı Yabancı Para Pozisyonu (5-6),TOPLAM,"608.095,88",608095.88,TL,BDDK Haftalık Bülten
2022-01-28,2022-01-28,2022-01-28,False,2022,1,28,422,Ocak/28 (4. Hafta),297,Yabancı Para Pozisyonu,5,a) Bilanço Dışı Varlıklar,TOPLAM,"1.956.544,56",1956544.56,TL,BDDK Haftalık Bülten
2022-01-28,2022-01-28,2022-01-28,False,2022,1,28,422,Ocak/28 (4. Hafta),297,Yabancı Para Pozisyonu,6,b) Bilanço Dışı Yükümlülükler,TOPLAM,"1.348.448,68",1348448.68,TL,BDDK Haftalık Bülten
2022-01-28,2022-01-28,2022-01-28,False,2022,1,28,422,Ocak/28 (4. Hafta),297,Yabancı Para Pozisyonu,7,Yabancı Para Net Genel Pozisyonu (1+4),TOPLAM,"63.645,00",63645.0,TL,BDDK Haftalık Bülten
2022-01-28,2022-01-28,2022-01-28,False,2022,1,28,422,Ocak/28 (4. Hafta),297,Yabancı Para Pozisyonu,8,Yasal Özkaynak,TOPLAM,"965.791,39",965791.39,TL,BDDK Haftalık Bülten
2022-01-28,2022-01-28,2022-01-28,False,2022,1,28,422,Ocak/28 (4. Hafta),297,Yabancı Para Pozisyonu,9,Dövize Endeskli Varlıklar (Bilgi),TOPLAM,"22.907,39",22907.39,TL,BDDK Haftalık Bülten
2022-02-04,2022-02-04,2022-02-04,False,2022,2,4,423,Şubat/04 (5. Hafta),297,Yabancı Para Pozisyonu,1,Bilanço İçi Yabancı Para Pozisyonu (2-3),TOPLAM,"-523.056,44",-523056.44,TL,BDDK Haftalık Bülten
2022-02-04,2022-02-04,2022-02-04,False,2022,2,4,423,Şubat/04 (5. Hafta),297,Yabancı Para Pozisyonu,10,Dövize Endeksli Yükümlülükler (Bilgi),TOPLAM,"0,00",0.0,TL,BDDK Haftalık Bülten
2022-02-04,2022-02-04,2022-02-04,False,2022,2,4,423,Şubat/04 (5. Hafta),297,Yabancı Para Pozisyonu,2,a) Bilanço İçi Varlıklar,TOPLAM,"4.749.508,90",4749508.9,TL,BDDK Haftalık Bülten
2022-02-04,2022-02-04,2022-02-04,False,2022,2,4,423,Şubat/04 (5. Hafta),297,Yabancı Para Pozisyonu,3,b) Bilanço İçi Yükümlülükler,TOPLAM,"5.272.565,35",5272565.35,TL,BDDK Haftalık Bülten
2022-02-04,2022-02-04,2022-02-04,False,2022,2,4,423,Şubat/04 (5. Hafta),297,Yabancı Para Pozisyonu,4,Bilanço Dışı Yabancı Para Pozisyonu (5-6),TOPLAM,"587.878,26",587878.26,TL,BDDK Haftalık Bülten
2022-02-04,2022-02-04,2022-02-04,False,2022,2,4,423,Şubat/04 (5. Hafta),297,Yabancı Para Pozisyonu,5,a) Bilanço Dışı Varlıklar,TOPLAM,"1.914.528,60",1914528.6,TL,BDDK Haftalık Bülten
2022-02-04,2022-02-04,2022-02-04,False,2022,2,4,423,Şubat/04 (5. Hafta),297,Yabancı Para Pozisyonu,6,b) Bilanço Dışı Yükümlülükler,TOPLAM,"1.326.650,34",1326650.34,TL,BDDK Haftalık Bülten
2022-02-04,2022-02-04,2022-02-04,False,2022,2,4,423,Şubat/04 (5. Hafta),297,Yabancı Para Pozisyonu,7,Yabancı Para Net Genel Pozisyonu (1+4),TOPLAM,"64.821,82",64821.82,TL,BDDK Haftalık Bülten
2022-02-04,2022-02-04,2022-02-04,False,2022,2,4,423,Şubat/04 (5. Hafta),297,Yabancı Para Pozisyonu,8,Yasal Özkaynak,TOPLAM,"969.650,00",969650.0,TL,BDDK Haftalık Bülten
2022-02-04,2022-02-04,2022-02-04,False,2022,2,4,423,Şubat/04 (5. Hafta),297,Yabancı Para Pozisyonu,9,Dövize Endeskli Varlıklar (Bilgi),TOPLAM,"22.224,56",22224.56,TL,BDDK Haftalık Bülten
2022-02-11,2022-02-11,2022-02-11,False,2022,2,11,424,Şubat/11 (6. Hafta),297,Yabancı Para Pozisyonu,1,Bilanço İçi Yabancı Para Pozisyonu (2-3),TOPLAM,"-486.175,98",-486175.98,TL,BDDK Haftalık Bülten
2022-02-11,2022-02-11,2022-02-11,False,2022,2,11,424,Şubat/11 (6. Hafta),297,Yabancı Para Pozisyonu,10,Dövize Endeksli Yükümlülükler (Bilgi),TOPLAM,"0,00",0.0,TL,BDDK Haftalık Bülten
2022-02-11,2022-02-11,2022-02-11,False,2022,2,11,424,Şubat/11 (6. Hafta),297,Yabancı Para Pozisyonu,2,a) Bilanço İçi Varlıklar,TOPLAM,"4.743.312,00",4743312.0,TL,BDDK Haftalık Bülten
2022-02-11,2022-02-11,2022-02-11,False,2022,2,11,424,Şubat/11 (6. Hafta),297,Yabancı Para Pozisyonu,3,b) Bilanço İçi Yükümlülükler,TOPLAM,"5.229.487,98",5229487.98,TL,BDDK Haftalık Bülten
2022-02-11,2022-02-11,2022-02-11,False,2022,2,11,424,Şubat/11 (6. Hafta),297,Yabancı Para Pozisyonu,4,Bilanço Dışı Yabancı Para Pozisyonu (5-6),TOPLAM,"554.912,05",554912.05,TL,BDDK Haftalık Bülten
2022-02-11,2022-02-11,2022-02-11,False,2022,2,11,424,Şubat/11 (6. Hafta),297,Yabancı Para Pozisyonu,5,a) Bilanço Dışı Varlıklar,TOPLAM,"1.884.847,08",1884847.08,TL,BDDK Haftalık Bülten
2022-02-11,2022-02-11,2022-02-11,False,2022,2,11,424,Şubat/11 (6. Hafta),297,Yabancı Para Pozisyonu,6,b) Bilanço Dışı Yükümlülükler,TOPLAM,"1.329.935,03",1329935.03,TL,BDDK Haftalık Bülten
2022-02-11,2022-02-11,2022-02-11,False,2022,2,11,424,Şubat/11 (6. Hafta),297,Yabancı Para Pozisyonu,7,Yabancı Para Net Genel Pozisyonu (1+4),TOPLAM,"68.736,07",68736.07,TL,BDDK Haftalık Bülten
2022-02-11,2022-02-11,2022-02-11,False,2022,2,11,424,Şubat/11 (6. Hafta),297,Yabancı Para Pozisyonu,8,Yasal Özkaynak,TOPLAM,"972.091,70",972091.7,TL,BDDK Haftalık Bülten
2022-02-11,2022-02-11,2022-02-11,False,2022,2,11,424,Şubat/11 (6. Hafta),297,Yabancı Para Pozisyonu,9,Dövize Endeskli Varlıklar (Bilgi),TOPLAM,"22.260,50",22260.5,TL,BDDK Haftalık Bülten
2022-02-18,2022-02-18,2022-02-18,False,2022,2,18,425,Şubat/18 (7. Hafta),297,Yabancı Para Pozisyonu,1,Bilanço İçi Yabancı Para Pozisyonu (2-3),TOPLAM,"-470.368,54",-470368.54,TL,BDDK Haftalık Bülten
2022-02-18,2022-02-18,2022-02-18,False,2022,2,18,425,Şubat/18 (7. Hafta),297,Yabancı Para Pozisyonu,10,Dövize Endeksli Yükümlülükler (Bilgi),TOPLAM,"0,00",0.0,TL,BDDK Haftalık Bülten
2022-02-18,2022-02-18,2022-02-18,False,2022,2,18,425,Şubat/18 (7. Hafta),297,Yabancı Para Pozisyonu,2,a) Bilanço İçi Varlıklar,TOPLAM,"4.706.407,56",4706407.56,TL,BDDK Haftalık Bülten
2022-02-18,2022-02-18,2022-02-18,False,2022,2,18,425,Şubat/18 (7. Hafta),297,Yabancı Para Pozisyonu,3,b) Bilanço İçi Yükümlülükler,TOPLAM,"5.176.776,11",5176776.11,TL,BDDK Haftalık Bülten
2022-02-18,2022-02-18,2022-02-18,False,2022,2,18,425,Şubat/18 (7. Hafta),297,Yabancı Para Pozisyonu,4,Bilanço Dışı Yabancı Para Pozisyonu (5-6),TOPLAM,"537.722,50",537722.5,TL,BDDK Haftalık Bülten
2022-02-18,2022-02-18,2022-02-18,False,2022,2,18,425,Şubat/18 (7. Hafta),297,Yabancı Para Pozisyonu,5,a) Bilanço Dışı Varlıklar,TOPLAM,"1.839.805,54",1839805.54,TL,BDDK Haftalık Bülten
2022-02-18,2022-02-18,2022-02-18,False,2022,2,18,425,Şubat/18 (7. Hafta),297,Yabancı Para Pozisyonu,6,b) Bilanço Dışı Yükümlülükler,TOPLAM,"1.302.083,04",1302083.04,TL,BDDK Haftalık Bülten
2022-02-18,2022-02-18,2022-02-18,False,2022,2,18,425,Şubat/18 (7. Hafta),297,Yabancı Para Pozisyonu,7,Yabancı Para Net Genel Pozisyonu (1+4),TOPLAM,"67.353,95",67353.95,TL,BDDK Haftalık Bülten
2022-02-18,2022-02-18,2022-02-18,False,2022,2,18,425,Şubat/18 (7. Hafta),297,Yabancı Para Pozisyonu,8,Yasal Özkaynak,TOPLAM,"980.999,22",980999.22,TL,BDDK Haftalık Bülten
2022-02-18,2022-02-18,2022-02-18,False,2022,2,18,425,Şubat/18 (7. Hafta),297,Yabancı Para Pozisyonu,9,Dövize Endeskli Varlıklar (Bilgi),TOPLAM,"22.645,10",22645.1,TL,BDDK Haftalık Bülten
2022-02-25,2022-02-25,2022-02-25,False,2022,2,25,426,Şubat/25 (8. Hafta),297,Yabancı Para Pozisyonu,1,Bilanço İçi Yabancı Para Pozisyonu (2-3),TOPLAM,"-435.453,87",-435453.87,TL,BDDK Haftalık Bülten
2022-02-25,2022-02-25,2022-02-25,False,2022,2,25,426,Şubat/25 (8. Hafta),297,Yabancı Para Pozisyonu,10,Dövize Endeksli Yükümlülükler (Bilgi),TOPLAM,"0,00",0.0,TL,BDDK Haftalık Bülten
2022-02-25,2022-02-25,2022-02-25,False,2022,2,25,426,Şubat/25 (8. Hafta),297,Yabancı Para Pozisyonu,2,a) Bilanço İçi Varlıklar,TOPLAM,"4.853.996,34",4853996.34,TL,BDDK Haftalık Bülten
2022-02-25,2022-02-25,2022-02-25,False,2022,2,25,426,Şubat/25 (8. Hafta),297,Yabancı Para Pozisyonu,3,b) Bilanço İçi Yükümlülükler,TOPLAM,"5.289.450,21",5289450.21,TL,BDDK Haftalık Bülten
2022-02-25,2022-02-25,2022-02-25,False,2022,2,25,426,Şubat/25 (8. Hafta),297,Yabancı Para Pozisyonu,4,Bilanço Dışı Yabancı Para Pozisyonu (5-6),TOPLAM,"502.228,87",502228.87,TL,BDDK Haftalık Bülten
2022-02-25,2022-02-25,2022-02-25,False,2022,2,25,426,Şubat/25 (8. Hafta),297,Yabancı Para Pozisyonu,5,a) Bilanço Dışı Varlıklar,TOPLAM,"1.949.095,11",1949095.11,TL,BDDK Haftalık Bülten
2022-02-25,2022-02-25,2022-02-25,False,2022,2,25,426,Şubat/25 (8. Hafta),297,Yabancı Para Pozisyonu,6,b) Bilanço Dışı Yükümlülükler,TOPLAM,"1.446.866,24",1446866.24,TL,BDDK Haftalık Bülten
2022-02-25,2022-02-25,2022-02-25,False,2022,2,25,426,Şubat/25 (8. Hafta),297,Yabancı Para Pozisyonu,7,Yabancı Para Net Genel Pozisyonu (1+4),TOPLAM,"66.775,00",66775.0,TL,BDDK Haftalık Bülten
2022-02-25,2022-02-25,2022-02-25,False,2022,2,25,426,Şubat/25 (8. Hafta),297,Yabancı Para Pozisyonu,8,Yasal Özkaynak,TOPLAM,"1.005.272,49",1005272.49,TL,BDDK Haftalık Bülten
2022-02-25,2022-02-25,2022-02-25,False,2022,2,25,426,Şubat/25 (8. Hafta),297,Yabancı Para Pozisyonu,9,Dövize Endeskli Varlıklar (Bilgi),TOPLAM,"22.916,93",22916.93,TL,BDDK Haftalık Bülten
2022-03-04,2022-03-04,2022-03-04,False,2022,3,4,427,Mart/04 (9. Hafta),297,Yabancı Para Pozisyonu,1,Bilanço İçi Yabancı Para Pozisyonu (2-3),TOPLAM,"-445.879,44",-445879.44,TL,BDDK Haftalık Bülten
2022-03-04,2022-03-04,2022-03-04,False,2022,3,4,427,Mart/04 (9. Hafta),297,Yabancı Para Pozisyonu,10,Dövize Endeksli Yükümlülükler (Bilgi),TOPLAM,"0,00",0.0,TL,BDDK Haftalık Bülten
2022-03-04,2022-03-04,2022-03-04,False,2022,3,4,427,Mart/04 (9. Hafta),297,Yabancı Para Pozisyonu,2,a) Bilanço İçi Varlıklar,TOPLAM,"4.876.133,16",4876133.16,TL,BDDK Haftalık Bülten
2022-03-04,2022-03-04,2022-03-04,False,2022,3,4,427,Mart/04 (9. Hafta),297,Yabancı Para Pozisyonu,3,b) Bilanço İçi Yükümlülükler,TOPLAM,"5.322.012,60",5322012.6,TL,BDDK Haftalık Bülten
2022-03-04,2022-03-04,2022-03-04,False,2022,3,4,427,Mart/04 (9. Hafta),297,Yabancı Para Pozisyonu,4,Bilanço Dışı Yabancı Para Pozisyonu (5-6),TOPLAM,"505.652,70",505652.7,TL,BDDK Haftalık Bülten
2022-03-04,2022-03-04,2022-03-04,False,2022,3,4,427,Mart/04 (9. Hafta),297,Yabancı Para Pozisyonu,5,a) Bilanço Dışı Varlıklar,TOPLAM,"1.936.162,90",1936162.9,TL,BDDK Haftalık Bülten
2022-03-04,2022-03-04,2022-03-04,False,2022,3,4,427,Mart/04 (9. Hafta),297,Yabancı Para Pozisyonu,6,b) Bilanço Dışı Yükümlülükler,TOPLAM,"1.430.510,20",1430510.2,TL,BDDK Haftalık Bülten
2022-03-04,2022-03-04,2022-03-04,False,2022,3,4,427,Mart/04 (9. Hafta),297,Yabancı Para Pozisyonu,7,Yabancı Para Net Genel Pozisyonu (1+4),TOPLAM,"59.773,26",59773.26,TL,BDDK Haftalık Bülten
2022-03-04,2022-03-04,2022-03-04,False,2022,3,4,427,Mart/04 (9. Hafta),297,Yabancı Para Pozisyonu,8,Yasal Özkaynak,TOPLAM,"1.006.172,98",1006172.98,TL,BDDK Haftalık Bülten
2022-03-04,2022-03-04,2022-03-04,False,2022,3,4,427,Mart/04 (9. Hafta),297,Yabancı Para Pozisyonu,9,Dövize Endeskli Varlıklar (Bilgi),TOPLAM,"23.626,81",23626.81,TL,BDDK Haftalık Bülten
2022-03-11,2022-03-11,2022-03-11,False,2022,3,11,428,Mart/11 (10. Hafta),297,Yabancı Para Pozisyonu,1,Bilanço İçi Yabancı Para Pozisyonu (2-3),TOPLAM,"-437.201,33",-437201.33,TL,BDDK Haftalık Bülten
2022-03-11,2022-03-11,2022-03-11,False,2022,3,11,428,Mart/11 (10. Hafta),297,Yabancı Para Pozisyonu,10,Dövize Endeksli Yükümlülükler (Bilgi),TOPLAM,"0,00",0.0,TL,BDDK Haftalık Bülten
2022-03-11,2022-03-11,2022-03-11,False,2022,3,11,428,Mart/11 (10. Hafta),297,Yabancı Para Pozisyonu,2,a) Bilanço İçi Varlıklar,TOPLAM,"5.134.241,93",5134241.93,TL,BDDK Haftalık Bülten
2022-03-11,2022-03-11,2022-03-11,False,2022,3,11,428,Mart/11 (10. Hafta),297,Yabancı Para Pozisyonu,3,b) Bilanço İçi Yükümlülükler,TOPLAM,"5.571.443,26",5571443.26,TL,BDDK Haftalık Bülten
2022-03-11,2022-03-11,2022-03-11,False,2022,3,11,428,Mart/11 (10. Hafta),297,Yabancı Para Pozisyonu,4,Bilanço Dışı Yabancı Para Pozisyonu (5-6),TOPLAM,"499.738,35",499738.35,TL,BDDK Haftalık Bülten
2022-03-11,2022-03-11,2022-03-11,False,2022,3,11,428,Mart/11 (10. Hafta),297,Yabancı Para Pozisyonu,5,a) Bilanço Dışı Varlıklar,TOPLAM,"2.045.878,06",2045878.06,TL,BDDK Haftalık Bülten
2022-03-11,2022-03-11,2022-03-11,False,2022,3,11,428,Mart/11 (10. Hafta),297,Yabancı Para Pozisyonu,6,b) Bilanço Dışı Yükümlülükler,TOPLAM,"1.546.139,71",1546139.71,TL,BDDK Haftalık Bülten
2022-03-11,2022-03-11,2022-03-11,False,2022,3,11,428,Mart/11 (10. Hafta),297,Yabancı Para Pozisyonu,7,Yabancı Para Net Genel Pozisyonu (1+4),TOPLAM,"62.537,02",62537.02,TL,BDDK Haftalık Bülten
2022-03-11,2022-03-11,2022-03-11,False,2022,3,11,428,Mart/11 (10. Hafta),297,Yabancı Para Pozisyonu,8,Yasal Özkaynak,TOPLAM,"1.006.176,94",1006176.94,TL,BDDK Haftalık Bülten
2022-03-11,2022-03-11,2022-03-11,False,2022,3,11,428,Mart/11 (10. Hafta),297,Yabancı Para Pozisyonu,9,Dövize Endeskli Varlıklar (Bilgi),TOPLAM,"24.504,10",24504.1,TL,BDDK Haftalık Bülten
2022-03-18,2022-03-18,2022-03-18,False,2022,3,18,429,Mart/18 (11. Hafta),297,Yabancı Para Pozisyonu,1,Bilanço İçi Yabancı Para Pozisyonu (2-3),TOPLAM,"-464.784,75",-464784.75,TL,BDDK Haftalık Bülten
2022-03-18,2022-03-18,2022-03-18,False,2022,3,18,429,Mart/18 (11. Hafta),297,Yabancı Para Pozisyonu,10,Dövize Endeksli Yükümlülükler (Bilgi),TOPLAM,"0,00",0.0,TL,BDDK Haftalık Bülten
2022-03-18,2022-03-18,2022-03-18,False,2022,3,18,429,Mart/18 (11. Hafta),297,Yabancı Para Pozisyonu,2,a) Bilanço İçi Varlıklar,TOPLAM,"5.087.205,07",5087205.07,TL,BDDK Haftalık Bülten
2022-03-18,2022-03-18,2022-03-18,False,2022,3,18,429,Mart/18 (11. Hafta),297,Yabancı Para Pozisyonu,3,b) Bilanço İçi Yükümlülükler,TOPLAM,"5.551.989,81",5551989.81,TL,BDDK Haftalık Bülten
2022-03-18,2022-03-18,2022-03-18,False,2022,3,18,429,Mart/18 (11. Hafta),297,Yabancı Para Pozisyonu,4,Bilanço Dışı Yabancı Para Pozisyonu (5-6),TOPLAM,"535.861,24",535861.24,TL,BDDK Haftalık Bülten
2022-03-18,2022-03-18,2022-03-18,False,2022,3,18,429,Mart/18 (11. Hafta),297,Yabancı Para Pozisyonu,5,a) Bilanço Dışı Varlıklar,TOPLAM,"2.020.286,11",2020286.11,TL,BDDK Haftalık Bülten
2022-03-18,2022-03-18,2022-03-18,False,2022,3,18,429,Mart/18 (11. Hafta),297,Yabancı Para Pozisyonu,6,b) Bilanço Dışı Yükümlülükler,TOPLAM,"1.484.424,87",1484424.87,TL,BDDK Haftalık Bülten
2022-03-18,2022-03-18,2022-03-18,False,2022,3,18,429,Mart/18 (11. Hafta),297,Yabancı Para Pozisyonu,7,Yabancı Para Net Genel Pozisyonu (1+4),TOPLAM,"71.076,49",71076.49,TL,BDDK Haftalık Bülten
2022-03-18,2022-03-18,2022-03-18,False,2022,3,18,429,Mart/18 (11. Hafta),297,Yabancı Para Pozisyonu,8,Yasal Özkaynak,TOPLAM,"1.021.955,82",1021955.82,TL,BDDK Haftalık Bülten
2022-03-18,2022-03-18,2022-03-18,False,2022,3,18,429,Mart/18 (11. Hafta),297,Yabancı Para Pozisyonu,9,Dövize Endeskli Varlıklar (Bilgi),TOPLAM,"24.209,24",24209.24,TL,BDDK Haftalık Bülten
2022-03-25,2022-03-25,2022-03-25,False,2022,3,25,430,Mart/25 (12. Hafta),297,Yabancı Para Pozisyonu,1,Bilanço İçi Yabancı Para Pozisyonu (2-3),TOPLAM,"-466.113,18",-466113.18,TL,BDDK Haftalık Bülten
2022-03-25,2022-03-25,2022-03-25,False,2022,3,25,430,Mart/25 (12. Hafta),297,Yabancı Para Pozisyonu,10,Dövize Endeksli Yükümlülükler (Bilgi),TOPLAM,"0,00",0.0,TL,BDDK Haftalık Bülten
2022-03-25,2022-03-25,2022-03-25,False,2022,3,25,430,Mart/25 (12. Hafta),297,Yabancı Para Pozisyonu,2,a) Bilanço İçi Varlıklar,TOPLAM,"5.154.703,96",5154703.96,TL,BDDK Haftalık Bülten
2022-03-25,2022-03-25,2022-03-25,False,2022,3,25,430,Mart/25 (12. Hafta),297,Yabancı Para Pozisyonu,3,b) Bilanço İçi Yükümlülükler,TOPLAM,"5.620.817,15",5620817.15,TL,BDDK Haftalık Bülten
2022-03-25,2022-03-25,2022-03-25,False,2022,3,25,430,Mart/25 (12. Hafta),297,Yabancı Para Pozisyonu,4,Bilanço Dışı Yabancı Para Pozisyonu (5-6),TOPLAM,"541.136,30",541136.3,TL,BDDK Haftalık Bülten
2022-03-25,2022-03-25,2022-03-25,False,2022,3,25,430,Mart/25 (12. Hafta),297,Yabancı Para Pozisyonu,5,a) Bilanço Dışı Varlıklar,TOPLAM,"2.029.829,83",2029829.83,TL,BDDK Haftalık Bülten
2022-03-25,2022-03-25,2022-03-25,False,2022,3,25,430,Mart/25 (12. Hafta),297,Yabancı Para Pozisyonu,6,b) Bilanço Dışı Yükümlülükler,TOPLAM,"1.488.693,53",1488693.53,TL,BDDK Haftalık Bülten
2022-03-25,2022-03-25,2022-03-25,False,2022,3,25,430,Mart/25 (12. Hafta),297,Yabancı Para Pozisyonu,7,Yabancı Para Net Genel Pozisyonu (1+4),TOPLAM,"75.023,12",75023.12,TL,BDDK Haftalık Bülten
2022-03-25,2022-03-25,2022-03-25,False,2022,3,25,430,Mart/25 (12. Hafta),297,Yabancı Para Pozisyonu,8,Yasal Özkaynak,TOPLAM,"1.057.548,98",1057548.98,TL,BDDK Haftalık Bülten
2022-03-25,2022-03-25,2022-03-25,False,2022,3,25,430,Mart/25 (12. Hafta),297,Yabancı Para Pozisyonu,9,Dövize Endeskli Varlıklar (Bilgi),TOPLAM,"24.275,19",24275.19,TL,BDDK Haftalık Bülten
2022-04-01,2022-04-01,2022-04-01,False,2022,4,1,431,Nisan/01 (13. Hafta),297,Yabancı Para Pozisyonu,1,Bilanço İçi Yabancı Para Pozisyonu (2-3),TOPLAM,"-456.464,39",-456464.39,TL,BDDK Haftalık Bülten
2022-04-01,2022-04-01,2022-04-01,False,2022,4,1,431,Nisan/01 (13. Hafta),297,Yabancı Para Pozisyonu,10,Dövize Endeksli Yükümlülükler (Bilgi),TOPLAM,"0,00",0.0,TL,BDDK Haftalık Bülten
2022-04-01,2022-04-01,2022-04-01,False,2022,4,1,431,Nisan/01 (13. Hafta),297,Yabancı Para Pozisyonu,2,a) Bilanço İçi Varlıklar,TOPLAM,"5.068.007,91",5068007.91,TL,BDDK Haftalık Bülten
2022-04-01,2022-04-01,2022-04-01,False,2022,4,1,431,Nisan/01 (13. Hafta),297,Yabancı Para Pozisyonu,3,b) Bilanço İçi Yükümlülükler,TOPLAM,"5.524.472,30",5524472.3,TL,BDDK Haftalık Bülten
2022-04-01,2022-04-01,2022-04-01,False,2022,4,1,431,Nisan/01 (13. Hafta),297,Yabancı Para Pozisyonu,4,Bilanço Dışı Yabancı Para Pozisyonu (5-6),TOPLAM,"527.432,96",527432.96,TL,BDDK Haftalık Bülten
2022-04-01,2022-04-01,2022-04-01,False,2022,4,1,431,Nisan/01 (13. Hafta),297,Yabancı Para Pozisyonu,5,a) Bilanço Dışı Varlıklar,TOPLAM,"2.018.520,51",2018520.51,TL,BDDK Haftalık Bülten
2022-04-01,2022-04-01,2022-04-01,False,2022,4,1,431,Nisan/01 (13. Hafta),297,Yabancı Para Pozisyonu,6,b) Bilanço Dışı Yükümlülükler,TOPLAM,"1.491.087,55",1491087.55,TL,BDDK Haftalık Bülten
2022-04-01,2022-04-01,2022-04-01,False,2022,4,1,431,Nisan/01 (13. Hafta),297,Yabancı Para Pozisyonu,7,Yabancı Para Net Genel Pozisyonu (1+4),TOPLAM,"70.968,57",70968.57,TL,BDDK Haftalık Bülten
2022-04-01,2022-04-01,2022-04-01,False,2022,4,1,431,Nisan/01 (13. Hafta),297,Yabancı Para Pozisyonu,8,Yasal Özkaynak,TOPLAM,"1.057.776,52",1057776.52,TL,BDDK Haftalık Bülten
2022-04-01,2022-04-01,2022-04-01,False,2022,4,1,431,Nisan/01 (13. Hafta),297,Yabancı Para Pozisyonu,9,Dövize Endeskli Varlıklar (Bilgi),TOPLAM,"10.563,02",10563.02,TL,BDDK Haftalık Bülten
2022-04-08,2022-04-08,2022-04-08,False,2022,4,8,432,Nisan/08 (14. Hafta),297,Yabancı Para Pozisyonu,1,Bilanço İçi Yabancı Para Pozisyonu (2-3),TOPLAM,"-483.377,79",-483377.79,TL,BDDK Haftalık Bülten
2022-04-08,2022-04-08,2022-04-08,False,2022,4,8,432,Nisan/08 (14. Hafta),297,Yabancı Para Pozisyonu,10,Dövize Endeksli Yükümlülükler (Bilgi),TOPLAM,"0,00",0.0,TL,BDDK Haftalık Bülten
2022-04-08,2022-04-08,2022-04-08,False,2022,4,8,432,Nisan/08 (14. Hafta),297,Yabancı Para Pozisyonu,2,a) Bilanço İçi Varlıklar,TOPLAM,"5.062.979,76",5062979.76,TL,BDDK Haftalık Bülten
2022-04-08,2022-04-08,2022-04-08,False,2022,4,8,432,Nisan/08 (14. Hafta),297,Yabancı Para Pozisyonu,3,b) Bilanço İçi Yükümlülükler,TOPLAM,"5.546.357,55",5546357.55,TL,BDDK Haftalık Bülten
2022-04-08,2022-04-08,2022-04-08,False,2022,4,8,432,Nisan/08 (14. Hafta),297,Yabancı Para Pozisyonu,4,Bilanço Dışı Yabancı Para Pozisyonu (5-6),TOPLAM,"553.195,34",553195.34,TL,BDDK Haftalık Bülten
2022-04-08,2022-04-08,2022-04-08,False,2022,4,8,432,Nisan/08 (14. Hafta),297,Yabancı Para Pozisyonu,5,a) Bilanço Dışı Varlıklar,TOPLAM,"2.023.221,41",2023221.41,TL,BDDK Haftalık Bülten
2022-04-08,2022-04-08,2022-04-08,False,2022,4,8,432,Nisan/08 (14. Hafta),297,Yabancı Para Pozisyonu,6,b) Bilanço Dışı Yükümlülükler,TOPLAM,"1.470.026,07",1470026.07,TL,BDDK Haftalık Bülten
2022-04-08,2022-04-08,2022-04-08,False,2022,4,8,432,Nisan/08 (14. Hafta),297,Yabancı Para Pozisyonu,7,Yabancı Para Net Genel Pozisyonu (1+4),TOPLAM,"69.817,55",69817.55,TL,BDDK Haftalık Bülten
2022-04-08,2022-04-08,2022-04-08,False,2022,4,8,432,Nisan/08 (14. Hafta),297,Yabancı Para Pozisyonu,8,Yasal Özkaynak,TOPLAM,"1.057.825,76",1057825.76,TL,BDDK Haftalık Bülten
2022-04-08,2022-04-08,2022-04-08,False,2022,4,8,432,Nisan/08 (14. Hafta),297,Yabancı Para Pozisyonu,9,Dövize Endeskli Varlıklar (Bilgi),TOPLAM,"10.523,41",10523.41,TL,BDDK Haftalık Bülten
2022-04-15,2022-04-15,2022-04-15,False,2022,4,15,433,Nisan/15 (15. Hafta),297,Yabancı Para Pozisyonu,1,Bilanço İçi Yabancı Para Pozisyonu (2-3),TOPLAM,"-485.555,14",-485555.14,TL,BDDK Haftalık Bülten
2022-04-15,2022-04-15,2022-04-15,False,2022,4,15,433,Nisan/15 (15. Hafta),297,Yabancı Para Pozisyonu,10,Dövize Endeksli Yükümlülükler (Bilgi),TOPLAM,"0,00",0.0,TL,BDDK Haftalık Bülten
2022-04-15,2022-04-15,2022-04-15,False,2022,4,15,433,Nisan/15 (15. Hafta),297,Yabancı Para Pozisyonu,2,a) Bilanço İçi Varlıklar,TOPLAM,"5.042.661,01",5042661.01,TL,BDDK Haftalık Bülten
2022-04-15,2022-04-15,2022-04-15,False,2022,4,15,433,Nisan/15 (15. Hafta),297,Yabancı Para Pozisyonu,3,b) Bilanço İçi Yükümlülükler,TOPLAM,"5.528.216,16",5528216.16,TL,BDDK Haftalık Bülten
2022-04-15,2022-04-15,2022-04-15,False,2022,4,15,433,Nisan/15 (15. Hafta),297,Yabancı Para Pozisyonu,4,Bilanço Dışı Yabancı Para Pozisyonu (5-6),TOPLAM,"559.308,92",559308.92,TL,BDDK Haftalık Bülten
2022-04-15,2022-04-15,2022-04-15,False,2022,4,15,433,Nisan/15 (15. Hafta),297,Yabancı Para Pozisyonu,5,a) Bilanço Dışı Varlıklar,TOPLAM,"1.979.247,14",1979247.14,TL,BDDK Haftalık Bülten
2022-04-15,2022-04-15,2022-04-15,False,2022,4,15,433,Nisan/15 (15. Hafta),297,Yabancı Para Pozisyonu,6,b) Bilanço Dışı Yükümlülükler,TOPLAM,"1.419.938,22",1419938.22,TL,BDDK Haftalık Bülten
2022-04-15,2022-04-15,2022-04-15,False,2022,4,15,433,Nisan/15 (15. Hafta),297,Yabancı Para Pozisyonu,7,Yabancı Para Net Genel Pozisyonu (1+4),TOPLAM,"73.753,78",73753.78,TL,BDDK Haftalık Bülten
2022-04-15,2022-04-15,2022-04-15,False,2022,4,15,433,Nisan/15 (15. Hafta),297,Yabancı Para Pozisyonu,8,Yasal Özkaynak,TOPLAM,"1.061.141,93",1061141.93,TL,BDDK Haftalık Bülten
2022-04-15,2022-04-15,2022-04-15,False,2022,4,15,433,Nisan/15 (15. Hafta),297,Yabancı Para Pozisyonu,9,Dövize Endeskli Varlıklar (Bilgi),TOPLAM,"10.316,96",10316.96,TL,BDDK Haftalık Bülten
2022-04-22,2022-04-22,2022-04-22,False,2022,4,22,434,Nisan/22 (16. Hafta),297,Yabancı Para Pozisyonu,1,Bilanço İçi Yabancı Para Pozisyonu (2-3),TOPLAM,"-490.415,68",-490415.68,TL,BDDK Haftalık Bülten
2022-04-22,2022-04-22,2022-04-22,False,2022,4,22,434,Nisan/22 (16. Hafta),297,Yabancı Para Pozisyonu,10,Dövize Endeksli Yükümlülükler (Bilgi),TOPLAM,"0,00",0.0,TL,BDDK Haftalık Bülten
2022-04-22,2022-04-22,2022-04-22,False,2022,4,22,434,Nisan/22 (16. Hafta),297,Yabancı Para Pozisyonu,2,a) Bilanço İçi Varlıklar,TOPLAM,"5.058.431,02",5058431.02,TL,BDDK Haftalık Bülten
2022-04-22,2022-04-22,2022-04-22,False,2022,4,22,434,Nisan/22 (16. Hafta),297,Yabancı Para Pozisyonu,3,b) Bilanço İçi Yükümlülükler,TOPLAM,"5.548.846,70",5548846.7,TL,BDDK Haftalık Bülten
2022-04-22,2022-04-22,2022-04-22,False,2022,4,22,434,Nisan/22 (16. Hafta),297,Yabancı Para Pozisyonu,4,Bilanço Dışı Yabancı Para Pozisyonu (5-6),TOPLAM,"565.486,22",565486.22,TL,BDDK Haftalık Bülten
2022-04-22,2022-04-22,2022-04-22,False,2022,4,22,434,Nisan/22 (16. Hafta),297,Yabancı Para Pozisyonu,5,a) Bilanço Dışı Varlıklar,TOPLAM,"2.072.837,61",2072837.61,TL,BDDK Haftalık Bülten
2022-04-22,2022-04-22,2022-04-22,False,2022,4,22,434,Nisan/22 (16. Hafta),297,Yabancı Para Pozisyonu,6,b) Bilanço Dışı Yükümlülükler,TOPLAM,"1.507.351,39",1507351.39,TL,BDDK Haftalık Bülten
2022-04-22,2022-04-22,2022-04-22,False,2022,4,22,434,Nisan/22 (16. Hafta),297,Yabancı Para Pozisyonu,7,Yabancı Para Net Genel Pozisyonu (1+4),TOPLAM,"75.070,54",75070.54,TL,BDDK Haftalık Bülten
2022-04-22,2022-04-22,2022-04-22,False,2022,4,22,434,Nisan/22 (16. Hafta),297,Yabancı Para Pozisyonu,8,Yasal Özkaynak,TOPLAM,"1.166.489,82",1166489.82,TL,BDDK Haftalık Bülten
2022-04-22,2022-04-22,2022-04-22,False,2022,4,22,434,Nisan/22 (16. Hafta),297,Yabancı Para Pozisyonu,9,Dövize Endeskli Varlıklar (Bilgi),TOPLAM,"10.317,67",10317.67,TL,BDDK Haftalık Bülten
2022-04-29,2022-04-29,2022-04-29,False,2022,4,29,435,Nisan/29 (17. Hafta),297,Yabancı Para Pozisyonu,1,Bilanço İçi Yabancı Para Pozisyonu (2-3),TOPLAM,"-495.021,46",-495021.46,TL,BDDK Haftalık Bülten
2022-04-29,2022-04-29,2022-04-29,False,2022,4,29,435,Nisan/29 (17. Hafta),297,Yabancı Para Pozisyonu,10,Dövize Endeksli Yükümlülükler (Bilgi),TOPLAM,"0,00",0.0,TL,BDDK Haftalık Bülten
2022-04-29,2022-04-29,2022-04-29,False,2022,4,29,435,Nisan/29 (17. Hafta),297,Yabancı Para Pozisyonu,2,a) Bilanço İçi Varlıklar,TOPLAM,"5.032.336,07",5032336.07,TL,BDDK Haftalık Bülten
2022-04-29,2022-04-29,2022-04-29,False,2022,4,29,435,Nisan/29 (17. Hafta),297,Yabancı Para Pozisyonu,3,b) Bilanço İçi Yükümlülükler,TOPLAM,"5.527.357,53",5527357.53,TL,BDDK Haftalık Bülten
2022-04-29,2022-04-29,2022-04-29,False,2022,4,29,435,Nisan/29 (17. Hafta),297,Yabancı Para Pozisyonu,4,Bilanço Dışı Yabancı Para Pozisyonu (5-6),TOPLAM,"568.988,36",568988.36,TL,BDDK Haftalık Bülten
2022-04-29,2022-04-29,2022-04-29,False,2022,4,29,435,Nisan/29 (17. Hafta),297,Yabancı Para Pozisyonu,5,a) Bilanço Dışı Varlıklar,TOPLAM,"2.101.248,02",2101248.02,TL,BDDK Haftalık Bülten
2022-04-29,2022-04-29,2022-04-29,False,2022,4,29,435,Nisan/29 (17. Hafta),297,Yabancı Para Pozisyonu,6,b) Bilanço Dışı Yükümlülükler,TOPLAM,"1.532.259,66",1532259.66,TL,BDDK Haftalık Bülten
2022-04-29,2022-04-29,2022-04-29,False,2022,4,29,435,Nisan/29 (17. Hafta),297,Yabancı Para Pozisyonu,7,Yabancı Para Net Genel Pozisyonu (1+4),TOPLAM,"73.966,90",73966.9,TL,BDDK Haftalık Bülten
2022-04-29,2022-04-29,2022-04-29,False,2022,4,29,435,Nisan/29 (17. Hafta),297,Yabancı Para Pozisyonu,8,Yasal Özkaynak,TOPLAM,"1.170.685,74",1170685.74,TL,BDDK Haftalık Bülten
2022-04-29,2022-04-29,2022-04-29,False,2022,4,29,435,Nisan/29 (17. Hafta),297,Yabancı Para Pozisyonu,9,Dövize Endeskli Varlıklar (Bilgi),TOPLAM,"10.006,16",10006.16,TL,BDDK Haftalık Bülten
2022-05-06,2022-05-06,2022-05-06,False,2022,5,6,436,Mayıs/06 (18. Hafta),297,Yabancı Para Pozisyonu,1,Bilanço İçi Yabancı Para Pozisyonu (2-3),TOPLAM,"-477.128,05",-477128.05,TL,BDDK Haftalık Bülten
2022-05-06,2022-05-06,2022-05-06,False,2022,5,6,436,Mayıs/06 (18. Hafta),297,Yabancı Para Pozisyonu,10,Dövize Endeksli Yükümlülükler (Bilgi),TOPLAM,"0,00",0.0,TL,BDDK Haftalık Bülten
2022-05-06,2022-05-06,2022-05-06,False,2022,5,6,436,Mayıs/06 (18. Hafta),297,Yabancı Para Pozisyonu,2,a) Bilanço İçi Varlıklar,TOPLAM,"5.095.444,05",5095444.05,TL,BDDK Haftalık Bülten
2022-05-06,2022-05-06,2022-05-06,False,2022,5,6,436,Mayıs/06 (18. Hafta),297,Yabancı Para Pozisyonu,3,b) Bilanço İçi Yükümlülükler,TOPLAM,"5.572.572,10",5572572.1,TL,BDDK Haftalık Bülten
2022-05-06,2022-05-06,2022-05-06,False,2022,5,6,436,Mayıs/06 (18. Hafta),297,Yabancı Para Pozisyonu,4,Bilanço Dışı Yabancı Para Pozisyonu (5-6),TOPLAM,"548.120,49",548120.49,TL,BDDK Haftalık Bülten
2022-05-06,2022-05-06,2022-05-06,False,2022,5,6,436,Mayıs/06 (18. Hafta),297,Yabancı Para Pozisyonu,5,a) Bilanço Dışı Varlıklar,TOPLAM,"2.017.030,17",2017030.17,TL,BDDK Haftalık Bülten
2022-05-06,2022-05-06,2022-05-06,False,2022,5,6,436,Mayıs/06 (18. Hafta),297,Yabancı Para Pozisyonu,6,b) Bilanço Dışı Yükümlülükler,TOPLAM,"1.468.909,68",1468909.68,TL,BDDK Haftalık Bülten
2022-05-06,2022-05-06,2022-05-06,False,2022,5,6,436,Mayıs/06 (18. Hafta),297,Yabancı Para Pozisyonu,7,Yabancı Para Net Genel Pozisyonu (1+4),TOPLAM,"70.992,44",70992.44,TL,BDDK Haftalık Bülten
2022-05-06,2022-05-06,2022-05-06,False,2022,5,6,436,Mayıs/06 (18. Hafta),297,Yabancı Para Pozisyonu,8,Yasal Özkaynak,TOPLAM,"1.170.821,89",1170821.89,TL,BDDK Haftalık Bülten
2022-05-06,2022-05-06,2022-05-06,False,2022,5,6,436,Mayıs/06 (18. Hafta),297,Yabancı Para Pozisyonu,9,Dövize Endeskli Varlıklar (Bilgi),TOPLAM,"9.970,91",9970.91,TL,BDDK Haftalık Bülten
2022-05-13,2022-05-13,2022-05-13,False,2022,5,13,437,Mayıs/13 (19. Hafta),297,Yabancı Para Pozisyonu,1,Bilanço İçi Yabancı Para Pozisyonu (2-3),TOPLAM,"-498.709,34",-498709.34,TL,BDDK Haftalık Bülten
2022-05-13,2022-05-13,2022-05-13,False,2022,5,13,437,Mayıs/13 (19. Hafta),297,Yabancı Para Pozisyonu,10,Dövize Endeksli Yükümlülükler (Bilgi),TOPLAM,"0,00",0.0,TL,BDDK Haftalık Bülten
2022-05-13,2022-05-13,2022-05-13,False,2022,5,13,437,Mayıs/13 (19. Hafta),297,Yabancı Para Pozisyonu,2,a) Bilanço İçi Varlıklar,TOPLAM,"5.240.304,97",5240304.97,TL,BDDK Haftalık Bülten
2022-05-13,2022-05-13,2022-05-13,False,2022,5,13,437,Mayıs/13 (19. Hafta),297,Yabancı Para Pozisyonu,3,b) Bilanço İçi Yükümlülükler,TOPLAM,"5.739.014,31",5739014.31,TL,BDDK Haftalık Bülten
2022-05-13,2022-05-13,2022-05-13,False,2022,5,13,437,Mayıs/13 (19. Hafta),297,Yabancı Para Pozisyonu,4,Bilanço Dışı Yabancı Para Pozisyonu (5-6),TOPLAM,"556.466,11",556466.11,TL,BDDK Haftalık Bülten
2022-05-13,2022-05-13,2022-05-13,False,2022,5,13,437,Mayıs/13 (19. Hafta),297,Yabancı Para Pozisyonu,5,a) Bilanço Dışı Varlıklar,TOPLAM,"2.073.835,78",2073835.78,TL,BDDK Haftalık Bülten
2022-05-13,2022-05-13,2022-05-13,False,2022,5,13,437,Mayıs/13 (19. Hafta),297,Yabancı Para Pozisyonu,6,b) Bilanço Dışı Yükümlülükler,TOPLAM,"1.517.369,67",1517369.67,TL,BDDK Haftalık Bülten
2022-05-13,2022-05-13,2022-05-13,False,2022,5,13,437,Mayıs/13 (19. Hafta),297,Yabancı Para Pozisyonu,7,Yabancı Para Net Genel Pozisyonu (1+4),TOPLAM,"57.756,77",57756.77,TL,BDDK Haftalık Bülten
2022-05-13,2022-05-13,2022-05-13,False,2022,5,13,437,Mayıs/13 (19. Hafta),297,Yabancı Para Pozisyonu,8,Yasal Özkaynak,TOPLAM,"1.170.890,68",1170890.68,TL,BDDK Haftalık Bülten
2022-05-13,2022-05-13,2022-05-13,False,2022,5,13,437,Mayıs/13 (19. Hafta),297,Yabancı Para Pozisyonu,9,Dövize Endeskli Varlıklar (Bilgi),TOPLAM,"10.169,48",10169.48,TL,BDDK Haftalık Bülten
2022-05-20,2022-05-20,2022-05-20,False,2022,5,20,438,Mayıs/20 (20. Hafta),297,Yabancı Para Pozisyonu,1,Bilanço İçi Yabancı Para Pozisyonu (2-3),TOPLAM,"-511.613,00",-511613.0,TL,BDDK Haftalık Bülten
2022-05-20,2022-05-20,2022-05-20,False,2022,5,20,438,Mayıs/20 (20. Hafta),297,Yabancı Para Pozisyonu,10,Dövize Endeksli Yükümlülükler (Bilgi),TOPLAM,"0,00",0.0,TL,BDDK Haftalık Bülten
2022-05-20,2022-05-20,2022-05-20,False,2022,5,20,438,Mayıs/20 (20. Hafta),297,Yabancı Para Pozisyonu,2,a) Bilanço İçi Varlıklar,TOPLAM,"5.405.989,67",5405989.67,TL,BDDK Haftalık Bülten
2022-05-20,2022-05-20,2022-05-20,False,2022,5,20,438,Mayıs/20 (20. Hafta),297,Yabancı Para Pozisyonu,3,b) Bilanço İçi Yükümlülükler,TOPLAM,"5.917.602,66",5917602.66,TL,BDDK Haftalık Bülten
2022-05-20,2022-05-20,2022-05-20,False,2022,5,20,438,Mayıs/20 (20. Hafta),297,Yabancı Para Pozisyonu,4,Bilanço Dışı Yabancı Para Pozisyonu (5-6),TOPLAM,"568.501,23",568501.23,TL,BDDK Haftalık Bülten
2022-05-20,2022-05-20,2022-05-20,False,2022,5,20,438,Mayıs/20 (20. Hafta),297,Yabancı Para Pozisyonu,5,a) Bilanço Dışı Varlıklar,TOPLAM,"2.076.349,85",2076349.85,TL,BDDK Haftalık Bülten
2022-05-20,2022-05-20,2022-05-20,False,2022,5,20,438,Mayıs/20 (20. Hafta),297,Yabancı Para Pozisyonu,6,b) Bilanço Dışı Yükümlülükler,TOPLAM,"1.507.848,61",1507848.61,TL,BDDK Haftalık Bülten
2022-05-20,2022-05-20,2022-05-20,False,2022,5,20,438,Mayıs/20 (20. Hafta),297,Yabancı Para Pozisyonu,7,Yabancı Para Net Genel Pozisyonu (1+4),TOPLAM,"56.888,24",56888.24,TL,BDDK Haftalık Bülten
2022-05-20,2022-05-20,2022-05-20,False,2022,5,20,438,Mayıs/20 (20. Hafta),297,Yabancı Para Pozisyonu,8,Yasal Özkaynak,TOPLAM,"1.171.632,53",1171632.53,TL,BDDK Haftalık Bülten
2022-05-20,2022-05-20,2022-05-20,False,2022,5,20,438,Mayıs/20 (20. Hafta),297,Yabancı Para Pozisyonu,9,Dövize Endeskli Varlıklar (Bilgi),TOPLAM,"10.461,43",10461.43,TL,BDDK Haftalık Bülten
2022-05-27,2022-05-27,2022-05-27,False,2022,5,27,439,Mayıs/27 (21. Hafta),297,Yabancı Para Pozisyonu,1,Bilanço İçi Yabancı Para Pozisyonu (2-3),TOPLAM,"-541.714,22",-541714.22,TL,BDDK Haftalık Bülten
2022-05-27,2022-05-27,2022-05-27,False,2022,5,27,439,Mayıs/27 (21. Hafta),297,Yabancı Para Pozisyonu,10,Dövize Endeksli Yükümlülükler (Bilgi),TOPLAM,"0,00",0.0,TL,BDDK Haftalık Bülten
2022-05-27,2022-05-27,2022-05-27,False,2022,5,27,439,Mayıs/27 (21. Hafta),297,Yabancı Para Pozisyonu,2,a) Bilanço İçi Varlıklar,TOPLAM,"5.529.585,44",5529585.44,TL,BDDK Haftalık Bülten
2022-05-27,2022-05-27,2022-05-27,False,2022,5,27,439,Mayıs/27 (21. Hafta),297,Yabancı Para Pozisyonu,3,b) Bilanço İçi Yükümlülükler,TOPLAM,"6.071.299,66",6071299.66,TL,BDDK Haftalık Bülten
2022-05-27,2022-05-27,2022-05-27,False,2022,5,27,439,Mayıs/27 (21. Hafta),297,Yabancı Para Pozisyonu,4,Bilanço Dışı Yabancı Para Pozisyonu (5-6),TOPLAM,"600.059,60",600059.6,TL,BDDK Haftalık Bülten
2022-05-27,2022-05-27,2022-05-27,False,2022,5,27,439,Mayıs/27 (21. Hafta),297,Yabancı Para Pozisyonu,5,a) Bilanço Dışı Varlıklar,TOPLAM,"2.134.530,69",2134530.69,TL,BDDK Haftalık Bülten
2022-05-27,2022-05-27,2022-05-27,False,2022,5,27,439,Mayıs/27 (21. Hafta),297,Yabancı Para Pozisyonu,6,b) Bilanço Dışı Yükümlülükler,TOPLAM,"1.534.471,09",1534471.09,TL,BDDK Haftalık Bülten
2022-05-27,2022-05-27,2022-05-27,False,2022,5,27,439,Mayıs/27 (21. Hafta),297,Yabancı Para Pozisyonu,7,Yabancı Para Net Genel Pozisyonu (1+4),TOPLAM,"58.345,38",58345.38,TL,BDDK Haftalık Bülten
2022-05-27,2022-05-27,2022-05-27,False,2022,5,27,439,Mayıs/27 (21. Hafta),297,Yabancı Para Pozisyonu,8,Yasal Özkaynak,TOPLAM,"1.205.688,59",1205688.59,TL,BDDK Haftalık Bülten
2022-05-27,2022-05-27,2022-05-27,False,2022,5,27,439,Mayıs/27 (21. Hafta),297,Yabancı Para Pozisyonu,9,Dövize Endeskli Varlıklar (Bilgi),TOPLAM,"10.634,40",10634.4,TL,BDDK Haftalık Bülten
2022-06-03,2022-06-03,2022-06-03,False,2022,6,3,440,Haziran/03 (22. Hafta),297,Yabancı Para Pozisyonu,1,Bilanço İçi Yabancı Para Pozisyonu (2-3),TOPLAM,"-527.504,67",-527504.67,TL,BDDK Haftalık Bülten
2022-06-03,2022-06-03,2022-06-03,False,2022,6,3,440,Haziran/03 (22. Hafta),297,Yabancı Para Pozisyonu,10,Dövize Endeksli Yükümlülükler (Bilgi),TOPLAM,"0,00",0.0,TL,BDDK Haftalık Bülten
2022-06-03,2022-06-03,2022-06-03,False,2022,6,3,440,Haziran/03 (22. Hafta),297,Yabancı Para Pozisyonu,2,a) Bilanço İçi Varlıklar,TOPLAM,"5.638.872,45",5638872.45,TL,BDDK Haftalık Bülten
2022-06-03,2022-06-03,2022-06-03,False,2022,6,3,440,Haziran/03 (22. Hafta),297,Yabancı Para Pozisyonu,3,b) Bilanço İçi Yükümlülükler,TOPLAM,"6.166.377,11",6166377.11,TL,BDDK Haftalık Bülten
2022-06-03,2022-06-03,2022-06-03,False,2022,6,3,440,Haziran/03 (22. Hafta),297,Yabancı Para Pozisyonu,4,Bilanço Dışı Yabancı Para Pozisyonu (5-6),TOPLAM,"590.201,63",590201.63,TL,BDDK Haftalık Bülten
2022-06-03,2022-06-03,2022-06-03,False,2022,6,3,440,Haziran/03 (22. Hafta),297,Yabancı Para Pozisyonu,5,a) Bilanço Dışı Varlıklar,TOPLAM,"2.211.599,05",2211599.05,TL,BDDK Haftalık Bülten
2022-06-03,2022-06-03,2022-06-03,False,2022,6,3,440,Haziran/03 (22. Hafta),297,Yabancı Para Pozisyonu,6,b) Bilanço Dışı Yükümlülükler,TOPLAM,"1.621.397,42",1621397.42,TL,BDDK Haftalık Bülten
2022-06-03,2022-06-03,2022-06-03,False,2022,6,3,440,Haziran/03 (22. Hafta),297,Yabancı Para Pozisyonu,7,Yabancı Para Net Genel Pozisyonu (1+4),TOPLAM,"62.696,96",62696.96,TL,BDDK Haftalık Bülten
2022-06-03,2022-06-03,2022-06-03,False,2022,6,3,440,Haziran/03 (22. Hafta),297,Yabancı Para Pozisyonu,8,Yasal Özkaynak,TOPLAM,"1.216.429,50",1216429.5,TL,BDDK Haftalık Bülten
2022-06-03,2022-06-03,2022-06-03,False,2022,6,3,440,Haziran/03 (22. Hafta),297,Yabancı Para Pozisyonu,9,Dövize Endeskli Varlıklar (Bilgi),TOPLAM,"10.554,31",10554.31,TL,BDDK Haftalık Bülten
2022-06-10,2022-06-10,2022-06-10,False,2022,6,10,441,Haziran/10 (23. Hafta),297,Yabancı Para Pozisyonu,1,Bilanço İçi Yabancı Para Pozisyonu (2-3),TOPLAM,"-515.866,23",-515866.23,TL,BDDK Haftalık Bülten
2022-06-10,2022-06-10,2022-06-10,False,2022,6,10,441,Haziran/10 (23. Hafta),297,Yabancı Para Pozisyonu,10,Dövize Endeksli Yükümlülükler (Bilgi),TOPLAM,"0,00",0.0,TL,BDDK Haftalık Bülten
2022-06-10,2022-06-10,2022-06-10,False,2022,6,10,441,Haziran/10 (23. Hafta),297,Yabancı Para Pozisyonu,2,a) Bilanço İçi Varlıklar,TOPLAM,"5.828.457,58",5828457.58,TL,BDDK Haftalık Bülten
2022-06-10,2022-06-10,2022-06-10,False,2022,6,10,441,Haziran/10 (23. Hafta),297,Yabancı Para Pozisyonu,3,b) Bilanço İçi Yükümlülükler,TOPLAM,"6.344.323,82",6344323.82,TL,BDDK Haftalık Bülten
2022-06-10,2022-06-10,2022-06-10,False,2022,6,10,441,Haziran/10 (23. Hafta),297,Yabancı Para Pozisyonu,4,Bilanço Dışı Yabancı Para Pozisyonu (5-6),TOPLAM,"573.570,60",573570.6,TL,BDDK Haftalık Bülten
2022-06-10,2022-06-10,2022-06-10,False,2022,6,10,441,Haziran/10 (23. Hafta),297,Yabancı Para Pozisyonu,5,a) Bilanço Dışı Varlıklar,TOPLAM,"2.223.277,75",2223277.75,TL,BDDK Haftalık Bülten
2022-06-10,2022-06-10,2022-06-10,False,2022,6,10,441,Haziran/10 (23. Hafta),297,Yabancı Para Pozisyonu,6,b) Bilanço Dışı Yükümlülükler,TOPLAM,"1.649.707,15",1649707.15,TL,BDDK Haftalık Bülten
2022-06-10,2022-06-10,2022-06-10,False,2022,6,10,441,Haziran/10 (23. Hafta),297,Yabancı Para Pozisyonu,7,Yabancı Para Net Genel Pozisyonu (1+4),TOPLAM,"57.704,37",57704.37,TL,BDDK Haftalık Bülten
2022-06-10,2022-06-10,2022-06-10,False,2022,6,10,441,Haziran/10 (23. Hafta),297,Yabancı Para Pozisyonu,8,Yasal Özkaynak,TOPLAM,"1.216.457,77",1216457.77,TL,BDDK Haftalık Bülten
2022-06-10,2022-06-10,2022-06-10,False,2022,6,10,441,Haziran/10 (23. Hafta),297,Yabancı Para Pozisyonu,9,Dövize Endeskli Varlıklar (Bilgi),TOPLAM,"10.727,04",10727.04,TL,BDDK Haftalık Bülten
2022-06-17,2022-06-17,2022-06-17,False,2022,6,17,442,Haziran/17 (24. Hafta),297,Yabancı Para Pozisyonu,1,Bilanço İçi Yabancı Para Pozisyonu (2-3),TOPLAM,"-505.037,44",-505037.44,TL,BDDK Haftalık Bülten
2022-06-17,2022-06-17,2022-06-17,False,2022,6,17,442,Haziran/17 (24. Hafta),297,Yabancı Para Pozisyonu,10,Dövize Endeksli Yükümlülükler (Bilgi),TOPLAM,"0,00",0.0,TL,BDDK Haftalık Bülten
2022-06-17,2022-06-17,2022-06-17,False,2022,6,17,442,Haziran/17 (24. Hafta),297,Yabancı Para Pozisyonu,2,a) Bilanço İçi Varlıklar,TOPLAM,"5.902.493,15",5902493.15,TL,BDDK Haftalık Bülten
2022-06-17,2022-06-17,2022-06-17,False,2022,6,17,442,Haziran/17 (24. Hafta),297,Yabancı Para Pozisyonu,3,b) Bilanço İçi Yükümlülükler,TOPLAM,"6.407.530,60",6407530.6,TL,BDDK Haftalık Bülten
2022-06-17,2022-06-17,2022-06-17,False,2022,6,17,442,Haziran/17 (24. Hafta),297,Yabancı Para Pozisyonu,4,Bilanço Dışı Yabancı Para Pozisyonu (5-6),TOPLAM,"567.084,79",567084.79,TL,BDDK Haftalık Bülten
2022-06-17,2022-06-17,2022-06-17,False,2022,6,17,442,Haziran/17 (24. Hafta),297,Yabancı Para Pozisyonu,5,a) Bilanço Dışı Varlıklar,TOPLAM,"2.152.854,10",2152854.1,TL,BDDK Haftalık Bülten
2022-06-17,2022-06-17,2022-06-17,False,2022,6,17,442,Haziran/17 (24. Hafta),297,Yabancı Para Pozisyonu,6,b) Bilanço Dışı Yükümlülükler,TOPLAM,"1.585.769,31",1585769.31,TL,BDDK Haftalık Bülten
2022-06-17,2022-06-17,2022-06-17,False,2022,6,17,442,Haziran/17 (24. Hafta),297,Yabancı Para Pozisyonu,7,Yabancı Para Net Genel Pozisyonu (1+4),TOPLAM,"62.047,35",62047.35,TL,BDDK Haftalık Bülten
2022-06-17,2022-06-17,2022-06-17,False,2022,6,17,442,Haziran/17 (24. Hafta),297,Yabancı Para Pozisyonu,8,Yasal Özkaynak,TOPLAM,"1.220.707,92",1220707.92,TL,BDDK Haftalık Bülten
2022-06-17,2022-06-17,2022-06-17,False,2022,6,17,442,Haziran/17 (24. Hafta),297,Yabancı Para Pozisyonu,9,Dövize Endeskli Varlıklar (Bilgi),TOPLAM,"10.642,44",10642.44,TL,BDDK Haftalık Bülten
2022-06-24,2022-06-24,2022-06-24,False,2022,6,24,443,Haziran/24 (25. Hafta),297,Yabancı Para Pozisyonu,1,Bilanço İçi Yabancı Para Pozisyonu (2-3),TOPLAM,"-513.002,40",-513002.4,TL,BDDK Haftalık Bülten
2022-06-24,2022-06-24,2022-06-24,False,2022,6,24,443,Haziran/24 (25. Hafta),297,Yabancı Para Pozisyonu,10,Dövize Endeksli Yükümlülükler (Bilgi),TOPLAM,"0,00",0.0,TL,BDDK Haftalık Bülten
2022-06-24,2022-06-24,2022-06-24,False,2022,6,24,443,Haziran/24 (25. Hafta),297,Yabancı Para Pozisyonu,2,a) Bilanço İçi Varlıklar,TOPLAM,"5.905.889,06",5905889.06,TL,BDDK Haftalık Bülten
2022-06-24,2022-06-24,2022-06-24,False,2022,6,24,443,Haziran/24 (25. Hafta),297,Yabancı Para Pozisyonu,3,b) Bilanço İçi Yükümlülükler,TOPLAM,"6.418.891,46",6418891.46,TL,BDDK Haftalık Bülten
2022-06-24,2022-06-24,2022-06-24,False,2022,6,24,443,Haziran/24 (25. Hafta),297,Yabancı Para Pozisyonu,4,Bilanço Dışı Yabancı Para Pozisyonu (5-6),TOPLAM,"582.088,49",582088.49,TL,BDDK Haftalık Bülten
2022-06-24,2022-06-24,2022-06-24,False,2022,6,24,443,Haziran/24 (25. Hafta),297,Yabancı Para Pozisyonu,5,a) Bilanço Dışı Varlıklar,TOPLAM,"2.216.423,37",2216423.37,TL,BDDK Haftalık Bülten
2022-06-24,2022-06-24,2022-06-24,False,2022,6,24,443,Haziran/24 (25. Hafta),297,Yabancı Para Pozisyonu,6,b) Bilanço Dışı Yükümlülükler,TOPLAM,"1.634.334,88",1634334.88,TL,BDDK Haftalık Bülten
2022-06-24,2022-06-24,2022-06-24,False,2022,6,24,443,Haziran/24 (25. Hafta),297,Yabancı Para Pozisyonu,7,Yabancı Para Net Genel Pozisyonu (1+4),TOPLAM,"69.086,09",69086.09,TL,BDDK Haftalık Bülten
2022-06-24,2022-06-24,2022-06-24,False,2022,6,24,443,Haziran/24 (25. Hafta),297,Yabancı Para Pozisyonu,8,Yasal Özkaynak,TOPLAM,"1.300.312,80",1300312.8,TL,BDDK Haftalık Bülten
2022-06-24,2022-06-24,2022-06-24,False,2022,6,24,443,Haziran/24 (25. Hafta),297,Yabancı Para Pozisyonu,9,Dövize Endeskli Varlıklar (Bilgi),TOPLAM,"10.573,95",10573.95,TL,BDDK Haftalık Bülten
2022-07-01,2022-07-01,2022-07-01,False,2022,7,1,444,Temmuz/01 (26. Hafta),297,Yabancı Para Pozisyonu,1,Bilanço İçi Yabancı Para Pozisyonu (2-3),TOPLAM,"-504.094,35",-504094.35,TL,BDDK Haftalık Bülten
2022-07-01,2022-07-01,2022-07-01,False,2022,7,1,444,Temmuz/01 (26. Hafta),297,Yabancı Para Pozisyonu,10,Dövize Endeksli Yükümlülükler (Bilgi),TOPLAM,"0,00",0.0,TL,BDDK Haftalık Bülten
2022-07-01,2022-07-01,2022-07-01,False,2022,7,1,444,Temmuz/01 (26. Hafta),297,Yabancı Para Pozisyonu,2,a) Bilanço İçi Varlıklar,TOPLAM,"5.648.162,60",5648162.6,TL,BDDK Haftalık Bülten
2022-07-01,2022-07-01,2022-07-01,False,2022,7,1,444,Temmuz/01 (26. Hafta),297,Yabancı Para Pozisyonu,3,b) Bilanço İçi Yükümlülükler,TOPLAM,"6.152.256,95",6152256.95,TL,BDDK Haftalık Bülten
2022-07-01,2022-07-01,2022-07-01,False,2022,7,1,444,Temmuz/01 (26. Hafta),297,Yabancı Para Pozisyonu,4,Bilanço Dışı Yabancı Para Pozisyonu (5-6),TOPLAM,"566.128,96",566128.96,TL,BDDK Haftalık Bülten
2022-07-01,2022-07-01,2022-07-01,False,2022,7,1,444,Temmuz/01 (26. Hafta),297,Yabancı Para Pozisyonu,5,a) Bilanço Dışı Varlıklar,TOPLAM,"2.129.299,21",2129299.21,TL,BDDK Haftalık Bülten
2022-07-01,2022-07-01,2022-07-01,False,2022,7,1,444,Temmuz/01 (26. Hafta),297,Yabancı Para Pozisyonu,6,b) Bilanço Dışı Yükümlülükler,TOPLAM,"1.563.170,25",1563170.25,TL,BDDK Haftalık Bülten
2022-07-01,2022-07-01,2022-07-01,False,2022,7,1,444,Temmuz/01 (26. Hafta),297,Yabancı Para Pozisyonu,7,Yabancı Para Net Genel Pozisyonu (1+4),TOPLAM,"62.034,61",62034.61,TL,BDDK Haftalık Bülten
2022-07-01,2022-07-01,2022-07-01,False,2022,7,1,444,Temmuz/01 (26. Hafta),297,Yabancı Para Pozisyonu,8,Yasal Özkaynak,TOPLAM,"1.300.516,45",1300516.45,TL,BDDK Haftalık Bülten
2022-07-01,2022-07-01,2022-07-01,False,2022,7,1,444,Temmuz/01 (26. Hafta),297,Yabancı Para Pozisyonu,9,Dövize Endeskli Varlıklar (Bilgi),TOPLAM,"9.951,35",9951.35,TL,BDDK Haftalık Bülten
2022-07-08,2022-07-08,2022-07-08,False,2022,7,8,445,Temmuz/08 (27. Hafta),297,Yabancı Para Pozisyonu,1,Bilanço İçi Yabancı Para Pozisyonu (2-3),TOPLAM,"-495.261,78",-495261.78,TL,BDDK Haftalık Bülten
2022-07-08,2022-07-08,2022-07-08,False,2022,7,8,445,Temmuz/08 (27. Hafta),297,Yabancı Para Pozisyonu,10,Dövize Endeksli Yükümlülükler (Bilgi),TOPLAM,"0,00",0.0,TL,BDDK Haftalık Bülten
2022-07-08,2022-07-08,2022-07-08,False,2022,7,8,445,Temmuz/08 (27. Hafta),297,Yabancı Para Pozisyonu,2,a) Bilanço İçi Varlıklar,TOPLAM,"5.806.141,88",5806141.88,TL,BDDK Haftalık Bülten
2022-07-08,2022-07-08,2022-07-08,False,2022,7,8,445,Temmuz/08 (27. Hafta),297,Yabancı Para Pozisyonu,3,b) Bilanço İçi Yükümlülükler,TOPLAM,"6.301.403,67",6301403.67,TL,BDDK Haftalık Bülten
2022-07-08,2022-07-08,2022-07-08,False,2022,7,8,445,Temmuz/08 (27. Hafta),297,Yabancı Para Pozisyonu,4,Bilanço Dışı Yabancı Para Pozisyonu (5-6),TOPLAM,"560.510,37",560510.37,TL,BDDK Haftalık Bülten
2022-07-08,2022-07-08,2022-07-08,False,2022,7,8,445,Temmuz/08 (27. Hafta),297,Yabancı Para Pozisyonu,5,a) Bilanço Dışı Varlıklar,TOPLAM,"2.210.324,07",2210324.07,TL,BDDK Haftalık Bülten
2022-07-08,2022-07-08,2022-07-08,False,2022,7,8,445,Temmuz/08 (27. Hafta),297,Yabancı Para Pozisyonu,6,b) Bilanço Dışı Yükümlülükler,TOPLAM,"1.649.813,70",1649813.7,TL,BDDK Haftalık Bülten
2022-07-08,2022-07-08,2022-07-08,False,2022,7,8,445,Temmuz/08 (27. Hafta),297,Yabancı Para Pozisyonu,7,Yabancı Para Net Genel Pozisyonu (1+4),TOPLAM,"65.248,58",65248.58,TL,BDDK Haftalık Bülten
2022-07-08,2022-07-08,2022-07-08,False,2022,7,8,445,Temmuz/08 (27. Hafta),297,Yabancı Para Pozisyonu,8,Yasal Özkaynak,TOPLAM,"1.301.606,68",1301606.68,TL,BDDK Haftalık Bülten
2022-07-08,2022-07-08,2022-07-08,False,2022,7,8,445,Temmuz/08 (27. Hafta),297,Yabancı Para Pozisyonu,9,Dövize Endeskli Varlıklar (Bilgi),TOPLAM,"10.024,60",10024.6,TL,BDDK Haftalık Bülten
2022-07-14,2022-07-14,2022-07-14,False,2022,7,14,446,Temmuz/14 (28. Hafta),297,Yabancı Para Pozisyonu,1,Bilanço İçi Yabancı Para Pozisyonu (2-3),TOPLAM,"-516.907,36",-516907.36,TL,BDDK Haftalık Bülten
2022-07-14,2022-07-14,2022-07-14,False,2022,7,14,446,Temmuz/14 (28. Hafta),297,Yabancı Para Pozisyonu,10,Dövize Endeksli Yükümlülükler (Bilgi),TOPLAM,"0,00",0.0,TL,BDDK Haftalık Bülten
2022-07-14,2022-07-14,2022-07-14,False,2022,7,14,446,Temmuz/14 (28. Hafta),297,Yabancı Para Pozisyonu,2,a) Bilanço İçi Varlıklar,TOPLAM,"5.851.164,71",5851164.71,TL,BDDK Haftalık Bülten
2022-07-14,2022-07-14,2022-07-14,False,2022,7,14,446,Temmuz/14 (28. Hafta),297,Yabancı Para Pozisyonu,3,b) Bilanço İçi Yükümlülükler,TOPLAM,"6.368.072,07",6368072.07,TL,BDDK Haftalık Bülten
2022-07-14,2022-07-14,2022-07-14,False,2022,7,14,446,Temmuz/14 (28. Hafta),297,Yabancı Para Pozisyonu,4,Bilanço Dışı Yabancı Para Pozisyonu (5-6),TOPLAM,"575.954,69",575954.69,TL,BDDK Haftalık Bülten
2022-07-14,2022-07-14,2022-07-14,False,2022,7,14,446,Temmuz/14 (28. Hafta),297,Yabancı Para Pozisyonu,5,a) Bilanço Dışı Varlıklar,TOPLAM,"2.280.989,77",2280989.77,TL,BDDK Haftalık Bülten
2022-07-14,2022-07-14,2022-07-14,False,2022,7,14,446,Temmuz/14 (28. Hafta),297,Yabancı Para Pozisyonu,6,b) Bilanço Dışı Yükümlülükler,TOPLAM,"1.705.035,07",1705035.07,TL,BDDK Haftalık Bülten
2022-07-14,2022-07-14,2022-07-14,False,2022,7,14,446,Temmuz/14 (28. Hafta),297,Yabancı Para Pozisyonu,7,Yabancı Para Net Genel Pozisyonu (1+4),TOPLAM,"59.047,33",59047.33,TL,BDDK Haftalık Bülten
2022-07-14,2022-07-14,2022-07-14,False,2022,7,14,446,Temmuz/14 (28. Hafta),297,Yabancı Para Pozisyonu,8,Yasal Özkaynak,TOPLAM,"1.301.764,13",1301764.13,TL,BDDK Haftalık Bülten
2022-07-14,2022-07-14,2022-07-14,False,2022,7,14,446,Temmuz/14 (28. Hafta),297,Yabancı Para Pozisyonu,9,Dövize Endeskli Varlıklar (Bilgi),TOPLAM,"9.987,87",9987.87,TL,BDDK Haftalık Bülten
2022-07-22,2022-07-22,2022-07-22,False,2022,7,22,447,Temmuz/22 (29. Hafta),297,Yabancı Para Pozisyonu,1,Bilanço İçi Yabancı Para Pozisyonu (2-3),TOPLAM,"-547.064,20",-547064.2,TL,BDDK Haftalık Bülten
2022-07-22,2022-07-22,2022-07-22,False,2022,7,22,447,Temmuz/22 (29. Hafta),297,Yabancı Para Pozisyonu,10,Dövize Endeksli Yükümlülükler (Bilgi),TOPLAM,"0,00",0.0,TL,BDDK Haftalık Bülten
2022-07-22,2022-07-22,2022-07-22,False,2022,7,22,447,Temmuz/22 (29. Hafta),297,Yabancı Para Pozisyonu,2,a) Bilanço İçi Varlıklar,TOPLAM,"5.953.482,13",5953482.13,TL,BDDK Haftalık Bülten
2022-07-22,2022-07-22,2022-07-22,False,2022,7,22,447,Temmuz/22 (29. Hafta),297,Yabancı Para Pozisyonu,3,b) Bilanço İçi Yükümlülükler,TOPLAM,"6.500.546,33",6500546.33,TL,BDDK Haftalık Bülten
2022-07-22,2022-07-22,2022-07-22,False,2022,7,22,447,Temmuz/22 (29. Hafta),297,Yabancı Para Pozisyonu,4,Bilanço Dışı Yabancı Para Pozisyonu (5-6),TOPLAM,"610.513,61",610513.61,TL,BDDK Haftalık Bülten
2022-07-22,2022-07-22,2022-07-22,False,2022,7,22,447,Temmuz/22 (29. Hafta),297,Yabancı Para Pozisyonu,5,a) Bilanço Dışı Varlıklar,TOPLAM,"2.260.756,03",2260756.03,TL,BDDK Haftalık Bülten
2022-07-22,2022-07-22,2022-07-22,False,2022,7,22,447,Temmuz/22 (29. Hafta),297,Yabancı Para Pozisyonu,6,b) Bilanço Dışı Yükümlülükler,TOPLAM,"1.650.242,42",1650242.42,TL,BDDK Haftalık Bülten
2022-07-22,2022-07-22,2022-07-22,False,2022,7,22,447,Temmuz/22 (29. Hafta),297,Yabancı Para Pozisyonu,7,Yabancı Para Net Genel Pozisyonu (1+4),TOPLAM,"63.449,41",63449.41,TL,BDDK Haftalık Bülten
2022-07-22,2022-07-22,2022-07-22,False,2022,7,22,447,Temmuz/22 (29. Hafta),297,Yabancı Para Pozisyonu,8,Yasal Özkaynak,TOPLAM,"1.311.800,35",1311800.35,TL,BDDK Haftalık Bülten
2022-07-22,2022-07-22,2022-07-22,False,2022,7,22,447,Temmuz/22 (29. Hafta),297,Yabancı Para Pozisyonu,9,Dövize Endeskli Varlıklar (Bilgi),TOPLAM,"10.059,23",10059.23,TL,BDDK Haftalık Bülten
2022-07-29,2022-07-29,2022-07-29,False,2022,7,29,448,Temmuz/29 (30. Hafta),297,Yabancı Para Pozisyonu,1,Bilanço İçi Yabancı Para Pozisyonu (2-3),TOPLAM,"-576.752,52",-576752.52,TL,BDDK Haftalık Bülten
2022-07-29,2022-07-29,2022-07-29,False,2022,7,29,448,Temmuz/29 (30. Hafta),297,Yabancı Para Pozisyonu,10,Dövize Endeksli Yükümlülükler (Bilgi),TOPLAM,"0,00",0.0,TL,BDDK Haftalık Bülten
2022-07-29,2022-07-29,2022-07-29,False,2022,7,29,448,Temmuz/29 (30. Hafta),297,Yabancı Para Pozisyonu,2,a) Bilanço İçi Varlıklar,TOPLAM,"6.025.389,14",6025389.14,TL,BDDK Haftalık Bülten
2022-07-29,2022-07-29,2022-07-29,False,2022,7,29,448,Temmuz/29 (30. Hafta),297,Yabancı Para Pozisyonu,3,b) Bilanço İçi Yükümlülükler,TOPLAM,"6.602.141,66",6602141.66,TL,BDDK Haftalık Bülten
2022-07-29,2022-07-29,2022-07-29,False,2022,7,29,448,Temmuz/29 (30. Hafta),297,Yabancı Para Pozisyonu,4,Bilanço Dışı Yabancı Para Pozisyonu (5-6),TOPLAM,"643.573,24",643573.24,TL,BDDK Haftalık Bülten
2022-07-29,2022-07-29,2022-07-29,False,2022,7,29,448,Temmuz/29 (30. Hafta),297,Yabancı Para Pozisyonu,5,a) Bilanço Dışı Varlıklar,TOPLAM,"2.317.566,11",2317566.11,TL,BDDK Haftalık Bülten
2022-07-29,2022-07-29,2022-07-29,False,2022,7,29,448,Temmuz/29 (30. Hafta),297,Yabancı Para Pozisyonu,6,b) Bilanço Dışı Yükümlülükler,TOPLAM,"1.673.992,87",1673992.87,TL,BDDK Haftalık Bülten
2022-07-29,2022-07-29,2022-07-29,False,2022,7,29,448,Temmuz/29 (30. Hafta),297,Yabancı Para Pozisyonu,7,Yabancı Para Net Genel Pozisyonu (1+4),TOPLAM,"66.820,72",66820.72,TL,BDDK Haftalık Bülten
2022-07-29,2022-07-29,2022-07-29,False,2022,7,29,448,Temmuz/29 (30. Hafta),297,Yabancı Para Pozisyonu,8,Yasal Özkaynak,TOPLAM,"1.320.851,84",1320851.84,TL,BDDK Haftalık Bülten
2022-07-29,2022-07-29,2022-07-29,False,2022,7,29,448,Temmuz/29 (30. Hafta),297,Yabancı Para Pozisyonu,9,Dövize Endeskli Varlıklar (Bilgi),TOPLAM,"10.001,68",10001.68,TL,BDDK Haftalık Bülten
2022-08-05,2022-08-05,2022-08-05,False,2022,8,5,449,Ağustos/05 (31. Hafta),297,Yabancı Para Pozisyonu,1,Bilanço İçi Yabancı Para Pozisyonu (2-3),TOPLAM,"-585.513,30",-585513.3,TL,BDDK Haftalık Bülten
2022-08-05,2022-08-05,2022-08-05,False,2022,8,5,449,Ağustos/05 (31. Hafta),297,Yabancı Para Pozisyonu,10,Dövize Endeksli Yükümlülükler (Bilgi),TOPLAM,"0,00",0.0,TL,BDDK Haftalık Bülten
2022-08-05,2022-08-05,2022-08-05,False,2022,8,5,449,Ağustos/05 (31. Hafta),297,Yabancı Para Pozisyonu,2,a) Bilanço İçi Varlıklar,TOPLAM,"6.140.069,73",6140069.73,TL,BDDK Haftalık Bülten
2022-08-05,2022-08-05,2022-08-05,False,2022,8,5,449,Ağustos/05 (31. Hafta),297,Yabancı Para Pozisyonu,3,b) Bilanço İçi Yükümlülükler,TOPLAM,"6.725.583,04",6725583.04,TL,BDDK Haftalık Bülten
2022-08-05,2022-08-05,2022-08-05,False,2022,8,5,449,Ağustos/05 (31. Hafta),297,Yabancı Para Pozisyonu,4,Bilanço Dışı Yabancı Para Pozisyonu (5-6),TOPLAM,"667.689,67",667689.67,TL,BDDK Haftalık Bülten
2022-08-05,2022-08-05,2022-08-05,False,2022,8,5,449,Ağustos/05 (31. Hafta),297,Yabancı Para Pozisyonu,5,a) Bilanço Dışı Varlıklar,TOPLAM,"2.323.589,74",2323589.74,TL,BDDK Haftalık Bülten
2022-08-05,2022-08-05,2022-08-05,False,2022,8,5,449,Ağustos/05 (31. Hafta),297,Yabancı Para Pozisyonu,6,b) Bilanço Dışı Yükümlülükler,TOPLAM,"1.655.900,07",1655900.07,TL,BDDK Haftalık Bülten
2022-08-05,2022-08-05,2022-08-05,False,2022,8,5,449,Ağustos/05 (31. Hafta),297,Yabancı Para Pozisyonu,7,Yabancı Para Net Genel Pozisyonu (1+4),TOPLAM,"82.176,37",82176.37,TL,BDDK Haftalık Bülten
2022-08-05,2022-08-05,2022-08-05,False,2022,8,5,449,Ağustos/05 (31. Hafta),297,Yabancı Para Pozisyonu,8,Yasal Özkaynak,TOPLAM,"1.319.642,69",1319642.69,TL,BDDK Haftalık Bülten
2022-08-05,2022-08-05,2022-08-05,False,2022,8,5,449,Ağustos/05 (31. Hafta),297,Yabancı Para Pozisyonu,9,Dövize Endeskli Varlıklar (Bilgi),TOPLAM,"10.000,59",10000.59,TL,BDDK Haftalık Bülten
2022-08-12,2022-08-12,2022-08-12,False,2022,8,12,450,Ağustos/12 (32. Hafta),297,Yabancı Para Pozisyonu,1,Bilanço İçi Yabancı Para Pozisyonu (2-3),TOPLAM,"-633.655,53",-633655.53,TL,BDDK Haftalık Bülten
2022-08-12,2022-08-12,2022-08-12,False,2022,8,12,450,Ağustos/12 (32. Hafta),297,Yabancı Para Pozisyonu,10,Dövize Endeksli Yükümlülükler (Bilgi),TOPLAM,"0,00",0.0,TL,BDDK Haftalık Bülten
2022-08-12,2022-08-12,2022-08-12,False,2022,8,12,450,Ağustos/12 (32. Hafta),297,Yabancı Para Pozisyonu,2,a) Bilanço İçi Varlıklar,TOPLAM,"6.107.447,56",6107447.56,TL,BDDK Haftalık Bülten
2022-08-12,2022-08-12,2022-08-12,False,2022,8,12,450,Ağustos/12 (32. Hafta),297,Yabancı Para Pozisyonu,3,b) Bilanço İçi Yükümlülükler,TOPLAM,"6.741.103,09",6741103.09,TL,BDDK Haftalık Bülten
2022-08-12,2022-08-12,2022-08-12,False,2022,8,12,450,Ağustos/12 (32. Hafta),297,Yabancı Para Pozisyonu,4,Bilanço Dışı Yabancı Para Pozisyonu (5-6),TOPLAM,"720.401,13",720401.13,TL,BDDK Haftalık Bülten
2022-08-12,2022-08-12,2022-08-12,False,2022,8,12,450,Ağustos/12 (32. Hafta),297,Yabancı Para Pozisyonu,5,a) Bilanço Dışı Varlıklar,TOPLAM,"2.423.095,04",2423095.04,TL,BDDK Haftalık Bülten
2022-08-12,2022-08-12,2022-08-12,False,2022,8,12,450,Ağustos/12 (32. Hafta),297,Yabancı Para Pozisyonu,6,b) Bilanço Dışı Yükümlülükler,TOPLAM,"1.702.693,91",1702693.91,TL,BDDK Haftalık Bülten
2022-08-12,2022-08-12,2022-08-12,False,2022,8,12,450,Ağustos/12 (32. Hafta),297,Yabancı Para Pozisyonu,7,Yabancı Para Net Genel Pozisyonu (1+4),TOPLAM,"86.745,60",86745.6,TL,BDDK Haftalık Bülten
2022-08-12,2022-08-12,2022-08-12,False,2022,8,12,450,Ağustos/12 (32. Hafta),297,Yabancı Para Pozisyonu,8,Yasal Özkaynak,TOPLAM,"1.320.277,76",1320277.76,TL,BDDK Haftalık Bülten
2022-08-12,2022-08-12,2022-08-12,False,2022,8,12,450,Ağustos/12 (32. Hafta),297,Yabancı Para Pozisyonu,9,Dövize Endeskli Varlıklar (Bilgi),TOPLAM,"9.928,08",9928.08,TL,BDDK Haftalık Bülten
2022-08-19,2022-08-19,2022-08-19,False,2022,8,19,451,Ağustos/19 (33. Hafta),297,Yabancı Para Pozisyonu,1,Bilanço İçi Yabancı Para Pozisyonu (2-3),TOPLAM,"-607.767,37",-607767.37,TL,BDDK Haftalık Bülten
2022-08-19,2022-08-19,2022-08-19,False,2022,8,19,451,Ağustos/19 (33. Hafta),297,Yabancı Para Pozisyonu,10,Dövize Endeksli Yükümlülükler (Bilgi),TOPLAM,"0,00",0.0,TL,BDDK Haftalık Bülten
2022-08-19,2022-08-19,2022-08-19,False,2022,8,19,451,Ağustos/19 (33. Hafta),297,Yabancı Para Pozisyonu,2,a) Bilanço İçi Varlıklar,TOPLAM,"6.072.064,73",6072064.73,TL,BDDK Haftalık Bülten
2022-08-19,2022-08-19,2022-08-19,False,2022,8,19,451,Ağustos/19 (33. Hafta),297,Yabancı Para Pozisyonu,3,b) Bilanço İçi Yükümlülükler,TOPLAM,"6.679.832,10",6679832.1,TL,BDDK Haftalık Bülten
2022-08-19,2022-08-19,2022-08-19,False,2022,8,19,451,Ağustos/19 (33. Hafta),297,Yabancı Para Pozisyonu,4,Bilanço Dışı Yabancı Para Pozisyonu (5-6),TOPLAM,"678.128,50",678128.5,TL,BDDK Haftalık Bülten
2022-08-19,2022-08-19,2022-08-19,False,2022,8,19,451,Ağustos/19 (33. Hafta),297,Yabancı Para Pozisyonu,5,a) Bilanço Dışı Varlıklar,TOPLAM,"2.410.494,34",2410494.34,TL,BDDK Haftalık Bülten
2022-08-19,2022-08-19,2022-08-19,False,2022,8,19,451,Ağustos/19 (33. Hafta),297,Yabancı Para Pozisyonu,6,b) Bilanço Dışı Yükümlülükler,TOPLAM,"1.732.365,84",1732365.84,TL,BDDK Haftalık Bülten
2022-08-19,2022-08-19,2022-08-19,False,2022,8,19,451,Ağustos/19 (33. Hafta),297,Yabancı Para Pozisyonu,7,Yabancı Para Net Genel Pozisyonu (1+4),TOPLAM,"70.361,13",70361.13,TL,BDDK Haftalık Bülten
2022-08-19,2022-08-19,2022-08-19,False,2022,8,19,451,Ağustos/19 (33. Hafta),297,Yabancı Para Pozisyonu,8,Yasal Özkaynak,TOPLAM,"1.340.857,79",1340857.79,TL,BDDK Haftalık Bülten
2022-08-19,2022-08-19,2022-08-19,False,2022,8,19,451,Ağustos/19 (33. Hafta),297,Yabancı Para Pozisyonu,9,Dövize Endeskli Varlıklar (Bilgi),TOPLAM,"9.825,10",9825.1,TL,BDDK Haftalık Bülten
2022-08-26,2022-08-26,2022-08-26,False,2022,8,26,452,Ağustos/26 (34. Hafta),297,Yabancı Para Pozisyonu,1,Bilanço İçi Yabancı Para Pozisyonu (2-3),TOPLAM,"-578.827,44",-578827.44,TL,BDDK Haftalık Bülten
2022-08-26,2022-08-26,2022-08-26,False,2022,8,26,452,Ağustos/26 (34. Hafta),297,Yabancı Para Pozisyonu,10,Dövize Endeksli Yükümlülükler (Bilgi),TOPLAM,"0,00",0.0,TL,BDDK Haftalık Bülten
2022-08-26,2022-08-26,2022-08-26,False,2022,8,26,452,Ağustos/26 (34. Hafta),297,Yabancı Para Pozisyonu,2,a) Bilanço İçi Varlıklar,TOPLAM,"6.100.613,31",6100613.31,TL,BDDK Haftalık Bülten
2022-08-26,2022-08-26,2022-08-26,False,2022,8,26,452,Ağustos/26 (34. Hafta),297,Yabancı Para Pozisyonu,3,b) Bilanço İçi Yükümlülükler,TOPLAM,"6.679.440,75",6679440.75,TL,BDDK Haftalık Bülten
2022-08-26,2022-08-26,2022-08-26,False,2022,8,26,452,Ağustos/26 (34. Hafta),297,Yabancı Para Pozisyonu,4,Bilanço Dışı Yabancı Para Pozisyonu (5-6),TOPLAM,"655.334,00",655334.0,TL,BDDK Haftalık Bülten
2022-08-26,2022-08-26,2022-08-26,False,2022,8,26,452,Ağustos/26 (34. Hafta),297,Yabancı Para Pozisyonu,5,a) Bilanço Dışı Varlıklar,TOPLAM,"2.447.803,31",2447803.31,TL,BDDK Haftalık Bülten
2022-08-26,2022-08-26,2022-08-26,False,2022,8,26,452,Ağustos/26 (34. Hafta),297,Yabancı Para Pozisyonu,6,b) Bilanço Dışı Yükümlülükler,TOPLAM,"1.792.469,30",1792469.3,TL,BDDK Haftalık Bülten
2022-08-26,2022-08-26,2022-08-26,False,2022,8,26,452,Ağustos/26 (34. Hafta),297,Yabancı Para Pozisyonu,7,Yabancı Para Net Genel Pozisyonu (1+4),TOPLAM,"76.506,56",76506.56,TL,BDDK Haftalık Bülten
2022-08-26,2022-08-26,2022-08-26,False,2022,8,26,452,Ağustos/26 (34. Hafta),297,Yabancı Para Pozisyonu,8,Yasal Özkaynak,TOPLAM,"1.357.101,60",1357101.6,TL,BDDK Haftalık Bülten
2022-08-26,2022-08-26,2022-08-26,False,2022,8,26,452,Ağustos/26 (34. Hafta),297,Yabancı Para Pozisyonu,9,Dövize Endeskli Varlıklar (Bilgi),TOPLAM,"9.417,91",9417.91,TL,BDDK Haftalık Bülten
2022-09-02,2022-09-02,2022-09-02,False,2022,9,2,453,Eylül/02 (35. Hafta),297,Yabancı Para Pozisyonu,1,Bilanço İçi Yabancı Para Pozisyonu (2-3),TOPLAM,"-606.401,07",-606401.07,TL,BDDK Haftalık Bülten
2022-09-02,2022-09-02,2022-09-02,False,2022,9,2,453,Eylül/02 (35. Hafta),297,Yabancı Para Pozisyonu,10,Dövize Endeksli Yükümlülükler (Bilgi),TOPLAM,"0,00",0.0,TL,BDDK Haftalık Bülten
2022-09-02,2022-09-02,2022-09-02,False,2022,9,2,453,Eylül/02 (35. Hafta),297,Yabancı Para Pozisyonu,2,a) Bilanço İçi Varlıklar,TOPLAM,"6.053.660,69",6053660.69,TL,BDDK Haftalık Bülten
2022-09-02,2022-09-02,2022-09-02,False,2022,9,2,453,Eylül/02 (35. Hafta),297,Yabancı Para Pozisyonu,3,b) Bilanço İçi Yükümlülükler,TOPLAM,"6.660.061,77",6660061.77,TL,BDDK Haftalık Bülten
2022-09-02,2022-09-02,2022-09-02,False,2022,9,2,453,Eylül/02 (35. Hafta),297,Yabancı Para Pozisyonu,4,Bilanço Dışı Yabancı Para Pozisyonu (5-6),TOPLAM,"688.829,65",688829.65,TL,BDDK Haftalık Bülten
2022-09-02,2022-09-02,2022-09-02,False,2022,9,2,453,Eylül/02 (35. Hafta),297,Yabancı Para Pozisyonu,5,a) Bilanço Dışı Varlıklar,TOPLAM,"2.328.626,85",2328626.85,TL,BDDK Haftalık Bülten
2022-09-02,2022-09-02,2022-09-02,False,2022,9,2,453,Eylül/02 (35. Hafta),297,Yabancı Para Pozisyonu,6,b) Bilanço Dışı Yükümlülükler,TOPLAM,"1.639.797,19",1639797.19,TL,BDDK Haftalık Bülten
2022-09-02,2022-09-02,2022-09-02,False,2022,9,2,453,Eylül/02 (35. Hafta),297,Yabancı Para Pozisyonu,7,Yabancı Para Net Genel Pozisyonu (1+4),TOPLAM,"82.428,58",82428.58,TL,BDDK Haftalık Bülten
2022-09-02,2022-09-02,2022-09-02,False,2022,9,2,453,Eylül/02 (35. Hafta),297,Yabancı Para Pozisyonu,8,Yasal Özkaynak,TOPLAM,"1.357.328,23",1357328.23,TL,BDDK Haftalık Bülten
2022-09-02,2022-09-02,2022-09-02,False,2022,9,2,453,Eylül/02 (35. Hafta),297,Yabancı Para Pozisyonu,9,Dövize Endeskli Varlıklar (Bilgi),TOPLAM,"9.582,06",9582.06,TL,BDDK Haftalık Bülten
2022-09-09,2022-09-09,2022-09-09,False,2022,9,9,454,Eylül/09 (36. Hafta),297,Yabancı Para Pozisyonu,1,Bilanço İçi Yabancı Para Pozisyonu (2-3),TOPLAM,"-591.004,85",-591004.85,TL,BDDK Haftalık Bülten
2022-09-09,2022-09-09,2022-09-09,False,2022,9,9,454,Eylül/09 (36. Hafta),297,Yabancı Para Pozisyonu,10,Dövize Endeksli Yükümlülükler (Bilgi),TOPLAM,"0,00",0.0,TL,BDDK Haftalık Bülten
2022-09-09,2022-09-09,2022-09-09,False,2022,9,9,454,Eylül/09 (36. Hafta),297,Yabancı Para Pozisyonu,2,a) Bilanço İçi Varlıklar,TOPLAM,"6.100.570,22",6100570.22,TL,BDDK Haftalık Bülten
2022-09-09,2022-09-09,2022-09-09,False,2022,9,9,454,Eylül/09 (36. Hafta),297,Yabancı Para Pozisyonu,3,b) Bilanço İçi Yükümlülükler,TOPLAM,"6.691.575,07",6691575.07,TL,BDDK Haftalık Bülten
2022-09-09,2022-09-09,2022-09-09,False,2022,9,9,454,Eylül/09 (36. Hafta),297,Yabancı Para Pozisyonu,4,Bilanço Dışı Yabancı Para Pozisyonu (5-6),TOPLAM,"680.359,11",680359.11,TL,BDDK Haftalık Bülten
2022-09-09,2022-09-09,2022-09-09,False,2022,9,9,454,Eylül/09 (36. Hafta),297,Yabancı Para Pozisyonu,5,a) Bilanço Dışı Varlıklar,TOPLAM,"2.390.899,69",2390899.69,TL,BDDK Haftalık Bülten
2022-09-09,2022-09-09,2022-09-09,False,2022,9,9,454,Eylül/09 (36. Hafta),297,Yabancı Para Pozisyonu,6,b) Bilanço Dışı Yükümlülükler,TOPLAM,"1.710.540,58",1710540.58,TL,BDDK Haftalık Bülten
2022-09-09,2022-09-09,2022-09-09,False,2022,9,9,454,Eylül/09 (36. Hafta),297,Yabancı Para Pozisyonu,7,Yabancı Para Net Genel Pozisyonu (1+4),TOPLAM,"89.354,26",89354.26,TL,BDDK Haftalık Bülten
2022-09-09,2022-09-09,2022-09-09,False,2022,9,9,454,Eylül/09 (36. Hafta),297,Yabancı Para Pozisyonu,8,Yasal Özkaynak,TOPLAM,"1.357.328,96",1357328.96,TL,BDDK Haftalık Bülten
2022-09-09,2022-09-09,2022-09-09,False,2022,9,9,454,Eylül/09 (36. Hafta),297,Yabancı Para Pozisyonu,9,Dövize Endeskli Varlıklar (Bilgi),TOPLAM,"9.477,39",9477.39,TL,BDDK Haftalık Bülten
2022-09-16,2022-09-16,2022-09-16,False,2022,9,16,455,Eylül/16 (37. Hafta),297,Yabancı Para Pozisyonu,1,Bilanço İçi Yabancı Para Pozisyonu (2-3),TOPLAM,"-567.611,94",-567611.94,TL,BDDK Haftalık Bülten
2022-09-16,2022-09-16,2022-09-16,False,2022,9,16,455,Eylül/16 (37. Hafta),297,Yabancı Para Pozisyonu,10,Dövize Endeksli Yükümlülükler (Bilgi),TOPLAM,"0,00",0.0,TL,BDDK Haftalık Bülten
2022-09-16,2022-09-16,2022-09-16,False,2022,9,16,455,Eylül/16 (37. Hafta),297,Yabancı Para Pozisyonu,2,a) Bilanço İçi Varlıklar,TOPLAM,"6.126.498,24",6126498.24,TL,BDDK Haftalık Bülten
2022-09-16,2022-09-16,2022-09-16,False,2022,9,16,455,Eylül/16 (37. Hafta),297,Yabancı Para Pozisyonu,3,b) Bilanço İçi Yükümlülükler,TOPLAM,"6.694.110,18",6694110.18,TL,BDDK Haftalık Bülten
2022-09-16,2022-09-16,2022-09-16,False,2022,9,16,455,Eylül/16 (37. Hafta),297,Yabancı Para Pozisyonu,4,Bilanço Dışı Yabancı Para Pozisyonu (5-6),TOPLAM,"656.252,43",656252.43,TL,BDDK Haftalık Bülten
2022-09-16,2022-09-16,2022-09-16,False,2022,9,16,455,Eylül/16 (37. Hafta),297,Yabancı Para Pozisyonu,5,a) Bilanço Dışı Varlıklar,TOPLAM,"2.374.644,82",2374644.82,TL,BDDK Haftalık Bülten
2022-09-16,2022-09-16,2022-09-16,False,2022,9,16,455,Eylül/16 (37. Hafta),297,Yabancı Para Pozisyonu,6,b) Bilanço Dışı Yükümlülükler,TOPLAM,"1.718.392,39",1718392.39,TL,BDDK Haftalık Bülten
2022-09-16,2022-09-16,2022-09-16,False,2022,9,16,455,Eylül/16 (37. Hafta),297,Yabancı Para Pozisyonu,7,Yabancı Para Net Genel Pozisyonu (1+4),TOPLAM,"88.640,49",88640.49,TL,BDDK Haftalık Bülten
2022-09-16,2022-09-16,2022-09-16,False,2022,9,16,455,Eylül/16 (37. Hafta),297,Yabancı Para Pozisyonu,8,Yasal Özkaynak,TOPLAM,"1.367.799,66",1367799.66,TL,BDDK Haftalık Bülten
2022-09-16,2022-09-16,2022-09-16,False,2022,9,16,455,Eylül/16 (37. Hafta),297,Yabancı Para Pozisyonu,9,Dövize Endeskli Varlıklar (Bilgi),TOPLAM,"9.395,91",9395.91,TL,BDDK Haftalık Bülten
2022-09-23,2022-09-23,2022-09-23,False,2022,9,23,456,Eylül/23 (38. Hafta),297,Yabancı Para Pozisyonu,1,Bilanço İçi Yabancı Para Pozisyonu (2-3),TOPLAM,"-556.458,93",-556458.93,TL,BDDK Haftalık Bülten
2022-09-23,2022-09-23,2022-09-23,False,2022,9,23,456,Eylül/23 (38. Hafta),297,Yabancı Para Pozisyonu,10,Dövize Endeksli Yükümlülükler (Bilgi),TOPLAM,"0,00",0.0,TL,BDDK Haftalık Bülten
2022-09-23,2022-09-23,2022-09-23,False,2022,9,23,456,Eylül/23 (38. Hafta),297,Yabancı Para Pozisyonu,2,a) Bilanço İçi Varlıklar,TOPLAM,"6.114.929,84",6114929.84,TL,BDDK Haftalık Bülten
2022-09-23,2022-09-23,2022-09-23,False,2022,9,23,456,Eylül/23 (38. Hafta),297,Yabancı Para Pozisyonu,3,b) Bilanço İçi Yükümlülükler,TOPLAM,"6.671.388,77",6671388.77,TL,BDDK Haftalık Bülten
2022-09-23,2022-09-23,2022-09-23,False,2022,9,23,456,Eylül/23 (38. Hafta),297,Yabancı Para Pozisyonu,4,Bilanço Dışı Yabancı Para Pozisyonu (5-6),TOPLAM,"639.597,66",639597.66,TL,BDDK Haftalık Bülten
2022-09-23,2022-09-23,2022-09-23,False,2022,9,23,456,Eylül/23 (38. Hafta),297,Yabancı Para Pozisyonu,5,a) Bilanço Dışı Varlıklar,TOPLAM,"2.389.858,23",2389858.23,TL,BDDK Haftalık Bülten
2022-09-23,2022-09-23,2022-09-23,False,2022,9,23,456,Eylül/23 (38. Hafta),297,Yabancı Para Pozisyonu,6,b) Bilanço Dışı Yükümlülükler,TOPLAM,"1.750.260,57",1750260.57,TL,BDDK Haftalık Bülten
2022-09-23,2022-09-23,2022-09-23,False,2022,9,23,456,Eylül/23 (38. Hafta),297,Yabancı Para Pozisyonu,7,Yabancı Para Net Genel Pozisyonu (1+4),TOPLAM,"83.138,72",83138.72,TL,BDDK Haftalık Bülten
2022-09-23,2022-09-23,2022-09-23,False,2022,9,23,456,Eylül/23 (38. Hafta),297,Yabancı Para Pozisyonu,8,Yasal Özkaynak,TOPLAM,"1.448.292,30",1448292.3,TL,BDDK Haftalık Bülten
2022-09-23,2022-09-23,2022-09-23,False,2022,9,23,456,Eylül/23 (38. Hafta),297,Yabancı Para Pozisyonu,9,Dövize Endeskli Varlıklar (Bilgi),TOPLAM,"9.279,53",9279.53,TL,BDDK Haftalık Bülten
2022-09-30,2022-09-30,2022-09-30,False,2022,9,30,457,Eylül/30 (39. Hafta),297,Yabancı Para Pozisyonu,1,Bilanço İçi Yabancı Para Pozisyonu (2-3),TOPLAM,"-604.800,82",-604800.82,TL,BDDK Haftalık Bülten
2022-09-30,2022-09-30,2022-09-30,False,2022,9,30,457,Eylül/30 (39. Hafta),297,Yabancı Para Pozisyonu,10,Dövize Endeksli Yükümlülükler (Bilgi),TOPLAM,"0,00",0.0,TL,BDDK Haftalık Bülten
2022-09-30,2022-09-30,2022-09-30,False,2022,9,30,457,Eylül/30 (39. Hafta),297,Yabancı Para Pozisyonu,2,a) Bilanço İçi Varlıklar,TOPLAM,"6.115.774,97",6115774.97,TL,BDDK Haftalık Bülten
2022-09-30,2022-09-30,2022-09-30,False,2022,9,30,457,Eylül/30 (39. Hafta),297,Yabancı Para Pozisyonu,3,b) Bilanço İçi Yükümlülükler,TOPLAM,"6.720.575,79",6720575.79,TL,BDDK Haftalık Bülten
2022-09-30,2022-09-30,2022-09-30,False,2022,9,30,457,Eylül/30 (39. Hafta),297,Yabancı Para Pozisyonu,4,Bilanço Dışı Yabancı Para Pozisyonu (5-6),TOPLAM,"688.881,40",688881.4,TL,BDDK Haftalık Bülten
2022-09-30,2022-09-30,2022-09-30,False,2022,9,30,457,Eylül/30 (39. Hafta),297,Yabancı Para Pozisyonu,5,a) Bilanço Dışı Varlıklar,TOPLAM,"2.466.000,95",2466000.95,TL,BDDK Haftalık Bülten
2022-09-30,2022-09-30,2022-09-30,False,2022,9,30,457,Eylül/30 (39. Hafta),297,Yabancı Para Pozisyonu,6,b) Bilanço Dışı Yükümlülükler,TOPLAM,"1.777.119,54",1777119.54,TL,BDDK Haftalık Bülten
2022-09-30,2022-09-30,2022-09-30,False,2022,9,30,457,Eylül/30 (39. Hafta),297,Yabancı Para Pozisyonu,7,Yabancı Para Net Genel Pozisyonu (1+4),TOPLAM,"84.080,59",84080.59,TL,BDDK Haftalık Bülten
2022-09-30,2022-09-30,2022-09-30,False,2022,9,30,457,Eylül/30 (39. Hafta),297,Yabancı Para Pozisyonu,8,Yasal Özkaynak,TOPLAM,"1.483.265,00",1483265.0,TL,BDDK Haftalık Bülten
2022-09-30,2022-09-30,2022-09-30,False,2022,9,30,457,Eylül/30 (39. Hafta),297,Yabancı Para Pozisyonu,9,Dövize Endeskli Varlıklar (Bilgi),TOPLAM,"9.267,82",9267.82,TL,BDDK Haftalık Bülten
2022-10-07,2022-10-07,2022-10-07,False,2022,10,7,458,Ekim/07 (40. Hafta),297,Yabancı Para Pozisyonu,1,Bilanço İçi Yabancı Para Pozisyonu (2-3),TOPLAM,"-627.012,65",-627012.65,TL,BDDK Haftalık Bülten
2022-10-07,2022-10-07,2022-10-07,False,2022,10,7,458,Ekim/07 (40. Hafta),297,Yabancı Para Pozisyonu,10,Dövize Endeksli Yükümlülükler (Bilgi),TOPLAM,"0,00",0.0,TL,BDDK Haftalık Bülten
2022-10-07,2022-10-07,2022-10-07,False,2022,10,7,458,Ekim/07 (40. Hafta),297,Yabancı Para Pozisyonu,2,a) Bilanço İçi Varlıklar,TOPLAM,"6.166.237,82",6166237.82,TL,BDDK Haftalık Bülten
2022-10-07,2022-10-07,2022-10-07,False,2022,10,7,458,Ekim/07 (40. Hafta),297,Yabancı Para Pozisyonu,3,b) Bilanço İçi Yükümlülükler,TOPLAM,"6.793.250,47",6793250.47,TL,BDDK Haftalık Bülten
2022-10-07,2022-10-07,2022-10-07,False,2022,10,7,458,Ekim/07 (40. Hafta),297,Yabancı Para Pozisyonu,4,Bilanço Dışı Yabancı Para Pozisyonu (5-6),TOPLAM,"711.633,63",711633.63,TL,BDDK Haftalık Bülten
2022-10-07,2022-10-07,2022-10-07,False,2022,10,7,458,Ekim/07 (40. Hafta),297,Yabancı Para Pozisyonu,5,a) Bilanço Dışı Varlıklar,TOPLAM,"2.379.549,21",2379549.21,TL,BDDK Haftalık Bülten
2022-10-07,2022-10-07,2022-10-07,False,2022,10,7,458,Ekim/07 (40. Hafta),297,Yabancı Para Pozisyonu,6,b) Bilanço Dışı Yükümlülükler,TOPLAM,"1.667.915,59",1667915.59,TL,BDDK Haftalık Bülten
2022-10-07,2022-10-07,2022-10-07,False,2022,10,7,458,Ekim/07 (40. Hafta),297,Yabancı Para Pozisyonu,7,Yabancı Para Net Genel Pozisyonu (1+4),TOPLAM,"84.620,98",84620.98,TL,BDDK Haftalık Bülten
2022-10-07,2022-10-07,2022-10-07,False,2022,10,7,458,Ekim/07 (40. Hafta),297,Yabancı Para Pozisyonu,8,Yasal Özkaynak,TOPLAM,"1.454.705,07",1454705.07,TL,BDDK Haftalık Bülten
2022-10-07,2022-10-07,2022-10-07,False,2022,10,7,458,Ekim/07 (40. Hafta),297,Yabancı Para Pozisyonu,9,Dövize Endeskli Varlıklar (Bilgi),TOPLAM,"9.202,38",9202.38,TL,BDDK Haftalık Bülten
2022-10-14,2022-10-14,2022-10-14,False,2022,10,14,459,Ekim/14 (41. Hafta),297,Yabancı Para Pozisyonu,1,Bilanço İçi Yabancı Para Pozisyonu (2-3),TOPLAM,"-633.968,97",-633968.97,TL,BDDK Haftalık Bülten
2022-10-14,2022-10-14,2022-10-14,False,2022,10,14,459,Ekim/14 (41. Hafta),297,Yabancı Para Pozisyonu,10,Dövize Endeksli Yükümlülükler (Bilgi),TOPLAM,"0,00",0.0,TL,BDDK Haftalık Bülten
2022-10-14,2022-10-14,2022-10-14,False,2022,10,14,459,Ekim/14 (41. Hafta),297,Yabancı Para Pozisyonu,2,a) Bilanço İçi Varlıklar,TOPLAM,"6.146.654,32",6146654.32,TL,BDDK Haftalık Bülten
2022-10-14,2022-10-14,2022-10-14,False,2022,10,14,459,Ekim/14 (41. Hafta),297,Yabancı Para Pozisyonu,3,b) Bilanço İçi Yükümlülükler,TOPLAM,"6.780.623,29",6780623.29,TL,BDDK Haftalık Bülten
2022-10-14,2022-10-14,2022-10-14,False,2022,10,14,459,Ekim/14 (41. Hafta),297,Yabancı Para Pozisyonu,4,Bilanço Dışı Yabancı Para Pozisyonu (5-6),TOPLAM,"718.162,14",718162.14,TL,BDDK Haftalık Bülten
2022-10-14,2022-10-14,2022-10-14,False,2022,10,14,459,Ekim/14 (41. Hafta),297,Yabancı Para Pozisyonu,5,a) Bilanço Dışı Varlıklar,TOPLAM,"2.467.669,85",2467669.85,TL,BDDK Haftalık Bülten
2022-10-14,2022-10-14,2022-10-14,False,2022,10,14,459,Ekim/14 (41. Hafta),297,Yabancı Para Pozisyonu,6,b) Bilanço Dışı Yükümlülükler,TOPLAM,"1.749.507,71",1749507.71,TL,BDDK Haftalık Bülten
2022-10-14,2022-10-14,2022-10-14,False,2022,10,14,459,Ekim/14 (41. Hafta),297,Yabancı Para Pozisyonu,7,Yabancı Para Net Genel Pozisyonu (1+4),TOPLAM,"84.193,17",84193.17,TL,BDDK Haftalık Bülten
2022-10-14,2022-10-14,2022-10-14,False,2022,10,14,459,Ekim/14 (41. Hafta),297,Yabancı Para Pozisyonu,8,Yasal Özkaynak,TOPLAM,"1.457.531,16",1457531.16,TL,BDDK Haftalık Bülten
2022-10-14,2022-10-14,2022-10-14,False,2022,10,14,459,Ekim/14 (41. Hafta),297,Yabancı Para Pozisyonu,9,Dövize Endeskli Varlıklar (Bilgi),TOPLAM,"9.108,78",9108.78,TL,BDDK Haftalık Bülten
2022-10-21,2022-10-21,2022-10-21,False,2022,10,21,460,Ekim/21 (42. Hafta),297,Yabancı Para Pozisyonu,1,Bilanço İçi Yabancı Para Pozisyonu (2-3),TOPLAM,"-626.351,89",-626351.89,TL,BDDK Haftalık Bülten
2022-10-21,2022-10-21,2022-10-21,False,2022,10,21,460,Ekim/21 (42. Hafta),297,Yabancı Para Pozisyonu,10,Dövize Endeksli Yükümlülükler (Bilgi),TOPLAM,"0,00",0.0,TL,BDDK Haftalık Bülten
2022-10-21,2022-10-21,2022-10-21,False,2022,10,21,460,Ekim/21 (42. Hafta),297,Yabancı Para Pozisyonu,2,a) Bilanço İçi Varlıklar,TOPLAM,"6.165.257,58",6165257.58,TL,BDDK Haftalık Bülten
2022-10-21,2022-10-21,2022-10-21,False,2022,10,21,460,Ekim/21 (42. Hafta),297,Yabancı Para Pozisyonu,3,b) Bilanço İçi Yükümlülükler,TOPLAM,"6.791.609,48",6791609.48,TL,BDDK Haftalık Bülten
2022-10-21,2022-10-21,2022-10-21,False,2022,10,21,460,Ekim/21 (42. Hafta),297,Yabancı Para Pozisyonu,4,Bilanço Dışı Yabancı Para Pozisyonu (5-6),TOPLAM,"710.481,75",710481.75,TL,BDDK Haftalık Bülten
2022-10-21,2022-10-21,2022-10-21,False,2022,10,21,460,Ekim/21 (42. Hafta),297,Yabancı Para Pozisyonu,5,a) Bilanço Dışı Varlıklar,TOPLAM,"2.444.471,59",2444471.59,TL,BDDK Haftalık Bülten
2022-10-21,2022-10-21,2022-10-21,False,2022,10,21,460,Ekim/21 (42. Hafta),297,Yabancı Para Pozisyonu,6,b) Bilanço Dışı Yükümlülükler,TOPLAM,"1.733.989,84",1733989.84,TL,BDDK Haftalık Bülten
2022-10-21,2022-10-21,2022-10-21,False,2022,10,21,460,Ekim/21 (42. Hafta),297,Yabancı Para Pozisyonu,7,Yabancı Para Net Genel Pozisyonu (1+4),TOPLAM,"84.129,86",84129.86,TL,BDDK Haftalık Bülten
2022-10-21,2022-10-21,2022-10-21,False,2022,10,21,460,Ekim/21 (42. Hafta),297,Yabancı Para Pozisyonu,8,Yasal Özkaynak,TOPLAM,"1.492.906,48",1492906.48,TL,BDDK Haftalık Bülten
2022-10-21,2022-10-21,2022-10-21,False,2022,10,21,460,Ekim/21 (42. Hafta),297,Yabancı Para Pozisyonu,9,Dövize Endeskli Varlıklar (Bilgi),TOPLAM,"9.071,42",9071.42,TL,BDDK Haftalık Bülten
2022-10-28,2022-10-28,2022-10-28,False,2022,10,28,461,Ekim/28 (43. Hafta),297,Yabancı Para Pozisyonu,1,Bilanço İçi Yabancı Para Pozisyonu (2-3),TOPLAM,"-625.641,35",-625641.35,TL,BDDK Haftalık Bülten
2022-10-28,2022-10-28,2022-10-28,False,2022,10,28,461,Ekim/28 (43. Hafta),297,Yabancı Para Pozisyonu,10,Dövize Endeksli Yükümlülükler (Bilgi),TOPLAM,"0,00",0.0,TL,BDDK Haftalık Bülten
2022-10-28,2022-10-28,2022-10-28,False,2022,10,28,461,Ekim/28 (43. Hafta),297,Yabancı Para Pozisyonu,2,a) Bilanço İçi Varlıklar,TOPLAM,"6.142.135,96",6142135.96,TL,BDDK Haftalık Bülten
2022-10-28,2022-10-28,2022-10-28,False,2022,10,28,461,Ekim/28 (43. Hafta),297,Yabancı Para Pozisyonu,3,b) Bilanço İçi Yükümlülükler,TOPLAM,"6.767.777,31",6767777.31,TL,BDDK Haftalık Bülten
2022-10-28,2022-10-28,2022-10-28,False,2022,10,28,461,Ekim/28 (43. Hafta),297,Yabancı Para Pozisyonu,4,Bilanço Dışı Yabancı Para Pozisyonu (5-6),TOPLAM,"718.159,42",718159.42,TL,BDDK Haftalık Bülten
2022-10-28,2022-10-28,2022-10-28,False,2022,10,28,461,Ekim/28 (43. Hafta),297,Yabancı Para Pozisyonu,5,a) Bilanço Dışı Varlıklar,TOPLAM,"2.467.954,70",2467954.7,TL,BDDK Haftalık Bülten
2022-10-28,2022-10-28,2022-10-28,False,2022,10,28,461,Ekim/28 (43. Hafta),297,Yabancı Para Pozisyonu,6,b) Bilanço Dışı Yükümlülükler,TOPLAM,"1.749.795,29",1749795.29,TL,BDDK Haftalık Bülten
2022-10-28,2022-10-28,2022-10-28,False,2022,10,28,461,Ekim/28 (43. Hafta),297,Yabancı Para Pozisyonu,7,Yabancı Para Net Genel Pozisyonu (1+4),TOPLAM,"92.518,07",92518.07,TL,BDDK Haftalık Bülten
2022-10-28,2022-10-28,2022-10-28,False,2022,10,28,461,Ekim/28 (43. Hafta),297,Yabancı Para Pozisyonu,8,Yasal Özkaynak,TOPLAM,"1.502.794,43",1502794.43,TL,BDDK Haftalık Bülten
2022-10-28,2022-10-28,2022-10-28,False,2022,10,28,461,Ekim/28 (43. Hafta),297,Yabancı Para Pozisyonu,9,Dövize Endeskli Varlıklar (Bilgi),TOPLAM,"9.291,78",9291.78,TL,BDDK Haftalık Bülten
2022-11-04,2022-11-04,2022-11-04,False,2022,11,4,462,Kasım/04 (44. Hafta),297,Yabancı Para Pozisyonu,1,Bilanço İçi Yabancı Para Pozisyonu (2-3),TOPLAM,"-646.690,68",-646690.68,TL,BDDK Haftalık Bülten
2022-11-04,2022-11-04,2022-11-04,False,2022,11,4,462,Kasım/04 (44. Hafta),297,Yabancı Para Pozisyonu,10,Dövize Endeksli Yükümlülükler (Bilgi),TOPLAM,"0,00",0.0,TL,BDDK Haftalık Bülten
2022-11-04,2022-11-04,2022-11-04,False,2022,11,4,462,Kasım/04 (44. Hafta),297,Yabancı Para Pozisyonu,2,a) Bilanço İçi Varlıklar,TOPLAM,"6.096.814,31",6096814.31,TL,BDDK Haftalık Bülten
2022-11-04,2022-11-04,2022-11-04,False,2022,11,4,462,Kasım/04 (44. Hafta),297,Yabancı Para Pozisyonu,3,b) Bilanço İçi Yükümlülükler,TOPLAM,"6.743.505,00",6743505.0,TL,BDDK Haftalık Bülten
2022-11-04,2022-11-04,2022-11-04,False,2022,11,4,462,Kasım/04 (44. Hafta),297,Yabancı Para Pozisyonu,4,Bilanço Dışı Yabancı Para Pozisyonu (5-6),TOPLAM,"737.117,78",737117.78,TL,BDDK Haftalık Bülten
2022-11-04,2022-11-04,2022-11-04,False,2022,11,4,462,Kasım/04 (44. Hafta),297,Yabancı Para Pozisyonu,5,a) Bilanço Dışı Varlıklar,TOPLAM,"2.476.769,95",2476769.95,TL,BDDK Haftalık Bülten
2022-11-04,2022-11-04,2022-11-04,False,2022,11,4,462,Kasım/04 (44. Hafta),297,Yabancı Para Pozisyonu,6,b) Bilanço Dışı Yükümlülükler,TOPLAM,"1.739.652,17",1739652.17,TL,BDDK Haftalık Bülten
2022-11-04,2022-11-04,2022-11-04,False,2022,11,4,462,Kasım/04 (44. Hafta),297,Yabancı Para Pozisyonu,7,Yabancı Para Net Genel Pozisyonu (1+4),TOPLAM,"90.427,10",90427.1,TL,BDDK Haftalık Bülten
2022-11-04,2022-11-04,2022-11-04,False,2022,11,4,462,Kasım/04 (44. Hafta),297,Yabancı Para Pozisyonu,8,Yasal Özkaynak,TOPLAM,"1.542.321,77",1542321.77,TL,BDDK Haftalık Bülten
2022-11-04,2022-11-04,2022-11-04,False,2022,11,4,462,Kasım/04 (44. Hafta),297,Yabancı Para Pozisyonu,9,Dövize Endeskli Varlıklar (Bilgi),TOPLAM,"9.095,18",9095.18,TL,BDDK Haftalık Bülten
2022-11-11,2022-11-11,2022-11-11,False,2022,11,11,463,Kasım/11 (45. Hafta),297,Yabancı Para Pozisyonu,1,Bilanço İçi Yabancı Para Pozisyonu (2-3),TOPLAM,"-630.689,99",-630689.99,TL,BDDK Haftalık Bülten
2022-11-11,2022-11-11,2022-11-11,False,2022,11,11,463,Kasım/11 (45. Hafta),297,Yabancı Para Pozisyonu,10,Dövize Endeksli Yükümlülükler (Bilgi),TOPLAM,"0,00",0.0,TL,BDDK Haftalık Bülten
2022-11-11,2022-11-11,2022-11-11,False,2022,11,11,463,Kasım/11 (45. Hafta),297,Yabancı Para Pozisyonu,2,a) Bilanço İçi Varlıklar,TOPLAM,"6.167.745,91",6167745.91,TL,BDDK Haftalık Bülten
2022-11-11,2022-11-11,2022-11-11,False,2022,11,11,463,Kasım/11 (45. Hafta),297,Yabancı Para Pozisyonu,3,b) Bilanço İçi Yükümlülükler,TOPLAM,"6.798.435,90",6798435.9,TL,BDDK Haftalık Bülten
2022-11-11,2022-11-11,2022-11-11,False,2022,11,11,463,Kasım/11 (45. Hafta),297,Yabancı Para Pozisyonu,4,Bilanço Dışı Yabancı Para Pozisyonu (5-6),TOPLAM,"725.193,81",725193.81,TL,BDDK Haftalık Bülten
2022-11-11,2022-11-11,2022-11-11,False,2022,11,11,463,Kasım/11 (45. Hafta),297,Yabancı Para Pozisyonu,5,a) Bilanço Dışı Varlıklar,TOPLAM,"2.627.149,58",2627149.58,TL,BDDK Haftalık Bülten
2022-11-11,2022-11-11,2022-11-11,False,2022,11,11,463,Kasım/11 (45. Hafta),297,Yabancı Para Pozisyonu,6,b) Bilanço Dışı Yükümlülükler,TOPLAM,"1.901.955,77",1901955.77,TL,BDDK Haftalık Bülten
2022-11-11,2022-11-11,2022-11-11,False,2022,11,11,463,Kasım/11 (45. Hafta),297,Yabancı Para Pozisyonu,7,Yabancı Para Net Genel Pozisyonu (1+4),TOPLAM,"94.503,82",94503.82,TL,BDDK Haftalık Bülten
2022-11-11,2022-11-11,2022-11-11,False,2022,11,11,463,Kasım/11 (45. Hafta),297,Yabancı Para Pozisyonu,8,Yasal Özkaynak,TOPLAM,"1.503.393,15",1503393.15,TL,BDDK Haftalık Bülten
2022-11-11,2022-11-11,2022-11-11,False,2022,11,11,463,Kasım/11 (45. Hafta),297,Yabancı Para Pozisyonu,9,Dövize Endeskli Varlıklar (Bilgi),TOPLAM,"9.145,35",9145.35,TL,BDDK Haftalık Bülten
2022-11-18,2022-11-18,2022-11-18,False,2022,11,18,464,Kasım/18 (46. Hafta),297,Yabancı Para Pozisyonu,1,Bilanço İçi Yabancı Para Pozisyonu (2-3),TOPLAM,"-560.148,80",-560148.8,TL,BDDK Haftalık Bülten
2022-11-18,2022-11-18,2022-11-18,False,2022,11,18,464,Kasım/18 (46. Hafta),297,Yabancı Para Pozisyonu,10,Dövize Endeksli Yükümlülükler (Bilgi),TOPLAM,"0,00",0.0,TL,BDDK Haftalık Bülten
2022-11-18,2022-11-18,2022-11-18,False,2022,11,18,464,Kasım/18 (46. Hafta),297,Yabancı Para Pozisyonu,2,a) Bilanço İçi Varlıklar,TOPLAM,"6.212.529,07",6212529.07,TL,BDDK Haftalık Bülten
2022-11-18,2022-11-18,2022-11-18,False,2022,11,18,464,Kasım/18 (46. Hafta),297,Yabancı Para Pozisyonu,3,b) Bilanço İçi Yükümlülükler,TOPLAM,"6.772.677,86",6772677.86,TL,BDDK Haftalık Bülten
2022-11-18,2022-11-18,2022-11-18,False,2022,11,18,464,Kasım/18 (46. Hafta),297,Yabancı Para Pozisyonu,4,Bilanço Dışı Yabancı Para Pozisyonu (5-6),TOPLAM,"644.612,58",644612.58,TL,BDDK Haftalık Bülten
2022-11-18,2022-11-18,2022-11-18,False,2022,11,18,464,Kasım/18 (46. Hafta),297,Yabancı Para Pozisyonu,5,a) Bilanço Dışı Varlıklar,TOPLAM,"2.406.247,83",2406247.83,TL,BDDK Haftalık Bülten
2022-11-18,2022-11-18,2022-11-18,False,2022,11,18,464,Kasım/18 (46. Hafta),297,Yabancı Para Pozisyonu,6,b) Bilanço Dışı Yükümlülükler,TOPLAM,"1.761.635,25",1761635.25,TL,BDDK Haftalık Bülten
2022-11-18,2022-11-18,2022-11-18,False,2022,11,18,464,Kasım/18 (46. Hafta),297,Yabancı Para Pozisyonu,7,Yabancı Para Net Genel Pozisyonu (1+4),TOPLAM,"84.463,79",84463.79,TL,BDDK Haftalık Bülten
2022-11-18,2022-11-18,2022-11-18,False,2022,11,18,464,Kasım/18 (46. Hafta),297,Yabancı Para Pozisyonu,8,Yasal Özkaynak,TOPLAM,"1.523.521,89",1523521.89,TL,BDDK Haftalık Bülten
2022-11-18,2022-11-18,2022-11-18,False,2022,11,18,464,Kasım/18 (46. Hafta),297,Yabancı Para Pozisyonu,9,Dövize Endeskli Varlıklar (Bilgi),TOPLAM,"9.040,39",9040.39,TL,BDDK Haftalık Bülten
2022-11-25,2022-11-25,2022-11-25,False,2022,11,25,465,Kasım/25 (47. Hafta),297,Yabancı Para Pozisyonu,1,Bilanço İçi Yabancı Para Pozisyonu (2-3),TOPLAM,"-543.989,50",-543989.5,TL,BDDK Haftalık Bülten
2022-11-25,2022-11-25,2022-11-25,False,2022,11,25,465,Kasım/25 (47. Hafta),297,Yabancı Para Pozisyonu,10,Dövize Endeksli Yükümlülükler (Bilgi),TOPLAM,"0,00",0.0,TL,BDDK Haftalık Bülten
2022-11-25,2022-11-25,2022-11-25,False,2022,11,25,465,Kasım/25 (47. Hafta),297,Yabancı Para Pozisyonu,2,a) Bilanço İçi Varlıklar,TOPLAM,"6.153.762,82",6153762.82,TL,BDDK Haftalık Bülten
2022-11-25,2022-11-25,2022-11-25,False,2022,11,25,465,Kasım/25 (47. Hafta),297,Yabancı Para Pozisyonu,3,b) Bilanço İçi Yükümlülükler,TOPLAM,"6.697.752,32",6697752.32,TL,BDDK Haftalık Bülten
2022-11-25,2022-11-25,2022-11-25,False,2022,11,25,465,Kasım/25 (47. Hafta),297,Yabancı Para Pozisyonu,4,Bilanço Dışı Yabancı Para Pozisyonu (5-6),TOPLAM,"612.769,65",612769.65,TL,BDDK Haftalık Bülten
2022-11-25,2022-11-25,2022-11-25,False,2022,11,25,465,Kasım/25 (47. Hafta),297,Yabancı Para Pozisyonu,5,a) Bilanço Dışı Varlıklar,TOPLAM,"2.441.364,70",2441364.7,TL,BDDK Haftalık Bülten
2022-11-25,2022-11-25,2022-11-25,False,2022,11,25,465,Kasım/25 (47. Hafta),297,Yabancı Para Pozisyonu,6,b) Bilanço Dışı Yükümlülükler,TOPLAM,"1.828.595,04",1828595.04,TL,BDDK Haftalık Bülten
2022-11-25,2022-11-25,2022-11-25,False,2022,11,25,465,Kasım/25 (47. Hafta),297,Yabancı Para Pozisyonu,7,Yabancı Para Net Genel Pozisyonu (1+4),TOPLAM,"68.780,16",68780.16,TL,BDDK Haftalık Bülten
2022-11-25,2022-11-25,2022-11-25,False,2022,11,25,465,Kasım/25 (47. Hafta),297,Yabancı Para Pozisyonu,8,Yasal Özkaynak,TOPLAM,"1.587.912,04",1587912.04,TL,BDDK Haftalık Bülten
2022-11-25,2022-11-25,2022-11-25,False,2022,11,25,465,Kasım/25 (47. Hafta),297,Yabancı Para Pozisyonu,9,Dövize Endeskli Varlıklar (Bilgi),TOPLAM,"8.989,59",8989.59,TL,BDDK Haftalık Bülten
2022-12-02,2022-12-02,2022-12-02,False,2022,12,2,466,Aralık/02 (48. Hafta),297,Yabancı Para Pozisyonu,1,Bilanço İçi Yabancı Para Pozisyonu (2-3),TOPLAM,"-553.601,28",-553601.28,TL,BDDK Haftalık Bülten
2022-12-02,2022-12-02,2022-12-02,False,2022,12,2,466,Aralık/02 (48. Hafta),297,Yabancı Para Pozisyonu,10,Dövize Endeksli Yükümlülükler (Bilgi),TOPLAM,"0,00",0.0,TL,BDDK Haftalık Bülten
2022-12-02,2022-12-02,2022-12-02,False,2022,12,2,466,Aralık/02 (48. Hafta),297,Yabancı Para Pozisyonu,2,a) Bilanço İçi Varlıklar,TOPLAM,"6.120.710,94",6120710.94,TL,BDDK Haftalık Bülten
2022-12-02,2022-12-02,2022-12-02,False,2022,12,2,466,Aralık/02 (48. Hafta),297,Yabancı Para Pozisyonu,3,b) Bilanço İçi Yükümlülükler,TOPLAM,"6.674.312,22",6674312.22,TL,BDDK Haftalık Bülten
2022-12-02,2022-12-02,2022-12-02,False,2022,12,2,466,Aralık/02 (48. Hafta),297,Yabancı Para Pozisyonu,4,Bilanço Dışı Yabancı Para Pozisyonu (5-6),TOPLAM,"624.168,61",624168.61,TL,BDDK Haftalık Bülten
2022-12-02,2022-12-02,2022-12-02,False,2022,12,2,466,Aralık/02 (48. Hafta),297,Yabancı Para Pozisyonu,5,a) Bilanço Dışı Varlıklar,TOPLAM,"2.467.023,38",2467023.38,TL,BDDK Haftalık Bülten
2022-12-02,2022-12-02,2022-12-02,False,2022,12,2,466,Aralık/02 (48. Hafta),297,Yabancı Para Pozisyonu,6,b) Bilanço Dışı Yükümlülükler,TOPLAM,"1.842.854,77",1842854.77,TL,BDDK Haftalık Bülten
2022-12-02,2022-12-02,2022-12-02,False,2022,12,2,466,Aralık/02 (48. Hafta),297,Yabancı Para Pozisyonu,7,Yabancı Para Net Genel Pozisyonu (1+4),TOPLAM,"70.567,33",70567.33,TL,BDDK Haftalık Bülten
2022-12-02,2022-12-02,2022-12-02,False,2022,12,2,466,Aralık/02 (48. Hafta),297,Yabancı Para Pozisyonu,8,Yasal Özkaynak,TOPLAM,"1.588.345,74",1588345.74,TL,BDDK Haftalık Bülten
2022-12-02,2022-12-02,2022-12-02,False,2022,12,2,466,Aralık/02 (48. Hafta),297,Yabancı Para Pozisyonu,9,Dövize Endeskli Varlıklar (Bilgi),TOPLAM,"8.959,11",8959.11,TL,BDDK Haftalık Bülten
2022-12-09,2022-12-09,2022-12-09,False,2022,12,9,467,Aralık/09 (49. Hafta),297,Yabancı Para Pozisyonu,1,Bilanço İçi Yabancı Para Pozisyonu (2-3),TOPLAM,"-567.309,31",-567309.31,TL,BDDK Haftalık Bülten
2022-12-09,2022-12-09,2022-12-09,False,2022,12,9,467,Aralık/09 (49. Hafta),297,Yabancı Para Pozisyonu,10,Dövize Endeksli Yükümlülükler (Bilgi),TOPLAM,"0,00",0.0,TL,BDDK Haftalık Bülten
2022-12-09,2022-12-09,2022-12-09,False,2022,12,9,467,Aralık/09 (49. Hafta),297,Yabancı Para Pozisyonu,2,a) Bilanço İçi Varlıklar,TOPLAM,"6.111.867,62",6111867.62,TL,BDDK Haftalık Bülten
2022-12-09,2022-12-09,2022-12-09,False,2022,12,9,467,Aralık/09 (49. Hafta),297,Yabancı Para Pozisyonu,3,b) Bilanço İçi Yükümlülükler,TOPLAM,"6.679.176,92",6679176.92,TL,BDDK Haftalık Bülten
2022-12-09,2022-12-09,2022-12-09,False,2022,12,9,467,Aralık/09 (49. Hafta),297,Yabancı Para Pozisyonu,4,Bilanço Dışı Yabancı Para Pozisyonu (5-6),TOPLAM,"626.553,75",626553.75,TL,BDDK Haftalık Bülten
2022-12-09,2022-12-09,2022-12-09,False,2022,12,9,467,Aralık/09 (49. Hafta),297,Yabancı Para Pozisyonu,5,a) Bilanço Dışı Varlıklar,TOPLAM,"2.519.610,63",2519610.63,TL,BDDK Haftalık Bülten
2022-12-09,2022-12-09,2022-12-09,False,2022,12,9,467,Aralık/09 (49. Hafta),297,Yabancı Para Pozisyonu,6,b) Bilanço Dışı Yükümlülükler,TOPLAM,"1.893.056,89",1893056.89,TL,BDDK Haftalık Bülten
2022-12-09,2022-12-09,2022-12-09,False,2022,12,9,467,Aralık/09 (49. Hafta),297,Yabancı Para Pozisyonu,7,Yabancı Para Net Genel Pozisyonu (1+4),TOPLAM,"59.244,44",59244.44,TL,BDDK Haftalık Bülten
2022-12-09,2022-12-09,2022-12-09,False,2022,12,9,467,Aralık/09 (49. Hafta),297,Yabancı Para Pozisyonu,8,Yasal Özkaynak,TOPLAM,"1.588.145,55",1588145.55,TL,BDDK Haftalık Bülten
2022-12-09,2022-12-09,2022-12-09,False,2022,12,9,467,Aralık/09 (49. Hafta),297,Yabancı Para Pozisyonu,9,Dövize Endeskli Varlıklar (Bilgi),TOPLAM,"8.899,49",8899.49,TL,BDDK Haftalık Bülten
2022-12-16,2022-12-16,2022-12-16,False,2022,12,16,468,Aralık/16 (50. Hafta),297,Yabancı Para Pozisyonu,1,Bilanço İçi Yabancı Para Pozisyonu (2-3),TOPLAM,"-558.307,18",-558307.18,TL,BDDK Haftalık Bülten
2022-12-16,2022-12-16,2022-12-16,False,2022,12,16,468,Aralık/16 (50. Hafta),297,Yabancı Para Pozisyonu,10,Dövize Endeksli Yükümlülükler (Bilgi),TOPLAM,"0,00",0.0,TL,BDDK Haftalık Bülten
2022-12-16,2022-12-16,2022-12-16,False,2022,12,16,468,Aralık/16 (50. Hafta),297,Yabancı Para Pozisyonu,2,a) Bilanço İçi Varlıklar,TOPLAM,"6.095.919,32",6095919.32,TL,BDDK Haftalık Bülten
2022-12-16,2022-12-16,2022-12-16,False,2022,12,16,468,Aralık/16 (50. Hafta),297,Yabancı Para Pozisyonu,3,b) Bilanço İçi Yükümlülükler,TOPLAM,"6.654.226,50",6654226.5,TL,BDDK Haftalık Bülten
2022-12-16,2022-12-16,2022-12-16,False,2022,12,16,468,Aralık/16 (50. Hafta),297,Yabancı Para Pozisyonu,4,Bilanço Dışı Yabancı Para Pozisyonu (5-6),TOPLAM,"609.142,83",609142.83,TL,BDDK Haftalık Bülten
2022-12-16,2022-12-16,2022-12-16,False,2022,12,16,468,Aralık/16 (50. Hafta),297,Yabancı Para Pozisyonu,5,a) Bilanço Dışı Varlıklar,TOPLAM,"2.586.422,39",2586422.39,TL,BDDK Haftalık Bülten
2022-12-16,2022-12-16,2022-12-16,False,2022,12,16,468,Aralık/16 (50. Hafta),297,Yabancı Para Pozisyonu,6,b) Bilanço Dışı Yükümlülükler,TOPLAM,"1.977.279,56",1977279.56,TL,BDDK Haftalık Bülten
2022-12-16,2022-12-16,2022-12-16,False,2022,12,16,468,Aralık/16 (50. Hafta),297,Yabancı Para Pozisyonu,7,Yabancı Para Net Genel Pozisyonu (1+4),TOPLAM,"50.835,65",50835.65,TL,BDDK Haftalık Bülten
2022-12-16,2022-12-16,2022-12-16,False,2022,12,16,468,Aralık/16 (50. Hafta),297,Yabancı Para Pozisyonu,8,Yasal Özkaynak,TOPLAM,"1.589.977,40",1589977.4,TL,BDDK Haftalık Bülten
2022-12-16,2022-12-16,2022-12-16,False,2022,12,16,468,Aralık/16 (50. Hafta),297,Yabancı Para Pozisyonu,9,Dövize Endeskli Varlıklar (Bilgi),TOPLAM,"8.855,45",8855.45,TL,BDDK Haftalık Bülten
2022-12-23,2022-12-23,2022-12-23,False,2022,12,23,469,Aralık/23 (51. Hafta),297,Yabancı Para Pozisyonu,1,Bilanço İçi Yabancı Para Pozisyonu (2-3),TOPLAM,"-498.040,28",-498040.28,TL,BDDK Haftalık Bülten
2022-12-23,2022-12-23,2022-12-23,False,2022,12,23,469,Aralık/23 (51. Hafta),297,Yabancı Para Pozisyonu,10,Dövize Endeksli Yükümlülükler (Bilgi),TOPLAM,"0,00",0.0,TL,BDDK Haftalık Bülten
2022-12-23,2022-12-23,2022-12-23,False,2022,12,23,469,Aralık/23 (51. Hafta),297,Yabancı Para Pozisyonu,2,a) Bilanço İçi Varlıklar,TOPLAM,"6.108.142,45",6108142.45,TL,BDDK Haftalık Bülten
2022-12-23,2022-12-23,2022-12-23,False,2022,12,23,469,Aralık/23 (51. Hafta),297,Yabancı Para Pozisyonu,3,b) Bilanço İçi Yükümlülükler,TOPLAM,"6.606.182,73",6606182.73,TL,BDDK Haftalık Bülten
2022-12-23,2022-12-23,2022-12-23,False,2022,12,23,469,Aralık/23 (51. Hafta),297,Yabancı Para Pozisyonu,4,Bilanço Dışı Yabancı Para Pozisyonu (5-6),TOPLAM,"544.176,07",544176.07,TL,BDDK Haftalık Bülten
2022-12-23,2022-12-23,2022-12-23,False,2022,12,23,469,Aralık/23 (51. Hafta),297,Yabancı Para Pozisyonu,5,a) Bilanço Dışı Varlıklar,TOPLAM,"2.512.935,57",2512935.57,TL,BDDK Haftalık Bülten
2022-12-23,2022-12-23,2022-12-23,False,2022,12,23,469,Aralık/23 (51. Hafta),297,Yabancı Para Pozisyonu,6,b) Bilanço Dışı Yükümlülükler,TOPLAM,"1.968.759,50",1968759.5,TL,BDDK Haftalık Bülten
2022-12-23,2022-12-23,2022-12-23,False,2022,12,23,469,Aralık/23 (51. Hafta),297,Yabancı Para Pozisyonu,7,Yabancı Para Net Genel Pozisyonu (1+4),TOPLAM,"46.135,80",46135.8,TL,BDDK Haftalık Bülten
2022-12-23,2022-12-23,2022-12-23,False,2022,12,23,469,Aralık/23 (51. Hafta),297,Yabancı Para Pozisyonu,8,Yasal Özkaynak,TOPLAM,"1.651.245,27",1651245.27,TL,BDDK Haftalık Bülten
2022-12-23,2022-12-23,2022-12-23,False,2022,12,23,469,Aralık/23 (51. Hafta),297,Yabancı Para Pozisyonu,9,Dövize Endeskli Varlıklar (Bilgi),TOPLAM,"8.744,17",8744.17,TL,BDDK Haftalık Bülten
2022-12-30,2022-12-30,2022-12-30,False,2022,12,30,470,Aralık/30 (52. Hafta),297,Yabancı Para Pozisyonu,1,Bilanço İçi Yabancı Para Pozisyonu (2-3),TOPLAM,"-491.766,47",-491766.47,TL,BDDK Haftalık Bülten
2022-12-30,2022-12-30,2022-12-30,False,2022,12,30,470,Aralık/30 (52. Hafta),297,Yabancı Para Pozisyonu,10,Dövize Endeksli Yükümlülükler (Bilgi),TOPLAM,"0,00",0.0,TL,BDDK Haftalık Bülten
2022-12-30,2022-12-30,2022-12-30,False,2022,12,30,470,Aralık/30 (52. Hafta),297,Yabancı Para Pozisyonu,2,a) Bilanço İçi Varlıklar,TOPLAM,"6.065.746,44",6065746.44,TL,BDDK Haftalık Bülten
2022-12-30,2022-12-30,2022-12-30,False,2022,12,30,470,Aralık/30 (52. Hafta),297,Yabancı Para Pozisyonu,3,b) Bilanço İçi Yükümlülükler,TOPLAM,"6.557.512,91",6557512.91,TL,BDDK Haftalık Bülten
2022-12-30,2022-12-30,2022-12-30,False,2022,12,30,470,Aralık/30 (52. Hafta),297,Yabancı Para Pozisyonu,4,Bilanço Dışı Yabancı Para Pozisyonu (5-6),TOPLAM,"532.074,41",532074.41,TL,BDDK Haftalık Bülten
2022-12-30,2022-12-30,2022-12-30,False,2022,12,30,470,Aralık/30 (52. Hafta),297,Yabancı Para Pozisyonu,5,a) Bilanço Dışı Varlıklar,TOPLAM,"2.464.447,69",2464447.69,TL,BDDK Haftalık Bülten
2022-12-30,2022-12-30,2022-12-30,False,2022,12,30,470,Aralık/30 (52. Hafta),297,Yabancı Para Pozisyonu,6,b) Bilanço Dışı Yükümlülükler,TOPLAM,"1.932.373,28",1932373.28,TL,BDDK Haftalık Bülten
2022-12-30,2022-12-30,2022-12-30,False,2022,12,30,470,Aralık/30 (52. Hafta),297,Yabancı Para Pozisyonu,7,Yabancı Para Net Genel Pozisyonu (1+4),TOPLAM,"40.307,94",40307.94,TL,BDDK Haftalık Bülten
2022-12-30,2022-12-30,2022-12-30,False,2022,12,30,470,Aralık/30 (52. Hafta),297,Yabancı Para Pozisyonu,8,Yasal Özkaynak,TOPLAM,"1.655.015,93",1655015.93,TL,BDDK Haftalık Bülten
2022-12-30,2022-12-30,2022-12-30,False,2022,12,30,470,Aralık/30 (52. Hafta),297,Yabancı Para Pozisyonu,9,Dövize Endeskli Varlıklar (Bilgi),TOPLAM,"8.717,91",8717.91,TL,BDDK Haftalık Bülten
2023-01-06,2023-01-06,2023-01-06,False,2023,1,6,471,Ocak/06 (1. Hafta),297,Yabancı Para Pozisyonu,1,Bilanço İçi Yabancı Para Pozisyonu (2-3),TOPLAM,"-516.938,02",-516938.02,TL,BDDK Haftalık Bülten
2023-01-06,2023-01-06,2023-01-06,False,2023,1,6,471,Ocak/06 (1. Hafta),297,Yabancı Para Pozisyonu,10,Dövize Endeksli Yükümlülükler (Bilgi),TOPLAM,"0,00",0.0,TL,BDDK Haftalık Bülten
2023-01-06,2023-01-06,2023-01-06,False,2023,1,6,471,Ocak/06 (1. Hafta),297,Yabancı Para Pozisyonu,2,a) Bilanço İçi Varlıklar,TOPLAM,"6.086.006,60",6086006.6,TL,BDDK Haftalık Bülten
2023-01-06,2023-01-06,2023-01-06,False,2023,1,6,471,Ocak/06 (1. Hafta),297,Yabancı Para Pozisyonu,3,b) Bilanço İçi Yükümlülükler,TOPLAM,"6.602.944,62",6602944.62,TL,BDDK Haftalık Bülten
2023-01-06,2023-01-06,2023-01-06,False,2023,1,6,471,Ocak/06 (1. Hafta),297,Yabancı Para Pozisyonu,4,Bilanço Dışı Yabancı Para Pozisyonu (5-6),TOPLAM,"550.672,90",550672.9,TL,BDDK Haftalık Bülten
2023-01-06,2023-01-06,2023-01-06,False,2023,1,6,471,Ocak/06 (1. Hafta),297,Yabancı Para Pozisyonu,5,a) Bilanço Dışı Varlıklar,TOPLAM,"2.570.539,79",2570539.79,TL,BDDK Haftalık Bülten
2023-01-06,2023-01-06,2023-01-06,False,2023,1,6,471,Ocak/06 (1. Hafta),297,Yabancı Para Pozisyonu,6,b) Bilanço Dışı Yükümlülükler,TOPLAM,"2.019.866,89",2019866.89,TL,BDDK Haftalık Bülten
2023-01-06,2023-01-06,2023-01-06,False,2023,1,6,471,Ocak/06 (1. Hafta),297,Yabancı Para Pozisyonu,7,Yabancı Para Net Genel Pozisyonu (1+4),TOPLAM,"33.734,88",33734.88,TL,BDDK Haftalık Bülten
2023-01-06,2023-01-06,2023-01-06,False,2023,1,6,471,Ocak/06 (1. Hafta),297,Yabancı Para Pozisyonu,8,Yasal Özkaynak,TOPLAM,"1.655.306,37",1655306.37,TL,BDDK Haftalık Bülten
2023-01-06,2023-01-06,2023-01-06,False,2023,1,6,471,Ocak/06 (1. Hafta),297,Yabancı Para Pozisyonu,9,Dövize Endeskli Varlıklar (Bilgi),TOPLAM,"8.564,53",8564.53,TL,BDDK Haftalık Bülten
2023-01-13,2023-01-13,2023-01-13,False,2023,1,13,472,Ocak/13 (2. Hafta),297,Yabancı Para Pozisyonu,1,Bilanço İçi Yabancı Para Pozisyonu (2-3),TOPLAM,"-623.700,19",-623700.19,TL,BDDK Haftalık Bülten
2023-01-13,2023-01-13,2023-01-13,False,2023,1,13,472,Ocak/13 (2. Hafta),297,Yabancı Para Pozisyonu,10,Dövize Endeksli Yükümlülükler (Bilgi),TOPLAM,"488,97",488.97,TL,BDDK Haftalık Bülten
2023-01-13,2023-01-13,2023-01-13,False,2023,1,13,472,Ocak/13 (2. Hafta),297,Yabancı Para Pozisyonu,2,a) Bilanço İçi Varlıklar,TOPLAM,"6.160.602,61",6160602.61,TL,BDDK Haftalık Bülten
2023-01-13,2023-01-13,2023-01-13,False,2023,1,13,472,Ocak/13 (2. Hafta),297,Yabancı Para Pozisyonu,3,b) Bilanço İçi Yükümlülükler,TOPLAM,"6.784.302,80",6784302.8,TL,BDDK Haftalık Bülten
2023-01-13,2023-01-13,2023-01-13,False,2023,1,13,472,Ocak/13 (2. Hafta),297,Yabancı Para Pozisyonu,4,Bilanço Dışı Yabancı Para Pozisyonu (5-6),TOPLAM,"610.722,52",610722.52,TL,BDDK Haftalık Bülten
2023-01-13,2023-01-13,2023-01-13,False,2023,1,13,472,Ocak/13 (2. Hafta),297,Yabancı Para Pozisyonu,5,a) Bilanço Dışı Varlıklar,TOPLAM,"2.536.546,50",2536546.5,TL,BDDK Haftalık Bülten
2023-01-13,2023-01-13,2023-01-13,False,2023,1,13,472,Ocak/13 (2. Hafta),297,Yabancı Para Pozisyonu,6,b) Bilanço Dışı Yükümlülükler,TOPLAM,"1.925.823,98",1925823.98,TL,BDDK Haftalık Bülten
2023-01-13,2023-01-13,2023-01-13,False,2023,1,13,472,Ocak/13 (2. Hafta),297,Yabancı Para Pozisyonu,7,Yabancı Para Net Genel Pozisyonu (1+4),TOPLAM,"-12.977,67",-12977.67,TL,BDDK Haftalık Bülten
2023-01-13,2023-01-13,2023-01-13,False,2023,1,13,472,Ocak/13 (2. Hafta),297,Yabancı Para Pozisyonu,8,Yasal Özkaynak,TOPLAM,"1.663.060,19",1663060.19,TL,BDDK Haftalık Bülten
2023-01-13,2023-01-13,2023-01-13,False,2023,1,13,472,Ocak/13 (2. Hafta),297,Yabancı Para Pozisyonu,9,Dövize Endeskli Varlıklar (Bilgi),TOPLAM,"8.752,44",8752.44,TL,BDDK Haftalık Bülten
2023-01-20,2023-01-20,2023-01-20,False,2023,1,20,473,Ocak/20 (3. Hafta),297,Yabancı Para Pozisyonu,1,Bilanço İçi Yabancı Para Pozisyonu (2-3),TOPLAM,"-635.827,50",-635827.5,TL,BDDK Haftalık Bülten
2023-01-20,2023-01-20,2023-01-20,False,2023,1,20,473,Ocak/20 (3. Hafta),297,Yabancı Para Pozisyonu,10,Dövize Endeksli Yükümlülükler (Bilgi),TOPLAM,"489,10",489.1,TL,BDDK Haftalık Bülten
2023-01-20,2023-01-20,2023-01-20,False,2023,1,20,473,Ocak/20 (3. Hafta),297,Yabancı Para Pozisyonu,2,a) Bilanço İçi Varlıklar,TOPLAM,"6.127.821,80",6127821.8,TL,BDDK Haftalık Bülten
2023-01-20,2023-01-20,2023-01-20,False,2023,1,20,473,Ocak/20 (3. Hafta),297,Yabancı Para Pozisyonu,3,b) Bilanço İçi Yükümlülükler,TOPLAM,"6.763.649,30",6763649.3,TL,BDDK Haftalık Bülten
2023-01-20,2023-01-20,2023-01-20,False,2023,1,20,473,Ocak/20 (3. Hafta),297,Yabancı Para Pozisyonu,4,Bilanço Dışı Yabancı Para Pozisyonu (5-6),TOPLAM,"620.322,58",620322.58,TL,BDDK Haftalık Bülten
2023-01-20,2023-01-20,2023-01-20,False,2023,1,20,473,Ocak/20 (3. Hafta),297,Yabancı Para Pozisyonu,5,a) Bilanço Dışı Varlıklar,TOPLAM,"2.622.819,36",2622819.36,TL,BDDK Haftalık Bülten
2023-01-20,2023-01-20,2023-01-20,False,2023,1,20,473,Ocak/20 (3. Hafta),297,Yabancı Para Pozisyonu,6,b) Bilanço Dışı Yükümlülükler,TOPLAM,"2.002.496,77",2002496.77,TL,BDDK Haftalık Bülten
2023-01-20,2023-01-20,2023-01-20,False,2023,1,20,473,Ocak/20 (3. Hafta),297,Yabancı Para Pozisyonu,7,Yabancı Para Net Genel Pozisyonu (1+4),TOPLAM,"-15.504,92",-15504.92,TL,BDDK Haftalık Bülten
2023-01-20,2023-01-20,2023-01-20,False,2023,1,20,473,Ocak/20 (3. Hafta),297,Yabancı Para Pozisyonu,8,Yasal Özkaynak,TOPLAM,"1.722.943,77",1722943.77,TL,BDDK Haftalık Bülten
2023-01-20,2023-01-20,2023-01-20,False,2023,1,20,473,Ocak/20 (3. Hafta),297,Yabancı Para Pozisyonu,9,Dövize Endeskli Varlıklar (Bilgi),TOPLAM,"8.704,16",8704.16,TL,BDDK Haftalık Bülten
2023-01-27,2023-01-27,2023-01-27,False,2023,1,27,474,Ocak/27 (4. Hafta),297,Yabancı Para Pozisyonu,1,Bilanço İçi Yabancı Para Pozisyonu (2-3),TOPLAM,"-626.288,99",-626288.99,TL,BDDK Haftalık Bülten
2023-01-27,2023-01-27,2023-01-27,False,2023,1,27,474,Ocak/27 (4. Hafta),297,Yabancı Para Pozisyonu,10,Dövize Endeksli Yükümlülükler (Bilgi),TOPLAM,"488,06",488.06,TL,BDDK Haftalık Bülten
2023-01-27,2023-01-27,2023-01-27,False,2023,1,27,474,Ocak/27 (4. Hafta),297,Yabancı Para Pozisyonu,2,a) Bilanço İçi Varlıklar,TOPLAM,"6.111.027,41",6111027.41,TL,BDDK Haftalık Bülten
2023-01-27,2023-01-27,2023-01-27,False,2023,1,27,474,Ocak/27 (4. Hafta),297,Yabancı Para Pozisyonu,3,b) Bilanço İçi Yükümlülükler,TOPLAM,"6.737.316,40",6737316.4,TL,BDDK Haftalık Bülten
2023-01-27,2023-01-27,2023-01-27,False,2023,1,27,474,Ocak/27 (4. Hafta),297,Yabancı Para Pozisyonu,4,Bilanço Dışı Yabancı Para Pozisyonu (5-6),TOPLAM,"617.836,65",617836.65,TL,BDDK Haftalık Bülten
2023-01-27,2023-01-27,2023-01-27,False,2023,1,27,474,Ocak/27 (4. Hafta),297,Yabancı Para Pozisyonu,5,a) Bilanço Dışı Varlıklar,TOPLAM,"2.549.069,74",2549069.74,TL,BDDK Haftalık Bülten
2023-01-27,2023-01-27,2023-01-27,False,2023,1,27,474,Ocak/27 (4. Hafta),297,Yabancı Para Pozisyonu,6,b) Bilanço Dışı Yükümlülükler,TOPLAM,"1.931.233,09",1931233.09,TL,BDDK Haftalık Bülten
2023-01-27,2023-01-27,2023-01-27,False,2023,1,27,474,Ocak/27 (4. Hafta),297,Yabancı Para Pozisyonu,7,Yabancı Para Net Genel Pozisyonu (1+4),TOPLAM,"-8.452,33",-8452.33,TL,BDDK Haftalık Bülten
2023-01-27,2023-01-27,2023-01-27,False,2023,1,27,474,Ocak/27 (4. Hafta),297,Yabancı Para Pozisyonu,8,Yasal Özkaynak,TOPLAM,"1.732.757,84",1732757.84,TL,BDDK Haftalık Bülten
2023-01-27,2023-01-27,2023-01-27,False,2023,1,27,474,Ocak/27 (4. Hafta),297,Yabancı Para Pozisyonu,9,Dövize Endeskli Varlıklar (Bilgi),TOPLAM,"8.684,06",8684.06,TL,BDDK Haftalık Bülten
2023-02-03,2023-02-03,2023-02-03,False,2023,2,3,475,Şubat/03 (5. Hafta),297,Yabancı Para Pozisyonu,1,Bilanço İçi Yabancı Para Pozisyonu (2-3),TOPLAM,"-653.734,71",-653734.71,TL,BDDK Haftalık Bülten
2023-02-03,2023-02-03,2023-02-03,False,2023,2,3,475,Şubat/03 (5. Hafta),297,Yabancı Para Pozisyonu,10,Dövize Endeksli Yükümlülükler (Bilgi),TOPLAM,"488,84",488.84,TL,BDDK Haftalık Bülten
2023-02-03,2023-02-03,2023-02-03,False,2023,2,3,475,Şubat/03 (5. Hafta),297,Yabancı Para Pozisyonu,2,a) Bilanço İçi Varlıklar,TOPLAM,"6.088.717,26",6088717.26,TL,BDDK Haftalık Bülten
2023-02-03,2023-02-03,2023-02-03,False,2023,2,3,475,Şubat/03 (5. Hafta),297,Yabancı Para Pozisyonu,3,b) Bilanço İçi Yükümlülükler,TOPLAM,"6.742.451,97",6742451.97,TL,BDDK Haftalık Bülten
2023-02-03,2023-02-03,2023-02-03,False,2023,2,3,475,Şubat/03 (5. Hafta),297,Yabancı Para Pozisyonu,4,Bilanço Dışı Yabancı Para Pozisyonu (5-6),TOPLAM,"635.850,29",635850.29,TL,BDDK Haftalık Bülten
2023-02-03,2023-02-03,2023-02-03,False,2023,2,3,475,Şubat/03 (5. Hafta),297,Yabancı Para Pozisyonu,5,a) Bilanço Dışı Varlıklar,TOPLAM,"2.529.625,09",2529625.09,TL,BDDK Haftalık Bülten
2023-02-03,2023-02-03,2023-02-03,False,2023,2,3,475,Şubat/03 (5. Hafta),297,Yabancı Para Pozisyonu,6,b) Bilanço Dışı Yükümlülükler,TOPLAM,"1.893.774,80",1893774.8,TL,BDDK Haftalık Bülten
2023-02-03,2023-02-03,2023-02-03,False,2023,2,3,475,Şubat/03 (5. Hafta),297,Yabancı Para Pozisyonu,7,Yabancı Para Net Genel Pozisyonu (1+4),TOPLAM,"-17.884,42",-17884.42,TL,BDDK Haftalık Bülten
2023-02-03,2023-02-03,2023-02-03,False,2023,2,3,475,Şubat/03 (5. Hafta),297,Yabancı Para Pozisyonu,8,Yasal Özkaynak,TOPLAM,"1.740.745,55",1740745.55,TL,BDDK Haftalık Bülten
2023-02-03,2023-02-03,2023-02-03,False,2023,2,3,475,Şubat/03 (5. Hafta),297,Yabancı Para Pozisyonu,9,Dövize Endeskli Varlıklar (Bilgi),TOPLAM,"8.662,32",8662.32,TL,BDDK Haftalık Bülten
2023-02-10,2023-02-10,2023-02-10,False,2023,2,10,476,Şubat/10 (6. Hafta),297,Yabancı Para Pozisyonu,1,Bilanço İçi Yabancı Para Pozisyonu (2-3),TOPLAM,"-637.112,11",-637112.11,TL,BDDK Haftalık Bülten
2023-02-10,2023-02-10,2023-02-10,False,2023,2,10,476,Şubat/10 (6. Hafta),297,Yabancı Para Pozisyonu,10,Dövize Endeksli Yükümlülükler (Bilgi),TOPLAM,"471,42",471.42,TL,BDDK Haftalık Bülten
2023-02-10,2023-02-10,2023-02-10,False,2023,2,10,476,Şubat/10 (6. Hafta),297,Yabancı Para Pozisyonu,2,a) Bilanço İçi Varlıklar,TOPLAM,"6.038.071,62",6038071.62,TL,BDDK Haftalık Bülten
2023-02-10,2023-02-10,2023-02-10,False,2023,2,10,476,Şubat/10 (6. Hafta),297,Yabancı Para Pozisyonu,3,b) Bilanço İçi Yükümlülükler,TOPLAM,"6.675.183,73",6675183.73,TL,BDDK Haftalık Bülten
2023-02-10,2023-02-10,2023-02-10,False,2023,2,10,476,Şubat/10 (6. Hafta),297,Yabancı Para Pozisyonu,4,Bilanço Dışı Yabancı Para Pozisyonu (5-6),TOPLAM,"614.902,79",614902.79,TL,BDDK Haftalık Bülten
2023-02-10,2023-02-10,2023-02-10,False,2023,2,10,476,Şubat/10 (6. Hafta),297,Yabancı Para Pozisyonu,5,a) Bilanço Dışı Varlıklar,TOPLAM,"2.461.507,12",2461507.12,TL,BDDK Haftalık Bülten
2023-02-10,2023-02-10,2023-02-10,False,2023,2,10,476,Şubat/10 (6. Hafta),297,Yabancı Para Pozisyonu,6,b) Bilanço Dışı Yükümlülükler,TOPLAM,"1.846.604,33",1846604.33,TL,BDDK Haftalık Bülten
2023-02-10,2023-02-10,2023-02-10,False,2023,2,10,476,Şubat/10 (6. Hafta),297,Yabancı Para Pozisyonu,7,Yabancı Para Net Genel Pozisyonu (1+4),TOPLAM,"-22.209,32",-22209.32,TL,BDDK Haftalık Bülten
2023-02-10,2023-02-10,2023-02-10,False,2023,2,10,476,Şubat/10 (6. Hafta),297,Yabancı Para Pozisyonu,8,Yasal Özkaynak,TOPLAM,"1.738.185,71",1738185.71,TL,BDDK Haftalık Bülten
2023-02-10,2023-02-10,2023-02-10,False,2023,2,10,476,Şubat/10 (6. Hafta),297,Yabancı Para Pozisyonu,9,Dövize Endeskli Varlıklar (Bilgi),TOPLAM,"8.577,46",8577.46,TL,BDDK Haftalık Bülten
2023-02-17,2023-02-17,2023-02-17,False,2023,2,17,477,Şubat/17 (7. Hafta),297,Yabancı Para Pozisyonu,1,Bilanço İçi Yabancı Para Pozisyonu (2-3),TOPLAM,"-605.719,88",-605719.88,TL,BDDK Haftalık Bülten
2023-02-17,2023-02-17,2023-02-17,False,2023,2,17,477,Şubat/17 (7. Hafta),297,Yabancı Para Pozisyonu,10,Dövize Endeksli Yükümlülükler (Bilgi),TOPLAM,"470,33",470.33,TL,BDDK Haftalık Bülten
2023-02-17,2023-02-17,2023-02-17,False,2023,2,17,477,Şubat/17 (7. Hafta),297,Yabancı Para Pozisyonu,2,a) Bilanço İçi Varlıklar,TOPLAM,"6.012.383,64",6012383.64,TL,BDDK Haftalık Bülten
2023-02-17,2023-02-17,2023-02-17,False,2023,2,17,477,Şubat/17 (7. Hafta),297,Yabancı Para Pozisyonu,3,b) Bilanço İçi Yükümlülükler,TOPLAM,"6.618.103,52",6618103.52,TL,BDDK Haftalık Bülten
2023-02-17,2023-02-17,2023-02-17,False,2023,2,17,477,Şubat/17 (7. Hafta),297,Yabancı Para Pozisyonu,4,Bilanço Dışı Yabancı Para Pozisyonu (5-6),TOPLAM,"577.276,80",577276.8,TL,BDDK Haftalık Bülten
2023-02-17,2023-02-17,2023-02-17,False,2023,2,17,477,Şubat/17 (7. Hafta),297,Yabancı Para Pozisyonu,5,a) Bilanço Dışı Varlıklar,TOPLAM,"2.362.759,71",2362759.71,TL,BDDK Haftalık Bülten
2023-02-17,2023-02-17,2023-02-17,False,2023,2,17,477,Şubat/17 (7. Hafta),297,Yabancı Para Pozisyonu,6,b) Bilanço Dışı Yükümlülükler,TOPLAM,"1.785.482,91",1785482.91,TL,BDDK Haftalık Bülten
2023-02-17,2023-02-17,2023-02-17,False,2023,2,17,477,Şubat/17 (7. Hafta),297,Yabancı Para Pozisyonu,7,Yabancı Para Net Genel Pozisyonu (1+4),TOPLAM,"-28.443,08",-28443.08,TL,BDDK Haftalık Bülten
2023-02-17,2023-02-17,2023-02-17,False,2023,2,17,477,Şubat/17 (7. Hafta),297,Yabancı Para Pozisyonu,8,Yasal Özkaynak,TOPLAM,"1.740.335,29",1740335.29,TL,BDDK Haftalık Bülten
2023-02-17,2023-02-17,2023-02-17,False,2023,2,17,477,Şubat/17 (7. Hafta),297,Yabancı Para Pozisyonu,9,Dövize Endeskli Varlıklar (Bilgi),TOPLAM,"8.517,61",8517.61,TL,BDDK Haftalık Bülten
2023-02-24,2023-02-24,2023-02-24,False,2023,2,24,478,Şubat/24 (8. Hafta),297,Yabancı Para Pozisyonu,1,Bilanço İçi Yabancı Para Pozisyonu (2-3),TOPLAM,"-578.690,92",-578690.92,TL,BDDK Haftalık Bülten
2023-02-24,2023-02-24,2023-02-24,False,2023,2,24,478,Şubat/24 (8. Hafta),297,Yabancı Para Pozisyonu,10,Dövize Endeksli Yükümlülükler (Bilgi),TOPLAM,"474,66",474.66,TL,BDDK Haftalık Bülten
2023-02-24,2023-02-24,2023-02-24,False,2023,2,24,478,Şubat/24 (8. Hafta),297,Yabancı Para Pozisyonu,2,a) Bilanço İçi Varlıklar,TOPLAM,"5.986.521,83",5986521.83,TL,BDDK Haftalık Bülten
2023-02-24,2023-02-24,2023-02-24,False,2023,2,24,478,Şubat/24 (8. Hafta),297,Yabancı Para Pozisyonu,3,b) Bilanço İçi Yükümlülükler,TOPLAM,"6.565.212,75",6565212.75,TL,BDDK Haftalık Bülten
2023-02-24,2023-02-24,2023-02-24,False,2023,2,24,478,Şubat/24 (8. Hafta),297,Yabancı Para Pozisyonu,4,Bilanço Dışı Yabancı Para Pozisyonu (5-6),TOPLAM,"552.427,10",552427.1,TL,BDDK Haftalık Bülten
2023-02-24,2023-02-24,2023-02-24,False,2023,2,24,478,Şubat/24 (8. Hafta),297,Yabancı Para Pozisyonu,5,a) Bilanço Dışı Varlıklar,TOPLAM,"2.351.567,85",2351567.85,TL,BDDK Haftalık Bülten
2023-02-24,2023-02-24,2023-02-24,False,2023,2,24,478,Şubat/24 (8. Hafta),297,Yabancı Para Pozisyonu,6,b) Bilanço Dışı Yükümlülükler,TOPLAM,"1.799.140,75",1799140.75,TL,BDDK Haftalık Bülten
2023-02-24,2023-02-24,2023-02-24,False,2023,2,24,478,Şubat/24 (8. Hafta),297,Yabancı Para Pozisyonu,7,Yabancı Para Net Genel Pozisyonu (1+4),TOPLAM,"-26.263,82",-26263.82,TL,BDDK Haftalık Bülten
2023-02-24,2023-02-24,2023-02-24,False,2023,2,24,478,Şubat/24 (8. Hafta),297,Yabancı Para Pozisyonu,8,Yasal Özkaynak,TOPLAM,"1.756.155,11",1756155.11,TL,BDDK Haftalık Bülten
2023-02-24,2023-02-24,2023-02-24,False,2023,2,24,478,Şubat/24 (8. Hafta),297,Yabancı Para Pozisyonu,9,Dövize Endeskli Varlıklar (Bilgi),TOPLAM,"8.465,63",8465.63,TL,BDDK Haftalık Bülten
2023-03-03,2023-03-03,2023-03-03,False,2023,3,3,479,Mart/03 (9. Hafta),297,Yabancı Para Pozisyonu,1,Bilanço İçi Yabancı Para Pozisyonu (2-3),TOPLAM,"-590.879,04",-590879.04,TL,BDDK Haftalık Bülten
2023-03-03,2023-03-03,2023-03-03,False,2023,3,3,479,Mart/03 (9. Hafta),297,Yabancı Para Pozisyonu,10,Dövize Endeksli Yükümlülükler (Bilgi),TOPLAM,"440,96",440.96,TL,BDDK Haftalık Bülten
2023-03-03,2023-03-03,2023-03-03,False,2023,3,3,479,Mart/03 (9. Hafta),297,Yabancı Para Pozisyonu,2,a) Bilanço İçi Varlıklar,TOPLAM,"5.992.789,06",5992789.06,TL,BDDK Haftalık Bülten
2023-03-03,2023-03-03,2023-03-03,False,2023,3,3,479,Mart/03 (9. Hafta),297,Yabancı Para Pozisyonu,3,b) Bilanço İçi Yükümlülükler,TOPLAM,"6.583.668,10",6583668.1,TL,BDDK Haftalık Bülten
2023-03-03,2023-03-03,2023-03-03,False,2023,3,3,479,Mart/03 (9. Hafta),297,Yabancı Para Pozisyonu,4,Bilanço Dışı Yabancı Para Pozisyonu (5-6),TOPLAM,"568.756,78",568756.78,TL,BDDK Haftalık Bülten
2023-03-03,2023-03-03,2023-03-03,False,2023,3,3,479,Mart/03 (9. Hafta),297,Yabancı Para Pozisyonu,5,a) Bilanço Dışı Varlıklar,TOPLAM,"2.337.506,92",2337506.92,TL,BDDK Haftalık Bülten
2023-03-03,2023-03-03,2023-03-03,False,2023,3,3,479,Mart/03 (9. Hafta),297,Yabancı Para Pozisyonu,6,b) Bilanço Dışı Yükümlülükler,TOPLAM,"1.768.750,14",1768750.14,TL,BDDK Haftalık Bülten
2023-03-03,2023-03-03,2023-03-03,False,2023,3,3,479,Mart/03 (9. Hafta),297,Yabancı Para Pozisyonu,7,Yabancı Para Net Genel Pozisyonu (1+4),TOPLAM,"-22.122,26",-22122.26,TL,BDDK Haftalık Bülten
2023-03-03,2023-03-03,2023-03-03,False,2023,3,3,479,Mart/03 (9. Hafta),297,Yabancı Para Pozisyonu,8,Yasal Özkaynak,TOPLAM,"1.756.259,74",1756259.74,TL,BDDK Haftalık Bülten
2023-03-03,2023-03-03,2023-03-03,False,2023,3,3,479,Mart/03 (9. Hafta),297,Yabancı Para Pozisyonu,9,Dövize Endeskli Varlıklar (Bilgi),TOPLAM,"8.335,86",8335.86,TL,BDDK Haftalık Bülten
2023-03-10,2023-03-10,2023-03-10,False,2023,3,10,480,Mart/10 (10. Hafta),297,Yabancı Para Pozisyonu,1,Bilanço İçi Yabancı Para Pozisyonu (2-3),TOPLAM,"-575.360,09",-575360.09,TL,BDDK Haftalık Bülten
2023-03-10,2023-03-10,2023-03-10,False,2023,3,10,480,Mart/10 (10. Hafta),297,Yabancı Para Pozisyonu,10,Dövize Endeksli Yükümlülükler (Bilgi),TOPLAM,"446,66",446.66,TL,BDDK Haftalık Bülten
2023-03-10,2023-03-10,2023-03-10,False,2023,3,10,480,Mart/10 (10. Hafta),297,Yabancı Para Pozisyonu,2,a) Bilanço İçi Varlıklar,TOPLAM,"6.046.012,82",6046012.82,TL,BDDK Haftalık Bülten
2023-03-10,2023-03-10,2023-03-10,False,2023,3,10,480,Mart/10 (10. Hafta),297,Yabancı Para Pozisyonu,3,b) Bilanço İçi Yükümlülükler,TOPLAM,"6.621.372,91",6621372.91,TL,BDDK Haftalık Bülten
2023-03-10,2023-03-10,2023-03-10,False,2023,3,10,480,Mart/10 (10. Hafta),297,Yabancı Para Pozisyonu,4,Bilanço Dışı Yabancı Para Pozisyonu (5-6),TOPLAM,"556.974,05",556974.05,TL,BDDK Haftalık Bülten
2023-03-10,2023-03-10,2023-03-10,False,2023,3,10,480,Mart/10 (10. Hafta),297,Yabancı Para Pozisyonu,5,a) Bilanço Dışı Varlıklar,TOPLAM,"2.391.297,81",2391297.81,TL,BDDK Haftalık Bülten
2023-03-10,2023-03-10,2023-03-10,False,2023,3,10,480,Mart/10 (10. Hafta),297,Yabancı Para Pozisyonu,6,b) Bilanço Dışı Yükümlülükler,TOPLAM,"1.834.323,77",1834323.77,TL,BDDK Haftalık Bülten
2023-03-10,2023-03-10,2023-03-10,False,2023,3,10,480,Mart/10 (10. Hafta),297,Yabancı Para Pozisyonu,7,Yabancı Para Net Genel Pozisyonu (1+4),TOPLAM,"-18.386,04",-18386.04,TL,BDDK Haftalık Bülten
2023-03-10,2023-03-10,2023-03-10,False,2023,3,10,480,Mart/10 (10. Hafta),297,Yabancı Para Pozisyonu,8,Yasal Özkaynak,TOPLAM,"1.762.144,58",1762144.58,TL,BDDK Haftalık Bülten
2023-03-10,2023-03-10,2023-03-10,False,2023,3,10,480,Mart/10 (10. Hafta),297,Yabancı Para Pozisyonu,9,Dövize Endeskli Varlıklar (Bilgi),TOPLAM,"8.275,56",8275.56,TL,BDDK Haftalık Bülten
2023-03-17,2023-03-17,2023-03-17,False,2023,3,17,481,Mart/17 (11. Hafta),297,Yabancı Para Pozisyonu,1,Bilanço İçi Yabancı Para Pozisyonu (2-3),TOPLAM,"-533.102,53",-533102.53,TL,BDDK Haftalık Bülten
2023-03-17,2023-03-17,2023-03-17,False,2023,3,17,481,Mart/17 (11. Hafta),297,Yabancı Para Pozisyonu,10,Dövize Endeksli Yükümlülükler (Bilgi),TOPLAM,"446,50",446.5,TL,BDDK Haftalık Bülten
2023-03-17,2023-03-17,2023-03-17,False,2023,3,17,481,Mart/17 (11. Hafta),297,Yabancı Para Pozisyonu,2,a) Bilanço İçi Varlıklar,TOPLAM,"6.078.463,90",6078463.9,TL,BDDK Haftalık Bülten
2023-03-17,2023-03-17,2023-03-17,False,2023,3,17,481,Mart/17 (11. Hafta),297,Yabancı Para Pozisyonu,3,b) Bilanço İçi Yükümlülükler,TOPLAM,"6.611.566,44",6611566.44,TL,BDDK Haftalık Bülten
2023-03-17,2023-03-17,2023-03-17,False,2023,3,17,481,Mart/17 (11. Hafta),297,Yabancı Para Pozisyonu,4,Bilanço Dışı Yabancı Para Pozisyonu (5-6),TOPLAM,"522.629,37",522629.37,TL,BDDK Haftalık Bülten
2023-03-17,2023-03-17,2023-03-17,False,2023,3,17,481,Mart/17 (11. Hafta),297,Yabancı Para Pozisyonu,5,a) Bilanço Dışı Varlıklar,TOPLAM,"2.318.259,94",2318259.94,TL,BDDK Haftalık Bülten
2023-03-17,2023-03-17,2023-03-17,False,2023,3,17,481,Mart/17 (11. Hafta),297,Yabancı Para Pozisyonu,6,b) Bilanço Dışı Yükümlülükler,TOPLAM,"1.795.630,57",1795630.57,TL,BDDK Haftalık Bülten
2023-03-17,2023-03-17,2023-03-17,False,2023,3,17,481,Mart/17 (11. Hafta),297,Yabancı Para Pozisyonu,7,Yabancı Para Net Genel Pozisyonu (1+4),TOPLAM,"-10.473,16",-10473.16,TL,BDDK Haftalık Bülten
2023-03-17,2023-03-17,2023-03-17,False,2023,3,17,481,Mart/17 (11. Hafta),297,Yabancı Para Pozisyonu,8,Yasal Özkaynak,TOPLAM,"1.759.473,16",1759473.16,TL,BDDK Haftalık Bülten
2023-03-17,2023-03-17,2023-03-17,False,2023,3,17,481,Mart/17 (11. Hafta),297,Yabancı Para Pozisyonu,9,Dövize Endeskli Varlıklar (Bilgi),TOPLAM,"8.211,53",8211.53,TL,BDDK Haftalık Bülten
2023-03-24,2023-03-24,2023-03-24,False,2023,3,24,482,Mart/24 (12. Hafta),297,Yabancı Para Pozisyonu,1,Bilanço İçi Yabancı Para Pozisyonu (2-3),TOPLAM,"-555.819,63",-555819.63,TL,BDDK Haftalık Bülten
2023-03-24,2023-03-24,2023-03-24,False,2023,3,24,482,Mart/24 (12. Hafta),297,Yabancı Para Pozisyonu,10,Dövize Endeksli Yükümlülükler (Bilgi),TOPLAM,"438,05",438.05,TL,BDDK Haftalık Bülten
2023-03-24,2023-03-24,2023-03-24,False,2023,3,24,482,Mart/24 (12. Hafta),297,Yabancı Para Pozisyonu,2,a) Bilanço İçi Varlıklar,TOPLAM,"6.099.687,14",6099687.14,TL,BDDK Haftalık Bülten
2023-03-24,2023-03-24,2023-03-24,False,2023,3,24,482,Mart/24 (12. Hafta),297,Yabancı Para Pozisyonu,3,b) Bilanço İçi Yükümlülükler,TOPLAM,"6.655.506,78",6655506.78,TL,BDDK Haftalık Bülten
2023-03-24,2023-03-24,2023-03-24,False,2023,3,24,482,Mart/24 (12. Hafta),297,Yabancı Para Pozisyonu,4,Bilanço Dışı Yabancı Para Pozisyonu (5-6),TOPLAM,"547.130,73",547130.73,TL,BDDK Haftalık Bülten
2023-03-24,2023-03-24,2023-03-24,False,2023,3,24,482,Mart/24 (12. Hafta),297,Yabancı Para Pozisyonu,5,a) Bilanço Dışı Varlıklar,TOPLAM,"2.333.805,27",2333805.27,TL,BDDK Haftalık Bülten
2023-03-24,2023-03-24,2023-03-24,False,2023,3,24,482,Mart/24 (12. Hafta),297,Yabancı Para Pozisyonu,6,b) Bilanço Dışı Yükümlülükler,TOPLAM,"1.786.674,54",1786674.54,TL,BDDK Haftalık Bülten
2023-03-24,2023-03-24,2023-03-24,False,2023,3,24,482,Mart/24 (12. Hafta),297,Yabancı Para Pozisyonu,7,Yabancı Para Net Genel Pozisyonu (1+4),TOPLAM,"-8.688,90",-8688.9,TL,BDDK Haftalık Bülten
2023-03-24,2023-03-24,2023-03-24,False,2023,3,24,482,Mart/24 (12. Hafta),297,Yabancı Para Pozisyonu,8,Yasal Özkaynak,TOPLAM,"1.809.046,43",1809046.43,TL,BDDK Haftalık Bülten
2023-03-24,2023-03-24,2023-03-24,False,2023,3,24,482,Mart/24 (12. Hafta),297,Yabancı Para Pozisyonu,9,Dövize Endeskli Varlıklar (Bilgi),TOPLAM,"8.276,34",8276.34,TL,BDDK Haftalık Bülten
2023-03-31,2023-03-31,2023-03-31,False,2023,3,31,483,Mart/31 (13. Hafta),297,Yabancı Para Pozisyonu,1,Bilanço İçi Yabancı Para Pozisyonu (2-3),TOPLAM,"-575.121,42",-575121.42,TL,BDDK Haftalık Bülten
2023-03-31,2023-03-31,2023-03-31,False,2023,3,31,483,Mart/31 (13. Hafta),297,Yabancı Para Pozisyonu,10,Dövize Endeksli Yükümlülükler (Bilgi),TOPLAM,"437,81",437.81,TL,BDDK Haftalık Bülten
2023-03-31,2023-03-31,2023-03-31,False,2023,3,31,483,Mart/31 (13. Hafta),297,Yabancı Para Pozisyonu,2,a) Bilanço İçi Varlıklar,TOPLAM,"6.099.799,35",6099799.35,TL,BDDK Haftalık Bülten
2023-03-31,2023-03-31,2023-03-31,False,2023,3,31,483,Mart/31 (13. Hafta),297,Yabancı Para Pozisyonu,3,b) Bilanço İçi Yükümlülükler,TOPLAM,"6.674.920,77",6674920.77,TL,BDDK Haftalık Bülten
2023-03-31,2023-03-31,2023-03-31,False,2023,3,31,483,Mart/31 (13. Hafta),297,Yabancı Para Pozisyonu,4,Bilanço Dışı Yabancı Para Pozisyonu (5-6),TOPLAM,"576.437,13",576437.13,TL,BDDK Haftalık Bülten
2023-03-31,2023-03-31,2023-03-31,False,2023,3,31,483,Mart/31 (13. Hafta),297,Yabancı Para Pozisyonu,5,a) Bilanço Dışı Varlıklar,TOPLAM,"2.390.715,39",2390715.39,TL,BDDK Haftalık Bülten
2023-03-31,2023-03-31,2023-03-31,False,2023,3,31,483,Mart/31 (13. Hafta),297,Yabancı Para Pozisyonu,6,b) Bilanço Dışı Yükümlülükler,TOPLAM,"1.814.278,26",1814278.26,TL,BDDK Haftalık Bülten
2023-03-31,2023-03-31,2023-03-31,False,2023,3,31,483,Mart/31 (13. Hafta),297,Yabancı Para Pozisyonu,7,Yabancı Para Net Genel Pozisyonu (1+4),TOPLAM,"1.315,71",1315.71,TL,BDDK Haftalık Bülten
2023-03-31,2023-03-31,2023-03-31,False,2023,3,31,483,Mart/31 (13. Hafta),297,Yabancı Para Pozisyonu,8,Yasal Özkaynak,TOPLAM,"1.809.099,23",1809099.23,TL,BDDK Haftalık Bülten
2023-03-31,2023-03-31,2023-03-31,False,2023,3,31,483,Mart/31 (13. Hafta),297,Yabancı Para Pozisyonu,9,Dövize Endeskli Varlıklar (Bilgi),TOPLAM,"8.271,54",8271.54,TL,BDDK Haftalık Bülten
2023-04-07,2023-04-07,2023-04-07,False,2023,4,7,484,Nisan/07 (14. Hafta),297,Yabancı Para Pozisyonu,1,Bilanço İçi Yabancı Para Pozisyonu (2-3),TOPLAM,"-573.013,10",-573013.1,TL,BDDK Haftalık Bülten
2023-04-07,2023-04-07,2023-04-07,False,2023,4,7,484,Nisan/07 (14. Hafta),297,Yabancı Para Pozisyonu,10,Dövize Endeksli Yükümlülükler (Bilgi),TOPLAM,"442,35",442.35,TL,BDDK Haftalık Bülten
2023-04-07,2023-04-07,2023-04-07,False,2023,4,7,484,Nisan/07 (14. Hafta),297,Yabancı Para Pozisyonu,2,a) Bilanço İçi Varlıklar,TOPLAM,"6.210.534,91",6210534.91,TL,BDDK Haftalık Bülten
2023-04-07,2023-04-07,2023-04-07,False,2023,4,7,484,Nisan/07 (14. Hafta),297,Yabancı Para Pozisyonu,3,b) Bilanço İçi Yükümlülükler,TOPLAM,"6.783.548,01",6783548.01,TL,BDDK Haftalık Bülten
2023-04-07,2023-04-07,2023-04-07,False,2023,4,7,484,Nisan/07 (14. Hafta),297,Yabancı Para Pozisyonu,4,Bilanço Dışı Yabancı Para Pozisyonu (5-6),TOPLAM,"561.603,95",561603.95,TL,BDDK Haftalık Bülten
2023-04-07,2023-04-07,2023-04-07,False,2023,4,7,484,Nisan/07 (14. Hafta),297,Yabancı Para Pozisyonu,5,a) Bilanço Dışı Varlıklar,TOPLAM,"2.324.586,42",2324586.42,TL,BDDK Haftalık Bülten
2023-04-07,2023-04-07,2023-04-07,False,2023,4,7,484,Nisan/07 (14. Hafta),297,Yabancı Para Pozisyonu,6,b) Bilanço Dışı Yükümlülükler,TOPLAM,"1.762.982,47",1762982.47,TL,BDDK Haftalık Bülten
2023-04-07,2023-04-07,2023-04-07,False,2023,4,7,484,Nisan/07 (14. Hafta),297,Yabancı Para Pozisyonu,7,Yabancı Para Net Genel Pozisyonu (1+4),TOPLAM,"-11.409,15",-11409.15,TL,BDDK Haftalık Bülten
2023-04-07,2023-04-07,2023-04-07,False,2023,4,7,484,Nisan/07 (14. Hafta),297,Yabancı Para Pozisyonu,8,Yasal Özkaynak,TOPLAM,"1.809.223,12",1809223.12,TL,BDDK Haftalık Bülten
2023-04-07,2023-04-07,2023-04-07,False,2023,4,7,484,Nisan/07 (14. Hafta),297,Yabancı Para Pozisyonu,9,Dövize Endeskli Varlıklar (Bilgi),TOPLAM,"8.271,77",8271.77,TL,BDDK Haftalık Bülten
2023-04-14,2023-04-14,2023-04-14,False,2023,4,14,485,Nisan/14 (15. Hafta),297,Yabancı Para Pozisyonu,1,Bilanço İçi Yabancı Para Pozisyonu (2-3),TOPLAM,"-549.563,48",-549563.48,TL,BDDK Haftalık Bülten
2023-04-14,2023-04-14,2023-04-14,False,2023,4,14,485,Nisan/14 (15. Hafta),297,Yabancı Para Pozisyonu,10,Dövize Endeksli Yükümlülükler (Bilgi),TOPLAM,"422,25",422.25,TL,BDDK Haftalık Bülten
2023-04-14,2023-04-14,2023-04-14,False,2023,4,14,485,Nisan/14 (15. Hafta),297,Yabancı Para Pozisyonu,2,a) Bilanço İçi Varlıklar,TOPLAM,"6.288.361,96",6288361.96,TL,BDDK Haftalık Bülten
2023-04-14,2023-04-14,2023-04-14,False,2023,4,14,485,Nisan/14 (15. Hafta),297,Yabancı Para Pozisyonu,3,b) Bilanço İçi Yükümlülükler,TOPLAM,"6.837.925,44",6837925.44,TL,BDDK Haftalık Bülten
2023-04-14,2023-04-14,2023-04-14,False,2023,4,14,485,Nisan/14 (15. Hafta),297,Yabancı Para Pozisyonu,4,Bilanço Dışı Yabancı Para Pozisyonu (5-6),TOPLAM,"539.237,66",539237.66,TL,BDDK Haftalık Bülten
2023-04-14,2023-04-14,2023-04-14,False,2023,4,14,485,Nisan/14 (15. Hafta),297,Yabancı Para Pozisyonu,5,a) Bilanço Dışı Varlıklar,TOPLAM,"2.410.813,39",2410813.39,TL,BDDK Haftalık Bülten
2023-04-14,2023-04-14,2023-04-14,False,2023,4,14,485,Nisan/14 (15. Hafta),297,Yabancı Para Pozisyonu,6,b) Bilanço Dışı Yükümlülükler,TOPLAM,"1.871.575,73",1871575.73,TL,BDDK Haftalık Bülten
2023-04-14,2023-04-14,2023-04-14,False,2023,4,14,485,Nisan/14 (15. Hafta),297,Yabancı Para Pozisyonu,7,Yabancı Para Net Genel Pozisyonu (1+4),TOPLAM,"-10.325,82",-10325.82,TL,BDDK Haftalık Bülten
2023-04-14,2023-04-14,2023-04-14,False,2023,4,14,485,Nisan/14 (15. Hafta),297,Yabancı Para Pozisyonu,8,Yasal Özkaynak,TOPLAM,"1.816.100,96",1816100.96,TL,BDDK Haftalık Bülten
2023-04-14,2023-04-14,2023-04-14,False,2023,4,14,485,Nisan/14 (15. Hafta),297,Yabancı Para Pozisyonu,9,Dövize Endeskli Varlıklar (Bilgi),TOPLAM,"8.161,50",8161.5,TL,BDDK Haftalık Bülten
2023-04-20,2023-04-20,2023-04-20,False,2023,4,20,486,Nisan/20 (16. Hafta),297,Yabancı Para Pozisyonu,1,Bilanço İçi Yabancı Para Pozisyonu (2-3),TOPLAM,"-553.133,08",-553133.08,TL,BDDK Haftalık Bülten
2023-04-20,2023-04-20,2023-04-20,False,2023,4,20,486,Nisan/20 (16. Hafta),297,Yabancı Para Pozisyonu,10,Dövize Endeksli Yükümlülükler (Bilgi),TOPLAM,"422,58",422.58,TL,BDDK Haftalık Bülten
2023-04-20,2023-04-20,2023-04-20,False,2023,4,20,486,Nisan/20 (16. Hafta),297,Yabancı Para Pozisyonu,2,a) Bilanço İçi Varlıklar,TOPLAM,"6.279.556,34",6279556.34,TL,BDDK Haftalık Bülten
2023-04-20,2023-04-20,2023-04-20,False,2023,4,20,486,Nisan/20 (16. Hafta),297,Yabancı Para Pozisyonu,3,b) Bilanço İçi Yükümlülükler,TOPLAM,"6.832.689,41",6832689.41,TL,BDDK Haftalık Bülten
2023-04-20,2023-04-20,2023-04-20,False,2023,4,20,486,Nisan/20 (16. Hafta),297,Yabancı Para Pozisyonu,4,Bilanço Dışı Yabancı Para Pozisyonu (5-6),TOPLAM,"535.682,08",535682.08,TL,BDDK Haftalık Bülten
2023-04-20,2023-04-20,2023-04-20,False,2023,4,20,486,Nisan/20 (16. Hafta),297,Yabancı Para Pozisyonu,5,a) Bilanço Dışı Varlıklar,TOPLAM,"2.498.875,81",2498875.81,TL,BDDK Haftalık Bülten
2023-04-20,2023-04-20,2023-04-20,False,2023,4,20,486,Nisan/20 (16. Hafta),297,Yabancı Para Pozisyonu,6,b) Bilanço Dışı Yükümlülükler,TOPLAM,"1.963.193,73",1963193.73,TL,BDDK Haftalık Bülten
2023-04-20,2023-04-20,2023-04-20,False,2023,4,20,486,Nisan/20 (16. Hafta),297,Yabancı Para Pozisyonu,7,Yabancı Para Net Genel Pozisyonu (1+4),TOPLAM,"-17.451,00",-17451.0,TL,BDDK Haftalık Bülten
2023-04-20,2023-04-20,2023-04-20,False,2023,4,20,486,Nisan/20 (16. Hafta),297,Yabancı Para Pozisyonu,8,Yasal Özkaynak,TOPLAM,"1.857.376,45",1857376.45,TL,BDDK Haftalık Bülten
2023-04-20,2023-04-20,2023-04-20,False,2023,4,20,486,Nisan/20 (16. Hafta),297,Yabancı Para Pozisyonu,9,Dövize Endeskli Varlıklar (Bilgi),TOPLAM,"8.155,56",8155.56,TL,BDDK Haftalık Bülten
2023-04-28,2023-04-28,2023-04-28,False,2023,4,28,487,Nisan/28 (17. Hafta),297,Yabancı Para Pozisyonu,1,Bilanço İçi Yabancı Para Pozisyonu (2-3),TOPLAM,"-584.277,20",-584277.2,TL,BDDK Haftalık Bülten
2023-04-28,2023-04-28,2023-04-28,False,2023,4,28,487,Nisan/28 (17. Hafta),297,Yabancı Para Pozisyonu,10,Dövize Endeksli Yükümlülükler (Bilgi),TOPLAM,"425,46",425.46,TL,BDDK Haftalık Bülten
2023-04-28,2023-04-28,2023-04-28,False,2023,4,28,487,Nisan/28 (17. Hafta),297,Yabancı Para Pozisyonu,2,a) Bilanço İçi Varlıklar,TOPLAM,"6.265.868,59",6265868.59,TL,BDDK Haftalık Bülten
2023-04-28,2023-04-28,2023-04-28,False,2023,4,28,487,Nisan/28 (17. Hafta),297,Yabancı Para Pozisyonu,3,b) Bilanço İçi Yükümlülükler,TOPLAM,"6.850.145,79",6850145.79,TL,BDDK Haftalık Bülten
2023-04-28,2023-04-28,2023-04-28,False,2023,4,28,487,Nisan/28 (17. Hafta),297,Yabancı Para Pozisyonu,4,Bilanço Dışı Yabancı Para Pozisyonu (5-6),TOPLAM,"583.361,16",583361.16,TL,BDDK Haftalık Bülten
2023-04-28,2023-04-28,2023-04-28,False,2023,4,28,487,Nisan/28 (17. Hafta),297,Yabancı Para Pozisyonu,5,a) Bilanço Dışı Varlıklar,TOPLAM,"2.520.342,55",2520342.55,TL,BDDK Haftalık Bülten
2023-04-28,2023-04-28,2023-04-28,False,2023,4,28,487,Nisan/28 (17. Hafta),297,Yabancı Para Pozisyonu,6,b) Bilanço Dışı Yükümlülükler,TOPLAM,"1.936.981,38",1936981.38,TL,BDDK Haftalık Bülten
2023-04-28,2023-04-28,2023-04-28,False,2023,4,28,487,Nisan/28 (17. Hafta),297,Yabancı Para Pozisyonu,7,Yabancı Para Net Genel Pozisyonu (1+4),TOPLAM,"-916,04",-916.04,TL,BDDK Haftalık Bülten
2023-04-28,2023-04-28,2023-04-28,False,2023,4,28,487,Nisan/28 (17. Hafta),297,Yabancı Para Pozisyonu,8,Yasal Özkaynak,TOPLAM,"1.935.213,59",1935213.59,TL,BDDK Haftalık Bülten
2023-04-28,2023-04-28,2023-04-28,False,2023,4,28,487,Nisan/28 (17. Hafta),297,Yabancı Para Pozisyonu,9,Dövize Endeskli Varlıklar (Bilgi),TOPLAM,"8.130,82",8130.82,TL,BDDK Haftalık Bülten
2023-05-05,2023-05-05,2023-05-05,False,2023,5,5,488,Mayıs/05 (18. Hafta),297,Yabancı Para Pozisyonu,1,Bilanço İçi Yabancı Para Pozisyonu (2-3),TOPLAM,"-615.609,06",-615609.06,TL,BDDK Haftalık Bülten
2023-05-05,2023-05-05,2023-05-05,False,2023,5,5,488,Mayıs/05 (18. Hafta),297,Yabancı Para Pozisyonu,10,Dövize Endeksli Yükümlülükler (Bilgi),TOPLAM,"1.424,86",1424.86,TL,BDDK Haftalık Bülten
2023-05-05,2023-05-05,2023-05-05,False,2023,5,5,488,Mayıs/05 (18. Hafta),297,Yabancı Para Pozisyonu,2,a) Bilanço İçi Varlıklar,TOPLAM,"6.298.950,37",6298950.37,TL,BDDK Haftalık Bülten
2023-05-05,2023-05-05,2023-05-05,False,2023,5,5,488,Mayıs/05 (18. Hafta),297,Yabancı Para Pozisyonu,3,b) Bilanço İçi Yükümlülükler,TOPLAM,"6.914.559,43",6914559.43,TL,BDDK Haftalık Bülten
2023-05-05,2023-05-05,2023-05-05,False,2023,5,5,488,Mayıs/05 (18. Hafta),297,Yabancı Para Pozisyonu,4,Bilanço Dışı Yabancı Para Pozisyonu (5-6),TOPLAM,"616.915,60",616915.6,TL,BDDK Haftalık Bülten
2023-05-05,2023-05-05,2023-05-05,False,2023,5,5,488,Mayıs/05 (18. Hafta),297,Yabancı Para Pozisyonu,5,a) Bilanço Dışı Varlıklar,TOPLAM,"2.580.742,45",2580742.45,TL,BDDK Haftalık Bülten
2023-05-05,2023-05-05,2023-05-05,False,2023,5,5,488,Mayıs/05 (18. Hafta),297,Yabancı Para Pozisyonu,6,b) Bilanço Dışı Yükümlülükler,TOPLAM,"1.963.826,86",1963826.86,TL,BDDK Haftalık Bülten
2023-05-05,2023-05-05,2023-05-05,False,2023,5,5,488,Mayıs/05 (18. Hafta),297,Yabancı Para Pozisyonu,7,Yabancı Para Net Genel Pozisyonu (1+4),TOPLAM,"1.306,54",1306.54,TL,BDDK Haftalık Bülten
2023-05-05,2023-05-05,2023-05-05,False,2023,5,5,488,Mayıs/05 (18. Hafta),297,Yabancı Para Pozisyonu,8,Yasal Özkaynak,TOPLAM,"1.935.236,47",1935236.47,TL,BDDK Haftalık Bülten
2023-05-05,2023-05-05,2023-05-05,False,2023,5,5,488,Mayıs/05 (18. Hafta),297,Yabancı Para Pozisyonu,9,Dövize Endeskli Varlıklar (Bilgi),TOPLAM,"8.128,90",8128.9,TL,BDDK Haftalık Bülten
2023-05-12,2023-05-12,2023-05-12,False,2023,5,12,489,Mayıs/12 (19. Hafta),297,Yabancı Para Pozisyonu,1,Bilanço İçi Yabancı Para Pozisyonu (2-3),TOPLAM,"-600.106,96",-600106.96,TL,BDDK Haftalık Bülten
2023-05-12,2023-05-12,2023-05-12,False,2023,5,12,489,Mayıs/12 (19. Hafta),297,Yabancı Para Pozisyonu,10,Dövize Endeksli Yükümlülükler (Bilgi),TOPLAM,"1.695,04",1695.04,TL,BDDK Haftalık Bülten
2023-05-12,2023-05-12,2023-05-12,False,2023,5,12,489,Mayıs/12 (19. Hafta),297,Yabancı Para Pozisyonu,2,a) Bilanço İçi Varlıklar,TOPLAM,"6.277.141,83",6277141.83,TL,BDDK Haftalık Bülten
2023-05-12,2023-05-12,2023-05-12,False,2023,5,12,489,Mayıs/12 (19. Hafta),297,Yabancı Para Pozisyonu,3,b) Bilanço İçi Yükümlülükler,TOPLAM,"6.877.248,78",6877248.78,TL,BDDK Haftalık Bülten
2023-05-12,2023-05-12,2023-05-12,False,2023,5,12,489,Mayıs/12 (19. Hafta),297,Yabancı Para Pozisyonu,4,Bilanço Dışı Yabancı Para Pozisyonu (5-6),TOPLAM,"613.663,30",613663.3,TL,BDDK Haftalık Bülten
2023-05-12,2023-05-12,2023-05-12,False,2023,5,12,489,Mayıs/12 (19. Hafta),297,Yabancı Para Pozisyonu,5,a) Bilanço Dışı Varlıklar,TOPLAM,"2.537.357,10",2537357.1,TL,BDDK Haftalık Bülten
2023-05-12,2023-05-12,2023-05-12,False,2023,5,12,489,Mayıs/12 (19. Hafta),297,Yabancı Para Pozisyonu,6,b) Bilanço Dışı Yükümlülükler,TOPLAM,"1.923.693,79",1923693.79,TL,BDDK Haftalık Bülten
2023-05-12,2023-05-12,2023-05-12,False,2023,5,12,489,Mayıs/12 (19. Hafta),297,Yabancı Para Pozisyonu,7,Yabancı Para Net Genel Pozisyonu (1+4),TOPLAM,"13.556,35",13556.35,TL,BDDK Haftalık Bülten
2023-05-12,2023-05-12,2023-05-12,False,2023,5,12,489,Mayıs/12 (19. Hafta),297,Yabancı Para Pozisyonu,8,Yasal Özkaynak,TOPLAM,"1.935.627,43",1935627.43,TL,BDDK Haftalık Bülten
2023-05-12,2023-05-12,2023-05-12,False,2023,5,12,489,Mayıs/12 (19. Hafta),297,Yabancı Para Pozisyonu,9,Dövize Endeskli Varlıklar (Bilgi),TOPLAM,"8.099,78",8099.78,TL,BDDK Haftalık Bülten
2023-05-18,2023-05-18,2023-05-18,False,2023,5,18,490,Mayıs/18 (20. Hafta),297,Yabancı Para Pozisyonu,1,Bilanço İçi Yabancı Para Pozisyonu (2-3),TOPLAM,"-616.212,46",-616212.46,TL,BDDK Haftalık Bülten
2023-05-18,2023-05-18,2023-05-18,False,2023,5,18,490,Mayıs/18 (20. Hafta),297,Yabancı Para Pozisyonu,10,Dövize Endeksli Yükümlülükler (Bilgi),TOPLAM,"1.884,67",1884.67,TL,BDDK Haftalık Bülten
2023-05-18,2023-05-18,2023-05-18,False,2023,5,18,490,Mayıs/18 (20. Hafta),297,Yabancı Para Pozisyonu,2,a) Bilanço İçi Varlıklar,TOPLAM,"6.248.681,33",6248681.33,TL,BDDK Haftalık Bülten
2023-05-18,2023-05-18,2023-05-18,False,2023,5,18,490,Mayıs/18 (20. Hafta),297,Yabancı Para Pozisyonu,3,b) Bilanço İçi Yükümlülükler,TOPLAM,"6.864.893,79",6864893.79,TL,BDDK Haftalık Bülten
2023-05-18,2023-05-18,2023-05-18,False,2023,5,18,490,Mayıs/18 (20. Hafta),297,Yabancı Para Pozisyonu,4,Bilanço Dışı Yabancı Para Pozisyonu (5-6),TOPLAM,"596.652,05",596652.05,TL,BDDK Haftalık Bülten
2023-05-18,2023-05-18,2023-05-18,False,2023,5,18,490,Mayıs/18 (20. Hafta),297,Yabancı Para Pozisyonu,5,a) Bilanço Dışı Varlıklar,TOPLAM,"2.466.158,97",2466158.97,TL,BDDK Haftalık Bülten
2023-05-18,2023-05-18,2023-05-18,False,2023,5,18,490,Mayıs/18 (20. Hafta),297,Yabancı Para Pozisyonu,6,b) Bilanço Dışı Yükümlülükler,TOPLAM,"1.869.506,91",1869506.91,TL,BDDK Haftalık Bülten
2023-05-18,2023-05-18,2023-05-18,False,2023,5,18,490,Mayıs/18 (20. Hafta),297,Yabancı Para Pozisyonu,7,Yabancı Para Net Genel Pozisyonu (1+4),TOPLAM,"-19.560,41",-19560.41,TL,BDDK Haftalık Bülten
2023-05-18,2023-05-18,2023-05-18,False,2023,5,18,490,Mayıs/18 (20. Hafta),297,Yabancı Para Pozisyonu,8,Yasal Özkaynak,TOPLAM,"1.930.079,21",1930079.21,TL,BDDK Haftalık Bülten
2023-05-18,2023-05-18,2023-05-18,False,2023,5,18,490,Mayıs/18 (20. Hafta),297,Yabancı Para Pozisyonu,9,Dövize Endeskli Varlıklar (Bilgi),TOPLAM,"8.057,54",8057.54,TL,BDDK Haftalık Bülten
2023-05-26,2023-05-26,2023-05-26,False,2023,5,26,491,Mayıs/26 (21. Hafta),297,Yabancı Para Pozisyonu,1,Bilanço İçi Yabancı Para Pozisyonu (2-3),TOPLAM,"-538.663,60",-538663.6,TL,BDDK Haftalık Bülten
2023-05-26,2023-05-26,2023-05-26,False,2023,5,26,491,Mayıs/26 (21. Hafta),297,Yabancı Para Pozisyonu,10,Dövize Endeksli Yükümlülükler (Bilgi),TOPLAM,"2.193,49",2193.49,TL,BDDK Haftalık Bülten
2023-05-26,2023-05-26,2023-05-26,False,2023,5,26,491,Mayıs/26 (21. Hafta),297,Yabancı Para Pozisyonu,2,a) Bilanço İçi Varlıklar,TOPLAM,"6.258.473,11",6258473.11,TL,BDDK Haftalık Bülten
2023-05-26,2023-05-26,2023-05-26,False,2023,5,26,491,Mayıs/26 (21. Hafta),297,Yabancı Para Pozisyonu,3,b) Bilanço İçi Yükümlülükler,TOPLAM,"6.797.136,71",6797136.71,TL,BDDK Haftalık Bülten
2023-05-26,2023-05-26,2023-05-26,False,2023,5,26,491,Mayıs/26 (21. Hafta),297,Yabancı Para Pozisyonu,4,Bilanço Dışı Yabancı Para Pozisyonu (5-6),TOPLAM,"541.599,65",541599.65,TL,BDDK Haftalık Bülten
2023-05-26,2023-05-26,2023-05-26,False,2023,5,26,491,Mayıs/26 (21. Hafta),297,Yabancı Para Pozisyonu,5,a) Bilanço Dışı Varlıklar,TOPLAM,"2.426.941,48",2426941.48,TL,BDDK Haftalık Bülten
2023-05-26,2023-05-26,2023-05-26,False,2023,5,26,491,Mayıs/26 (21. Hafta),297,Yabancı Para Pozisyonu,6,b) Bilanço Dışı Yükümlülükler,TOPLAM,"1.885.341,83",1885341.83,TL,BDDK Haftalık Bülten
2023-05-26,2023-05-26,2023-05-26,False,2023,5,26,491,Mayıs/26 (21. Hafta),297,Yabancı Para Pozisyonu,7,Yabancı Para Net Genel Pozisyonu (1+4),TOPLAM,"2.936,05",2936.05,TL,BDDK Haftalık Bülten
2023-05-26,2023-05-26,2023-05-26,False,2023,5,26,491,Mayıs/26 (21. Hafta),297,Yabancı Para Pozisyonu,8,Yasal Özkaynak,TOPLAM,"1.910.984,80",1910984.8,TL,BDDK Haftalık Bülten
2023-05-26,2023-05-26,2023-05-26,False,2023,5,26,491,Mayıs/26 (21. Hafta),297,Yabancı Para Pozisyonu,9,Dövize Endeskli Varlıklar (Bilgi),TOPLAM,"8.091,42",8091.42,TL,BDDK Haftalık Bülten
2023-06-02,2023-06-02,2023-06-02,False,2023,6,2,492,Haziran/02 (22. Hafta),297,Yabancı Para Pozisyonu,1,Bilanço İçi Yabancı Para Pozisyonu (2-3),TOPLAM,"-521.343,09",-521343.09,TL,BDDK Haftalık Bülten
2023-06-02,2023-06-02,2023-06-02,False,2023,6,2,492,Haziran/02 (22. Hafta),297,Yabancı Para Pozisyonu,10,Dövize Endeksli Yükümlülükler (Bilgi),TOPLAM,"2.643,10",2643.1,TL,BDDK Haftalık Bülten
2023-06-02,2023-06-02,2023-06-02,False,2023,6,2,492,Haziran/02 (22. Hafta),297,Yabancı Para Pozisyonu,2,a) Bilanço İçi Varlıklar,TOPLAM,"6.550.496,32",6550496.32,TL,BDDK Haftalık Bülten
2023-06-02,2023-06-02,2023-06-02,False,2023,6,2,492,Haziran/02 (22. Hafta),297,Yabancı Para Pozisyonu,3,b) Bilanço İçi Yükümlülükler,TOPLAM,"7.071.839,41",7071839.41,TL,BDDK Haftalık Bülten
2023-06-02,2023-06-02,2023-06-02,False,2023,6,2,492,Haziran/02 (22. Hafta),297,Yabancı Para Pozisyonu,4,Bilanço Dışı Yabancı Para Pozisyonu (5-6),TOPLAM,"565.049,88",565049.88,TL,BDDK Haftalık Bülten
2023-06-02,2023-06-02,2023-06-02,False,2023,6,2,492,Haziran/02 (22. Hafta),297,Yabancı Para Pozisyonu,5,a) Bilanço Dışı Varlıklar,TOPLAM,"2.491.436,51",2491436.51,TL,BDDK Haftalık Bülten
2023-06-02,2023-06-02,2023-06-02,False,2023,6,2,492,Haziran/02 (22. Hafta),297,Yabancı Para Pozisyonu,6,b) Bilanço Dışı Yükümlülükler,TOPLAM,"1.926.386,63",1926386.63,TL,BDDK Haftalık Bülten
2023-06-02,2023-06-02,2023-06-02,False,2023,6,2,492,Haziran/02 (22. Hafta),297,Yabancı Para Pozisyonu,7,Yabancı Para Net Genel Pozisyonu (1+4),TOPLAM,"43.706,80",43706.8,TL,BDDK Haftalık Bülten
2023-06-02,2023-06-02,2023-06-02,False,2023,6,2,492,Haziran/02 (22. Hafta),297,Yabancı Para Pozisyonu,8,Yasal Özkaynak,TOPLAM,"1.911.370,73",1911370.73,TL,BDDK Haftalık Bülten
2023-06-02,2023-06-02,2023-06-02,False,2023,6,2,492,Haziran/02 (22. Hafta),297,Yabancı Para Pozisyonu,9,Dövize Endeskli Varlıklar (Bilgi),TOPLAM,"8.403,39",8403.39,TL,BDDK Haftalık Bülten
2023-06-09,2023-06-09,2023-06-09,False,2023,6,9,493,Haziran/09 (23. Hafta),297,Yabancı Para Pozisyonu,1,Bilanço İçi Yabancı Para Pozisyonu (2-3),TOPLAM,"-635.540,54",-635540.54,TL,BDDK Haftalık Bülten
2023-06-09,2023-06-09,2023-06-09,False,2023,6,9,493,Haziran/09 (23. Hafta),297,Yabancı Para Pozisyonu,10,Dövize Endeksli Yükümlülükler (Bilgi),TOPLAM,"3.320,55",3320.55,TL,BDDK Haftalık Bülten
2023-06-09,2023-06-09,2023-06-09,False,2023,6,9,493,Haziran/09 (23. Hafta),297,Yabancı Para Pozisyonu,2,a) Bilanço İçi Varlıklar,TOPLAM,"7.261.993,04",7261993.04,TL,BDDK Haftalık Bülten
2023-06-09,2023-06-09,2023-06-09,False,2023,6,9,493,Haziran/09 (23. Hafta),297,Yabancı Para Pozisyonu,3,b) Bilanço İçi Yükümlülükler,TOPLAM,"7.897.533,59",7897533.59,TL,BDDK Haftalık Bülten
2023-06-09,2023-06-09,2023-06-09,False,2023,6,9,493,Haziran/09 (23. Hafta),297,Yabancı Para Pozisyonu,4,Bilanço Dışı Yabancı Para Pozisyonu (5-6),TOPLAM,"741.508,42",741508.42,TL,BDDK Haftalık Bülten
2023-06-09,2023-06-09,2023-06-09,False,2023,6,9,493,Haziran/09 (23. Hafta),297,Yabancı Para Pozisyonu,5,a) Bilanço Dışı Varlıklar,TOPLAM,"2.865.199,98",2865199.98,TL,BDDK Haftalık Bülten
2023-06-09,2023-06-09,2023-06-09,False,2023,6,9,493,Haziran/09 (23. Hafta),297,Yabancı Para Pozisyonu,6,b) Bilanço Dışı Yükümlülükler,TOPLAM,"2.123.691,56",2123691.56,TL,BDDK Haftalık Bülten
2023-06-09,2023-06-09,2023-06-09,False,2023,6,9,493,Haziran/09 (23. Hafta),297,Yabancı Para Pozisyonu,7,Yabancı Para Net Genel Pozisyonu (1+4),TOPLAM,"105.967,88",105967.88,TL,BDDK Haftalık Bülten
2023-06-09,2023-06-09,2023-06-09,False,2023,6,9,493,Haziran/09 (23. Hafta),297,Yabancı Para Pozisyonu,8,Yasal Özkaynak,TOPLAM,"1.914.544,59",1914544.59,TL,BDDK Haftalık Bülten
2023-06-09,2023-06-09,2023-06-09,False,2023,6,9,493,Haziran/09 (23. Hafta),297,Yabancı Para Pozisyonu,9,Dövize Endeskli Varlıklar (Bilgi),TOPLAM,"9.309,58",9309.58,TL,BDDK Haftalık Bülten
2023-06-16,2023-06-16,2023-06-16,False,2023,6,16,494,Haziran/16 (24. Hafta),297,Yabancı Para Pozisyonu,1,Bilanço İçi Yabancı Para Pozisyonu (2-3),TOPLAM,"-678.744,09",-678744.09,TL,BDDK Haftalık Bülten
2023-06-16,2023-06-16,2023-06-16,False,2023,6,16,494,Haziran/16 (24. Hafta),297,Yabancı Para Pozisyonu,10,Dövize Endeksli Yükümlülükler (Bilgi),TOPLAM,"3.567,27",3567.27,TL,BDDK Haftalık Bülten
2023-06-16,2023-06-16,2023-06-16,False,2023,6,16,494,Haziran/16 (24. Hafta),297,Yabancı Para Pozisyonu,2,a) Bilanço İçi Varlıklar,TOPLAM,"7.352.065,57",7352065.57,TL,BDDK Haftalık Bülten
2023-06-16,2023-06-16,2023-06-16,False,2023,6,16,494,Haziran/16 (24. Hafta),297,Yabancı Para Pozisyonu,3,b) Bilanço İçi Yükümlülükler,TOPLAM,"8.030.809,66",8030809.66,TL,BDDK Haftalık Bülten
2023-06-16,2023-06-16,2023-06-16,False,2023,6,16,494,Haziran/16 (24. Hafta),297,Yabancı Para Pozisyonu,4,Bilanço Dışı Yabancı Para Pozisyonu (5-6),TOPLAM,"779.534,26",779534.26,TL,BDDK Haftalık Bülten
2023-06-16,2023-06-16,2023-06-16,False,2023,6,16,494,Haziran/16 (24. Hafta),297,Yabancı Para Pozisyonu,5,a) Bilanço Dışı Varlıklar,TOPLAM,"2.837.539,17",2837539.17,TL,BDDK Haftalık Bülten
2023-06-16,2023-06-16,2023-06-16,False,2023,6,16,494,Haziran/16 (24. Hafta),297,Yabancı Para Pozisyonu,6,b) Bilanço Dışı Yükümlülükler,TOPLAM,"2.058.004,91",2058004.91,TL,BDDK Haftalık Bülten
2023-06-16,2023-06-16,2023-06-16,False,2023,6,16,494,Haziran/16 (24. Hafta),297,Yabancı Para Pozisyonu,7,Yabancı Para Net Genel Pozisyonu (1+4),TOPLAM,"100.790,17",100790.17,TL,BDDK Haftalık Bülten
2023-06-16,2023-06-16,2023-06-16,False,2023,6,16,494,Haziran/16 (24. Hafta),297,Yabancı Para Pozisyonu,8,Yasal Özkaynak,TOPLAM,"1.927.223,27",1927223.27,TL,BDDK Haftalık Bülten
2023-06-16,2023-06-16,2023-06-16,False,2023,6,16,494,Haziran/16 (24. Hafta),297,Yabancı Para Pozisyonu,9,Dövize Endeskli Varlıklar (Bilgi),TOPLAM,"9.396,82",9396.82,TL,BDDK Haftalık Bülten
2023-06-23,2023-06-23,2023-06-23,False,2023,6,23,495,Haziran/23 (25. Hafta),297,Yabancı Para Pozisyonu,1,Bilanço İçi Yabancı Para Pozisyonu (2-3),TOPLAM,"-706.058,55",-706058.55,TL,BDDK Haftalık Bülten
2023-06-23,2023-06-23,2023-06-23,False,2023,6,23,495,Haziran/23 (25. Hafta),297,Yabancı Para Pozisyonu,10,Dövize Endeksli Yükümlülükler (Bilgi),TOPLAM,"10.880,48",10880.48,TL,BDDK Haftalık Bülten
2023-06-23,2023-06-23,2023-06-23,False,2023,6,23,495,Haziran/23 (25. Hafta),297,Yabancı Para Pozisyonu,2,a) Bilanço İçi Varlıklar,TOPLAM,"7.638.688,73",7638688.73,TL,BDDK Haftalık Bülten
2023-06-23,2023-06-23,2023-06-23,False,2023,6,23,495,Haziran/23 (25. Hafta),297,Yabancı Para Pozisyonu,3,b) Bilanço İçi Yükümlülükler,TOPLAM,"8.344.747,28",8344747.28,TL,BDDK Haftalık Bülten
2023-06-23,2023-06-23,2023-06-23,False,2023,6,23,495,Haziran/23 (25. Hafta),297,Yabancı Para Pozisyonu,4,Bilanço Dışı Yabancı Para Pozisyonu (5-6),TOPLAM,"795.860,50",795860.5,TL,BDDK Haftalık Bülten
2023-06-23,2023-06-23,2023-06-23,False,2023,6,23,495,Haziran/23 (25. Hafta),297,Yabancı Para Pozisyonu,5,a) Bilanço Dışı Varlıklar,TOPLAM,"3.052.139,44",3052139.44,TL,BDDK Haftalık Bülten
2023-06-23,2023-06-23,2023-06-23,False,2023,6,23,495,Haziran/23 (25. Hafta),297,Yabancı Para Pozisyonu,6,b) Bilanço Dışı Yükümlülükler,TOPLAM,"2.256.278,94",2256278.94,TL,BDDK Haftalık Bülten
2023-06-23,2023-06-23,2023-06-23,False,2023,6,23,495,Haziran/23 (25. Hafta),297,Yabancı Para Pozisyonu,7,Yabancı Para Net Genel Pozisyonu (1+4),TOPLAM,"89.801,95",89801.95,TL,BDDK Haftalık Bülten
2023-06-23,2023-06-23,2023-06-23,False,2023,6,23,495,Haziran/23 (25. Hafta),297,Yabancı Para Pozisyonu,8,Yasal Özkaynak,TOPLAM,"1.959.892,38",1959892.38,TL,BDDK Haftalık Bülten
2023-06-23,2023-06-23,2023-06-23,False,2023,6,23,495,Haziran/23 (25. Hafta),297,Yabancı Para Pozisyonu,9,Dövize Endeskli Varlıklar (Bilgi),TOPLAM,"9.898,27",9898.27,TL,BDDK Haftalık Bülten
2023-06-27,2023-06-27,2023-06-27,False,2023,6,27,496,Haziran/27 (26. Hafta),297,Yabancı Para Pozisyonu,1,Bilanço İçi Yabancı Para Pozisyonu (2-3),TOPLAM,"-734.918,83",-734918.83,TL,BDDK Haftalık Bülten
2023-06-27,2023-06-27,2023-06-27,False,2023,6,27,496,Haziran/27 (26. Hafta),297,Yabancı Para Pozisyonu,10,Dövize Endeksli Yükümlülükler (Bilgi),TOPLAM,"11.287,87",11287.87,TL,BDDK Haftalık Bülten
2023-06-27,2023-06-27,2023-06-27,False,2023,6,27,496,Haziran/27 (26. Hafta),297,Yabancı Para Pozisyonu,2,a) Bilanço İçi Varlıklar,TOPLAM,"7.947.229,79",7947229.79,TL,BDDK Haftalık Bülten
2023-06-27,2023-06-27,2023-06-27,False,2023,6,27,496,Haziran/27 (26. Hafta),297,Yabancı Para Pozisyonu,3,b) Bilanço İçi Yükümlülükler,TOPLAM,"8.682.148,63",8682148.63,TL,BDDK Haftalık Bülten
2023-06-27,2023-06-27,2023-06-27,False,2023,6,27,496,Haziran/27 (26. Hafta),297,Yabancı Para Pozisyonu,4,Bilanço Dışı Yabancı Para Pozisyonu (5-6),TOPLAM,"835.130,10",835130.1,TL,BDDK Haftalık Bülten
2023-06-27,2023-06-27,2023-06-27,False,2023,6,27,496,Haziran/27 (26. Hafta),297,Yabancı Para Pozisyonu,5,a) Bilanço Dışı Varlıklar,TOPLAM,"3.000.731,03",3000731.03,TL,BDDK Haftalık Bülten
2023-06-27,2023-06-27,2023-06-27,False,2023,6,27,496,Haziran/27 (26. Hafta),297,Yabancı Para Pozisyonu,6,b) Bilanço Dışı Yükümlülükler,TOPLAM,"2.165.600,93",2165600.93,TL,BDDK Haftalık Bülten
2023-06-27,2023-06-27,2023-06-27,False,2023,6,27,496,Haziran/27 (26. Hafta),297,Yabancı Para Pozisyonu,7,Yabancı Para Net Genel Pozisyonu (1+4),TOPLAM,"100.211,27",100211.27,TL,BDDK Haftalık Bülten
2023-06-27,2023-06-27,2023-06-27,False,2023,6,27,496,Haziran/27 (26. Hafta),297,Yabancı Para Pozisyonu,8,Yasal Özkaynak,TOPLAM,"1.961.741,99",1961741.99,TL,BDDK Haftalık Bülten
2023-06-27,2023-06-27,2023-06-27,False,2023,6,27,496,Haziran/27 (26. Hafta),297,Yabancı Para Pozisyonu,9,Dövize Endeskli Varlıklar (Bilgi),TOPLAM,"10.096,28",10096.28,TL,BDDK Haftalık Bülten
2023-07-07,2023-07-07,2023-07-07,False,2023,7,7,497,Temmuz/07 (27. Hafta),297,Yabancı Para Pozisyonu,1,Bilanço İçi Yabancı Para Pozisyonu (2-3),TOPLAM,"-776.713,50",-776713.5,TL,BDDK Haftalık Bülten
2023-07-07,2023-07-07,2023-07-07,False,2023,7,7,497,Temmuz/07 (27. Hafta),297,Yabancı Para Pozisyonu,10,Dövize Endeksli Yükümlülükler (Bilgi),TOPLAM,"11.439,54",11439.54,TL,BDDK Haftalık Bülten
2023-07-07,2023-07-07,2023-07-07,False,2023,7,7,497,Temmuz/07 (27. Hafta),297,Yabancı Para Pozisyonu,2,a) Bilanço İçi Varlıklar,TOPLAM,"7.885.506,29",7885506.29,TL,BDDK Haftalık Bülten
2023-07-07,2023-07-07,2023-07-07,False,2023,7,7,497,Temmuz/07 (27. Hafta),297,Yabancı Para Pozisyonu,3,b) Bilanço İçi Yükümlülükler,TOPLAM,"8.662.219,79",8662219.79,TL,BDDK Haftalık Bülten
2023-07-07,2023-07-07,2023-07-07,False,2023,7,7,497,Temmuz/07 (27. Hafta),297,Yabancı Para Pozisyonu,4,Bilanço Dışı Yabancı Para Pozisyonu (5-6),TOPLAM,"868.789,09",868789.09,TL,BDDK Haftalık Bülten
2023-07-07,2023-07-07,2023-07-07,False,2023,7,7,497,Temmuz/07 (27. Hafta),297,Yabancı Para Pozisyonu,5,a) Bilanço Dışı Varlıklar,TOPLAM,"3.120.932,61",3120932.61,TL,BDDK Haftalık Bülten
2023-07-07,2023-07-07,2023-07-07,False,2023,7,7,497,Temmuz/07 (27. Hafta),297,Yabancı Para Pozisyonu,6,b) Bilanço Dışı Yükümlülükler,TOPLAM,"2.252.143,52",2252143.52,TL,BDDK Haftalık Bülten
2023-07-07,2023-07-07,2023-07-07,False,2023,7,7,497,Temmuz/07 (27. Hafta),297,Yabancı Para Pozisyonu,7,Yabancı Para Net Genel Pozisyonu (1+4),TOPLAM,"92.075,59",92075.59,TL,BDDK Haftalık Bülten
2023-07-07,2023-07-07,2023-07-07,False,2023,7,7,497,Temmuz/07 (27. Hafta),297,Yabancı Para Pozisyonu,8,Yasal Özkaynak,TOPLAM,"1.962.006,80",1962006.8,TL,BDDK Haftalık Bülten
2023-07-07,2023-07-07,2023-07-07,False,2023,7,7,497,Temmuz/07 (27. Hafta),297,Yabancı Para Pozisyonu,9,Dövize Endeskli Varlıklar (Bilgi),TOPLAM,"10.037,93",10037.93,TL,BDDK Haftalık Bülten
2023-07-14,2023-07-14,2023-07-14,False,2023,7,14,498,Temmuz/14 (28. Hafta),297,Yabancı Para Pozisyonu,1,Bilanço İçi Yabancı Para Pozisyonu (2-3),TOPLAM,"-783.666,20",-783666.2,TL,BDDK Haftalık Bülten
2023-07-14,2023-07-14,2023-07-14,False,2023,7,14,498,Temmuz/14 (28. Hafta),297,Yabancı Para Pozisyonu,10,Dövize Endeksli Yükümlülükler (Bilgi),TOPLAM,"11.713,87",11713.87,TL,BDDK Haftalık Bülten
2023-07-14,2023-07-14,2023-07-14,False,2023,7,14,498,Temmuz/14 (28. Hafta),297,Yabancı Para Pozisyonu,2,a) Bilanço İçi Varlıklar,TOPLAM,"8.023.932,16",8023932.16,TL,BDDK Haftalık Bülten
2023-07-14,2023-07-14,2023-07-14,False,2023,7,14,498,Temmuz/14 (28. Hafta),297,Yabancı Para Pozisyonu,3,b) Bilanço İçi Yükümlülükler,TOPLAM,"8.807.598,37",8807598.37,TL,BDDK Haftalık Bülten
2023-07-14,2023-07-14,2023-07-14,False,2023,7,14,498,Temmuz/14 (28. Hafta),297,Yabancı Para Pozisyonu,4,Bilanço Dışı Yabancı Para Pozisyonu (5-6),TOPLAM,"878.951,67",878951.67,TL,BDDK Haftalık Bülten
2023-07-14,2023-07-14,2023-07-14,False,2023,7,14,498,Temmuz/14 (28. Hafta),297,Yabancı Para Pozisyonu,5,a) Bilanço Dışı Varlıklar,TOPLAM,"3.241.044,14",3241044.14,TL,BDDK Haftalık Bülten
2023-07-14,2023-07-14,2023-07-14,False,2023,7,14,498,Temmuz/14 (28. Hafta),297,Yabancı Para Pozisyonu,6,b) Bilanço Dışı Yükümlülükler,TOPLAM,"2.362.092,47",2362092.47,TL,BDDK Haftalık Bülten
2023-07-14,2023-07-14,2023-07-14,False,2023,7,14,498,Temmuz/14 (28. Hafta),297,Yabancı Para Pozisyonu,7,Yabancı Para Net Genel Pozisyonu (1+4),TOPLAM,"95.285,46",95285.46,TL,BDDK Haftalık Bülten
2023-07-14,2023-07-14,2023-07-14,False,2023,7,14,498,Temmuz/14 (28. Hafta),297,Yabancı Para Pozisyonu,8,Yasal Özkaynak,TOPLAM,"1.983.182,78",1983182.78,TL,BDDK Haftalık Bülten
2023-07-14,2023-07-14,2023-07-14,False,2023,7,14,498,Temmuz/14 (28. Hafta),297,Yabancı Para Pozisyonu,9,Dövize Endeskli Varlıklar (Bilgi),TOPLAM,"10.132,68",10132.68,TL,BDDK Haftalık Bülten
2023-07-21,2023-07-21,2023-07-21,False,2023,7,21,499,Temmuz/21 (29. Hafta),297,Yabancı Para Pozisyonu,1,Bilanço İçi Yabancı Para Pozisyonu (2-3),TOPLAM,"-836.871,07",-836871.07,TL,BDDK Haftalık Bülten
2023-07-21,2023-07-21,2023-07-21,False,2023,7,21,499,Temmuz/21 (29. Hafta),297,Yabancı Para Pozisyonu,10,Dövize Endeksli Yükümlülükler (Bilgi),TOPLAM,"12.090,05",12090.05,TL,BDDK Haftalık Bülten
2023-07-21,2023-07-21,2023-07-21,False,2023,7,21,499,Temmuz/21 (29. Hafta),297,Yabancı Para Pozisyonu,2,a) Bilanço İçi Varlıklar,TOPLAM,"8.221.209,13",8221209.13,TL,BDDK Haftalık Bülten
2023-07-21,2023-07-21,2023-07-21,False,2023,7,21,499,Temmuz/21 (29. Hafta),297,Yabancı Para Pozisyonu,3,b) Bilanço İçi Yükümlülükler,TOPLAM,"9.058.080,20",9058080.2,TL,BDDK Haftalık Bülten
2023-07-21,2023-07-21,2023-07-21,False,2023,7,21,499,Temmuz/21 (29. Hafta),297,Yabancı Para Pozisyonu,4,Bilanço Dışı Yabancı Para Pozisyonu (5-6),TOPLAM,"938.084,66",938084.66,TL,BDDK Haftalık Bülten
2023-07-21,2023-07-21,2023-07-21,False,2023,7,21,499,Temmuz/21 (29. Hafta),297,Yabancı Para Pozisyonu,5,a) Bilanço Dışı Varlıklar,TOPLAM,"3.329.837,02",3329837.02,TL,BDDK Haftalık Bülten
2023-07-21,2023-07-21,2023-07-21,False,2023,7,21,499,Temmuz/21 (29. Hafta),297,Yabancı Para Pozisyonu,6,b) Bilanço Dışı Yükümlülükler,TOPLAM,"2.391.752,36",2391752.36,TL,BDDK Haftalık Bülten
2023-07-21,2023-07-21,2023-07-21,False,2023,7,21,499,Temmuz/21 (29. Hafta),297,Yabancı Para Pozisyonu,7,Yabancı Para Net Genel Pozisyonu (1+4),TOPLAM,"101.213,58",101213.58,TL,BDDK Haftalık Bülten
2023-07-21,2023-07-21,2023-07-21,False,2023,7,21,499,Temmuz/21 (29. Hafta),297,Yabancı Para Pozisyonu,8,Yasal Özkaynak,TOPLAM,"2.065.341,27",2065341.27,TL,BDDK Haftalık Bülten
2023-07-21,2023-07-21,2023-07-21,False,2023,7,21,499,Temmuz/21 (29. Hafta),297,Yabancı Para Pozisyonu,9,Dövize Endeskli Varlıklar (Bilgi),TOPLAM,"10.274,85",10274.85,TL,BDDK Haftalık Bülten
2023-07-28,2023-07-28,2023-07-28,False,2023,7,28,500,Temmuz/28 (30. Hafta),297,Yabancı Para Pozisyonu,1,Bilanço İçi Yabancı Para Pozisyonu (2-3),TOPLAM,"-770.547,91",-770547.91,TL,BDDK Haftalık Bülten
2023-07-28,2023-07-28,2023-07-28,False,2023,7,28,500,Temmuz/28 (30. Hafta),297,Yabancı Para Pozisyonu,10,Dövize Endeksli Yükümlülükler (Bilgi),TOPLAM,"12.000,78",12000.78,TL,BDDK Haftalık Bülten
2023-07-28,2023-07-28,2023-07-28,False,2023,7,28,500,Temmuz/28 (30. Hafta),297,Yabancı Para Pozisyonu,2,a) Bilanço İçi Varlıklar,TOPLAM,"8.303.409,24",8303409.24,TL,BDDK Haftalık Bülten
2023-07-28,2023-07-28,2023-07-28,False,2023,7,28,500,Temmuz/28 (30. Hafta),297,Yabancı Para Pozisyonu,3,b) Bilanço İçi Yükümlülükler,TOPLAM,"9.073.957,15",9073957.15,TL,BDDK Haftalık Bülten
2023-07-28,2023-07-28,2023-07-28,False,2023,7,28,500,Temmuz/28 (30. Hafta),297,Yabancı Para Pozisyonu,4,Bilanço Dışı Yabancı Para Pozisyonu (5-6),TOPLAM,"881.844,10",881844.1,TL,BDDK Haftalık Bülten
2023-07-28,2023-07-28,2023-07-28,False,2023,7,28,500,Temmuz/28 (30. Hafta),297,Yabancı Para Pozisyonu,5,a) Bilanço Dışı Varlıklar,TOPLAM,"3.296.475,81",3296475.81,TL,BDDK Haftalık Bülten
2023-07-28,2023-07-28,2023-07-28,False,2023,7,28,500,Temmuz/28 (30. Hafta),297,Yabancı Para Pozisyonu,6,b) Bilanço Dışı Yükümlülükler,TOPLAM,"2.414.631,71",2414631.71,TL,BDDK Haftalık Bülten
2023-07-28,2023-07-28,2023-07-28,False,2023,7,28,500,Temmuz/28 (30. Hafta),297,Yabancı Para Pozisyonu,7,Yabancı Para Net Genel Pozisyonu (1+4),TOPLAM,"111.296,19",111296.19,TL,BDDK Haftalık Bülten
2023-07-28,2023-07-28,2023-07-28,False,2023,7,28,500,Temmuz/28 (30. Hafta),297,Yabancı Para Pozisyonu,8,Yasal Özkaynak,TOPLAM,"2.111.472,88",2111472.88,TL,BDDK Haftalık Bülten
2023-07-28,2023-07-28,2023-07-28,False,2023,7,28,500,Temmuz/28 (30. Hafta),297,Yabancı Para Pozisyonu,9,Dövize Endeskli Varlıklar (Bilgi),TOPLAM,"10.163,16",10163.16,TL,BDDK Haftalık Bülten
2023-08-04,2023-08-04,2023-08-04,False,2023,8,4,501,Ağustos/04 (31. Hafta),297,Yabancı Para Pozisyonu,1,Bilanço İçi Yabancı Para Pozisyonu (2-3),TOPLAM,"-825.557,35",-825557.35,TL,BDDK Haftalık Bülten
2023-08-04,2023-08-04,2023-08-04,False,2023,8,4,501,Ağustos/04 (31. Hafta),297,Yabancı Para Pozisyonu,10,Dövize Endeksli Yükümlülükler (Bilgi),TOPLAM,"11.889,75",11889.75,TL,BDDK Haftalık Bülten
2023-08-04,2023-08-04,2023-08-04,False,2023,8,4,501,Ağustos/04 (31. Hafta),297,Yabancı Para Pozisyonu,2,a) Bilanço İçi Varlıklar,TOPLAM,"8.201.532,73",8201532.73,TL,BDDK Haftalık Bülten
2023-08-04,2023-08-04,2023-08-04,False,2023,8,4,501,Ağustos/04 (31. Hafta),297,Yabancı Para Pozisyonu,3,b) Bilanço İçi Yükümlülükler,TOPLAM,"9.027.090,08",9027090.08,TL,BDDK Haftalık Bülten
2023-08-04,2023-08-04,2023-08-04,False,2023,8,4,501,Ağustos/04 (31. Hafta),297,Yabancı Para Pozisyonu,4,Bilanço Dışı Yabancı Para Pozisyonu (5-6),TOPLAM,"944.950,91",944950.91,TL,BDDK Haftalık Bülten
2023-08-04,2023-08-04,2023-08-04,False,2023,8,4,501,Ağustos/04 (31. Hafta),297,Yabancı Para Pozisyonu,5,a) Bilanço Dışı Varlıklar,TOPLAM,"3.295.411,59",3295411.59,TL,BDDK Haftalık Bülten
2023-08-04,2023-08-04,2023-08-04,False,2023,8,4,501,Ağustos/04 (31. Hafta),297,Yabancı Para Pozisyonu,6,b) Bilanço Dışı Yükümlülükler,TOPLAM,"2.350.460,68",2350460.68,TL,BDDK Haftalık Bülten
2023-08-04,2023-08-04,2023-08-04,False,2023,8,4,501,Ağustos/04 (31. Hafta),297,Yabancı Para Pozisyonu,7,Yabancı Para Net Genel Pozisyonu (1+4),TOPLAM,"119.393,56",119393.56,TL,BDDK Haftalık Bülten
2023-08-04,2023-08-04,2023-08-04,False,2023,8,4,501,Ağustos/04 (31. Hafta),297,Yabancı Para Pozisyonu,8,Yasal Özkaynak,TOPLAM,"2.111.564,94",2111564.94,TL,BDDK Haftalık Bülten
2023-08-04,2023-08-04,2023-08-04,False,2023,8,4,501,Ağustos/04 (31. Hafta),297,Yabancı Para Pozisyonu,9,Dövize Endeskli Varlıklar (Bilgi),TOPLAM,"10.115,03",10115.03,TL,BDDK Haftalık Bülten
2023-08-11,2023-08-11,2023-08-11,False,2023,8,11,502,Ağustos/11 (32. Hafta),297,Yabancı Para Pozisyonu,1,Bilanço İçi Yabancı Para Pozisyonu (2-3),TOPLAM,"-848.422,85",-848422.85,TL,BDDK Haftalık Bülten
2023-08-11,2023-08-11,2023-08-11,False,2023,8,11,502,Ağustos/11 (32. Hafta),297,Yabancı Para Pozisyonu,10,Dövize Endeksli Yükümlülükler (Bilgi),TOPLAM,"11.794,80",11794.8,TL,BDDK Haftalık Bülten
2023-08-11,2023-08-11,2023-08-11,False,2023,8,11,502,Ağustos/11 (32. Hafta),297,Yabancı Para Pozisyonu,2,a) Bilanço İçi Varlıklar,TOPLAM,"8.248.565,43",8248565.43,TL,BDDK Haftalık Bülten
2023-08-11,2023-08-11,2023-08-11,False,2023,8,11,502,Ağustos/11 (32. Hafta),297,Yabancı Para Pozisyonu,3,b) Bilanço İçi Yükümlülükler,TOPLAM,"9.096.988,28",9096988.28,TL,BDDK Haftalık Bülten
2023-08-11,2023-08-11,2023-08-11,False,2023,8,11,502,Ağustos/11 (32. Hafta),297,Yabancı Para Pozisyonu,4,Bilanço Dışı Yabancı Para Pozisyonu (5-6),TOPLAM,"978.079,76",978079.76,TL,BDDK Haftalık Bülten
2023-08-11,2023-08-11,2023-08-11,False,2023,8,11,502,Ağustos/11 (32. Hafta),297,Yabancı Para Pozisyonu,5,a) Bilanço Dışı Varlıklar,TOPLAM,"3.313.729,49",3313729.49,TL,BDDK Haftalık Bülten
2023-08-11,2023-08-11,2023-08-11,False,2023,8,11,502,Ağustos/11 (32. Hafta),297,Yabancı Para Pozisyonu,6,b) Bilanço Dışı Yükümlülükler,TOPLAM,"2.335.649,73",2335649.73,TL,BDDK Haftalık Bülten
2023-08-11,2023-08-11,2023-08-11,False,2023,8,11,502,Ağustos/11 (32. Hafta),297,Yabancı Para Pozisyonu,7,Yabancı Para Net Genel Pozisyonu (1+4),TOPLAM,"129.656,91",129656.91,TL,BDDK Haftalık Bülten
2023-08-11,2023-08-11,2023-08-11,False,2023,8,11,502,Ağustos/11 (32. Hafta),297,Yabancı Para Pozisyonu,8,Yasal Özkaynak,TOPLAM,"2.114.615,54",2114615.54,TL,BDDK Haftalık Bülten
2023-08-11,2023-08-11,2023-08-11,False,2023,8,11,502,Ağustos/11 (32. Hafta),297,Yabancı Para Pozisyonu,9,Dövize Endeskli Varlıklar (Bilgi),TOPLAM,"10.080,61",10080.61,TL,BDDK Haftalık Bülten
2023-08-18,2023-08-18,2023-08-18,False,2023,8,18,503,Ağustos/18 (33. Hafta),297,Yabancı Para Pozisyonu,1,Bilanço İçi Yabancı Para Pozisyonu (2-3),TOPLAM,"-903.333,68",-903333.68,TL,BDDK Haftalık Bülten
2023-08-18,2023-08-18,2023-08-18,False,2023,8,18,503,Ağustos/18 (33. Hafta),297,Yabancı Para Pozisyonu,10,Dövize Endeksli Yükümlülükler (Bilgi),TOPLAM,"11.417,31",11417.31,TL,BDDK Haftalık Bülten
2023-08-18,2023-08-18,2023-08-18,False,2023,8,18,503,Ağustos/18 (33. Hafta),297,Yabancı Para Pozisyonu,2,a) Bilanço İçi Varlıklar,TOPLAM,"8.267.723,37",8267723.37,TL,BDDK Haftalık Bülten
2023-08-18,2023-08-18,2023-08-18,False,2023,8,18,503,Ağustos/18 (33. Hafta),297,Yabancı Para Pozisyonu,3,b) Bilanço İçi Yükümlülükler,TOPLAM,"9.171.057,05",9171057.05,TL,BDDK Haftalık Bülten
2023-08-18,2023-08-18,2023-08-18,False,2023,8,18,503,Ağustos/18 (33. Hafta),297,Yabancı Para Pozisyonu,4,Bilanço Dışı Yabancı Para Pozisyonu (5-6),TOPLAM,"1.027.110,75",1027110.75,TL,BDDK Haftalık Bülten
2023-08-18,2023-08-18,2023-08-18,False,2023,8,18,503,Ağustos/18 (33. Hafta),297,Yabancı Para Pozisyonu,5,a) Bilanço Dışı Varlıklar,TOPLAM,"3.303.237,72",3303237.72,TL,BDDK Haftalık Bülten
2023-08-18,2023-08-18,2023-08-18,False,2023,8,18,503,Ağustos/18 (33. Hafta),297,Yabancı Para Pozisyonu,6,b) Bilanço Dışı Yükümlülükler,TOPLAM,"2.276.126,97",2276126.97,TL,BDDK Haftalık Bülten
2023-08-18,2023-08-18,2023-08-18,False,2023,8,18,503,Ağustos/18 (33. Hafta),297,Yabancı Para Pozisyonu,7,Yabancı Para Net Genel Pozisyonu (1+4),TOPLAM,"123.777,07",123777.07,TL,BDDK Haftalık Bülten
2023-08-18,2023-08-18,2023-08-18,False,2023,8,18,503,Ağustos/18 (33. Hafta),297,Yabancı Para Pozisyonu,8,Yasal Özkaynak,TOPLAM,"2.173.967,71",2173967.71,TL,BDDK Haftalık Bülten
2023-08-18,2023-08-18,2023-08-18,False,2023,8,18,503,Ağustos/18 (33. Hafta),297,Yabancı Para Pozisyonu,9,Dövize Endeskli Varlıklar (Bilgi),TOPLAM,"9.735,57",9735.57,TL,BDDK Haftalık Bülten
2023-08-25,2023-08-25,2023-08-25,False,2023,8,25,504,Ağustos/25 (34. Hafta),297,Yabancı Para Pozisyonu,1,Bilanço İçi Yabancı Para Pozisyonu (2-3),TOPLAM,"-989.840,76",-989840.76,TL,BDDK Haftalık Bülten
2023-08-25,2023-08-25,2023-08-25,False,2023,8,25,504,Ağustos/25 (34. Hafta),297,Yabancı Para Pozisyonu,10,Dövize Endeksli Yükümlülükler (Bilgi),TOPLAM,"10.773,39",10773.39,TL,BDDK Haftalık Bülten
2023-08-25,2023-08-25,2023-08-25,False,2023,8,25,504,Ağustos/25 (34. Hafta),297,Yabancı Para Pozisyonu,2,a) Bilanço İçi Varlıklar,TOPLAM,"8.139.691,94",8139691.94,TL,BDDK Haftalık Bülten
2023-08-25,2023-08-25,2023-08-25,False,2023,8,25,504,Ağustos/25 (34. Hafta),297,Yabancı Para Pozisyonu,3,b) Bilanço İçi Yükümlülükler,TOPLAM,"9.129.532,70",9129532.7,TL,BDDK Haftalık Bülten
2023-08-25,2023-08-25,2023-08-25,False,2023,8,25,504,Ağustos/25 (34. Hafta),297,Yabancı Para Pozisyonu,4,Bilanço Dışı Yabancı Para Pozisyonu (5-6),TOPLAM,"1.111.006,39",1111006.39,TL,BDDK Haftalık Bülten
2023-08-25,2023-08-25,2023-08-25,False,2023,8,25,504,Ağustos/25 (34. Hafta),297,Yabancı Para Pozisyonu,5,a) Bilanço Dışı Varlıklar,TOPLAM,"3.298.590,17",3298590.17,TL,BDDK Haftalık Bülten
2023-08-25,2023-08-25,2023-08-25,False,2023,8,25,504,Ağustos/25 (34. Hafta),297,Yabancı Para Pozisyonu,6,b) Bilanço Dışı Yükümlülükler,TOPLAM,"2.187.583,78",2187583.78,TL,BDDK Haftalık Bülten
2023-08-25,2023-08-25,2023-08-25,False,2023,8,25,504,Ağustos/25 (34. Hafta),297,Yabancı Para Pozisyonu,7,Yabancı Para Net Genel Pozisyonu (1+4),TOPLAM,"121.165,63",121165.63,TL,BDDK Haftalık Bülten
2023-08-25,2023-08-25,2023-08-25,False,2023,8,25,504,Ağustos/25 (34. Hafta),297,Yabancı Para Pozisyonu,8,Yasal Özkaynak,TOPLAM,"2.243.289,50",2243289.5,TL,BDDK Haftalık Bülten
2023-08-25,2023-08-25,2023-08-25,False,2023,8,25,504,Ağustos/25 (34. Hafta),297,Yabancı Para Pozisyonu,9,Dövize Endeskli Varlıklar (Bilgi),TOPLAM,"9.319,81",9319.81,TL,BDDK Haftalık Bülten
2023-09-01,2023-09-01,2023-09-01,False,2023,9,1,505,Eylül/01 (35. Hafta),297,Yabancı Para Pozisyonu,1,Bilanço İçi Yabancı Para Pozisyonu (2-3),TOPLAM,"-1.010.393,84",-1010393.84,TL,BDDK Haftalık Bülten
2023-09-01,2023-09-01,2023-09-01,False,2023,9,1,505,Eylül/01 (35. Hafta),297,Yabancı Para Pozisyonu,10,Dövize Endeksli Yükümlülükler (Bilgi),TOPLAM,"10.371,83",10371.83,TL,BDDK Haftalık Bülten
2023-09-01,2023-09-01,2023-09-01,False,2023,9,1,505,Eylül/01 (35. Hafta),297,Yabancı Para Pozisyonu,2,a) Bilanço İçi Varlıklar,TOPLAM,"8.182.554,34",8182554.34,TL,BDDK Haftalık Bülten
2023-09-01,2023-09-01,2023-09-01,False,2023,9,1,505,Eylül/01 (35. Hafta),297,Yabancı Para Pozisyonu,3,b) Bilanço İçi Yükümlülükler,TOPLAM,"9.192.948,18",9192948.18,TL,BDDK Haftalık Bülten
2023-09-01,2023-09-01,2023-09-01,False,2023,9,1,505,Eylül/01 (35. Hafta),297,Yabancı Para Pozisyonu,4,Bilanço Dışı Yabancı Para Pozisyonu (5-6),TOPLAM,"1.145.404,99",1145404.99,TL,BDDK Haftalık Bülten
2023-09-01,2023-09-01,2023-09-01,False,2023,9,1,505,Eylül/01 (35. Hafta),297,Yabancı Para Pozisyonu,5,a) Bilanço Dışı Varlıklar,TOPLAM,"3.326.905,38",3326905.38,TL,BDDK Haftalık Bülten
2023-09-01,2023-09-01,2023-09-01,False,2023,9,1,505,Eylül/01 (35. Hafta),297,Yabancı Para Pozisyonu,6,b) Bilanço Dışı Yükümlülükler,TOPLAM,"2.181.500,39",2181500.39,TL,BDDK Haftalık Bülten
2023-09-01,2023-09-01,2023-09-01,False,2023,9,1,505,Eylül/01 (35. Hafta),297,Yabancı Para Pozisyonu,7,Yabancı Para Net Genel Pozisyonu (1+4),TOPLAM,"135.011,15",135011.15,TL,BDDK Haftalık Bülten
2023-09-01,2023-09-01,2023-09-01,False,2023,9,1,505,Eylül/01 (35. Hafta),297,Yabancı Para Pozisyonu,8,Yasal Özkaynak,TOPLAM,"2.244.380,46",2244380.46,TL,BDDK Haftalık Bülten
2023-09-01,2023-09-01,2023-09-01,False,2023,9,1,505,Eylül/01 (35. Hafta),297,Yabancı Para Pozisyonu,9,Dövize Endeskli Varlıklar (Bilgi),TOPLAM,"9.390,29",9390.29,TL,BDDK Haftalık Bülten
2023-09-08,2023-09-08,2023-09-08,False,2023,9,8,506,Eylül/08 (36. Hafta),297,Yabancı Para Pozisyonu,1,Bilanço İçi Yabancı Para Pozisyonu (2-3),TOPLAM,"-993.501,79",-993501.79,TL,BDDK Haftalık Bülten
2023-09-08,2023-09-08,2023-09-08,False,2023,9,8,506,Eylül/08 (36. Hafta),297,Yabancı Para Pozisyonu,10,Dövize Endeksli Yükümlülükler (Bilgi),TOPLAM,"10.168,68",10168.68,TL,BDDK Haftalık Bülten
2023-09-08,2023-09-08,2023-09-08,False,2023,9,8,506,Eylül/08 (36. Hafta),297,Yabancı Para Pozisyonu,2,a) Bilanço İçi Varlıklar,TOPLAM,"8.229.177,65",8229177.65,TL,BDDK Haftalık Bülten
2023-09-08,2023-09-08,2023-09-08,False,2023,9,8,506,Eylül/08 (36. Hafta),297,Yabancı Para Pozisyonu,3,b) Bilanço İçi Yükümlülükler,TOPLAM,"9.222.679,44",9222679.44,TL,BDDK Haftalık Bülten
2023-09-08,2023-09-08,2023-09-08,False,2023,9,8,506,Eylül/08 (36. Hafta),297,Yabancı Para Pozisyonu,4,Bilanço Dışı Yabancı Para Pozisyonu (5-6),TOPLAM,"1.124.841,98",1124841.98,TL,BDDK Haftalık Bülten
2023-09-08,2023-09-08,2023-09-08,False,2023,9,8,506,Eylül/08 (36. Hafta),297,Yabancı Para Pozisyonu,5,a) Bilanço Dışı Varlıklar,TOPLAM,"3.365.128,80",3365128.8,TL,BDDK Haftalık Bülten
2023-09-08,2023-09-08,2023-09-08,False,2023,9,8,506,Eylül/08 (36. Hafta),297,Yabancı Para Pozisyonu,6,b) Bilanço Dışı Yükümlülükler,TOPLAM,"2.240.286,81",2240286.81,TL,BDDK Haftalık Bülten
2023-09-08,2023-09-08,2023-09-08,False,2023,9,8,506,Eylül/08 (36. Hafta),297,Yabancı Para Pozisyonu,7,Yabancı Para Net Genel Pozisyonu (1+4),TOPLAM,"131.340,20",131340.2,TL,BDDK Haftalık Bülten
2023-09-08,2023-09-08,2023-09-08,False,2023,9,8,506,Eylül/08 (36. Hafta),297,Yabancı Para Pozisyonu,8,Yasal Özkaynak,TOPLAM,"2.245.362,16",2245362.16,TL,BDDK Haftalık Bülten
2023-09-08,2023-09-08,2023-09-08,False,2023,9,8,506,Eylül/08 (36. Hafta),297,Yabancı Para Pozisyonu,9,Dövize Endeskli Varlıklar (Bilgi),TOPLAM,"9.299,81",9299.81,TL,BDDK Haftalık Bülten
2023-09-15,2023-09-15,2023-09-15,False,2023,9,15,507,Eylül/15 (37. Hafta),297,Yabancı Para Pozisyonu,1,Bilanço İçi Yabancı Para Pozisyonu (2-3),TOPLAM,"-1.022.365,35",-1022365.35,TL,BDDK Haftalık Bülten
2023-09-15,2023-09-15,2023-09-15,False,2023,9,15,507,Eylül/15 (37. Hafta),297,Yabancı Para Pozisyonu,10,Dövize Endeksli Yükümlülükler (Bilgi),TOPLAM,"9.978,84",9978.84,TL,BDDK Haftalık Bülten
2023-09-15,2023-09-15,2023-09-15,False,2023,9,15,507,Eylül/15 (37. Hafta),297,Yabancı Para Pozisyonu,2,a) Bilanço İçi Varlıklar,TOPLAM,"8.231.871,33",8231871.33,TL,BDDK Haftalık Bülten
2023-09-15,2023-09-15,2023-09-15,False,2023,9,15,507,Eylül/15 (37. Hafta),297,Yabancı Para Pozisyonu,3,b) Bilanço İçi Yükümlülükler,TOPLAM,"9.254.236,68",9254236.68,TL,BDDK Haftalık Bülten
2023-09-15,2023-09-15,2023-09-15,False,2023,9,15,507,Eylül/15 (37. Hafta),297,Yabancı Para Pozisyonu,4,Bilanço Dışı Yabancı Para Pozisyonu (5-6),TOPLAM,"1.150.473,26",1150473.26,TL,BDDK Haftalık Bülten
2023-09-15,2023-09-15,2023-09-15,False,2023,9,15,507,Eylül/15 (37. Hafta),297,Yabancı Para Pozisyonu,5,a) Bilanço Dışı Varlıklar,TOPLAM,"3.417.565,50",3417565.5,TL,BDDK Haftalık Bülten
2023-09-15,2023-09-15,2023-09-15,False,2023,9,15,507,Eylül/15 (37. Hafta),297,Yabancı Para Pozisyonu,6,b) Bilanço Dışı Yükümlülükler,TOPLAM,"2.267.092,25",2267092.25,TL,BDDK Haftalık Bülten
2023-09-15,2023-09-15,2023-09-15,False,2023,9,15,507,Eylül/15 (37. Hafta),297,Yabancı Para Pozisyonu,7,Yabancı Para Net Genel Pozisyonu (1+4),TOPLAM,"128.107,91",128107.91,TL,BDDK Haftalık Bülten
2023-09-15,2023-09-15,2023-09-15,False,2023,9,15,507,Eylül/15 (37. Hafta),297,Yabancı Para Pozisyonu,8,Yasal Özkaynak,TOPLAM,"2.250.201,74",2250201.74,TL,BDDK Haftalık Bülten
2023-09-15,2023-09-15,2023-09-15,False,2023,9,15,507,Eylül/15 (37. Hafta),297,Yabancı Para Pozisyonu,9,Dövize Endeskli Varlıklar (Bilgi),TOPLAM,"9.124,85",9124.85,TL,BDDK Haftalık Bülten
2023-09-22,2023-09-22,2023-09-22,False,2023,9,22,508,Eylül/22 (38. Hafta),297,Yabancı Para Pozisyonu,1,Bilanço İçi Yabancı Para Pozisyonu (2-3),TOPLAM,"-1.135.755,69",-1135755.69,TL,BDDK Haftalık Bülten
2023-09-22,2023-09-22,2023-09-22,False,2023,9,22,508,Eylül/22 (38. Hafta),297,Yabancı Para Pozisyonu,10,Dövize Endeksli Yükümlülükler (Bilgi),TOPLAM,"10.033,16",10033.16,TL,BDDK Haftalık Bülten
2023-09-22,2023-09-22,2023-09-22,False,2023,9,22,508,Eylül/22 (38. Hafta),297,Yabancı Para Pozisyonu,2,a) Bilanço İçi Varlıklar,TOPLAM,"8.186.205,14",8186205.14,TL,BDDK Haftalık Bülten
2023-09-22,2023-09-22,2023-09-22,False,2023,9,22,508,Eylül/22 (38. Hafta),297,Yabancı Para Pozisyonu,3,b) Bilanço İçi Yükümlülükler,TOPLAM,"9.321.960,83",9321960.83,TL,BDDK Haftalık Bülten
2023-09-22,2023-09-22,2023-09-22,False,2023,9,22,508,Eylül/22 (38. Hafta),297,Yabancı Para Pozisyonu,4,Bilanço Dışı Yabancı Para Pozisyonu (5-6),TOPLAM,"1.266.048,93",1266048.93,TL,BDDK Haftalık Bülten
2023-09-22,2023-09-22,2023-09-22,False,2023,9,22,508,Eylül/22 (38. Hafta),297,Yabancı Para Pozisyonu,5,a) Bilanço Dışı Varlıklar,TOPLAM,"3.592.222,99",3592222.99,TL,BDDK Haftalık Bülten
2023-09-22,2023-09-22,2023-09-22,False,2023,9,22,508,Eylül/22 (38. Hafta),297,Yabancı Para Pozisyonu,6,b) Bilanço Dışı Yükümlülükler,TOPLAM,"2.326.174,07",2326174.07,TL,BDDK Haftalık Bülten
2023-09-22,2023-09-22,2023-09-22,False,2023,9,22,508,Eylül/22 (38. Hafta),297,Yabancı Para Pozisyonu,7,Yabancı Para Net Genel Pozisyonu (1+4),TOPLAM,"130.293,24",130293.24,TL,BDDK Haftalık Bülten
2023-09-22,2023-09-22,2023-09-22,False,2023,9,22,508,Eylül/22 (38. Hafta),297,Yabancı Para Pozisyonu,8,Yasal Özkaynak,TOPLAM,"2.299.548,25",2299548.25,TL,BDDK Haftalık Bülten
2023-09-22,2023-09-22,2023-09-22,False,2023,9,22,508,Eylül/22 (38. Hafta),297,Yabancı Para Pozisyonu,9,Dövize Endeskli Varlıklar (Bilgi),TOPLAM,"9.133,29",9133.29,TL,BDDK Haftalık Bülten
2023-09-29,2023-09-29,2023-09-29,False,2023,9,29,509,Eylül/29 (39. Hafta),297,Yabancı Para Pozisyonu,1,Bilanço İçi Yabancı Para Pozisyonu (2-3),TOPLAM,"-1.017.593,53",-1017593.53,TL,BDDK Haftalık Bülten
2023-09-29,2023-09-29,2023-09-29,False,2023,9,29,509,Eylül/29 (39. Hafta),297,Yabancı Para Pozisyonu,10,Dövize Endeksli Yükümlülükler (Bilgi),TOPLAM,"10.147,47",10147.47,TL,BDDK Haftalık Bülten
2023-09-29,2023-09-29,2023-09-29,False,2023,9,29,509,Eylül/29 (39. Hafta),297,Yabancı Para Pozisyonu,2,a) Bilanço İçi Varlıklar,TOPLAM,"8.267.810,08",8267810.08,TL,BDDK Haftalık Bülten
2023-09-29,2023-09-29,2023-09-29,False,2023,9,29,509,Eylül/29 (39. Hafta),297,Yabancı Para Pozisyonu,3,b) Bilanço İçi Yükümlülükler,TOPLAM,"9.285.403,61",9285403.61,TL,BDDK Haftalık Bülten
2023-09-29,2023-09-29,2023-09-29,False,2023,9,29,509,Eylül/29 (39. Hafta),297,Yabancı Para Pozisyonu,4,Bilanço Dışı Yabancı Para Pozisyonu (5-6),TOPLAM,"1.145.952,57",1145952.57,TL,BDDK Haftalık Bülten
2023-09-29,2023-09-29,2023-09-29,False,2023,9,29,509,Eylül/29 (39. Hafta),297,Yabancı Para Pozisyonu,5,a) Bilanço Dışı Varlıklar,TOPLAM,"3.474.750,21",3474750.21,TL,BDDK Haftalık Bülten
2023-09-29,2023-09-29,2023-09-29,False,2023,9,29,509,Eylül/29 (39. Hafta),297,Yabancı Para Pozisyonu,6,b) Bilanço Dışı Yükümlülükler,TOPLAM,"2.328.797,64",2328797.64,TL,BDDK Haftalık Bülten
2023-09-29,2023-09-29,2023-09-29,False,2023,9,29,509,Eylül/29 (39. Hafta),297,Yabancı Para Pozisyonu,7,Yabancı Para Net Genel Pozisyonu (1+4),TOPLAM,"128.359,05",128359.05,TL,BDDK Haftalık Bülten
2023-09-29,2023-09-29,2023-09-29,False,2023,9,29,509,Eylül/29 (39. Hafta),297,Yabancı Para Pozisyonu,8,Yasal Özkaynak,TOPLAM,"2.304.530,84",2304530.84,TL,BDDK Haftalık Bülten
2023-09-29,2023-09-29,2023-09-29,False,2023,9,29,509,Eylül/29 (39. Hafta),297,Yabancı Para Pozisyonu,9,Dövize Endeskli Varlıklar (Bilgi),TOPLAM,"8.978,19",8978.19,TL,BDDK Haftalık Bülten
2023-10-06,2023-10-06,2023-10-06,False,2023,10,6,510,Ekim/06 (40. Hafta),297,Yabancı Para Pozisyonu,1,Bilanço İçi Yabancı Para Pozisyonu (2-3),TOPLAM,"-1.021.972,96",-1021972.96,TL,BDDK Haftalık Bülten
2023-10-06,2023-10-06,2023-10-06,False,2023,10,6,510,Ekim/06 (40. Hafta),297,Yabancı Para Pozisyonu,10,Dövize Endeksli Yükümlülükler (Bilgi),TOPLAM,"10.044,53",10044.53,TL,BDDK Haftalık Bülten
2023-10-06,2023-10-06,2023-10-06,False,2023,10,6,510,Ekim/06 (40. Hafta),297,Yabancı Para Pozisyonu,2,a) Bilanço İçi Varlıklar,TOPLAM,"8.309.898,48",8309898.48,TL,BDDK Haftalık Bülten
2023-10-06,2023-10-06,2023-10-06,False,2023,10,6,510,Ekim/06 (40. Hafta),297,Yabancı Para Pozisyonu,3,b) Bilanço İçi Yükümlülükler,TOPLAM,"9.331.871,44",9331871.44,TL,BDDK Haftalık Bülten
2023-10-06,2023-10-06,2023-10-06,False,2023,10,6,510,Ekim/06 (40. Hafta),297,Yabancı Para Pozisyonu,4,Bilanço Dışı Yabancı Para Pozisyonu (5-6),TOPLAM,"1.152.734,06",1152734.06,TL,BDDK Haftalık Bülten
2023-10-06,2023-10-06,2023-10-06,False,2023,10,6,510,Ekim/06 (40. Hafta),297,Yabancı Para Pozisyonu,5,a) Bilanço Dışı Varlıklar,TOPLAM,"3.433.052,14",3433052.14,TL,BDDK Haftalık Bülten
2023-10-06,2023-10-06,2023-10-06,False,2023,10,6,510,Ekim/06 (40. Hafta),297,Yabancı Para Pozisyonu,6,b) Bilanço Dışı Yükümlülükler,TOPLAM,"2.280.318,08",2280318.08,TL,BDDK Haftalık Bülten
2023-10-06,2023-10-06,2023-10-06,False,2023,10,6,510,Ekim/06 (40. Hafta),297,Yabancı Para Pozisyonu,7,Yabancı Para Net Genel Pozisyonu (1+4),TOPLAM,"130.761,10",130761.1,TL,BDDK Haftalık Bülten
2023-10-06,2023-10-06,2023-10-06,False,2023,10,6,510,Ekim/06 (40. Hafta),297,Yabancı Para Pozisyonu,8,Yasal Özkaynak,TOPLAM,"2.305.077,97",2305077.97,TL,BDDK Haftalık Bülten
2023-10-06,2023-10-06,2023-10-06,False,2023,10,6,510,Ekim/06 (40. Hafta),297,Yabancı Para Pozisyonu,9,Dövize Endeskli Varlıklar (Bilgi),TOPLAM,"8.938,01",8938.01,TL,BDDK Haftalık Bülten
2023-10-13,2023-10-13,2023-10-13,False,2023,10,13,511,Ekim/13 (41. Hafta),297,Yabancı Para Pozisyonu,1,Bilanço İçi Yabancı Para Pozisyonu (2-3),TOPLAM,"-1.069.392,28",-1069392.28,TL,BDDK Haftalık Bülten
2023-10-13,2023-10-13,2023-10-13,False,2023,10,13,511,Ekim/13 (41. Hafta),297,Yabancı Para Pozisyonu,10,Dövize Endeksli Yükümlülükler (Bilgi),TOPLAM,"12.132,98",12132.98,TL,BDDK Haftalık Bülten
2023-10-13,2023-10-13,2023-10-13,False,2023,10,13,511,Ekim/13 (41. Hafta),297,Yabancı Para Pozisyonu,2,a) Bilanço İçi Varlıklar,TOPLAM,"8.378.765,66",8378765.66,TL,BDDK Haftalık Bülten
2023-10-13,2023-10-13,2023-10-13,False,2023,10,13,511,Ekim/13 (41. Hafta),297,Yabancı Para Pozisyonu,3,b) Bilanço İçi Yükümlülükler,TOPLAM,"9.448.157,94",9448157.94,TL,BDDK Haftalık Bülten
2023-10-13,2023-10-13,2023-10-13,False,2023,10,13,511,Ekim/13 (41. Hafta),297,Yabancı Para Pozisyonu,4,Bilanço Dışı Yabancı Para Pozisyonu (5-6),TOPLAM,"1.201.943,13",1201943.13,TL,BDDK Haftalık Bülten
2023-10-13,2023-10-13,2023-10-13,False,2023,10,13,511,Ekim/13 (41. Hafta),297,Yabancı Para Pozisyonu,5,a) Bilanço Dışı Varlıklar,TOPLAM,"3.506.696,46",3506696.46,TL,BDDK Haftalık Bülten
2023-10-13,2023-10-13,2023-10-13,False,2023,10,13,511,Ekim/13 (41. Hafta),297,Yabancı Para Pozisyonu,6,b) Bilanço Dışı Yükümlülükler,TOPLAM,"2.304.753,33",2304753.33,TL,BDDK Haftalık Bülten
2023-10-13,2023-10-13,2023-10-13,False,2023,10,13,511,Ekim/13 (41. Hafta),297,Yabancı Para Pozisyonu,7,Yabancı Para Net Genel Pozisyonu (1+4),TOPLAM,"132.550,85",132550.85,TL,BDDK Haftalık Bülten
2023-10-13,2023-10-13,2023-10-13,False,2023,10,13,511,Ekim/13 (41. Hafta),297,Yabancı Para Pozisyonu,8,Yasal Özkaynak,TOPLAM,"2.330.234,45",2330234.45,TL,BDDK Haftalık Bülten
2023-10-13,2023-10-13,2023-10-13,False,2023,10,13,511,Ekim/13 (41. Hafta),297,Yabancı Para Pozisyonu,9,Dövize Endeskli Varlıklar (Bilgi),TOPLAM,"8.877,97",8877.97,TL,BDDK Haftalık Bülten
2023-10-20,2023-10-20,2023-10-20,False,2023,10,20,512,Ekim/20 (42. Hafta),297,Yabancı Para Pozisyonu,1,Bilanço İçi Yabancı Para Pozisyonu (2-3),TOPLAM,"-1.108.240,68",-1108240.68,TL,BDDK Haftalık Bülten
2023-10-20,2023-10-20,2023-10-20,False,2023,10,20,512,Ekim/20 (42. Hafta),297,Yabancı Para Pozisyonu,10,Dövize Endeksli Yükümlülükler (Bilgi),TOPLAM,"12.440,62",12440.62,TL,BDDK Haftalık Bülten
2023-10-20,2023-10-20,2023-10-20,False,2023,10,20,512,Ekim/20 (42. Hafta),297,Yabancı Para Pozisyonu,2,a) Bilanço İçi Varlıklar,TOPLAM,"8.509.156,30",8509156.3,TL,BDDK Haftalık Bülten
2023-10-20,2023-10-20,2023-10-20,False,2023,10,20,512,Ekim/20 (42. Hafta),297,Yabancı Para Pozisyonu,3,b) Bilanço İçi Yükümlülükler,TOPLAM,"9.617.396,98",9617396.98,TL,BDDK Haftalık Bülten
2023-10-20,2023-10-20,2023-10-20,False,2023,10,20,512,Ekim/20 (42. Hafta),297,Yabancı Para Pozisyonu,4,Bilanço Dışı Yabancı Para Pozisyonu (5-6),TOPLAM,"1.227.528,27",1227528.27,TL,BDDK Haftalık Bülten
2023-10-20,2023-10-20,2023-10-20,False,2023,10,20,512,Ekim/20 (42. Hafta),297,Yabancı Para Pozisyonu,5,a) Bilanço Dışı Varlıklar,TOPLAM,"3.629.124,43",3629124.43,TL,BDDK Haftalık Bülten
2023-10-20,2023-10-20,2023-10-20,False,2023,10,20,512,Ekim/20 (42. Hafta),297,Yabancı Para Pozisyonu,6,b) Bilanço Dışı Yükümlülükler,TOPLAM,"2.401.596,16",2401596.16,TL,BDDK Haftalık Bülten
2023-10-20,2023-10-20,2023-10-20,False,2023,10,20,512,Ekim/20 (42. Hafta),297,Yabancı Para Pozisyonu,7,Yabancı Para Net Genel Pozisyonu (1+4),TOPLAM,"119.287,59",119287.59,TL,BDDK Haftalık Bülten
2023-10-20,2023-10-20,2023-10-20,False,2023,10,20,512,Ekim/20 (42. Hafta),297,Yabancı Para Pozisyonu,8,Yasal Özkaynak,TOPLAM,"2.347.517,69",2347517.69,TL,BDDK Haftalık Bülten
2023-10-20,2023-10-20,2023-10-20,False,2023,10,20,512,Ekim/20 (42. Hafta),297,Yabancı Para Pozisyonu,9,Dövize Endeskli Varlıklar (Bilgi),TOPLAM,"8.931,98",8931.98,TL,BDDK Haftalık Bülten
2023-10-27,2023-10-27,2023-10-27,False,2023,10,27,513,Ekim/27 (43. Hafta),297,Yabancı Para Pozisyonu,1,Bilanço İçi Yabancı Para Pozisyonu (2-3),TOPLAM,"-1.184.871,84",-1184871.84,TL,BDDK Haftalık Bülten
2023-10-27,2023-10-27,2023-10-27,False,2023,10,27,513,Ekim/27 (43. Hafta),297,Yabancı Para Pozisyonu,10,Dövize Endeksli Yükümlülükler (Bilgi),TOPLAM,"12.901,26",12901.26,TL,BDDK Haftalık Bülten
2023-10-27,2023-10-27,2023-10-27,False,2023,10,27,513,Ekim/27 (43. Hafta),297,Yabancı Para Pozisyonu,2,a) Bilanço İçi Varlıklar,TOPLAM,"8.507.310,34",8507310.34,TL,BDDK Haftalık Bülten
2023-10-27,2023-10-27,2023-10-27,False,2023,10,27,513,Ekim/27 (43. Hafta),297,Yabancı Para Pozisyonu,3,b) Bilanço İçi Yükümlülükler,TOPLAM,"9.692.182,18",9692182.18,TL,BDDK Haftalık Bülten
2023-10-27,2023-10-27,2023-10-27,False,2023,10,27,513,Ekim/27 (43. Hafta),297,Yabancı Para Pozisyonu,4,Bilanço Dışı Yabancı Para Pozisyonu (5-6),TOPLAM,"1.311.680,40",1311680.4,TL,BDDK Haftalık Bülten
2023-10-27,2023-10-27,2023-10-27,False,2023,10,27,513,Ekim/27 (43. Hafta),297,Yabancı Para Pozisyonu,5,a) Bilanço Dışı Varlıklar,TOPLAM,"3.696.229,36",3696229.36,TL,BDDK Haftalık Bülten
2023-10-27,2023-10-27,2023-10-27,False,2023,10,27,513,Ekim/27 (43. Hafta),297,Yabancı Para Pozisyonu,6,b) Bilanço Dışı Yükümlülükler,TOPLAM,"2.384.548,96",2384548.96,TL,BDDK Haftalık Bülten
2023-10-27,2023-10-27,2023-10-27,False,2023,10,27,513,Ekim/27 (43. Hafta),297,Yabancı Para Pozisyonu,7,Yabancı Para Net Genel Pozisyonu (1+4),TOPLAM,"126.808,56",126808.56,TL,BDDK Haftalık Bülten
2023-10-27,2023-10-27,2023-10-27,False,2023,10,27,513,Ekim/27 (43. Hafta),297,Yabancı Para Pozisyonu,8,Yasal Özkaynak,TOPLAM,"2.351.669,55",2351669.55,TL,BDDK Haftalık Bülten
2023-10-27,2023-10-27,2023-10-27,False,2023,10,27,513,Ekim/27 (43. Hafta),297,Yabancı Para Pozisyonu,9,Dövize Endeskli Varlıklar (Bilgi),TOPLAM,"8.977,96",8977.96,TL,BDDK Haftalık Bülten
2023-11-03,2023-11-03,2023-11-03,False,2023,11,3,514,Kasım/03 (44. Hafta),297,Yabancı Para Pozisyonu,1,Bilanço İçi Yabancı Para Pozisyonu (2-3),TOPLAM,"-1.169.340,57",-1169340.57,TL,BDDK Haftalık Bülten
2023-11-03,2023-11-03,2023-11-03,False,2023,11,3,514,Kasım/03 (44. Hafta),297,Yabancı Para Pozisyonu,10,Dövize Endeksli Yükümlülükler (Bilgi),TOPLAM,"13.486,54",13486.54,TL,BDDK Haftalık Bülten
2023-11-03,2023-11-03,2023-11-03,False,2023,11,3,514,Kasım/03 (44. Hafta),297,Yabancı Para Pozisyonu,2,a) Bilanço İçi Varlıklar,TOPLAM,"8.652.423,18",8652423.18,TL,BDDK Haftalık Bülten
2023-11-03,2023-11-03,2023-11-03,False,2023,11,3,514,Kasım/03 (44. Hafta),297,Yabancı Para Pozisyonu,3,b) Bilanço İçi Yükümlülükler,TOPLAM,"9.821.763,75",9821763.75,TL,BDDK Haftalık Bülten
2023-11-03,2023-11-03,2023-11-03,False,2023,11,3,514,Kasım/03 (44. Hafta),297,Yabancı Para Pozisyonu,4,Bilanço Dışı Yabancı Para Pozisyonu (5-6),TOPLAM,"1.308.653,97",1308653.97,TL,BDDK Haftalık Bülten
2023-11-03,2023-11-03,2023-11-03,False,2023,11,3,514,Kasım/03 (44. Hafta),297,Yabancı Para Pozisyonu,5,a) Bilanço Dışı Varlıklar,TOPLAM,"3.758.742,03",3758742.03,TL,BDDK Haftalık Bülten
2023-11-03,2023-11-03,2023-11-03,False,2023,11,3,514,Kasım/03 (44. Hafta),297,Yabancı Para Pozisyonu,6,b) Bilanço Dışı Yükümlülükler,TOPLAM,"2.450.088,07",2450088.07,TL,BDDK Haftalık Bülten
2023-11-03,2023-11-03,2023-11-03,False,2023,11,3,514,Kasım/03 (44. Hafta),297,Yabancı Para Pozisyonu,7,Yabancı Para Net Genel Pozisyonu (1+4),TOPLAM,"139.313,40",139313.4,TL,BDDK Haftalık Bülten
2023-11-03,2023-11-03,2023-11-03,False,2023,11,3,514,Kasım/03 (44. Hafta),297,Yabancı Para Pozisyonu,8,Yasal Özkaynak,TOPLAM,"2.351.925,13",2351925.13,TL,BDDK Haftalık Bülten
2023-11-03,2023-11-03,2023-11-03,False,2023,11,3,514,Kasım/03 (44. Hafta),297,Yabancı Para Pozisyonu,9,Dövize Endeskli Varlıklar (Bilgi),TOPLAM,"8.935,31",8935.31,TL,BDDK Haftalık Bülten
2023-11-10,2023-11-10,2023-11-10,False,2023,11,10,515,Kasım/10 (45. Hafta),297,Yabancı Para Pozisyonu,1,Bilanço İçi Yabancı Para Pozisyonu (2-3),TOPLAM,"-1.210.649,21",-1210649.21,TL,BDDK Haftalık Bülten
2023-11-10,2023-11-10,2023-11-10,False,2023,11,10,515,Kasım/10 (45. Hafta),297,Yabancı Para Pozisyonu,10,Dövize Endeksli Yükümlülükler (Bilgi),TOPLAM,"13.666,52",13666.52,TL,BDDK Haftalık Bülten
2023-11-10,2023-11-10,2023-11-10,False,2023,11,10,515,Kasım/10 (45. Hafta),297,Yabancı Para Pozisyonu,2,a) Bilanço İçi Varlıklar,TOPLAM,"8.677.355,89",8677355.89,TL,BDDK Haftalık Bülten
2023-11-10,2023-11-10,2023-11-10,False,2023,11,10,515,Kasım/10 (45. Hafta),297,Yabancı Para Pozisyonu,3,b) Bilanço İçi Yükümlülükler,TOPLAM,"9.888.005,10",9888005.1,TL,BDDK Haftalık Bülten
2023-11-10,2023-11-10,2023-11-10,False,2023,11,10,515,Kasım/10 (45. Hafta),297,Yabancı Para Pozisyonu,4,Bilanço Dışı Yabancı Para Pozisyonu (5-6),TOPLAM,"1.345.014,18",1345014.18,TL,BDDK Haftalık Bülten
2023-11-10,2023-11-10,2023-11-10,False,2023,11,10,515,Kasım/10 (45. Hafta),297,Yabancı Para Pozisyonu,5,a) Bilanço Dışı Varlıklar,TOPLAM,"3.756.152,47",3756152.47,TL,BDDK Haftalık Bülten
2023-11-10,2023-11-10,2023-11-10,False,2023,11,10,515,Kasım/10 (45. Hafta),297,Yabancı Para Pozisyonu,6,b) Bilanço Dışı Yükümlülükler,TOPLAM,"2.411.138,29",2411138.29,TL,BDDK Haftalık Bülten
2023-11-10,2023-11-10,2023-11-10,False,2023,11,10,515,Kasım/10 (45. Hafta),297,Yabancı Para Pozisyonu,7,Yabancı Para Net Genel Pozisyonu (1+4),TOPLAM,"134.364,97",134364.97,TL,BDDK Haftalık Bülten
2023-11-10,2023-11-10,2023-11-10,False,2023,11,10,515,Kasım/10 (45. Hafta),297,Yabancı Para Pozisyonu,8,Yasal Özkaynak,TOPLAM,"2.351.339,04",2351339.04,TL,BDDK Haftalık Bülten
2023-11-10,2023-11-10,2023-11-10,False,2023,11,10,515,Kasım/10 (45. Hafta),297,Yabancı Para Pozisyonu,9,Dövize Endeskli Varlıklar (Bilgi),TOPLAM,"8.898,18",8898.18,TL,BDDK Haftalık Bülten
2023-11-17,2023-11-17,2023-11-17,False,2023,11,17,516,Kasım/17 (46. Hafta),297,Yabancı Para Pozisyonu,1,Bilanço İçi Yabancı Para Pozisyonu (2-3),TOPLAM,"-1.203.515,24",-1203515.24,TL,BDDK Haftalık Bülten
2023-11-17,2023-11-17,2023-11-17,False,2023,11,17,516,Kasım/17 (46. Hafta),297,Yabancı Para Pozisyonu,10,Dövize Endeksli Yükümlülükler (Bilgi),TOPLAM,"14.265,32",14265.32,TL,BDDK Haftalık Bülten
2023-11-17,2023-11-17,2023-11-17,False,2023,11,17,516,Kasım/17 (46. Hafta),297,Yabancı Para Pozisyonu,2,a) Bilanço İçi Varlıklar,TOPLAM,"8.834.594,03",8834594.03,TL,BDDK Haftalık Bülten
2023-11-17,2023-11-17,2023-11-17,False,2023,11,17,516,Kasım/17 (46. Hafta),297,Yabancı Para Pozisyonu,3,b) Bilanço İçi Yükümlülükler,TOPLAM,"10.038.109,27",10038109.27,TL,BDDK Haftalık Bülten
2023-11-17,2023-11-17,2023-11-17,False,2023,11,17,516,Kasım/17 (46. Hafta),297,Yabancı Para Pozisyonu,4,Bilanço Dışı Yabancı Para Pozisyonu (5-6),TOPLAM,"1.341.797,98",1341797.98,TL,BDDK Haftalık Bülten
2023-11-17,2023-11-17,2023-11-17,False,2023,11,17,516,Kasım/17 (46. Hafta),297,Yabancı Para Pozisyonu,5,a) Bilanço Dışı Varlıklar,TOPLAM,"3.819.442,90",3819442.9,TL,BDDK Haftalık Bülten
2023-11-17,2023-11-17,2023-11-17,False,2023,11,17,516,Kasım/17 (46. Hafta),297,Yabancı Para Pozisyonu,6,b) Bilanço Dışı Yükümlülükler,TOPLAM,"2.477.644,92",2477644.92,TL,BDDK Haftalık Bülten
2023-11-17,2023-11-17,2023-11-17,False,2023,11,17,516,Kasım/17 (46. Hafta),297,Yabancı Para Pozisyonu,7,Yabancı Para Net Genel Pozisyonu (1+4),TOPLAM,"138.282,74",138282.74,TL,BDDK Haftalık Bülten
2023-11-17,2023-11-17,2023-11-17,False,2023,11,17,516,Kasım/17 (46. Hafta),297,Yabancı Para Pozisyonu,8,Yasal Özkaynak,TOPLAM,"2.371.601,78",2371601.78,TL,BDDK Haftalık Bülten
2023-11-17,2023-11-17,2023-11-17,False,2023,11,17,516,Kasım/17 (46. Hafta),297,Yabancı Para Pozisyonu,9,Dövize Endeskli Varlıklar (Bilgi),TOPLAM,"8.955,26",8955.26,TL,BDDK Haftalık Bülten
2023-11-24,2023-11-24,2023-11-24,False,2023,11,24,517,Kasım/24 (47. Hafta),297,Yabancı Para Pozisyonu,1,Bilanço İçi Yabancı Para Pozisyonu (2-3),TOPLAM,"-1.378.606,02",-1378606.02,TL,BDDK Haftalık Bülten
2023-11-24,2023-11-24,2023-11-24,False,2023,11,24,517,Kasım/24 (47. Hafta),297,Yabancı Para Pozisyonu,10,Dövize Endeksli Yükümlülükler (Bilgi),TOPLAM,"14.615,57",14615.57,TL,BDDK Haftalık Bülten
2023-11-24,2023-11-24,2023-11-24,False,2023,11,24,517,Kasım/24 (47. Hafta),297,Yabancı Para Pozisyonu,2,a) Bilanço İçi Varlıklar,TOPLAM,"8.710.571,88",8710571.88,TL,BDDK Haftalık Bülten
2023-11-24,2023-11-24,2023-11-24,False,2023,11,24,517,Kasım/24 (47. Hafta),297,Yabancı Para Pozisyonu,3,b) Bilanço İçi Yükümlülükler,TOPLAM,"10.089.177,90",10089177.9,TL,BDDK Haftalık Bülten
2023-11-24,2023-11-24,2023-11-24,False,2023,11,24,517,Kasım/24 (47. Hafta),297,Yabancı Para Pozisyonu,4,Bilanço Dışı Yabancı Para Pozisyonu (5-6),TOPLAM,"1.507.389,65",1507389.65,TL,BDDK Haftalık Bülten
2023-11-24,2023-11-24,2023-11-24,False,2023,11,24,517,Kasım/24 (47. Hafta),297,Yabancı Para Pozisyonu,5,a) Bilanço Dışı Varlıklar,TOPLAM,"3.997.843,22",3997843.22,TL,BDDK Haftalık Bülten
2023-11-24,2023-11-24,2023-11-24,False,2023,11,24,517,Kasım/24 (47. Hafta),297,Yabancı Para Pozisyonu,6,b) Bilanço Dışı Yükümlülükler,TOPLAM,"2.490.453,57",2490453.57,TL,BDDK Haftalık Bülten
2023-11-24,2023-11-24,2023-11-24,False,2023,11,24,517,Kasım/24 (47. Hafta),297,Yabancı Para Pozisyonu,7,Yabancı Para Net Genel Pozisyonu (1+4),TOPLAM,"128.783,62",128783.62,TL,BDDK Haftalık Bülten
2023-11-24,2023-11-24,2023-11-24,False,2023,11,24,517,Kasım/24 (47. Hafta),297,Yabancı Para Pozisyonu,8,Yasal Özkaynak,TOPLAM,"2.399.468,49",2399468.49,TL,BDDK Haftalık Bülten
2023-11-24,2023-11-24,2023-11-24,False,2023,11,24,517,Kasım/24 (47. Hafta),297,Yabancı Para Pozisyonu,9,Dövize Endeskli Varlıklar (Bilgi),TOPLAM,"8.990,42",8990.42,TL,BDDK Haftalık Bülten
2023-12-01,2023-12-01,2023-12-01,False,2023,12,1,518,Aralık/01 (48. Hafta),297,Yabancı Para Pozisyonu,1,Bilanço İçi Yabancı Para Pozisyonu (2-3),TOPLAM,"-1.281.455,69",-1281455.69,TL,BDDK Haftalık Bülten
2023-12-01,2023-12-01,2023-12-01,False,2023,12,1,518,Aralık/01 (48. Hafta),297,Yabancı Para Pozisyonu,10,Dövize Endeksli Yükümlülükler (Bilgi),TOPLAM,"14.809,12",14809.12,TL,BDDK Haftalık Bülten
2023-12-01,2023-12-01,2023-12-01,False,2023,12,1,518,Aralık/01 (48. Hafta),297,Yabancı Para Pozisyonu,2,a) Bilanço İçi Varlıklar,TOPLAM,"8.844.330,99",8844330.99,TL,BDDK Haftalık Bülten
2023-12-01,2023-12-01,2023-12-01,False,2023,12,1,518,Aralık/01 (48. Hafta),297,Yabancı Para Pozisyonu,3,b) Bilanço İçi Yükümlülükler,TOPLAM,"10.125.786,68",10125786.68,TL,BDDK Haftalık Bülten
2023-12-01,2023-12-01,2023-12-01,False,2023,12,1,518,Aralık/01 (48. Hafta),297,Yabancı Para Pozisyonu,4,Bilanço Dışı Yabancı Para Pozisyonu (5-6),TOPLAM,"1.404.434,69",1404434.69,TL,BDDK Haftalık Bülten
2023-12-01,2023-12-01,2023-12-01,False,2023,12,1,518,Aralık/01 (48. Hafta),297,Yabancı Para Pozisyonu,5,a) Bilanço Dışı Varlıklar,TOPLAM,"4.000.494,53",4000494.53,TL,BDDK Haftalık Bülten
2023-12-01,2023-12-01,2023-12-01,False,2023,12,1,518,Aralık/01 (48. Hafta),297,Yabancı Para Pozisyonu,6,b) Bilanço Dışı Yükümlülükler,TOPLAM,"2.596.059,84",2596059.84,TL,BDDK Haftalık Bülten
2023-12-01,2023-12-01,2023-12-01,False,2023,12,1,518,Aralık/01 (48. Hafta),297,Yabancı Para Pozisyonu,7,Yabancı Para Net Genel Pozisyonu (1+4),TOPLAM,"122.979,01",122979.01,TL,BDDK Haftalık Bülten
2023-12-01,2023-12-01,2023-12-01,False,2023,12,1,518,Aralık/01 (48. Hafta),297,Yabancı Para Pozisyonu,8,Yasal Özkaynak,TOPLAM,"2.400.259,84",2400259.84,TL,BDDK Haftalık Bülten
2023-12-01,2023-12-01,2023-12-01,False,2023,12,1,518,Aralık/01 (48. Hafta),297,Yabancı Para Pozisyonu,9,Dövize Endeskli Varlıklar (Bilgi),TOPLAM,"8.923,91",8923.91,TL,BDDK Haftalık Bülten
2023-12-08,2023-12-08,2023-12-08,False,2023,12,8,519,Aralık/08 (49. Hafta),297,Yabancı Para Pozisyonu,1,Bilanço İçi Yabancı Para Pozisyonu (2-3),TOPLAM,"-1.292.230,77",-1292230.77,TL,BDDK Haftalık Bülten
2023-12-08,2023-12-08,2023-12-08,False,2023,12,8,519,Aralık/08 (49. Hafta),297,Yabancı Para Pozisyonu,10,Dövize Endeksli Yükümlülükler (Bilgi),TOPLAM,"14.916,92",14916.92,TL,BDDK Haftalık Bülten
2023-12-08,2023-12-08,2023-12-08,False,2023,12,8,519,Aralık/08 (49. Hafta),297,Yabancı Para Pozisyonu,2,a) Bilanço İçi Varlıklar,TOPLAM,"8.785.383,58",8785383.58,TL,BDDK Haftalık Bülten
2023-12-08,2023-12-08,2023-12-08,False,2023,12,8,519,Aralık/08 (49. Hafta),297,Yabancı Para Pozisyonu,3,b) Bilanço İçi Yükümlülükler,TOPLAM,"10.077.614,35",10077614.35,TL,BDDK Haftalık Bülten
2023-12-08,2023-12-08,2023-12-08,False,2023,12,8,519,Aralık/08 (49. Hafta),297,Yabancı Para Pozisyonu,4,Bilanço Dışı Yabancı Para Pozisyonu (5-6),TOPLAM,"1.401.966,75",1401966.75,TL,BDDK Haftalık Bülten
2023-12-08,2023-12-08,2023-12-08,False,2023,12,8,519,Aralık/08 (49. Hafta),297,Yabancı Para Pozisyonu,5,a) Bilanço Dışı Varlıklar,TOPLAM,"3.982.299,23",3982299.23,TL,BDDK Haftalık Bülten
2023-12-08,2023-12-08,2023-12-08,False,2023,12,8,519,Aralık/08 (49. Hafta),297,Yabancı Para Pozisyonu,6,b) Bilanço Dışı Yükümlülükler,TOPLAM,"2.580.332,48",2580332.48,TL,BDDK Haftalık Bülten
2023-12-08,2023-12-08,2023-12-08,False,2023,12,8,519,Aralık/08 (49. Hafta),297,Yabancı Para Pozisyonu,7,Yabancı Para Net Genel Pozisyonu (1+4),TOPLAM,"109.735,98",109735.98,TL,BDDK Haftalık Bülten
2023-12-08,2023-12-08,2023-12-08,False,2023,12,8,519,Aralık/08 (49. Hafta),297,Yabancı Para Pozisyonu,8,Yasal Özkaynak,TOPLAM,"2.399.533,06",2399533.06,TL,BDDK Haftalık Bülten
2023-12-08,2023-12-08,2023-12-08,False,2023,12,8,519,Aralık/08 (49. Hafta),297,Yabancı Para Pozisyonu,9,Dövize Endeskli Varlıklar (Bilgi),TOPLAM,"8.845,53",8845.53,TL,BDDK Haftalık Bülten
2023-12-15,2023-12-15,2023-12-15,False,2023,12,15,520,Aralık/15 (50. Hafta),297,Yabancı Para Pozisyonu,1,Bilanço İçi Yabancı Para Pozisyonu (2-3),TOPLAM,"-1.204.791,17",-1204791.17,TL,BDDK Haftalık Bülten
2023-12-15,2023-12-15,2023-12-15,False,2023,12,15,520,Aralık/15 (50. Hafta),297,Yabancı Para Pozisyonu,10,Dövize Endeksli Yükümlülükler (Bilgi),TOPLAM,"15.221,00",15221.0,TL,BDDK Haftalık Bülten
2023-12-15,2023-12-15,2023-12-15,False,2023,12,15,520,Aralık/15 (50. Hafta),297,Yabancı Para Pozisyonu,2,a) Bilanço İçi Varlıklar,TOPLAM,"8.976.499,83",8976499.83,TL,BDDK Haftalık Bülten
2023-12-15,2023-12-15,2023-12-15,False,2023,12,15,520,Aralık/15 (50. Hafta),297,Yabancı Para Pozisyonu,3,b) Bilanço İçi Yükümlülükler,TOPLAM,"10.181.291,00",10181291.0,TL,BDDK Haftalık Bülten
2023-12-15,2023-12-15,2023-12-15,False,2023,12,15,520,Aralık/15 (50. Hafta),297,Yabancı Para Pozisyonu,4,Bilanço Dışı Yabancı Para Pozisyonu (5-6),TOPLAM,"1.321.774,60",1321774.6,TL,BDDK Haftalık Bülten
2023-12-15,2023-12-15,2023-12-15,False,2023,12,15,520,Aralık/15 (50. Hafta),297,Yabancı Para Pozisyonu,5,a) Bilanço Dışı Varlıklar,TOPLAM,"4.012.450,43",4012450.43,TL,BDDK Haftalık Bülten
2023-12-15,2023-12-15,2023-12-15,False,2023,12,15,520,Aralık/15 (50. Hafta),297,Yabancı Para Pozisyonu,6,b) Bilanço Dışı Yükümlülükler,TOPLAM,"2.690.675,83",2690675.83,TL,BDDK Haftalık Bülten
2023-12-15,2023-12-15,2023-12-15,False,2023,12,15,520,Aralık/15 (50. Hafta),297,Yabancı Para Pozisyonu,7,Yabancı Para Net Genel Pozisyonu (1+4),TOPLAM,"116.983,44",116983.44,TL,BDDK Haftalık Bülten
2023-12-15,2023-12-15,2023-12-15,False,2023,12,15,520,Aralık/15 (50. Hafta),297,Yabancı Para Pozisyonu,8,Yasal Özkaynak,TOPLAM,"2.414.451,53",2414451.53,TL,BDDK Haftalık Bülten
2023-12-15,2023-12-15,2023-12-15,False,2023,12,15,520,Aralık/15 (50. Hafta),297,Yabancı Para Pozisyonu,9,Dövize Endeskli Varlıklar (Bilgi),TOPLAM,"8.883,92",8883.92,TL,BDDK Haftalık Bülten
2023-12-22,2023-12-22,2023-12-22,False,2023,12,22,521,Aralık/22 (51. Hafta),297,Yabancı Para Pozisyonu,1,Bilanço İçi Yabancı Para Pozisyonu (2-3),TOPLAM,"-1.285.207,21",-1285207.21,TL,BDDK Haftalık Bülten
2023-12-22,2023-12-22,2023-12-22,False,2023,12,22,521,Aralık/22 (51. Hafta),297,Yabancı Para Pozisyonu,10,Dövize Endeksli Yükümlülükler (Bilgi),TOPLAM,"15.335,53",15335.53,TL,BDDK Haftalık Bülten
2023-12-22,2023-12-22,2023-12-22,False,2023,12,22,521,Aralık/22 (51. Hafta),297,Yabancı Para Pozisyonu,2,a) Bilanço İçi Varlıklar,TOPLAM,"9.017.212,14",9017212.14,TL,BDDK Haftalık Bülten
2023-12-22,2023-12-22,2023-12-22,False,2023,12,22,521,Aralık/22 (51. Hafta),297,Yabancı Para Pozisyonu,3,b) Bilanço İçi Yükümlülükler,TOPLAM,"10.302.419,35",10302419.35,TL,BDDK Haftalık Bülten
2023-12-22,2023-12-22,2023-12-22,False,2023,12,22,521,Aralık/22 (51. Hafta),297,Yabancı Para Pozisyonu,4,Bilanço Dışı Yabancı Para Pozisyonu (5-6),TOPLAM,"1.399.301,45",1399301.45,TL,BDDK Haftalık Bülten
2023-12-22,2023-12-22,2023-12-22,False,2023,12,22,521,Aralık/22 (51. Hafta),297,Yabancı Para Pozisyonu,5,a) Bilanço Dışı Varlıklar,TOPLAM,"4.144.198,12",4144198.12,TL,BDDK Haftalık Bülten
2023-12-22,2023-12-22,2023-12-22,False,2023,12,22,521,Aralık/22 (51. Hafta),297,Yabancı Para Pozisyonu,6,b) Bilanço Dışı Yükümlülükler,TOPLAM,"2.744.896,68",2744896.68,TL,BDDK Haftalık Bülten
2023-12-22,2023-12-22,2023-12-22,False,2023,12,22,521,Aralık/22 (51. Hafta),297,Yabancı Para Pozisyonu,7,Yabancı Para Net Genel Pozisyonu (1+4),TOPLAM,"114.094,24",114094.24,TL,BDDK Haftalık Bülten
2023-12-22,2023-12-22,2023-12-22,False,2023,12,22,521,Aralık/22 (51. Hafta),297,Yabancı Para Pozisyonu,8,Yasal Özkaynak,TOPLAM,"2.438.102,41",2438102.41,TL,BDDK Haftalık Bülten
2023-12-22,2023-12-22,2023-12-22,False,2023,12,22,521,Aralık/22 (51. Hafta),297,Yabancı Para Pozisyonu,9,Dövize Endeskli Varlıklar (Bilgi),TOPLAM,"8.733,46",8733.46,TL,BDDK Haftalık Bülten
2023-12-29,2023-12-29,2023-12-29,False,2023,12,29,522,Aralık/29 (52. Hafta),297,Yabancı Para Pozisyonu,1,Bilanço İçi Yabancı Para Pozisyonu (2-3),TOPLAM,"-1.197.880,70",-1197880.7,TL,BDDK Haftalık Bülten
2023-12-29,2023-12-29,2023-12-29,False,2023,12,29,522,Aralık/29 (52. Hafta),297,Yabancı Para Pozisyonu,10,Dövize Endeksli Yükümlülükler (Bilgi),TOPLAM,"15.529,37",15529.37,TL,BDDK Haftalık Bülten
2023-12-29,2023-12-29,2023-12-29,False,2023,12,29,522,Aralık/29 (52. Hafta),297,Yabancı Para Pozisyonu,2,a) Bilanço İçi Varlıklar,TOPLAM,"9.163.498,29",9163498.29,TL,BDDK Haftalık Bülten
2023-12-29,2023-12-29,2023-12-29,False,2023,12,29,522,Aralık/29 (52. Hafta),297,Yabancı Para Pozisyonu,3,b) Bilanço İçi Yükümlülükler,TOPLAM,"10.361.378,99",10361378.99,TL,BDDK Haftalık Bülten
2023-12-29,2023-12-29,2023-12-29,False,2023,12,29,522,Aralık/29 (52. Hafta),297,Yabancı Para Pozisyonu,4,Bilanço Dışı Yabancı Para Pozisyonu (5-6),TOPLAM,"1.289.313,81",1289313.81,TL,BDDK Haftalık Bülten
2023-12-29,2023-12-29,2023-12-29,False,2023,12,29,522,Aralık/29 (52. Hafta),297,Yabancı Para Pozisyonu,5,a) Bilanço Dışı Varlıklar,TOPLAM,"3.985.107,63",3985107.63,TL,BDDK Haftalık Bülten
2023-12-29,2023-12-29,2023-12-29,False,2023,12,29,522,Aralık/29 (52. Hafta),297,Yabancı Para Pozisyonu,6,b) Bilanço Dışı Yükümlülükler,TOPLAM,"2.695.793,83",2695793.83,TL,BDDK Haftalık Bülten
2023-12-29,2023-12-29,2023-12-29,False,2023,12,29,522,Aralık/29 (52. Hafta),297,Yabancı Para Pozisyonu,7,Yabancı Para Net Genel Pozisyonu (1+4),TOPLAM,"91.433,11",91433.11,TL,BDDK Haftalık Bülten
2023-12-29,2023-12-29,2023-12-29,False,2023,12,29,522,Aralık/29 (52. Hafta),297,Yabancı Para Pozisyonu,8,Yasal Özkaynak,TOPLAM,"2.444.278,11",2444278.11,TL,BDDK Haftalık Bülten
2023-12-29,2023-12-29,2023-12-29,False,2023,12,29,522,Aralık/29 (52. Hafta),297,Yabancı Para Pozisyonu,9,Dövize Endeskli Varlıklar (Bilgi),TOPLAM,"8.736,12",8736.12,TL,BDDK Haftalık Bülten
2024-01-05,2024-01-05,2024-01-05,False,2024,1,5,523,Ocak/05 (1. Hafta),297,Yabancı Para Pozisyonu,1,Bilanço İçi Yabancı Para Pozisyonu (2-3),TOPLAM,"-1.235.858,76",-1235858.76,TL,BDDK Haftalık Bülten
2024-01-05,2024-01-05,2024-01-05,False,2024,1,5,523,Ocak/05 (1. Hafta),297,Yabancı Para Pozisyonu,10,Dövize Endeksli Yükümlülükler (Bilgi),TOPLAM,"15.701,39",15701.39,TL,BDDK Haftalık Bülten
2024-01-05,2024-01-05,2024-01-05,False,2024,1,5,523,Ocak/05 (1. Hafta),297,Yabancı Para Pozisyonu,2,a) Bilanço İçi Varlıklar,TOPLAM,"9.232.683,17",9232683.17,TL,BDDK Haftalık Bülten
2024-01-05,2024-01-05,2024-01-05,False,2024,1,5,523,Ocak/05 (1. Hafta),297,Yabancı Para Pozisyonu,3,b) Bilanço İçi Yükümlülükler,TOPLAM,"10.468.541,92",10468541.92,TL,BDDK Haftalık Bülten
2024-01-05,2024-01-05,2024-01-05,False,2024,1,5,523,Ocak/05 (1. Hafta),297,Yabancı Para Pozisyonu,4,Bilanço Dışı Yabancı Para Pozisyonu (5-6),TOPLAM,"1.308.070,11",1308070.11,TL,BDDK Haftalık Bülten
2024-01-05,2024-01-05,2024-01-05,False,2024,1,5,523,Ocak/05 (1. Hafta),297,Yabancı Para Pozisyonu,5,a) Bilanço Dışı Varlıklar,TOPLAM,"3.961.452,92",3961452.92,TL,BDDK Haftalık Bülten
2024-01-05,2024-01-05,2024-01-05,False,2024,1,5,523,Ocak/05 (1. Hafta),297,Yabancı Para Pozisyonu,6,b) Bilanço Dışı Yükümlülükler,TOPLAM,"2.653.382,81",2653382.81,TL,BDDK Haftalık Bülten
2024-01-05,2024-01-05,2024-01-05,False,2024,1,5,523,Ocak/05 (1. Hafta),297,Yabancı Para Pozisyonu,7,Yabancı Para Net Genel Pozisyonu (1+4),TOPLAM,"72.211,35",72211.35,TL,BDDK Haftalık Bülten
2024-01-05,2024-01-05,2024-01-05,False,2024,1,5,523,Ocak/05 (1. Hafta),297,Yabancı Para Pozisyonu,8,Yasal Özkaynak,TOPLAM,"2.444.631,71",2444631.71,TL,BDDK Haftalık Bülten
2024-01-05,2024-01-05,2024-01-05,False,2024,1,5,523,Ocak/05 (1. Hafta),297,Yabancı Para Pozisyonu,9,Dövize Endeskli Varlıklar (Bilgi),TOPLAM,"8.742,81",8742.81,TL,BDDK Haftalık Bülten
2024-01-12,2024-01-12,2024-01-12,False,2024,1,12,524,Ocak/12 (2. Hafta),297,Yabancı Para Pozisyonu,1,Bilanço İçi Yabancı Para Pozisyonu (2-3),TOPLAM,"-1.147.674,62",-1147674.62,TL,BDDK Haftalık Bülten
2024-01-12,2024-01-12,2024-01-12,False,2024,1,12,524,Ocak/12 (2. Hafta),297,Yabancı Para Pozisyonu,10,Dövize Endeksli Yükümlülükler (Bilgi),TOPLAM,"15.428,32",15428.32,TL,BDDK Haftalık Bülten
2024-01-12,2024-01-12,2024-01-12,False,2024,1,12,524,Ocak/12 (2. Hafta),297,Yabancı Para Pozisyonu,2,a) Bilanço İçi Varlıklar,TOPLAM,"9.440.282,62",9440282.62,TL,BDDK Haftalık Bülten
2024-01-12,2024-01-12,2024-01-12,False,2024,1,12,524,Ocak/12 (2. Hafta),297,Yabancı Para Pozisyonu,3,b) Bilanço İçi Yükümlülükler,TOPLAM,"10.587.957,23",10587957.23,TL,BDDK Haftalık Bülten
2024-01-12,2024-01-12,2024-01-12,False,2024,1,12,524,Ocak/12 (2. Hafta),297,Yabancı Para Pozisyonu,4,Bilanço Dışı Yabancı Para Pozisyonu (5-6),TOPLAM,"1.236.047,31",1236047.31,TL,BDDK Haftalık Bülten
2024-01-12,2024-01-12,2024-01-12,False,2024,1,12,524,Ocak/12 (2. Hafta),297,Yabancı Para Pozisyonu,5,a) Bilanço Dışı Varlıklar,TOPLAM,"4.012.085,07",4012085.07,TL,BDDK Haftalık Bülten
2024-01-12,2024-01-12,2024-01-12,False,2024,1,12,524,Ocak/12 (2. Hafta),297,Yabancı Para Pozisyonu,6,b) Bilanço Dışı Yükümlülükler,TOPLAM,"2.776.037,76",2776037.76,TL,BDDK Haftalık Bülten
2024-01-12,2024-01-12,2024-01-12,False,2024,1,12,524,Ocak/12 (2. Hafta),297,Yabancı Para Pozisyonu,7,Yabancı Para Net Genel Pozisyonu (1+4),TOPLAM,"88.372,69",88372.69,TL,BDDK Haftalık Bülten
2024-01-12,2024-01-12,2024-01-12,False,2024,1,12,524,Ocak/12 (2. Hafta),297,Yabancı Para Pozisyonu,8,Yasal Özkaynak,TOPLAM,"2.462.165,95",2462165.95,TL,BDDK Haftalık Bülten
2024-01-12,2024-01-12,2024-01-12,False,2024,1,12,524,Ocak/12 (2. Hafta),297,Yabancı Para Pozisyonu,9,Dövize Endeskli Varlıklar (Bilgi),TOPLAM,"8.729,32",8729.32,TL,BDDK Haftalık Bülten
2024-01-19,2024-01-19,2024-01-19,False,2024,1,19,525,Ocak/19 (3. Hafta),297,Yabancı Para Pozisyonu,1,Bilanço İçi Yabancı Para Pozisyonu (2-3),TOPLAM,"-1.058.420,90",-1058420.9,TL,BDDK Haftalık Bülten
2024-01-19,2024-01-19,2024-01-19,False,2024,1,19,525,Ocak/19 (3. Hafta),297,Yabancı Para Pozisyonu,10,Dövize Endeksli Yükümlülükler (Bilgi),TOPLAM,"15.670,01",15670.01,TL,BDDK Haftalık Bülten
2024-01-19,2024-01-19,2024-01-19,False,2024,1,19,525,Ocak/19 (3. Hafta),297,Yabancı Para Pozisyonu,2,a) Bilanço İçi Varlıklar,TOPLAM,"9.603.537,54",9603537.54,TL,BDDK Haftalık Bülten
2024-01-19,2024-01-19,2024-01-19,False,2024,1,19,525,Ocak/19 (3. Hafta),297,Yabancı Para Pozisyonu,3,b) Bilanço İçi Yükümlülükler,TOPLAM,"10.661.958,44",10661958.44,TL,BDDK Haftalık Bülten
2024-01-19,2024-01-19,2024-01-19,False,2024,1,19,525,Ocak/19 (3. Hafta),297,Yabancı Para Pozisyonu,4,Bilanço Dışı Yabancı Para Pozisyonu (5-6),TOPLAM,"1.150.136,34",1150136.34,TL,BDDK Haftalık Bülten
2024-01-19,2024-01-19,2024-01-19,False,2024,1,19,525,Ocak/19 (3. Hafta),297,Yabancı Para Pozisyonu,5,a) Bilanço Dışı Varlıklar,TOPLAM,"4.047.465,26",4047465.26,TL,BDDK Haftalık Bülten
2024-01-19,2024-01-19,2024-01-19,False,2024,1,19,525,Ocak/19 (3. Hafta),297,Yabancı Para Pozisyonu,6,b) Bilanço Dışı Yükümlülükler,TOPLAM,"2.897.328,92",2897328.92,TL,BDDK Haftalık Bülten
2024-01-19,2024-01-19,2024-01-19,False,2024,1,19,525,Ocak/19 (3. Hafta),297,Yabancı Para Pozisyonu,7,Yabancı Para Net Genel Pozisyonu (1+4),TOPLAM,"91.715,44",91715.44,TL,BDDK Haftalık Bülten
2024-01-19,2024-01-19,2024-01-19,False,2024,1,19,525,Ocak/19 (3. Hafta),297,Yabancı Para Pozisyonu,8,Yasal Özkaynak,TOPLAM,"2.494.238,09",2494238.09,TL,BDDK Haftalık Bülten
2024-01-19,2024-01-19,2024-01-19,False,2024,1,19,525,Ocak/19 (3. Hafta),297,Yabancı Para Pozisyonu,9,Dövize Endeskli Varlıklar (Bilgi),TOPLAM,"8.689,41",8689.41,TL,BDDK Haftalık Bülten
2024-01-26,2024-01-26,2024-01-26,False,2024,1,26,526,Ocak/26 (4. Hafta),297,Yabancı Para Pozisyonu,1,Bilanço İçi Yabancı Para Pozisyonu (2-3),TOPLAM,"-1.348.588,06",-1348588.06,TL,BDDK Haftalık Bülten
2024-01-26,2024-01-26,2024-01-26,False,2024,1,26,526,Ocak/26 (4. Hafta),297,Yabancı Para Pozisyonu,10,Dövize Endeksli Yükümlülükler (Bilgi),TOPLAM,"15.670,56",15670.56,TL,BDDK Haftalık Bülten
2024-01-26,2024-01-26,2024-01-26,False,2024,1,26,526,Ocak/26 (4. Hafta),297,Yabancı Para Pozisyonu,2,a) Bilanço İçi Varlıklar,TOPLAM,"9.386.573,69",9386573.69,TL,BDDK Haftalık Bülten
2024-01-26,2024-01-26,2024-01-26,False,2024,1,26,526,Ocak/26 (4. Hafta),297,Yabancı Para Pozisyonu,3,b) Bilanço İçi Yükümlülükler,TOPLAM,"10.735.161,75",10735161.75,TL,BDDK Haftalık Bülten
2024-01-26,2024-01-26,2024-01-26,False,2024,1,26,526,Ocak/26 (4. Hafta),297,Yabancı Para Pozisyonu,4,Bilanço Dışı Yabancı Para Pozisyonu (5-6),TOPLAM,"1.445.067,15",1445067.15,TL,BDDK Haftalık Bülten
2024-01-26,2024-01-26,2024-01-26,False,2024,1,26,526,Ocak/26 (4. Hafta),297,Yabancı Para Pozisyonu,5,a) Bilanço Dışı Varlıklar,TOPLAM,"4.309.243,80",4309243.8,TL,BDDK Haftalık Bülten
2024-01-26,2024-01-26,2024-01-26,False,2024,1,26,526,Ocak/26 (4. Hafta),297,Yabancı Para Pozisyonu,6,b) Bilanço Dışı Yükümlülükler,TOPLAM,"2.864.176,65",2864176.65,TL,BDDK Haftalık Bülten
2024-01-26,2024-01-26,2024-01-26,False,2024,1,26,526,Ocak/26 (4. Hafta),297,Yabancı Para Pozisyonu,7,Yabancı Para Net Genel Pozisyonu (1+4),TOPLAM,"96.479,09",96479.09,TL,BDDK Haftalık Bülten
2024-01-26,2024-01-26,2024-01-26,False,2024,1,26,526,Ocak/26 (4. Hafta),297,Yabancı Para Pozisyonu,8,Yasal Özkaynak,TOPLAM,"2.617.338,30",2617338.3,TL,BDDK Haftalık Bülten
2024-01-26,2024-01-26,2024-01-26,False,2024,1,26,526,Ocak/26 (4. Hafta),297,Yabancı Para Pozisyonu,9,Dövize Endeskli Varlıklar (Bilgi),TOPLAM,"8.673,93",8673.93,TL,BDDK Haftalık Bülten
2024-02-02,2024-02-02,2024-02-02,False,2024,2,2,527,Şubat/02 (5. Hafta),297,Yabancı Para Pozisyonu,1,Bilanço İçi Yabancı Para Pozisyonu (2-3),TOPLAM,"-1.341.676,67",-1341676.67,TL,BDDK Haftalık Bülten
2024-02-02,2024-02-02,2024-02-02,False,2024,2,2,527,Şubat/02 (5. Hafta),297,Yabancı Para Pozisyonu,10,Dövize Endeksli Yükümlülükler (Bilgi),TOPLAM,"16.170,78",16170.78,TL,BDDK Haftalık Bülten
2024-02-02,2024-02-02,2024-02-02,False,2024,2,2,527,Şubat/02 (5. Hafta),297,Yabancı Para Pozisyonu,2,a) Bilanço İçi Varlıklar,TOPLAM,"9.422.008,81",9422008.81,TL,BDDK Haftalık Bülten
2024-02-02,2024-02-02,2024-02-02,False,2024,2,2,527,Şubat/02 (5. Hafta),297,Yabancı Para Pozisyonu,3,b) Bilanço İçi Yükümlülükler,TOPLAM,"10.763.685,49",10763685.49,TL,BDDK Haftalık Bülten
2024-02-02,2024-02-02,2024-02-02,False,2024,2,2,527,Şubat/02 (5. Hafta),297,Yabancı Para Pozisyonu,4,Bilanço Dışı Yabancı Para Pozisyonu (5-6),TOPLAM,"1.440.656,23",1440656.23,TL,BDDK Haftalık Bülten
2024-02-02,2024-02-02,2024-02-02,False,2024,2,2,527,Şubat/02 (5. Hafta),297,Yabancı Para Pozisyonu,5,a) Bilanço Dışı Varlıklar,TOPLAM,"4.224.241,22",4224241.22,TL,BDDK Haftalık Bülten
2024-02-02,2024-02-02,2024-02-02,False,2024,2,2,527,Şubat/02 (5. Hafta),297,Yabancı Para Pozisyonu,6,b) Bilanço Dışı Yükümlülükler,TOPLAM,"2.783.584,99",2783584.99,TL,BDDK Haftalık Bülten
2024-02-02,2024-02-02,2024-02-02,False,2024,2,2,527,Şubat/02 (5. Hafta),297,Yabancı Para Pozisyonu,7,Yabancı Para Net Genel Pozisyonu (1+4),TOPLAM,"98.979,56",98979.56,TL,BDDK Haftalık Bülten
2024-02-02,2024-02-02,2024-02-02,False,2024,2,2,527,Şubat/02 (5. Hafta),297,Yabancı Para Pozisyonu,8,Yasal Özkaynak,TOPLAM,"2.617.842,88",2617842.88,TL,BDDK Haftalık Bülten
2024-02-02,2024-02-02,2024-02-02,False,2024,2,2,527,Şubat/02 (5. Hafta),297,Yabancı Para Pozisyonu,9,Dövize Endeskli Varlıklar (Bilgi),TOPLAM,"8.712,45",8712.45,TL,BDDK Haftalık Bülten
2024-02-09,2024-02-09,2024-02-09,False,2024,2,9,528,Şubat/09 (6. Hafta),297,Yabancı Para Pozisyonu,1,Bilanço İçi Yabancı Para Pozisyonu (2-3),TOPLAM,"-1.347.402,48",-1347402.48,TL,BDDK Haftalık Bülten
2024-02-09,2024-02-09,2024-02-09,False,2024,2,9,528,Şubat/09 (6. Hafta),297,Yabancı Para Pozisyonu,10,Dövize Endeksli Yükümlülükler (Bilgi),TOPLAM,"16.361,37",16361.37,TL,BDDK Haftalık Bülten
2024-02-09,2024-02-09,2024-02-09,False,2024,2,9,528,Şubat/09 (6. Hafta),297,Yabancı Para Pozisyonu,2,a) Bilanço İçi Varlıklar,TOPLAM,"9.471.669,07",9471669.07,TL,BDDK Haftalık Bülten
2024-02-09,2024-02-09,2024-02-09,False,2024,2,9,528,Şubat/09 (6. Hafta),297,Yabancı Para Pozisyonu,3,b) Bilanço İçi Yükümlülükler,TOPLAM,"10.819.071,55",10819071.55,TL,BDDK Haftalık Bülten
2024-02-09,2024-02-09,2024-02-09,False,2024,2,9,528,Şubat/09 (6. Hafta),297,Yabancı Para Pozisyonu,4,Bilanço Dışı Yabancı Para Pozisyonu (5-6),TOPLAM,"1.451.855,77",1451855.77,TL,BDDK Haftalık Bülten
2024-02-09,2024-02-09,2024-02-09,False,2024,2,9,528,Şubat/09 (6. Hafta),297,Yabancı Para Pozisyonu,5,a) Bilanço Dışı Varlıklar,TOPLAM,"4.138.692,12",4138692.12,TL,BDDK Haftalık Bülten
2024-02-09,2024-02-09,2024-02-09,False,2024,2,9,528,Şubat/09 (6. Hafta),297,Yabancı Para Pozisyonu,6,b) Bilanço Dışı Yükümlülükler,TOPLAM,"2.686.836,36",2686836.36,TL,BDDK Haftalık Bülten
2024-02-09,2024-02-09,2024-02-09,False,2024,2,9,528,Şubat/09 (6. Hafta),297,Yabancı Para Pozisyonu,7,Yabancı Para Net Genel Pozisyonu (1+4),TOPLAM,"104.453,28",104453.28,TL,BDDK Haftalık Bülten
2024-02-09,2024-02-09,2024-02-09,False,2024,2,9,528,Şubat/09 (6. Hafta),297,Yabancı Para Pozisyonu,8,Yasal Özkaynak,TOPLAM,"2.619.151,16",2619151.16,TL,BDDK Haftalık Bülten
2024-02-09,2024-02-09,2024-02-09,False,2024,2,9,528,Şubat/09 (6. Hafta),297,Yabancı Para Pozisyonu,9,Dövize Endeskli Varlıklar (Bilgi),TOPLAM,"8.650,62",8650.62,TL,BDDK Haftalık Bülten
2024-02-16,2024-02-16,2024-02-16,False,2024,2,16,529,Şubat/16 (7. Hafta),297,Yabancı Para Pozisyonu,1,Bilanço İçi Yabancı Para Pozisyonu (2-3),TOPLAM,"-1.317.277,31",-1317277.31,TL,BDDK Haftalık Bülten
2024-02-16,2024-02-16,2024-02-16,False,2024,2,16,529,Şubat/16 (7. Hafta),297,Yabancı Para Pozisyonu,10,Dövize Endeksli Yükümlülükler (Bilgi),TOPLAM,"16.383,94",16383.94,TL,BDDK Haftalık Bülten
2024-02-16,2024-02-16,2024-02-16,False,2024,2,16,529,Şubat/16 (7. Hafta),297,Yabancı Para Pozisyonu,2,a) Bilanço İçi Varlıklar,TOPLAM,"9.518.765,07",9518765.07,TL,BDDK Haftalık Bülten
2024-02-16,2024-02-16,2024-02-16,False,2024,2,16,529,Şubat/16 (7. Hafta),297,Yabancı Para Pozisyonu,3,b) Bilanço İçi Yükümlülükler,TOPLAM,"10.836.042,38",10836042.38,TL,BDDK Haftalık Bülten
2024-02-16,2024-02-16,2024-02-16,False,2024,2,16,529,Şubat/16 (7. Hafta),297,Yabancı Para Pozisyonu,4,Bilanço Dışı Yabancı Para Pozisyonu (5-6),TOPLAM,"1.422.827,26",1422827.26,TL,BDDK Haftalık Bülten
2024-02-16,2024-02-16,2024-02-16,False,2024,2,16,529,Şubat/16 (7. Hafta),297,Yabancı Para Pozisyonu,5,a) Bilanço Dışı Varlıklar,TOPLAM,"4.154.092,18",4154092.18,TL,BDDK Haftalık Bülten
2024-02-16,2024-02-16,2024-02-16,False,2024,2,16,529,Şubat/16 (7. Hafta),297,Yabancı Para Pozisyonu,6,b) Bilanço Dışı Yükümlülükler,TOPLAM,"2.731.264,92",2731264.92,TL,BDDK Haftalık Bülten
2024-02-16,2024-02-16,2024-02-16,False,2024,2,16,529,Şubat/16 (7. Hafta),297,Yabancı Para Pozisyonu,7,Yabancı Para Net Genel Pozisyonu (1+4),TOPLAM,"105.549,95",105549.95,TL,BDDK Haftalık Bülten
2024-02-16,2024-02-16,2024-02-16,False,2024,2,16,529,Şubat/16 (7. Hafta),297,Yabancı Para Pozisyonu,8,Yasal Özkaynak,TOPLAM,"2.635.725,73",2635725.73,TL,BDDK Haftalık Bülten
2024-02-16,2024-02-16,2024-02-16,False,2024,2,16,529,Şubat/16 (7. Hafta),297,Yabancı Para Pozisyonu,9,Dövize Endeskli Varlıklar (Bilgi),TOPLAM,"8.643,09",8643.09,TL,BDDK Haftalık Bülten
2024-02-23,2024-02-23,2024-02-23,False,2024,2,23,530,Şubat/23 (8. Hafta),297,Yabancı Para Pozisyonu,1,Bilanço İçi Yabancı Para Pozisyonu (2-3),TOPLAM,"-1.264.881,59",-1264881.59,TL,BDDK Haftalık Bülten
2024-02-23,2024-02-23,2024-02-23,False,2024,2,23,530,Şubat/23 (8. Hafta),297,Yabancı Para Pozisyonu,10,Dövize Endeksli Yükümlülükler (Bilgi),TOPLAM,"16.732,41",16732.41,TL,BDDK Haftalık Bülten
2024-02-23,2024-02-23,2024-02-23,False,2024,2,23,530,Şubat/23 (8. Hafta),297,Yabancı Para Pozisyonu,2,a) Bilanço İçi Varlıklar,TOPLAM,"9.746.202,34",9746202.34,TL,BDDK Haftalık Bülten
2024-02-23,2024-02-23,2024-02-23,False,2024,2,23,530,Şubat/23 (8. Hafta),297,Yabancı Para Pozisyonu,3,b) Bilanço İçi Yükümlülükler,TOPLAM,"11.011.083,93",11011083.93,TL,BDDK Haftalık Bülten
2024-02-23,2024-02-23,2024-02-23,False,2024,2,23,530,Şubat/23 (8. Hafta),297,Yabancı Para Pozisyonu,4,Bilanço Dışı Yabancı Para Pozisyonu (5-6),TOPLAM,"1.373.001,95",1373001.95,TL,BDDK Haftalık Bülten
2024-02-23,2024-02-23,2024-02-23,False,2024,2,23,530,Şubat/23 (8. Hafta),297,Yabancı Para Pozisyonu,5,a) Bilanço Dışı Varlıklar,TOPLAM,"4.241.106,44",4241106.44,TL,BDDK Haftalık Bülten
2024-02-23,2024-02-23,2024-02-23,False,2024,2,23,530,Şubat/23 (8. Hafta),297,Yabancı Para Pozisyonu,6,b) Bilanço Dışı Yükümlülükler,TOPLAM,"2.868.104,50",2868104.5,TL,BDDK Haftalık Bülten
2024-02-23,2024-02-23,2024-02-23,False,2024,2,23,530,Şubat/23 (8. Hafta),297,Yabancı Para Pozisyonu,7,Yabancı Para Net Genel Pozisyonu (1+4),TOPLAM,"108.120,36",108120.36,TL,BDDK Haftalık Bülten
2024-02-23,2024-02-23,2024-02-23,False,2024,2,23,530,Şubat/23 (8. Hafta),297,Yabancı Para Pozisyonu,8,Yasal Özkaynak,TOPLAM,"2.671.921,58",2671921.58,TL,BDDK Haftalık Bülten
2024-02-23,2024-02-23,2024-02-23,False,2024,2,23,530,Şubat/23 (8. Hafta),297,Yabancı Para Pozisyonu,9,Dövize Endeskli Varlıklar (Bilgi),TOPLAM,"8.734,03",8734.03,TL,BDDK Haftalık Bülten
2024-03-01,2024-03-01,2024-03-01,False,2024,3,1,531,Mart/01 (9. Hafta),297,Yabancı Para Pozisyonu,1,Bilanço İçi Yabancı Para Pozisyonu (2-3),TOPLAM,"-1.257.926,85",-1257926.85,TL,BDDK Haftalık Bülten
2024-03-01,2024-03-01,2024-03-01,False,2024,3,1,531,Mart/01 (9. Hafta),297,Yabancı Para Pozisyonu,10,Dövize Endeksli Yükümlülükler (Bilgi),TOPLAM,"16.941,80",16941.8,TL,BDDK Haftalık Bülten
2024-03-01,2024-03-01,2024-03-01,False,2024,3,1,531,Mart/01 (9. Hafta),297,Yabancı Para Pozisyonu,2,a) Bilanço İçi Varlıklar,TOPLAM,"9.864.849,08",9864849.08,TL,BDDK Haftalık Bülten
2024-03-01,2024-03-01,2024-03-01,False,2024,3,1,531,Mart/01 (9. Hafta),297,Yabancı Para Pozisyonu,3,b) Bilanço İçi Yükümlülükler,TOPLAM,"11.122.775,93",11122775.93,TL,BDDK Haftalık Bülten
2024-03-01,2024-03-01,2024-03-01,False,2024,3,1,531,Mart/01 (9. Hafta),297,Yabancı Para Pozisyonu,4,Bilanço Dışı Yabancı Para Pozisyonu (5-6),TOPLAM,"1.359.692,89",1359692.89,TL,BDDK Haftalık Bülten
2024-03-01,2024-03-01,2024-03-01,False,2024,3,1,531,Mart/01 (9. Hafta),297,Yabancı Para Pozisyonu,5,a) Bilanço Dışı Varlıklar,TOPLAM,"4.358.991,69",4358991.69,TL,BDDK Haftalık Bülten
2024-03-01,2024-03-01,2024-03-01,False,2024,3,1,531,Mart/01 (9. Hafta),297,Yabancı Para Pozisyonu,6,b) Bilanço Dışı Yükümlülükler,TOPLAM,"2.999.298,80",2999298.8,TL,BDDK Haftalık Bülten
2024-03-01,2024-03-01,2024-03-01,False,2024,3,1,531,Mart/01 (9. Hafta),297,Yabancı Para Pozisyonu,7,Yabancı Para Net Genel Pozisyonu (1+4),TOPLAM,"101.766,04",101766.04,TL,BDDK Haftalık Bülten
2024-03-01,2024-03-01,2024-03-01,False,2024,3,1,531,Mart/01 (9. Hafta),297,Yabancı Para Pozisyonu,8,Yasal Özkaynak,TOPLAM,"2.682.045,62",2682045.62,TL,BDDK Haftalık Bülten
2024-03-01,2024-03-01,2024-03-01,False,2024,3,1,531,Mart/01 (9. Hafta),297,Yabancı Para Pozisyonu,9,Dövize Endeskli Varlıklar (Bilgi),TOPLAM,"8.732,35",8732.35,TL,BDDK Haftalık Bülten
2024-03-08,2024-03-08,2024-03-08,False,2024,3,8,532,Mart/08 (10. Hafta),297,Yabancı Para Pozisyonu,1,Bilanço İçi Yabancı Para Pozisyonu (2-3),TOPLAM,"-1.457.432,30",-1457432.3,TL,BDDK Haftalık Bülten
2024-03-08,2024-03-08,2024-03-08,False,2024,3,8,532,Mart/08 (10. Hafta),297,Yabancı Para Pozisyonu,10,Dövize Endeksli Yükümlülükler (Bilgi),TOPLAM,"17.625,87",17625.87,TL,BDDK Haftalık Bülten
2024-03-08,2024-03-08,2024-03-08,False,2024,3,8,532,Mart/08 (10. Hafta),297,Yabancı Para Pozisyonu,2,a) Bilanço İçi Varlıklar,TOPLAM,"10.172.532,88",10172532.88,TL,BDDK Haftalık Bülten
2024-03-08,2024-03-08,2024-03-08,False,2024,3,8,532,Mart/08 (10. Hafta),297,Yabancı Para Pozisyonu,3,b) Bilanço İçi Yükümlülükler,TOPLAM,"11.629.965,19",11629965.19,TL,BDDK Haftalık Bülten
2024-03-08,2024-03-08,2024-03-08,False,2024,3,8,532,Mart/08 (10. Hafta),297,Yabancı Para Pozisyonu,4,Bilanço Dışı Yabancı Para Pozisyonu (5-6),TOPLAM,"1.565.920,60",1565920.6,TL,BDDK Haftalık Bülten
2024-03-08,2024-03-08,2024-03-08,False,2024,3,8,532,Mart/08 (10. Hafta),297,Yabancı Para Pozisyonu,5,a) Bilanço Dışı Varlıklar,TOPLAM,"4.742.577,48",4742577.48,TL,BDDK Haftalık Bülten
2024-03-08,2024-03-08,2024-03-08,False,2024,3,8,532,Mart/08 (10. Hafta),297,Yabancı Para Pozisyonu,6,b) Bilanço Dışı Yükümlülükler,TOPLAM,"3.176.656,88",3176656.88,TL,BDDK Haftalık Bülten
2024-03-08,2024-03-08,2024-03-08,False,2024,3,8,532,Mart/08 (10. Hafta),297,Yabancı Para Pozisyonu,7,Yabancı Para Net Genel Pozisyonu (1+4),TOPLAM,"108.488,30",108488.3,TL,BDDK Haftalık Bülten
2024-03-08,2024-03-08,2024-03-08,False,2024,3,8,532,Mart/08 (10. Hafta),297,Yabancı Para Pozisyonu,8,Yasal Özkaynak,TOPLAM,"2.682.337,19",2682337.19,TL,BDDK Haftalık Bülten
2024-03-08,2024-03-08,2024-03-08,False,2024,3,8,532,Mart/08 (10. Hafta),297,Yabancı Para Pozisyonu,9,Dövize Endeskli Varlıklar (Bilgi),TOPLAM,"8.976,39",8976.39,TL,BDDK Haftalık Bülten
2024-03-15,2024-03-15,2024-03-15,False,2024,3,15,533,Mart/15 (11. Hafta),297,Yabancı Para Pozisyonu,1,Bilanço İçi Yabancı Para Pozisyonu (2-3),TOPLAM,"-1.612.588,91",-1612588.91,TL,BDDK Haftalık Bülten
2024-03-15,2024-03-15,2024-03-15,False,2024,3,15,533,Mart/15 (11. Hafta),297,Yabancı Para Pozisyonu,10,Dövize Endeksli Yükümlülükler (Bilgi),TOPLAM,"17.650,31",17650.31,TL,BDDK Haftalık Bülten
2024-03-15,2024-03-15,2024-03-15,False,2024,3,15,533,Mart/15 (11. Hafta),297,Yabancı Para Pozisyonu,2,a) Bilanço İçi Varlıklar,TOPLAM,"10.228.344,85",10228344.85,TL,BDDK Haftalık Bülten
2024-03-15,2024-03-15,2024-03-15,False,2024,3,15,533,Mart/15 (11. Hafta),297,Yabancı Para Pozisyonu,3,b) Bilanço İçi Yükümlülükler,TOPLAM,"11.840.933,76",11840933.76,TL,BDDK Haftalık Bülten
2024-03-15,2024-03-15,2024-03-15,False,2024,3,15,533,Mart/15 (11. Hafta),297,Yabancı Para Pozisyonu,4,Bilanço Dışı Yabancı Para Pozisyonu (5-6),TOPLAM,"1.721.911,07",1721911.07,TL,BDDK Haftalık Bülten
2024-03-15,2024-03-15,2024-03-15,False,2024,3,15,533,Mart/15 (11. Hafta),297,Yabancı Para Pozisyonu,5,a) Bilanço Dışı Varlıklar,TOPLAM,"5.015.878,22",5015878.22,TL,BDDK Haftalık Bülten
2024-03-15,2024-03-15,2024-03-15,False,2024,3,15,533,Mart/15 (11. Hafta),297,Yabancı Para Pozisyonu,6,b) Bilanço Dışı Yükümlülükler,TOPLAM,"3.293.967,15",3293967.15,TL,BDDK Haftalık Bülten
2024-03-15,2024-03-15,2024-03-15,False,2024,3,15,533,Mart/15 (11. Hafta),297,Yabancı Para Pozisyonu,7,Yabancı Para Net Genel Pozisyonu (1+4),TOPLAM,"109.322,16",109322.16,TL,BDDK Haftalık Bülten
2024-03-15,2024-03-15,2024-03-15,False,2024,3,15,533,Mart/15 (11. Hafta),297,Yabancı Para Pozisyonu,8,Yasal Özkaynak,TOPLAM,"2.710.426,51",2710426.51,TL,BDDK Haftalık Bülten
2024-03-15,2024-03-15,2024-03-15,False,2024,3,15,533,Mart/15 (11. Hafta),297,Yabancı Para Pozisyonu,9,Dövize Endeskli Varlıklar (Bilgi),TOPLAM,"9.117,32",9117.32,TL,BDDK Haftalık Bülten
2024-03-22,2024-03-22,2024-03-22,False,2024,3,22,534,Mart/22 (12. Hafta),297,Yabancı Para Pozisyonu,1,Bilanço İçi Yabancı Para Pozisyonu (2-3),TOPLAM,"-1.663.824,15",-1663824.15,TL,BDDK Haftalık Bülten
2024-03-22,2024-03-22,2024-03-22,False,2024,3,22,534,Mart/22 (12. Hafta),297,Yabancı Para Pozisyonu,10,Dövize Endeksli Yükümlülükler (Bilgi),TOPLAM,"17.531,82",17531.82,TL,BDDK Haftalık Bülten
2024-03-22,2024-03-22,2024-03-22,False,2024,3,22,534,Mart/22 (12. Hafta),297,Yabancı Para Pozisyonu,2,a) Bilanço İçi Varlıklar,TOPLAM,"10.256.669,77",10256669.77,TL,BDDK Haftalık Bülten
2024-03-22,2024-03-22,2024-03-22,False,2024,3,22,534,Mart/22 (12. Hafta),297,Yabancı Para Pozisyonu,3,b) Bilanço İçi Yükümlülükler,TOPLAM,"11.920.493,92",11920493.92,TL,BDDK Haftalık Bülten
2024-03-22,2024-03-22,2024-03-22,False,2024,3,22,534,Mart/22 (12. Hafta),297,Yabancı Para Pozisyonu,4,Bilanço Dışı Yabancı Para Pozisyonu (5-6),TOPLAM,"1.767.398,65",1767398.65,TL,BDDK Haftalık Bülten
2024-03-22,2024-03-22,2024-03-22,False,2024,3,22,534,Mart/22 (12. Hafta),297,Yabancı Para Pozisyonu,5,a) Bilanço Dışı Varlıklar,TOPLAM,"4.993.992,00",4993992.0,TL,BDDK Haftalık Bülten
2024-03-22,2024-03-22,2024-03-22,False,2024,3,22,534,Mart/22 (12. Hafta),297,Yabancı Para Pozisyonu,6,b) Bilanço Dışı Yükümlülükler,TOPLAM,"3.226.593,36",3226593.36,TL,BDDK Haftalık Bülten
2024-03-22,2024-03-22,2024-03-22,False,2024,3,22,534,Mart/22 (12. Hafta),297,Yabancı Para Pozisyonu,7,Yabancı Para Net Genel Pozisyonu (1+4),TOPLAM,"103.574,50",103574.5,TL,BDDK Haftalık Bülten
2024-03-22,2024-03-22,2024-03-22,False,2024,3,22,534,Mart/22 (12. Hafta),297,Yabancı Para Pozisyonu,8,Yasal Özkaynak,TOPLAM,"2.740.698,42",2740698.42,TL,BDDK Haftalık Bülten
2024-03-22,2024-03-22,2024-03-22,False,2024,3,22,534,Mart/22 (12. Hafta),297,Yabancı Para Pozisyonu,9,Dövize Endeskli Varlıklar (Bilgi),TOPLAM,"9.023,75",9023.75,TL,BDDK Haftalık Bülten
2024-03-29,2024-03-29,2024-03-29,False,2024,3,29,535,Mart/29 (13. Hafta),297,Yabancı Para Pozisyonu,1,Bilanço İçi Yabancı Para Pozisyonu (2-3),TOPLAM,"-1.688.564,56",-1688564.56,TL,BDDK Haftalık Bülten
2024-03-29,2024-03-29,2024-03-29,False,2024,3,29,535,Mart/29 (13. Hafta),297,Yabancı Para Pozisyonu,10,Dövize Endeksli Yükümlülükler (Bilgi),TOPLAM,"17.648,90",17648.9,TL,BDDK Haftalık Bülten
2024-03-29,2024-03-29,2024-03-29,False,2024,3,29,535,Mart/29 (13. Hafta),297,Yabancı Para Pozisyonu,2,a) Bilanço İçi Varlıklar,TOPLAM,"10.185.366,23",10185366.23,TL,BDDK Haftalık Bülten
2024-03-29,2024-03-29,2024-03-29,False,2024,3,29,535,Mart/29 (13. Hafta),297,Yabancı Para Pozisyonu,3,b) Bilanço İçi Yükümlülükler,TOPLAM,"11.873.930,79",11873930.79,TL,BDDK Haftalık Bülten
2024-03-29,2024-03-29,2024-03-29,False,2024,3,29,535,Mart/29 (13. Hafta),297,Yabancı Para Pozisyonu,4,Bilanço Dışı Yabancı Para Pozisyonu (5-6),TOPLAM,"1.794.216,81",1794216.81,TL,BDDK Haftalık Bülten
2024-03-29,2024-03-29,2024-03-29,False,2024,3,29,535,Mart/29 (13. Hafta),297,Yabancı Para Pozisyonu,5,a) Bilanço Dışı Varlıklar,TOPLAM,"5.124.654,53",5124654.53,TL,BDDK Haftalık Bülten
2024-03-29,2024-03-29,2024-03-29,False,2024,3,29,535,Mart/29 (13. Hafta),297,Yabancı Para Pozisyonu,6,b) Bilanço Dışı Yükümlülükler,TOPLAM,"3.330.437,72",3330437.72,TL,BDDK Haftalık Bülten
2024-03-29,2024-03-29,2024-03-29,False,2024,3,29,535,Mart/29 (13. Hafta),297,Yabancı Para Pozisyonu,7,Yabancı Para Net Genel Pozisyonu (1+4),TOPLAM,"105.652,25",105652.25,TL,BDDK Haftalık Bülten
2024-03-29,2024-03-29,2024-03-29,False,2024,3,29,535,Mart/29 (13. Hafta),297,Yabancı Para Pozisyonu,8,Yasal Özkaynak,TOPLAM,"2.740.077,15",2740077.15,TL,BDDK Haftalık Bülten
2024-03-29,2024-03-29,2024-03-29,False,2024,3,29,535,Mart/29 (13. Hafta),297,Yabancı Para Pozisyonu,9,Dövize Endeskli Varlıklar (Bilgi),TOPLAM,"8.948,42",8948.42,TL,BDDK Haftalık Bülten
2024-04-05,2024-04-05,2024-04-05,False,2024,4,5,536,Nisan/05 (14. Hafta),297,Yabancı Para Pozisyonu,1,Bilanço İçi Yabancı Para Pozisyonu (2-3),TOPLAM,"-1.582.829,80",-1582829.8,TL,BDDK Haftalık Bülten
2024-04-05,2024-04-05,2024-04-05,False,2024,4,5,536,Nisan/05 (14. Hafta),297,Yabancı Para Pozisyonu,10,Dövize Endeksli Yükümlülükler (Bilgi),TOPLAM,"17.253,07",17253.07,TL,BDDK Haftalık Bülten
2024-04-05,2024-04-05,2024-04-05,False,2024,4,5,536,Nisan/05 (14. Hafta),297,Yabancı Para Pozisyonu,2,a) Bilanço İçi Varlıklar,TOPLAM,"10.174.545,59",10174545.59,TL,BDDK Haftalık Bülten
2024-04-05,2024-04-05,2024-04-05,False,2024,4,5,536,Nisan/05 (14. Hafta),297,Yabancı Para Pozisyonu,3,b) Bilanço İçi Yükümlülükler,TOPLAM,"11.757.375,39",11757375.39,TL,BDDK Haftalık Bülten
2024-04-05,2024-04-05,2024-04-05,False,2024,4,5,536,Nisan/05 (14. Hafta),297,Yabancı Para Pozisyonu,4,Bilanço Dışı Yabancı Para Pozisyonu (5-6),TOPLAM,"1.693.001,71",1693001.71,TL,BDDK Haftalık Bülten
2024-04-05,2024-04-05,2024-04-05,False,2024,4,5,536,Nisan/05 (14. Hafta),297,Yabancı Para Pozisyonu,5,a) Bilanço Dışı Varlıklar,TOPLAM,"4.865.823,33",4865823.33,TL,BDDK Haftalık Bülten
2024-04-05,2024-04-05,2024-04-05,False,2024,4,5,536,Nisan/05 (14. Hafta),297,Yabancı Para Pozisyonu,6,b) Bilanço Dışı Yükümlülükler,TOPLAM,"3.172.821,63",3172821.63,TL,BDDK Haftalık Bülten
2024-04-05,2024-04-05,2024-04-05,False,2024,4,5,536,Nisan/05 (14. Hafta),297,Yabancı Para Pozisyonu,7,Yabancı Para Net Genel Pozisyonu (1+4),TOPLAM,"110.171,91",110171.91,TL,BDDK Haftalık Bülten
2024-04-05,2024-04-05,2024-04-05,False,2024,4,5,536,Nisan/05 (14. Hafta),297,Yabancı Para Pozisyonu,8,Yasal Özkaynak,TOPLAM,"2.755.886,55",2755886.55,TL,BDDK Haftalık Bülten
2024-04-05,2024-04-05,2024-04-05,False,2024,4,5,536,Nisan/05 (14. Hafta),297,Yabancı Para Pozisyonu,9,Dövize Endeskli Varlıklar (Bilgi),TOPLAM,"8.761,99",8761.99,TL,BDDK Haftalık Bülten
2024-04-09,2024-04-09,2024-04-09,False,2024,4,9,537,Nisan/09 (15. Hafta),297,Yabancı Para Pozisyonu,1,Bilanço İçi Yabancı Para Pozisyonu (2-3),TOPLAM,"-1.603.877,91",-1603877.91,TL,BDDK Haftalık Bülten
2024-04-09,2024-04-09,2024-04-09,False,2024,4,9,537,Nisan/09 (15. Hafta),297,Yabancı Para Pozisyonu,10,Dövize Endeksli Yükümlülükler (Bilgi),TOPLAM,"17.353,77",17353.77,TL,BDDK Haftalık Bülten
2024-04-09,2024-04-09,2024-04-09,False,2024,4,9,537,Nisan/09 (15. Hafta),297,Yabancı Para Pozisyonu,2,a) Bilanço İçi Varlıklar,TOPLAM,"10.254.199,10",10254199.1,TL,BDDK Haftalık Bülten
2024-04-09,2024-04-09,2024-04-09,False,2024,4,9,537,Nisan/09 (15. Hafta),297,Yabancı Para Pozisyonu,3,b) Bilanço İçi Yükümlülükler,TOPLAM,"11.858.077,00",11858077.0,TL,BDDK Haftalık Bülten
2024-04-09,2024-04-09,2024-04-09,False,2024,4,9,537,Nisan/09 (15. Hafta),297,Yabancı Para Pozisyonu,4,Bilanço Dışı Yabancı Para Pozisyonu (5-6),TOPLAM,"1.712.505,37",1712505.37,TL,BDDK Haftalık Bülten
2024-04-09,2024-04-09,2024-04-09,False,2024,4,9,537,Nisan/09 (15. Hafta),297,Yabancı Para Pozisyonu,5,a) Bilanço Dışı Varlıklar,TOPLAM,"4.867.865,91",4867865.91,TL,BDDK Haftalık Bülten
2024-04-09,2024-04-09,2024-04-09,False,2024,4,9,537,Nisan/09 (15. Hafta),297,Yabancı Para Pozisyonu,6,b) Bilanço Dışı Yükümlülükler,TOPLAM,"3.155.360,54",3155360.54,TL,BDDK Haftalık Bülten
2024-04-09,2024-04-09,2024-04-09,False,2024,4,9,537,Nisan/09 (15. Hafta),297,Yabancı Para Pozisyonu,7,Yabancı Para Net Genel Pozisyonu (1+4),TOPLAM,"108.627,46",108627.46,TL,BDDK Haftalık Bülten
2024-04-09,2024-04-09,2024-04-09,False,2024,4,9,537,Nisan/09 (15. Hafta),297,Yabancı Para Pozisyonu,8,Yasal Özkaynak,TOPLAM,"2.730.952,78",2730952.78,TL,BDDK Haftalık Bülten
2024-04-09,2024-04-09,2024-04-09,False,2024,4,9,537,Nisan/09 (15. Hafta),297,Yabancı Para Pozisyonu,9,Dövize Endeskli Varlıklar (Bilgi),TOPLAM,"8.853,67",8853.67,TL,BDDK Haftalık Bülten
2024-04-19,2024-04-19,2024-04-19,False,2024,4,19,538,Nisan/19 (16. Hafta),297,Yabancı Para Pozisyonu,1,Bilanço İçi Yabancı Para Pozisyonu (2-3),TOPLAM,"-1.436.409,76",-1436409.76,TL,BDDK Haftalık Bülten
2024-04-19,2024-04-19,2024-04-19,False,2024,4,19,538,Nisan/19 (16. Hafta),297,Yabancı Para Pozisyonu,10,Dövize Endeksli Yükümlülükler (Bilgi),TOPLAM,"15.539,06",15539.06,TL,BDDK Haftalık Bülten
2024-04-19,2024-04-19,2024-04-19,False,2024,4,19,538,Nisan/19 (16. Hafta),297,Yabancı Para Pozisyonu,2,a) Bilanço İçi Varlıklar,TOPLAM,"10.549.298,93",10549298.93,TL,BDDK Haftalık Bülten
2024-04-19,2024-04-19,2024-04-19,False,2024,4,19,538,Nisan/19 (16. Hafta),297,Yabancı Para Pozisyonu,3,b) Bilanço İçi Yükümlülükler,TOPLAM,"11.985.708,69",11985708.69,TL,BDDK Haftalık Bülten
2024-04-19,2024-04-19,2024-04-19,False,2024,4,19,538,Nisan/19 (16. Hafta),297,Yabancı Para Pozisyonu,4,Bilanço Dışı Yabancı Para Pozisyonu (5-6),TOPLAM,"1.521.712,94",1521712.94,TL,BDDK Haftalık Bülten
2024-04-19,2024-04-19,2024-04-19,False,2024,4,19,538,Nisan/19 (16. Hafta),297,Yabancı Para Pozisyonu,5,a) Bilanço Dışı Varlıklar,TOPLAM,"4.923.535,97",4923535.97,TL,BDDK Haftalık Bülten
2024-04-19,2024-04-19,2024-04-19,False,2024,4,19,538,Nisan/19 (16. Hafta),297,Yabancı Para Pozisyonu,6,b) Bilanço Dışı Yükümlülükler,TOPLAM,"3.401.823,02",3401823.02,TL,BDDK Haftalık Bülten
2024-04-19,2024-04-19,2024-04-19,False,2024,4,19,538,Nisan/19 (16. Hafta),297,Yabancı Para Pozisyonu,7,Yabancı Para Net Genel Pozisyonu (1+4),TOPLAM,"85.303,18",85303.18,TL,BDDK Haftalık Bülten
2024-04-19,2024-04-19,2024-04-19,False,2024,4,19,538,Nisan/19 (16. Hafta),297,Yabancı Para Pozisyonu,8,Yasal Özkaynak,TOPLAM,"2.780.224,73",2780224.73,TL,BDDK Haftalık Bülten
2024-04-19,2024-04-19,2024-04-19,False,2024,4,19,538,Nisan/19 (16. Hafta),297,Yabancı Para Pozisyonu,9,Dövize Endeskli Varlıklar (Bilgi),TOPLAM,"8.847,16",8847.16,TL,BDDK Haftalık Bülten
2024-04-26,2024-04-26,2024-04-26,False,2024,4,26,539,Nisan/26 (17. Hafta),297,Yabancı Para Pozisyonu,1,Bilanço İçi Yabancı Para Pozisyonu (2-3),TOPLAM,"-1.316.167,65",-1316167.65,TL,BDDK Haftalık Bülten
2024-04-26,2024-04-26,2024-04-26,False,2024,4,26,539,Nisan/26 (17. Hafta),297,Yabancı Para Pozisyonu,10,Dövize Endeksli Yükümlülükler (Bilgi),TOPLAM,"15.427,03",15427.03,TL,BDDK Haftalık Bülten
2024-04-26,2024-04-26,2024-04-26,False,2024,4,26,539,Nisan/26 (17. Hafta),297,Yabancı Para Pozisyonu,2,a) Bilanço İçi Varlıklar,TOPLAM,"10.475.127,18",10475127.18,TL,BDDK Haftalık Bülten
2024-04-26,2024-04-26,2024-04-26,False,2024,4,26,539,Nisan/26 (17. Hafta),297,Yabancı Para Pozisyonu,3,b) Bilanço İçi Yükümlülükler,TOPLAM,"11.791.294,83",11791294.83,TL,BDDK Haftalık Bülten
2024-04-26,2024-04-26,2024-04-26,False,2024,4,26,539,Nisan/26 (17. Hafta),297,Yabancı Para Pozisyonu,4,Bilanço Dışı Yabancı Para Pozisyonu (5-6),TOPLAM,"1.400.831,19",1400831.19,TL,BDDK Haftalık Bülten
2024-04-26,2024-04-26,2024-04-26,False,2024,4,26,539,Nisan/26 (17. Hafta),297,Yabancı Para Pozisyonu,5,a) Bilanço Dışı Varlıklar,TOPLAM,"4.695.103,79",4695103.79,TL,BDDK Haftalık Bülten
2024-04-26,2024-04-26,2024-04-26,False,2024,4,26,539,Nisan/26 (17. Hafta),297,Yabancı Para Pozisyonu,6,b) Bilanço Dışı Yükümlülükler,TOPLAM,"3.294.272,60",3294272.6,TL,BDDK Haftalık Bülten
2024-04-26,2024-04-26,2024-04-26,False,2024,4,26,539,Nisan/26 (17. Hafta),297,Yabancı Para Pozisyonu,7,Yabancı Para Net Genel Pozisyonu (1+4),TOPLAM,"84.663,54",84663.54,TL,BDDK Haftalık Bülten
2024-04-26,2024-04-26,2024-04-26,False,2024,4,26,539,Nisan/26 (17. Hafta),297,Yabancı Para Pozisyonu,8,Yasal Özkaynak,TOPLAM,"2.835.084,55",2835084.55,TL,BDDK Haftalık Bülten
2024-04-26,2024-04-26,2024-04-26,False,2024,4,26,539,Nisan/26 (17. Hafta),297,Yabancı Para Pozisyonu,9,Dövize Endeskli Varlıklar (Bilgi),TOPLAM,"8.811,94",8811.94,TL,BDDK Haftalık Bülten
2024-05-03,2024-05-03,2024-05-03,False,2024,5,3,540,Mayıs/03 (18. Hafta),297,Yabancı Para Pozisyonu,1,Bilanço İçi Yabancı Para Pozisyonu (2-3),TOPLAM,"-1.317.805,08",-1317805.08,TL,BDDK Haftalık Bülten
2024-05-03,2024-05-03,2024-05-03,False,2024,5,3,540,Mayıs/03 (18. Hafta),297,Yabancı Para Pozisyonu,10,Dövize Endeksli Yükümlülükler (Bilgi),TOPLAM,"15.176,89",15176.89,TL,BDDK Haftalık Bülten
2024-05-03,2024-05-03,2024-05-03,False,2024,5,3,540,Mayıs/03 (18. Hafta),297,Yabancı Para Pozisyonu,2,a) Bilanço İçi Varlıklar,TOPLAM,"10.370.780,87",10370780.87,TL,BDDK Haftalık Bülten
2024-05-03,2024-05-03,2024-05-03,False,2024,5,3,540,Mayıs/03 (18. Hafta),297,Yabancı Para Pozisyonu,3,b) Bilanço İçi Yükümlülükler,TOPLAM,"11.688.585,95",11688585.95,TL,BDDK Haftalık Bülten
2024-05-03,2024-05-03,2024-05-03,False,2024,5,3,540,Mayıs/03 (18. Hafta),297,Yabancı Para Pozisyonu,4,Bilanço Dışı Yabancı Para Pozisyonu (5-6),TOPLAM,"1.408.219,28",1408219.28,TL,BDDK Haftalık Bülten
2024-05-03,2024-05-03,2024-05-03,False,2024,5,3,540,Mayıs/03 (18. Hafta),297,Yabancı Para Pozisyonu,5,a) Bilanço Dışı Varlıklar,TOPLAM,"4.632.848,87",4632848.87,TL,BDDK Haftalık Bülten
2024-05-03,2024-05-03,2024-05-03,False,2024,5,3,540,Mayıs/03 (18. Hafta),297,Yabancı Para Pozisyonu,6,b) Bilanço Dışı Yükümlülükler,TOPLAM,"3.224.629,59",3224629.59,TL,BDDK Haftalık Bülten
2024-05-03,2024-05-03,2024-05-03,False,2024,5,3,540,Mayıs/03 (18. Hafta),297,Yabancı Para Pozisyonu,7,Yabancı Para Net Genel Pozisyonu (1+4),TOPLAM,"90.414,20",90414.2,TL,BDDK Haftalık Bülten
2024-05-03,2024-05-03,2024-05-03,False,2024,5,3,540,Mayıs/03 (18. Hafta),297,Yabancı Para Pozisyonu,8,Yasal Özkaynak,TOPLAM,"2.864.014,54",2864014.54,TL,BDDK Haftalık Bülten
2024-05-03,2024-05-03,2024-05-03,False,2024,5,3,540,Mayıs/03 (18. Hafta),297,Yabancı Para Pozisyonu,9,Dövize Endeskli Varlıklar (Bilgi),TOPLAM,"8.732,95",8732.95,TL,BDDK Haftalık Bülten
2024-05-10,2024-05-10,2024-05-10,False,2024,5,10,541,Mayıs/10 (19. Hafta),297,Yabancı Para Pozisyonu,1,Bilanço İçi Yabancı Para Pozisyonu (2-3),TOPLAM,"-1.296.428,13",-1296428.13,TL,BDDK Haftalık Bülten
2024-05-10,2024-05-10,2024-05-10,False,2024,5,10,541,Mayıs/10 (19. Hafta),297,Yabancı Para Pozisyonu,10,Dövize Endeksli Yükümlülükler (Bilgi),TOPLAM,"14.239,45",14239.45,TL,BDDK Haftalık Bülten
2024-05-10,2024-05-10,2024-05-10,False,2024,5,10,541,Mayıs/10 (19. Hafta),297,Yabancı Para Pozisyonu,2,a) Bilanço İçi Varlıklar,TOPLAM,"10.214.760,54",10214760.54,TL,BDDK Haftalık Bülten
2024-05-10,2024-05-10,2024-05-10,False,2024,5,10,541,Mayıs/10 (19. Hafta),297,Yabancı Para Pozisyonu,3,b) Bilanço İçi Yükümlülükler,TOPLAM,"11.511.188,67",11511188.67,TL,BDDK Haftalık Bülten
2024-05-10,2024-05-10,2024-05-10,False,2024,5,10,541,Mayıs/10 (19. Hafta),297,Yabancı Para Pozisyonu,4,Bilanço Dışı Yabancı Para Pozisyonu (5-6),TOPLAM,"1.377.302,74",1377302.74,TL,BDDK Haftalık Bülten
2024-05-10,2024-05-10,2024-05-10,False,2024,5,10,541,Mayıs/10 (19. Hafta),297,Yabancı Para Pozisyonu,5,a) Bilanço Dışı Varlıklar,TOPLAM,"4.543.965,20",4543965.2,TL,BDDK Haftalık Bülten
2024-05-10,2024-05-10,2024-05-10,False,2024,5,10,541,Mayıs/10 (19. Hafta),297,Yabancı Para Pozisyonu,6,b) Bilanço Dışı Yükümlülükler,TOPLAM,"3.166.662,46",3166662.46,TL,BDDK Haftalık Bülten
2024-05-10,2024-05-10,2024-05-10,False,2024,5,10,541,Mayıs/10 (19. Hafta),297,Yabancı Para Pozisyonu,7,Yabancı Para Net Genel Pozisyonu (1+4),TOPLAM,"80.874,61",80874.61,TL,BDDK Haftalık Bülten
2024-05-10,2024-05-10,2024-05-10,False,2024,5,10,541,Mayıs/10 (19. Hafta),297,Yabancı Para Pozisyonu,8,Yasal Özkaynak,TOPLAM,"2.865.789,67",2865789.67,TL,BDDK Haftalık Bülten
2024-05-10,2024-05-10,2024-05-10,False,2024,5,10,541,Mayıs/10 (19. Hafta),297,Yabancı Para Pozisyonu,9,Dövize Endeskli Varlıklar (Bilgi),TOPLAM,"8.683,24",8683.24,TL,BDDK Haftalık Bülten
2024-05-17,2024-05-17,2024-05-17,False,2024,5,17,542,Mayıs/17 (20. Hafta),297,Yabancı Para Pozisyonu,1,Bilanço İçi Yabancı Para Pozisyonu (2-3),TOPLAM,"-1.180.178,97",-1180178.97,TL,BDDK Haftalık Bülten
2024-05-17,2024-05-17,2024-05-17,False,2024,5,17,542,Mayıs/17 (20. Hafta),297,Yabancı Para Pozisyonu,10,Dövize Endeksli Yükümlülükler (Bilgi),TOPLAM,"13.627,08",13627.08,TL,BDDK Haftalık Bülten
2024-05-17,2024-05-17,2024-05-17,False,2024,5,17,542,Mayıs/17 (20. Hafta),297,Yabancı Para Pozisyonu,2,a) Bilanço İçi Varlıklar,TOPLAM,"10.351.349,34",10351349.34,TL,BDDK Haftalık Bülten
2024-05-17,2024-05-17,2024-05-17,False,2024,5,17,542,Mayıs/17 (20. Hafta),297,Yabancı Para Pozisyonu,3,b) Bilanço İçi Yükümlülükler,TOPLAM,"11.531.528,32",11531528.32,TL,BDDK Haftalık Bülten
2024-05-17,2024-05-17,2024-05-17,False,2024,5,17,542,Mayıs/17 (20. Hafta),297,Yabancı Para Pozisyonu,4,Bilanço Dışı Yabancı Para Pozisyonu (5-6),TOPLAM,"1.255.952,12",1255952.12,TL,BDDK Haftalık Bülten
2024-05-17,2024-05-17,2024-05-17,False,2024,5,17,542,Mayıs/17 (20. Hafta),297,Yabancı Para Pozisyonu,5,a) Bilanço Dışı Varlıklar,TOPLAM,"4.415.677,81",4415677.81,TL,BDDK Haftalık Bülten
2024-05-17,2024-05-17,2024-05-17,False,2024,5,17,542,Mayıs/17 (20. Hafta),297,Yabancı Para Pozisyonu,6,b) Bilanço Dışı Yükümlülükler,TOPLAM,"3.159.725,69",3159725.69,TL,BDDK Haftalık Bülten
2024-05-17,2024-05-17,2024-05-17,False,2024,5,17,542,Mayıs/17 (20. Hafta),297,Yabancı Para Pozisyonu,7,Yabancı Para Net Genel Pozisyonu (1+4),TOPLAM,"75.773,15",75773.15,TL,BDDK Haftalık Bülten
2024-05-17,2024-05-17,2024-05-17,False,2024,5,17,542,Mayıs/17 (20. Hafta),297,Yabancı Para Pozisyonu,8,Yasal Özkaynak,TOPLAM,"2.895.204,29",2895204.29,TL,BDDK Haftalık Bülten
2024-05-17,2024-05-17,2024-05-17,False,2024,5,17,542,Mayıs/17 (20. Hafta),297,Yabancı Para Pozisyonu,9,Dövize Endeskli Varlıklar (Bilgi),TOPLAM,"8.631,20",8631.2,TL,BDDK Haftalık Bülten
2024-05-24,2024-05-24,2024-05-24,False,2024,5,24,543,Mayıs/24 (21. Hafta),297,Yabancı Para Pozisyonu,1,Bilanço İçi Yabancı Para Pozisyonu (2-3),TOPLAM,"-1.087.702,90",-1087702.9,TL,BDDK Haftalık Bülten
2024-05-24,2024-05-24,2024-05-24,False,2024,5,24,543,Mayıs/24 (21. Hafta),297,Yabancı Para Pozisyonu,10,Dövize Endeksli Yükümlülükler (Bilgi),TOPLAM,"19.209,40",19209.4,TL,BDDK Haftalık Bülten
2024-05-24,2024-05-24,2024-05-24,False,2024,5,24,543,Mayıs/24 (21. Hafta),297,Yabancı Para Pozisyonu,2,a) Bilanço İçi Varlıklar,TOPLAM,"10.379.647,19",10379647.19,TL,BDDK Haftalık Bülten
2024-05-24,2024-05-24,2024-05-24,False,2024,5,24,543,Mayıs/24 (21. Hafta),297,Yabancı Para Pozisyonu,3,b) Bilanço İçi Yükümlülükler,TOPLAM,"11.467.350,09",11467350.09,TL,BDDK Haftalık Bülten
2024-05-24,2024-05-24,2024-05-24,False,2024,5,24,543,Mayıs/24 (21. Hafta),297,Yabancı Para Pozisyonu,4,Bilanço Dışı Yabancı Para Pozisyonu (5-6),TOPLAM,"1.167.249,39",1167249.39,TL,BDDK Haftalık Bülten
2024-05-24,2024-05-24,2024-05-24,False,2024,5,24,543,Mayıs/24 (21. Hafta),297,Yabancı Para Pozisyonu,5,a) Bilanço Dışı Varlıklar,TOPLAM,"4.340.610,42",4340610.42,TL,BDDK Haftalık Bülten
2024-05-24,2024-05-24,2024-05-24,False,2024,5,24,543,Mayıs/24 (21. Hafta),297,Yabancı Para Pozisyonu,6,b) Bilanço Dışı Yükümlülükler,TOPLAM,"3.173.361,02",3173361.02,TL,BDDK Haftalık Bülten
2024-05-24,2024-05-24,2024-05-24,False,2024,5,24,543,Mayıs/24 (21. Hafta),297,Yabancı Para Pozisyonu,7,Yabancı Para Net Genel Pozisyonu (1+4),TOPLAM,"79.546,50",79546.5,TL,BDDK Haftalık Bülten
2024-05-24,2024-05-24,2024-05-24,False,2024,5,24,543,Mayıs/24 (21. Hafta),297,Yabancı Para Pozisyonu,8,Yasal Özkaynak,TOPLAM,"2.940.069,56",2940069.56,TL,BDDK Haftalık Bülten
2024-05-24,2024-05-24,2024-05-24,False,2024,5,24,543,Mayıs/24 (21. Hafta),297,Yabancı Para Pozisyonu,9,Dövize Endeskli Varlıklar (Bilgi),TOPLAM,"8.717,45",8717.45,TL,BDDK Haftalık Bülten
2024-05-31,2024-05-31,2024-05-31,False,2024,5,31,544,Mayıs/31 (22. Hafta),297,Yabancı Para Pozisyonu,1,Bilanço İçi Yabancı Para Pozisyonu (2-3),TOPLAM,"-1.042.056,20",-1042056.2,TL,BDDK Haftalık Bülten
2024-05-31,2024-05-31,2024-05-31,False,2024,5,31,544,Mayıs/31 (22. Hafta),297,Yabancı Para Pozisyonu,10,Dövize Endeksli Yükümlülükler (Bilgi),TOPLAM,"18.644,16",18644.16,TL,BDDK Haftalık Bülten
2024-05-31,2024-05-31,2024-05-31,False,2024,5,31,544,Mayıs/31 (22. Hafta),297,Yabancı Para Pozisyonu,2,a) Bilanço İçi Varlıklar,TOPLAM,"10.258.310,27",10258310.27,TL,BDDK Haftalık Bülten
2024-05-31,2024-05-31,2024-05-31,False,2024,5,31,544,Mayıs/31 (22. Hafta),297,Yabancı Para Pozisyonu,3,b) Bilanço İçi Yükümlülükler,TOPLAM,"11.300.366,47",11300366.47,TL,BDDK Haftalık Bülten
2024-05-31,2024-05-31,2024-05-31,False,2024,5,31,544,Mayıs/31 (22. Hafta),297,Yabancı Para Pozisyonu,4,Bilanço Dışı Yabancı Para Pozisyonu (5-6),TOPLAM,"1.125.642,03",1125642.03,TL,BDDK Haftalık Bülten
2024-05-31,2024-05-31,2024-05-31,False,2024,5,31,544,Mayıs/31 (22. Hafta),297,Yabancı Para Pozisyonu,5,a) Bilanço Dışı Varlıklar,TOPLAM,"4.281.381,63",4281381.63,TL,BDDK Haftalık Bülten
2024-05-31,2024-05-31,2024-05-31,False,2024,5,31,544,Mayıs/31 (22. Hafta),297,Yabancı Para Pozisyonu,6,b) Bilanço Dışı Yükümlülükler,TOPLAM,"3.155.739,60",3155739.6,TL,BDDK Haftalık Bülten
2024-05-31,2024-05-31,2024-05-31,False,2024,5,31,544,Mayıs/31 (22. Hafta),297,Yabancı Para Pozisyonu,7,Yabancı Para Net Genel Pozisyonu (1+4),TOPLAM,"83.585,83",83585.83,TL,BDDK Haftalık Bülten
2024-05-31,2024-05-31,2024-05-31,False,2024,5,31,544,Mayıs/31 (22. Hafta),297,Yabancı Para Pozisyonu,8,Yasal Özkaynak,TOPLAM,"2.943.716,62",2943716.62,TL,BDDK Haftalık Bülten
2024-05-31,2024-05-31,2024-05-31,False,2024,5,31,544,Mayıs/31 (22. Hafta),297,Yabancı Para Pozisyonu,9,Dövize Endeskli Varlıklar (Bilgi),TOPLAM,"8.680,54",8680.54,TL,BDDK Haftalık Bülten
2024-06-07,2024-06-07,2024-06-07,False,2024,6,7,545,Haziran/07 (23. Hafta),297,Yabancı Para Pozisyonu,1,Bilanço İçi Yabancı Para Pozisyonu (2-3),TOPLAM,"-979.296,36",-979296.36,TL,BDDK Haftalık Bülten
2024-06-07,2024-06-07,2024-06-07,False,2024,6,7,545,Haziran/07 (23. Hafta),297,Yabancı Para Pozisyonu,10,Dövize Endeksli Yükümlülükler (Bilgi),TOPLAM,"18.565,11",18565.11,TL,BDDK Haftalık Bülten
2024-06-07,2024-06-07,2024-06-07,False,2024,6,7,545,Haziran/07 (23. Hafta),297,Yabancı Para Pozisyonu,2,a) Bilanço İçi Varlıklar,TOPLAM,"10.326.122,27",10326122.27,TL,BDDK Haftalık Bülten
2024-06-07,2024-06-07,2024-06-07,False,2024,6,7,545,Haziran/07 (23. Hafta),297,Yabancı Para Pozisyonu,3,b) Bilanço İçi Yükümlülükler,TOPLAM,"11.305.418,63",11305418.63,TL,BDDK Haftalık Bülten
2024-06-07,2024-06-07,2024-06-07,False,2024,6,7,545,Haziran/07 (23. Hafta),297,Yabancı Para Pozisyonu,4,Bilanço Dışı Yabancı Para Pozisyonu (5-6),TOPLAM,"1.063.495,25",1063495.25,TL,BDDK Haftalık Bülten
2024-06-07,2024-06-07,2024-06-07,False,2024,6,7,545,Haziran/07 (23. Hafta),297,Yabancı Para Pozisyonu,5,a) Bilanço Dışı Varlıklar,TOPLAM,"4.191.593,57",4191593.57,TL,BDDK Haftalık Bülten
2024-06-07,2024-06-07,2024-06-07,False,2024,6,7,545,Haziran/07 (23. Hafta),297,Yabancı Para Pozisyonu,6,b) Bilanço Dışı Yükümlülükler,TOPLAM,"3.128.098,32",3128098.32,TL,BDDK Haftalık Bülten
2024-06-07,2024-06-07,2024-06-07,False,2024,6,7,545,Haziran/07 (23. Hafta),297,Yabancı Para Pozisyonu,7,Yabancı Para Net Genel Pozisyonu (1+4),TOPLAM,"84.198,89",84198.89,TL,BDDK Haftalık Bülten
2024-06-07,2024-06-07,2024-06-07,False,2024,6,7,545,Haziran/07 (23. Hafta),297,Yabancı Para Pozisyonu,8,Yasal Özkaynak,TOPLAM,"2.943.776,76",2943776.76,TL,BDDK Haftalık Bülten
2024-06-07,2024-06-07,2024-06-07,False,2024,6,7,545,Haziran/07 (23. Hafta),297,Yabancı Para Pozisyonu,9,Dövize Endeskli Varlıklar (Bilgi),TOPLAM,"8.655,02",8655.02,TL,BDDK Haftalık Bülten
2024-06-14,2024-06-14,2024-06-14,False,2024,6,14,546,Haziran/14 (24. Hafta),297,Yabancı Para Pozisyonu,1,Bilanço İçi Yabancı Para Pozisyonu (2-3),TOPLAM,"-833.584,52",-833584.52,TL,BDDK Haftalık Bülten
2024-06-14,2024-06-14,2024-06-14,False,2024,6,14,546,Haziran/14 (24. Hafta),297,Yabancı Para Pozisyonu,10,Dövize Endeksli Yükümlülükler (Bilgi),TOPLAM,"18.557,08",18557.08,TL,BDDK Haftalık Bülten
2024-06-14,2024-06-14,2024-06-14,False,2024,6,14,546,Haziran/14 (24. Hafta),297,Yabancı Para Pozisyonu,2,a) Bilanço İçi Varlıklar,TOPLAM,"10.528.483,31",10528483.31,TL,BDDK Haftalık Bülten
2024-06-14,2024-06-14,2024-06-14,False,2024,6,14,546,Haziran/14 (24. Hafta),297,Yabancı Para Pozisyonu,3,b) Bilanço İçi Yükümlülükler,TOPLAM,"11.362.067,83",11362067.83,TL,BDDK Haftalık Bülten
2024-06-14,2024-06-14,2024-06-14,False,2024,6,14,546,Haziran/14 (24. Hafta),297,Yabancı Para Pozisyonu,4,Bilanço Dışı Yabancı Para Pozisyonu (5-6),TOPLAM,"901.855,77",901855.77,TL,BDDK Haftalık Bülten
2024-06-14,2024-06-14,2024-06-14,False,2024,6,14,546,Haziran/14 (24. Hafta),297,Yabancı Para Pozisyonu,5,a) Bilanço Dışı Varlıklar,TOPLAM,"4.144.822,43",4144822.43,TL,BDDK Haftalık Bülten
2024-06-14,2024-06-14,2024-06-14,False,2024,6,14,546,Haziran/14 (24. Hafta),297,Yabancı Para Pozisyonu,6,b) Bilanço Dışı Yükümlülükler,TOPLAM,"3.242.966,67",3242966.67,TL,BDDK Haftalık Bülten
2024-06-14,2024-06-14,2024-06-14,False,2024,6,14,546,Haziran/14 (24. Hafta),297,Yabancı Para Pozisyonu,7,Yabancı Para Net Genel Pozisyonu (1+4),TOPLAM,"68.271,24",68271.24,TL,BDDK Haftalık Bülten
2024-06-14,2024-06-14,2024-06-14,False,2024,6,14,546,Haziran/14 (24. Hafta),297,Yabancı Para Pozisyonu,8,Yasal Özkaynak,TOPLAM,"2.940.729,39",2940729.39,TL,BDDK Haftalık Bülten
2024-06-14,2024-06-14,2024-06-14,False,2024,6,14,546,Haziran/14 (24. Hafta),297,Yabancı Para Pozisyonu,9,Dövize Endeskli Varlıklar (Bilgi),TOPLAM,"8.356,30",8356.3,TL,BDDK Haftalık Bülten
2024-06-21,2024-06-21,2024-06-21,False,2024,6,21,547,Haziran/21 (25. Hafta),297,Yabancı Para Pozisyonu,1,Bilanço İçi Yabancı Para Pozisyonu (2-3),TOPLAM,"-768.499,32",-768499.32,TL,BDDK Haftalık Bülten
2024-06-21,2024-06-21,2024-06-21,False,2024,6,21,547,Haziran/21 (25. Hafta),297,Yabancı Para Pozisyonu,10,Dövize Endeksli Yükümlülükler (Bilgi),TOPLAM,"17.728,84",17728.84,TL,BDDK Haftalık Bülten
2024-06-21,2024-06-21,2024-06-21,False,2024,6,21,547,Haziran/21 (25. Hafta),297,Yabancı Para Pozisyonu,2,a) Bilanço İçi Varlıklar,TOPLAM,"10.774.449,69",10774449.69,TL,BDDK Haftalık Bülten
2024-06-21,2024-06-21,2024-06-21,False,2024,6,21,547,Haziran/21 (25. Hafta),297,Yabancı Para Pozisyonu,3,b) Bilanço İçi Yükümlülükler,TOPLAM,"11.542.949,01",11542949.01,TL,BDDK Haftalık Bülten
2024-06-21,2024-06-21,2024-06-21,False,2024,6,21,547,Haziran/21 (25. Hafta),297,Yabancı Para Pozisyonu,4,Bilanço Dışı Yabancı Para Pozisyonu (5-6),TOPLAM,"834.237,11",834237.11,TL,BDDK Haftalık Bülten
2024-06-21,2024-06-21,2024-06-21,False,2024,6,21,547,Haziran/21 (25. Hafta),297,Yabancı Para Pozisyonu,5,a) Bilanço Dışı Varlıklar,TOPLAM,"3.929.784,54",3929784.54,TL,BDDK Haftalık Bülten
2024-06-21,2024-06-21,2024-06-21,False,2024,6,21,547,Haziran/21 (25. Hafta),297,Yabancı Para Pozisyonu,6,b) Bilanço Dışı Yükümlülükler,TOPLAM,"3.095.547,42",3095547.42,TL,BDDK Haftalık Bülten
2024-06-21,2024-06-21,2024-06-21,False,2024,6,21,547,Haziran/21 (25. Hafta),297,Yabancı Para Pozisyonu,7,Yabancı Para Net Genel Pozisyonu (1+4),TOPLAM,"65.737,79",65737.79,TL,BDDK Haftalık Bülten
2024-06-21,2024-06-21,2024-06-21,False,2024,6,21,547,Haziran/21 (25. Hafta),297,Yabancı Para Pozisyonu,8,Yasal Özkaynak,TOPLAM,"2.947.563,91",2947563.91,TL,BDDK Haftalık Bülten
2024-06-21,2024-06-21,2024-06-21,False,2024,6,21,547,Haziran/21 (25. Hafta),297,Yabancı Para Pozisyonu,9,Dövize Endeskli Varlıklar (Bilgi),TOPLAM,"8.408,33",8408.33,TL,BDDK Haftalık Bülten
2024-06-28,2024-06-28,2024-06-28,False,2024,6,28,548,Haziran/28 (26. Hafta),297,Yabancı Para Pozisyonu,1,Bilanço İçi Yabancı Para Pozisyonu (2-3),TOPLAM,"-623.230,72",-623230.72,TL,BDDK Haftalık Bülten
2024-06-28,2024-06-28,2024-06-28,False,2024,6,28,548,Haziran/28 (26. Hafta),297,Yabancı Para Pozisyonu,10,Dövize Endeksli Yükümlülükler (Bilgi),TOPLAM,"17.030,17",17030.17,TL,BDDK Haftalık Bülten
2024-06-28,2024-06-28,2024-06-28,False,2024,6,28,548,Haziran/28 (26. Hafta),297,Yabancı Para Pozisyonu,2,a) Bilanço İçi Varlıklar,TOPLAM,"10.887.822,10",10887822.1,TL,BDDK Haftalık Bülten
2024-06-28,2024-06-28,2024-06-28,False,2024,6,28,548,Haziran/28 (26. Hafta),297,Yabancı Para Pozisyonu,3,b) Bilanço İçi Yükümlülükler,TOPLAM,"11.511.052,82",11511052.82,TL,BDDK Haftalık Bülten
2024-06-28,2024-06-28,2024-06-28,False,2024,6,28,548,Haziran/28 (26. Hafta),297,Yabancı Para Pozisyonu,4,Bilanço Dışı Yabancı Para Pozisyonu (5-6),TOPLAM,"689.276,75",689276.75,TL,BDDK Haftalık Bülten
2024-06-28,2024-06-28,2024-06-28,False,2024,6,28,548,Haziran/28 (26. Hafta),297,Yabancı Para Pozisyonu,5,a) Bilanço Dışı Varlıklar,TOPLAM,"3.731.758,68",3731758.68,TL,BDDK Haftalık Bülten
2024-06-28,2024-06-28,2024-06-28,False,2024,6,28,548,Haziran/28 (26. Hafta),297,Yabancı Para Pozisyonu,6,b) Bilanço Dışı Yükümlülükler,TOPLAM,"3.042.481,93",3042481.93,TL,BDDK Haftalık Bülten
2024-06-28,2024-06-28,2024-06-28,False,2024,6,28,548,Haziran/28 (26. Hafta),297,Yabancı Para Pozisyonu,7,Yabancı Para Net Genel Pozisyonu (1+4),TOPLAM,"66.046,02",66046.02,TL,BDDK Haftalık Bülten
2024-06-28,2024-06-28,2024-06-28,False,2024,6,28,548,Haziran/28 (26. Hafta),297,Yabancı Para Pozisyonu,8,Yasal Özkaynak,TOPLAM,"2.976.884,01",2976884.01,TL,BDDK Haftalık Bülten
2024-06-28,2024-06-28,2024-06-28,False,2024,6,28,548,Haziran/28 (26. Hafta),297,Yabancı Para Pozisyonu,9,Dövize Endeskli Varlıklar (Bilgi),TOPLAM,"8.312,26",8312.26,TL,BDDK Haftalık Bülten
2024-07-05,2024-07-05,2024-07-05,False,2024,7,5,549,Temmuz/05 (27. Hafta),297,Yabancı Para Pozisyonu,1,Bilanço İçi Yabancı Para Pozisyonu (2-3),TOPLAM,"-601.124,03",-601124.03,TL,BDDK Haftalık Bülten
2024-07-05,2024-07-05,2024-07-05,False,2024,7,5,549,Temmuz/05 (27. Hafta),297,Yabancı Para Pozisyonu,10,Dövize Endeksli Yükümlülükler (Bilgi),TOPLAM,"16.630,51",16630.51,TL,BDDK Haftalık Bülten
2024-07-05,2024-07-05,2024-07-05,False,2024,7,5,549,Temmuz/05 (27. Hafta),297,Yabancı Para Pozisyonu,2,a) Bilanço İçi Varlıklar,TOPLAM,"10.876.041,48",10876041.48,TL,BDDK Haftalık Bülten
2024-07-05,2024-07-05,2024-07-05,False,2024,7,5,549,Temmuz/05 (27. Hafta),297,Yabancı Para Pozisyonu,3,b) Bilanço İçi Yükümlülükler,TOPLAM,"11.477.165,50",11477165.5,TL,BDDK Haftalık Bülten
2024-07-05,2024-07-05,2024-07-05,False,2024,7,5,549,Temmuz/05 (27. Hafta),297,Yabancı Para Pozisyonu,4,Bilanço Dışı Yabancı Para Pozisyonu (5-6),TOPLAM,"674.464,80",674464.8,TL,BDDK Haftalık Bülten
2024-07-05,2024-07-05,2024-07-05,False,2024,7,5,549,Temmuz/05 (27. Hafta),297,Yabancı Para Pozisyonu,5,a) Bilanço Dışı Varlıklar,TOPLAM,"3.849.145,52",3849145.52,TL,BDDK Haftalık Bülten
2024-07-05,2024-07-05,2024-07-05,False,2024,7,5,549,Temmuz/05 (27. Hafta),297,Yabancı Para Pozisyonu,6,b) Bilanço Dışı Yükümlülükler,TOPLAM,"3.174.680,71",3174680.71,TL,BDDK Haftalık Bülten
2024-07-05,2024-07-05,2024-07-05,False,2024,7,5,549,Temmuz/05 (27. Hafta),297,Yabancı Para Pozisyonu,7,Yabancı Para Net Genel Pozisyonu (1+4),TOPLAM,"73.340,78",73340.78,TL,BDDK Haftalık Bülten
2024-07-05,2024-07-05,2024-07-05,False,2024,7,5,549,Temmuz/05 (27. Hafta),297,Yabancı Para Pozisyonu,8,Yasal Özkaynak,TOPLAM,"2.982.455,40",2982455.4,TL,BDDK Haftalık Bülten
2024-07-05,2024-07-05,2024-07-05,False,2024,7,5,549,Temmuz/05 (27. Hafta),297,Yabancı Para Pozisyonu,9,Dövize Endeskli Varlıklar (Bilgi),TOPLAM,"8.227,87",8227.87,TL,BDDK Haftalık Bülten
2024-07-12,2024-07-12,2024-07-12,False,2024,7,12,550,Temmuz/12 (28. Hafta),297,Yabancı Para Pozisyonu,1,Bilanço İçi Yabancı Para Pozisyonu (2-3),TOPLAM,"-621.557,98",-621557.98,TL,BDDK Haftalık Bülten
2024-07-12,2024-07-12,2024-07-12,False,2024,7,12,550,Temmuz/12 (28. Hafta),297,Yabancı Para Pozisyonu,10,Dövize Endeksli Yükümlülükler (Bilgi),TOPLAM,"15.590,96",15590.96,TL,BDDK Haftalık Bülten
2024-07-12,2024-07-12,2024-07-12,False,2024,7,12,550,Temmuz/12 (28. Hafta),297,Yabancı Para Pozisyonu,2,a) Bilanço İçi Varlıklar,TOPLAM,"11.059.736,99",11059736.99,TL,BDDK Haftalık Bülten
2024-07-12,2024-07-12,2024-07-12,False,2024,7,12,550,Temmuz/12 (28. Hafta),297,Yabancı Para Pozisyonu,3,b) Bilanço İçi Yükümlülükler,TOPLAM,"11.681.294,97",11681294.97,TL,BDDK Haftalık Bülten
2024-07-12,2024-07-12,2024-07-12,False,2024,7,12,550,Temmuz/12 (28. Hafta),297,Yabancı Para Pozisyonu,4,Bilanço Dışı Yabancı Para Pozisyonu (5-6),TOPLAM,"681.885,32",681885.32,TL,BDDK Haftalık Bülten
2024-07-12,2024-07-12,2024-07-12,False,2024,7,12,550,Temmuz/12 (28. Hafta),297,Yabancı Para Pozisyonu,5,a) Bilanço Dışı Varlıklar,TOPLAM,"4.015.884,02",4015884.02,TL,BDDK Haftalık Bülten
2024-07-12,2024-07-12,2024-07-12,False,2024,7,12,550,Temmuz/12 (28. Hafta),297,Yabancı Para Pozisyonu,6,b) Bilanço Dışı Yükümlülükler,TOPLAM,"3.333.998,70",3333998.7,TL,BDDK Haftalık Bülten
2024-07-12,2024-07-12,2024-07-12,False,2024,7,12,550,Temmuz/12 (28. Hafta),297,Yabancı Para Pozisyonu,7,Yabancı Para Net Genel Pozisyonu (1+4),TOPLAM,"60.327,34",60327.34,TL,BDDK Haftalık Bülten
2024-07-12,2024-07-12,2024-07-12,False,2024,7,12,550,Temmuz/12 (28. Hafta),297,Yabancı Para Pozisyonu,8,Yasal Özkaynak,TOPLAM,"3.002.724,46",3002724.46,TL,BDDK Haftalık Bülten
2024-07-12,2024-07-12,2024-07-12,False,2024,7,12,550,Temmuz/12 (28. Hafta),297,Yabancı Para Pozisyonu,9,Dövize Endeskli Varlıklar (Bilgi),TOPLAM,"8.254,12",8254.12,TL,BDDK Haftalık Bülten
2024-07-19,2024-07-19,2024-07-19,False,2024,7,19,551,Temmuz/19 (29. Hafta),297,Yabancı Para Pozisyonu,1,Bilanço İçi Yabancı Para Pozisyonu (2-3),TOPLAM,"-625.848,41",-625848.41,TL,BDDK Haftalık Bülten
2024-07-19,2024-07-19,2024-07-19,False,2024,7,19,551,Temmuz/19 (29. Hafta),297,Yabancı Para Pozisyonu,10,Dövize Endeksli Yükümlülükler (Bilgi),TOPLAM,"14.158,59",14158.59,TL,BDDK Haftalık Bülten
2024-07-19,2024-07-19,2024-07-19,False,2024,7,19,551,Temmuz/19 (29. Hafta),297,Yabancı Para Pozisyonu,2,a) Bilanço İçi Varlıklar,TOPLAM,"11.115.133,07",11115133.07,TL,BDDK Haftalık Bülten
2024-07-19,2024-07-19,2024-07-19,False,2024,7,19,551,Temmuz/19 (29. Hafta),297,Yabancı Para Pozisyonu,3,b) Bilanço İçi Yükümlülükler,TOPLAM,"11.740.981,48",11740981.48,TL,BDDK Haftalık Bülten
2024-07-19,2024-07-19,2024-07-19,False,2024,7,19,551,Temmuz/19 (29. Hafta),297,Yabancı Para Pozisyonu,4,Bilanço Dışı Yabancı Para Pozisyonu (5-6),TOPLAM,"684.049,72",684049.72,TL,BDDK Haftalık Bülten
2024-07-19,2024-07-19,2024-07-19,False,2024,7,19,551,Temmuz/19 (29. Hafta),297,Yabancı Para Pozisyonu,5,a) Bilanço Dışı Varlıklar,TOPLAM,"3.952.158,28",3952158.28,TL,BDDK Haftalık Bülten
2024-07-19,2024-07-19,2024-07-19,False,2024,7,19,551,Temmuz/19 (29. Hafta),297,Yabancı Para Pozisyonu,6,b) Bilanço Dışı Yükümlülükler,TOPLAM,"3.268.108,56",3268108.56,TL,BDDK Haftalık Bülten
2024-07-19,2024-07-19,2024-07-19,False,2024,7,19,551,Temmuz/19 (29. Hafta),297,Yabancı Para Pozisyonu,7,Yabancı Para Net Genel Pozisyonu (1+4),TOPLAM,"58.201,31",58201.31,TL,BDDK Haftalık Bülten
2024-07-19,2024-07-19,2024-07-19,False,2024,7,19,551,Temmuz/19 (29. Hafta),297,Yabancı Para Pozisyonu,8,Yasal Özkaynak,TOPLAM,"3.023.362,59",3023362.59,TL,BDDK Haftalık Bülten
2024-07-19,2024-07-19,2024-07-19,False,2024,7,19,551,Temmuz/19 (29. Hafta),297,Yabancı Para Pozisyonu,9,Dövize Endeskli Varlıklar (Bilgi),TOPLAM,"8.272,73",8272.73,TL,BDDK Haftalık Bülten
2024-07-26,2024-07-26,2024-07-26,False,2024,7,26,552,Temmuz/26 (30. Hafta),297,Yabancı Para Pozisyonu,1,Bilanço İçi Yabancı Para Pozisyonu (2-3),TOPLAM,"-553.070,81",-553070.81,TL,BDDK Haftalık Bülten
2024-07-26,2024-07-26,2024-07-26,False,2024,7,26,552,Temmuz/26 (30. Hafta),297,Yabancı Para Pozisyonu,10,Dövize Endeksli Yükümlülükler (Bilgi),TOPLAM,"13.609,01",13609.01,TL,BDDK Haftalık Bülten
2024-07-26,2024-07-26,2024-07-26,False,2024,7,26,552,Temmuz/26 (30. Hafta),297,Yabancı Para Pozisyonu,2,a) Bilanço İçi Varlıklar,TOPLAM,"11.144.304,03",11144304.03,TL,BDDK Haftalık Bülten
2024-07-26,2024-07-26,2024-07-26,False,2024,7,26,552,Temmuz/26 (30. Hafta),297,Yabancı Para Pozisyonu,3,b) Bilanço İçi Yükümlülükler,TOPLAM,"11.697.374,84",11697374.84,TL,BDDK Haftalık Bülten
2024-07-26,2024-07-26,2024-07-26,False,2024,7,26,552,Temmuz/26 (30. Hafta),297,Yabancı Para Pozisyonu,4,Bilanço Dışı Yabancı Para Pozisyonu (5-6),TOPLAM,"611.459,62",611459.62,TL,BDDK Haftalık Bülten
2024-07-26,2024-07-26,2024-07-26,False,2024,7,26,552,Temmuz/26 (30. Hafta),297,Yabancı Para Pozisyonu,5,a) Bilanço Dışı Varlıklar,TOPLAM,"3.839.320,08",3839320.08,TL,BDDK Haftalık Bülten
2024-07-26,2024-07-26,2024-07-26,False,2024,7,26,552,Temmuz/26 (30. Hafta),297,Yabancı Para Pozisyonu,6,b) Bilanço Dışı Yükümlülükler,TOPLAM,"3.227.860,45",3227860.45,TL,BDDK Haftalık Bülten
2024-07-26,2024-07-26,2024-07-26,False,2024,7,26,552,Temmuz/26 (30. Hafta),297,Yabancı Para Pozisyonu,7,Yabancı Para Net Genel Pozisyonu (1+4),TOPLAM,"58.388,81",58388.81,TL,BDDK Haftalık Bülten
2024-07-26,2024-07-26,2024-07-26,False,2024,7,26,552,Temmuz/26 (30. Hafta),297,Yabancı Para Pozisyonu,8,Yasal Özkaynak,TOPLAM,"3.064.549,02",3064549.02,TL,BDDK Haftalık Bülten
2024-07-26,2024-07-26,2024-07-26,False,2024,7,26,552,Temmuz/26 (30. Hafta),297,Yabancı Para Pozisyonu,9,Dövize Endeskli Varlıklar (Bilgi),TOPLAM,"8.164,42",8164.42,TL,BDDK Haftalık Bülten
2024-08-02,2024-08-02,2024-08-02,False,2024,8,2,553,Ağustos/02 (31. Hafta),297,Yabancı Para Pozisyonu,1,Bilanço İçi Yabancı Para Pozisyonu (2-3),TOPLAM,"-563.434,02",-563434.02,TL,BDDK Haftalık Bülten
2024-08-02,2024-08-02,2024-08-02,False,2024,8,2,553,Ağustos/02 (31. Hafta),297,Yabancı Para Pozisyonu,10,Dövize Endeksli Yükümlülükler (Bilgi),TOPLAM,"12.120,87",12120.87,TL,BDDK Haftalık Bülten
2024-08-02,2024-08-02,2024-08-02,False,2024,8,2,553,Ağustos/02 (31. Hafta),297,Yabancı Para Pozisyonu,2,a) Bilanço İçi Varlıklar,TOPLAM,"11.228.395,47",11228395.47,TL,BDDK Haftalık Bülten
2024-08-02,2024-08-02,2024-08-02,False,2024,8,2,553,Ağustos/02 (31. Hafta),297,Yabancı Para Pozisyonu,3,b) Bilanço İçi Yükümlülükler,TOPLAM,"11.791.829,49",11791829.49,TL,BDDK Haftalık Bülten
2024-08-02,2024-08-02,2024-08-02,False,2024,8,2,553,Ağustos/02 (31. Hafta),297,Yabancı Para Pozisyonu,4,Bilanço Dışı Yabancı Para Pozisyonu (5-6),TOPLAM,"629.402,29",629402.29,TL,BDDK Haftalık Bülten
2024-08-02,2024-08-02,2024-08-02,False,2024,8,2,553,Ağustos/02 (31. Hafta),297,Yabancı Para Pozisyonu,5,a) Bilanço Dışı Varlıklar,TOPLAM,"4.021.317,08",4021317.08,TL,BDDK Haftalık Bülten
2024-08-02,2024-08-02,2024-08-02,False,2024,8,2,553,Ağustos/02 (31. Hafta),297,Yabancı Para Pozisyonu,6,b) Bilanço Dışı Yükümlülükler,TOPLAM,"3.391.914,79",3391914.79,TL,BDDK Haftalık Bülten
2024-08-02,2024-08-02,2024-08-02,False,2024,8,2,553,Ağustos/02 (31. Hafta),297,Yabancı Para Pozisyonu,7,Yabancı Para Net Genel Pozisyonu (1+4),TOPLAM,"65.968,27",65968.27,TL,BDDK Haftalık Bülten
2024-08-02,2024-08-02,2024-08-02,False,2024,8,2,553,Ağustos/02 (31. Hafta),297,Yabancı Para Pozisyonu,8,Yasal Özkaynak,TOPLAM,"3.068.903,64",3068903.64,TL,BDDK Haftalık Bülten
2024-08-02,2024-08-02,2024-08-02,False,2024,8,2,553,Ağustos/02 (31. Hafta),297,Yabancı Para Pozisyonu,9,Dövize Endeskli Varlıklar (Bilgi),TOPLAM,"8.161,66",8161.66,TL,BDDK Haftalık Bülten
2024-08-09,2024-08-09,2024-08-09,False,2024,8,9,554,Ağustos/09 (32. Hafta),297,Yabancı Para Pozisyonu,1,Bilanço İçi Yabancı Para Pozisyonu (2-3),TOPLAM,"-526.733,96",-526733.96,TL,BDDK Haftalık Bülten
2024-08-09,2024-08-09,2024-08-09,False,2024,8,9,554,Ağustos/09 (32. Hafta),297,Yabancı Para Pozisyonu,10,Dövize Endeksli Yükümlülükler (Bilgi),TOPLAM,"11.753,79",11753.79,TL,BDDK Haftalık Bülten
2024-08-09,2024-08-09,2024-08-09,False,2024,8,9,554,Ağustos/09 (32. Hafta),297,Yabancı Para Pozisyonu,2,a) Bilanço İçi Varlıklar,TOPLAM,"11.503.624,96",11503624.96,TL,BDDK Haftalık Bülten
2024-08-09,2024-08-09,2024-08-09,False,2024,8,9,554,Ağustos/09 (32. Hafta),297,Yabancı Para Pozisyonu,3,b) Bilanço İçi Yükümlülükler,TOPLAM,"12.030.358,92",12030358.92,TL,BDDK Haftalık Bülten
2024-08-09,2024-08-09,2024-08-09,False,2024,8,9,554,Ağustos/09 (32. Hafta),297,Yabancı Para Pozisyonu,4,Bilanço Dışı Yabancı Para Pozisyonu (5-6),TOPLAM,"597.062,75",597062.75,TL,BDDK Haftalık Bülten
2024-08-09,2024-08-09,2024-08-09,False,2024,8,9,554,Ağustos/09 (32. Hafta),297,Yabancı Para Pozisyonu,5,a) Bilanço Dışı Varlıklar,TOPLAM,"4.025.882,66",4025882.66,TL,BDDK Haftalık Bülten
2024-08-09,2024-08-09,2024-08-09,False,2024,8,9,554,Ağustos/09 (32. Hafta),297,Yabancı Para Pozisyonu,6,b) Bilanço Dışı Yükümlülükler,TOPLAM,"3.428.819,91",3428819.91,TL,BDDK Haftalık Bülten
2024-08-09,2024-08-09,2024-08-09,False,2024,8,9,554,Ağustos/09 (32. Hafta),297,Yabancı Para Pozisyonu,7,Yabancı Para Net Genel Pozisyonu (1+4),TOPLAM,"70.328,80",70328.8,TL,BDDK Haftalık Bülten
2024-08-09,2024-08-09,2024-08-09,False,2024,8,9,554,Ağustos/09 (32. Hafta),297,Yabancı Para Pozisyonu,8,Yasal Özkaynak,TOPLAM,"3.071.443,61",3071443.61,TL,BDDK Haftalık Bülten
2024-08-09,2024-08-09,2024-08-09,False,2024,8,9,554,Ağustos/09 (32. Hafta),297,Yabancı Para Pozisyonu,9,Dövize Endeskli Varlıklar (Bilgi),TOPLAM,"8.192,93",8192.93,TL,BDDK Haftalık Bülten
2024-08-16,2024-08-16,2024-08-16,False,2024,8,16,555,Ağustos/16 (33. Hafta),297,Yabancı Para Pozisyonu,1,Bilanço İçi Yabancı Para Pozisyonu (2-3),TOPLAM,"-561.787,01",-561787.01,TL,BDDK Haftalık Bülten
2024-08-16,2024-08-16,2024-08-16,False,2024,8,16,555,Ağustos/16 (33. Hafta),297,Yabancı Para Pozisyonu,10,Dövize Endeksli Yükümlülükler (Bilgi),TOPLAM,"11.484,44",11484.44,TL,BDDK Haftalık Bülten
2024-08-16,2024-08-16,2024-08-16,False,2024,8,16,555,Ağustos/16 (33. Hafta),297,Yabancı Para Pozisyonu,2,a) Bilanço İçi Varlıklar,TOPLAM,"11.615.705,45",11615705.45,TL,BDDK Haftalık Bülten
2024-08-16,2024-08-16,2024-08-16,False,2024,8,16,555,Ağustos/16 (33. Hafta),297,Yabancı Para Pozisyonu,3,b) Bilanço İçi Yükümlülükler,TOPLAM,"12.177.492,46",12177492.46,TL,BDDK Haftalık Bülten
2024-08-16,2024-08-16,2024-08-16,False,2024,8,16,555,Ağustos/16 (33. Hafta),297,Yabancı Para Pozisyonu,4,Bilanço Dışı Yabancı Para Pozisyonu (5-6),TOPLAM,"636.333,68",636333.68,TL,BDDK Haftalık Bülten
2024-08-16,2024-08-16,2024-08-16,False,2024,8,16,555,Ağustos/16 (33. Hafta),297,Yabancı Para Pozisyonu,5,a) Bilanço Dışı Varlıklar,TOPLAM,"4.086.113,35",4086113.35,TL,BDDK Haftalık Bülten
2024-08-16,2024-08-16,2024-08-16,False,2024,8,16,555,Ağustos/16 (33. Hafta),297,Yabancı Para Pozisyonu,6,b) Bilanço Dışı Yükümlülükler,TOPLAM,"3.449.779,67",3449779.67,TL,BDDK Haftalık Bülten
2024-08-16,2024-08-16,2024-08-16,False,2024,8,16,555,Ağustos/16 (33. Hafta),297,Yabancı Para Pozisyonu,7,Yabancı Para Net Genel Pozisyonu (1+4),TOPLAM,"74.546,67",74546.67,TL,BDDK Haftalık Bülten
2024-08-16,2024-08-16,2024-08-16,False,2024,8,16,555,Ağustos/16 (33. Hafta),297,Yabancı Para Pozisyonu,8,Yasal Özkaynak,TOPLAM,"3.080.658,70",3080658.7,TL,BDDK Haftalık Bülten
2024-08-16,2024-08-16,2024-08-16,False,2024,8,16,555,Ağustos/16 (33. Hafta),297,Yabancı Para Pozisyonu,9,Dövize Endeskli Varlıklar (Bilgi),TOPLAM,"8.201,37",8201.37,TL,BDDK Haftalık Bülten
2024-08-23,2024-08-23,2024-08-23,False,2024,8,23,556,Ağustos/23 (34. Hafta),297,Yabancı Para Pozisyonu,1,Bilanço İçi Yabancı Para Pozisyonu (2-3),TOPLAM,"-553.450,34",-553450.34,TL,BDDK Haftalık Bülten
2024-08-23,2024-08-23,2024-08-23,False,2024,8,23,556,Ağustos/23 (34. Hafta),297,Yabancı Para Pozisyonu,10,Dövize Endeksli Yükümlülükler (Bilgi),TOPLAM,"11.423,91",11423.91,TL,BDDK Haftalık Bülten
2024-08-23,2024-08-23,2024-08-23,False,2024,8,23,556,Ağustos/23 (34. Hafta),297,Yabancı Para Pozisyonu,2,a) Bilanço İçi Varlıklar,TOPLAM,"11.928.467,28",11928467.28,TL,BDDK Haftalık Bülten
2024-08-23,2024-08-23,2024-08-23,False,2024,8,23,556,Ağustos/23 (34. Hafta),297,Yabancı Para Pozisyonu,3,b) Bilanço İçi Yükümlülükler,TOPLAM,"12.481.917,62",12481917.62,TL,BDDK Haftalık Bülten
2024-08-23,2024-08-23,2024-08-23,False,2024,8,23,556,Ağustos/23 (34. Hafta),297,Yabancı Para Pozisyonu,4,Bilanço Dışı Yabancı Para Pozisyonu (5-6),TOPLAM,"633.386,64",633386.64,TL,BDDK Haftalık Bülten
2024-08-23,2024-08-23,2024-08-23,False,2024,8,23,556,Ağustos/23 (34. Hafta),297,Yabancı Para Pozisyonu,5,a) Bilanço Dışı Varlıklar,TOPLAM,"4.230.852,35",4230852.35,TL,BDDK Haftalık Bülten
2024-08-23,2024-08-23,2024-08-23,False,2024,8,23,556,Ağustos/23 (34. Hafta),297,Yabancı Para Pozisyonu,6,b) Bilanço Dışı Yükümlülükler,TOPLAM,"3.597.465,71",3597465.71,TL,BDDK Haftalık Bülten
2024-08-23,2024-08-23,2024-08-23,False,2024,8,23,556,Ağustos/23 (34. Hafta),297,Yabancı Para Pozisyonu,7,Yabancı Para Net Genel Pozisyonu (1+4),TOPLAM,"79.936,30",79936.3,TL,BDDK Haftalık Bülten
2024-08-23,2024-08-23,2024-08-23,False,2024,8,23,556,Ağustos/23 (34. Hafta),297,Yabancı Para Pozisyonu,8,Yasal Özkaynak,TOPLAM,"3.125.272,65",3125272.65,TL,BDDK Haftalık Bülten
2024-08-23,2024-08-23,2024-08-23,False,2024,8,23,556,Ağustos/23 (34. Hafta),297,Yabancı Para Pozisyonu,9,Dövize Endeskli Varlıklar (Bilgi),TOPLAM,"8.306,57",8306.57,TL,BDDK Haftalık Bülten
2024-08-29,2024-08-29,2024-08-29,False,2024,8,29,557,Ağustos/29 (35. Hafta),297,Yabancı Para Pozisyonu,1,Bilanço İçi Yabancı Para Pozisyonu (2-3),TOPLAM,"-494.920,06",-494920.06,TL,BDDK Haftalık Bülten
2024-08-29,2024-08-29,2024-08-29,False,2024,8,29,557,Ağustos/29 (35. Hafta),297,Yabancı Para Pozisyonu,10,Dövize Endeksli Yükümlülükler (Bilgi),TOPLAM,"11.203,61",11203.61,TL,BDDK Haftalık Bülten
2024-08-29,2024-08-29,2024-08-29,False,2024,8,29,557,Ağustos/29 (35. Hafta),297,Yabancı Para Pozisyonu,2,a) Bilanço İçi Varlıklar,TOPLAM,"11.976.926,81",11976926.81,TL,BDDK Haftalık Bülten
2024-08-29,2024-08-29,2024-08-29,False,2024,8,29,557,Ağustos/29 (35. Hafta),297,Yabancı Para Pozisyonu,3,b) Bilanço İçi Yükümlülükler,TOPLAM,"12.471.846,87",12471846.87,TL,BDDK Haftalık Bülten
2024-08-29,2024-08-29,2024-08-29,False,2024,8,29,557,Ağustos/29 (35. Hafta),297,Yabancı Para Pozisyonu,4,Bilanço Dışı Yabancı Para Pozisyonu (5-6),TOPLAM,"586.142,26",586142.26,TL,BDDK Haftalık Bülten
2024-08-29,2024-08-29,2024-08-29,False,2024,8,29,557,Ağustos/29 (35. Hafta),297,Yabancı Para Pozisyonu,5,a) Bilanço Dışı Varlıklar,TOPLAM,"4.422.366,12",4422366.12,TL,BDDK Haftalık Bülten
2024-08-29,2024-08-29,2024-08-29,False,2024,8,29,557,Ağustos/29 (35. Hafta),297,Yabancı Para Pozisyonu,6,b) Bilanço Dışı Yükümlülükler,TOPLAM,"3.836.223,86",3836223.86,TL,BDDK Haftalık Bülten
2024-08-29,2024-08-29,2024-08-29,False,2024,8,29,557,Ağustos/29 (35. Hafta),297,Yabancı Para Pozisyonu,7,Yabancı Para Net Genel Pozisyonu (1+4),TOPLAM,"91.222,20",91222.2,TL,BDDK Haftalık Bülten
2024-08-29,2024-08-29,2024-08-29,False,2024,8,29,557,Ağustos/29 (35. Hafta),297,Yabancı Para Pozisyonu,8,Yasal Özkaynak,TOPLAM,"3.138.229,13",3138229.13,TL,BDDK Haftalık Bülten
2024-08-29,2024-08-29,2024-08-29,False,2024,8,29,557,Ağustos/29 (35. Hafta),297,Yabancı Para Pozisyonu,9,Dövize Endeskli Varlıklar (Bilgi),TOPLAM,"8.249,86",8249.86,TL,BDDK Haftalık Bülten
2024-09-06,2024-09-06,2024-09-06,False,2024,9,6,558,Eylül/06 (36. Hafta),297,Yabancı Para Pozisyonu,1,Bilanço İçi Yabancı Para Pozisyonu (2-3),TOPLAM,"-533.364,40",-533364.4,TL,BDDK Haftalık Bülten
2024-09-06,2024-09-06,2024-09-06,False,2024,9,6,558,Eylül/06 (36. Hafta),297,Yabancı Para Pozisyonu,10,Dövize Endeksli Yükümlülükler (Bilgi),TOPLAM,"10.758,10",10758.1,TL,BDDK Haftalık Bülten
2024-09-06,2024-09-06,2024-09-06,False,2024,9,6,558,Eylül/06 (36. Hafta),297,Yabancı Para Pozisyonu,2,a) Bilanço İçi Varlıklar,TOPLAM,"11.961.040,07",11961040.07,TL,BDDK Haftalık Bülten
2024-09-06,2024-09-06,2024-09-06,False,2024,9,6,558,Eylül/06 (36. Hafta),297,Yabancı Para Pozisyonu,3,b) Bilanço İçi Yükümlülükler,TOPLAM,"12.494.404,46",12494404.46,TL,BDDK Haftalık Bülten
2024-09-06,2024-09-06,2024-09-06,False,2024,9,6,558,Eylül/06 (36. Hafta),297,Yabancı Para Pozisyonu,4,Bilanço Dışı Yabancı Para Pozisyonu (5-6),TOPLAM,"604.515,94",604515.94,TL,BDDK Haftalık Bülten
2024-09-06,2024-09-06,2024-09-06,False,2024,9,6,558,Eylül/06 (36. Hafta),297,Yabancı Para Pozisyonu,5,a) Bilanço Dışı Varlıklar,TOPLAM,"4.109.119,55",4109119.55,TL,BDDK Haftalık Bülten
2024-09-06,2024-09-06,2024-09-06,False,2024,9,6,558,Eylül/06 (36. Hafta),297,Yabancı Para Pozisyonu,6,b) Bilanço Dışı Yükümlülükler,TOPLAM,"3.504.603,61",3504603.61,TL,BDDK Haftalık Bülten
2024-09-06,2024-09-06,2024-09-06,False,2024,9,6,558,Eylül/06 (36. Hafta),297,Yabancı Para Pozisyonu,7,Yabancı Para Net Genel Pozisyonu (1+4),TOPLAM,"71.151,54",71151.54,TL,BDDK Haftalık Bülten
2024-09-06,2024-09-06,2024-09-06,False,2024,9,6,558,Eylül/06 (36. Hafta),297,Yabancı Para Pozisyonu,8,Yasal Özkaynak,TOPLAM,"3.138.401,61",3138401.61,TL,BDDK Haftalık Bülten
2024-09-06,2024-09-06,2024-09-06,False,2024,9,6,558,Eylül/06 (36. Hafta),297,Yabancı Para Pozisyonu,9,Dövize Endeskli Varlıklar (Bilgi),TOPLAM,"8.204,98",8204.98,TL,BDDK Haftalık Bülten
2024-09-13,2024-09-13,2024-09-13,False,2024,9,13,559,Eylül/13 (37. Hafta),297,Yabancı Para Pozisyonu,1,Bilanço İçi Yabancı Para Pozisyonu (2-3),TOPLAM,"-626.788,93",-626788.93,TL,BDDK Haftalık Bülten
2024-09-13,2024-09-13,2024-09-13,False,2024,9,13,559,Eylül/13 (37. Hafta),297,Yabancı Para Pozisyonu,10,Dövize Endeksli Yükümlülükler (Bilgi),TOPLAM,"10.618,86",10618.86,TL,BDDK Haftalık Bülten
2024-09-13,2024-09-13,2024-09-13,False,2024,9,13,559,Eylül/13 (37. Hafta),297,Yabancı Para Pozisyonu,2,a) Bilanço İçi Varlıklar,TOPLAM,"11.856.460,56",11856460.56,TL,BDDK Haftalık Bülten
2024-09-13,2024-09-13,2024-09-13,False,2024,9,13,559,Eylül/13 (37. Hafta),297,Yabancı Para Pozisyonu,3,b) Bilanço İçi Yükümlülükler,TOPLAM,"12.483.249,49",12483249.49,TL,BDDK Haftalık Bülten
2024-09-13,2024-09-13,2024-09-13,False,2024,9,13,559,Eylül/13 (37. Hafta),297,Yabancı Para Pozisyonu,4,Bilanço Dışı Yabancı Para Pozisyonu (5-6),TOPLAM,"707.954,24",707954.24,TL,BDDK Haftalık Bülten
2024-09-13,2024-09-13,2024-09-13,False,2024,9,13,559,Eylül/13 (37. Hafta),297,Yabancı Para Pozisyonu,5,a) Bilanço Dışı Varlıklar,TOPLAM,"4.099.507,03",4099507.03,TL,BDDK Haftalık Bülten
2024-09-13,2024-09-13,2024-09-13,False,2024,9,13,559,Eylül/13 (37. Hafta),297,Yabancı Para Pozisyonu,6,b) Bilanço Dışı Yükümlülükler,TOPLAM,"3.391.552,79",3391552.79,TL,BDDK Haftalık Bülten
2024-09-13,2024-09-13,2024-09-13,False,2024,9,13,559,Eylül/13 (37. Hafta),297,Yabancı Para Pozisyonu,7,Yabancı Para Net Genel Pozisyonu (1+4),TOPLAM,"81.165,31",81165.31,TL,BDDK Haftalık Bülten
2024-09-13,2024-09-13,2024-09-13,False,2024,9,13,559,Eylül/13 (37. Hafta),297,Yabancı Para Pozisyonu,8,Yasal Özkaynak,TOPLAM,"3.145.402,02",3145402.02,TL,BDDK Haftalık Bülten
2024-09-13,2024-09-13,2024-09-13,False,2024,9,13,559,Eylül/13 (37. Hafta),297,Yabancı Para Pozisyonu,9,Dövize Endeskli Varlıklar (Bilgi),TOPLAM,"8.132,95",8132.95,TL,BDDK Haftalık Bülten
2024-09-20,2024-09-20,2024-09-20,False,2024,9,20,560,Eylül/20 (38. Hafta),297,Yabancı Para Pozisyonu,1,Bilanço İçi Yabancı Para Pozisyonu (2-3),TOPLAM,"-648.596,02",-648596.02,TL,BDDK Haftalık Bülten
2024-09-20,2024-09-20,2024-09-20,False,2024,9,20,560,Eylül/20 (38. Hafta),297,Yabancı Para Pozisyonu,10,Dövize Endeksli Yükümlülükler (Bilgi),TOPLAM,"10.318,61",10318.61,TL,BDDK Haftalık Bülten
2024-09-20,2024-09-20,2024-09-20,False,2024,9,20,560,Eylül/20 (38. Hafta),297,Yabancı Para Pozisyonu,2,a) Bilanço İçi Varlıklar,TOPLAM,"11.952.889,97",11952889.97,TL,BDDK Haftalık Bülten
2024-09-20,2024-09-20,2024-09-20,False,2024,9,20,560,Eylül/20 (38. Hafta),297,Yabancı Para Pozisyonu,3,b) Bilanço İçi Yükümlülükler,TOPLAM,"12.601.485,99",12601485.99,TL,BDDK Haftalık Bülten
2024-09-20,2024-09-20,2024-09-20,False,2024,9,20,560,Eylül/20 (38. Hafta),297,Yabancı Para Pozisyonu,4,Bilanço Dışı Yabancı Para Pozisyonu (5-6),TOPLAM,"726.298,16",726298.16,TL,BDDK Haftalık Bülten
2024-09-20,2024-09-20,2024-09-20,False,2024,9,20,560,Eylül/20 (38. Hafta),297,Yabancı Para Pozisyonu,5,a) Bilanço Dışı Varlıklar,TOPLAM,"4.144.282,01",4144282.01,TL,BDDK Haftalık Bülten
2024-09-20,2024-09-20,2024-09-20,False,2024,9,20,560,Eylül/20 (38. Hafta),297,Yabancı Para Pozisyonu,6,b) Bilanço Dışı Yükümlülükler,TOPLAM,"3.417.983,85",3417983.85,TL,BDDK Haftalık Bülten
2024-09-20,2024-09-20,2024-09-20,False,2024,9,20,560,Eylül/20 (38. Hafta),297,Yabancı Para Pozisyonu,7,Yabancı Para Net Genel Pozisyonu (1+4),TOPLAM,"77.702,14",77702.14,TL,BDDK Haftalık Bülten
2024-09-20,2024-09-20,2024-09-20,False,2024,9,20,560,Eylül/20 (38. Hafta),297,Yabancı Para Pozisyonu,8,Yasal Özkaynak,TOPLAM,"3.172.891,83",3172891.83,TL,BDDK Haftalık Bülten
2024-09-20,2024-09-20,2024-09-20,False,2024,9,20,560,Eylül/20 (38. Hafta),297,Yabancı Para Pozisyonu,9,Dövize Endeskli Varlıklar (Bilgi),TOPLAM,"8.169,69",8169.69,TL,BDDK Haftalık Bülten
2024-09-27,2024-09-27,2024-09-27,False,2024,9,27,561,Eylül/27 (39. Hafta),297,Yabancı Para Pozisyonu,1,Bilanço İçi Yabancı Para Pozisyonu (2-3),TOPLAM,"-690.104,80",-690104.8,TL,BDDK Haftalık Bülten
2024-09-27,2024-09-27,2024-09-27,False,2024,9,27,561,Eylül/27 (39. Hafta),297,Yabancı Para Pozisyonu,10,Dövize Endeksli Yükümlülükler (Bilgi),TOPLAM,"10.207,22",10207.22,TL,BDDK Haftalık Bülten
2024-09-27,2024-09-27,2024-09-27,False,2024,9,27,561,Eylül/27 (39. Hafta),297,Yabancı Para Pozisyonu,2,a) Bilanço İçi Varlıklar,TOPLAM,"11.940.854,79",11940854.79,TL,BDDK Haftalık Bülten
2024-09-27,2024-09-27,2024-09-27,False,2024,9,27,561,Eylül/27 (39. Hafta),297,Yabancı Para Pozisyonu,3,b) Bilanço İçi Yükümlülükler,TOPLAM,"12.630.959,58",12630959.58,TL,BDDK Haftalık Bülten
2024-09-27,2024-09-27,2024-09-27,False,2024,9,27,561,Eylül/27 (39. Hafta),297,Yabancı Para Pozisyonu,4,Bilanço Dışı Yabancı Para Pozisyonu (5-6),TOPLAM,"765.682,79",765682.79,TL,BDDK Haftalık Bülten
2024-09-27,2024-09-27,2024-09-27,False,2024,9,27,561,Eylül/27 (39. Hafta),297,Yabancı Para Pozisyonu,5,a) Bilanço Dışı Varlıklar,TOPLAM,"4.451.481,77",4451481.77,TL,BDDK Haftalık Bülten
2024-09-27,2024-09-27,2024-09-27,False,2024,9,27,561,Eylül/27 (39. Hafta),297,Yabancı Para Pozisyonu,6,b) Bilanço Dışı Yükümlülükler,TOPLAM,"3.685.798,98",3685798.98,TL,BDDK Haftalık Bülten
2024-09-27,2024-09-27,2024-09-27,False,2024,9,27,561,Eylül/27 (39. Hafta),297,Yabancı Para Pozisyonu,7,Yabancı Para Net Genel Pozisyonu (1+4),TOPLAM,"75.577,99",75577.99,TL,BDDK Haftalık Bülten
2024-09-27,2024-09-27,2024-09-27,False,2024,9,27,561,Eylül/27 (39. Hafta),297,Yabancı Para Pozisyonu,8,Yasal Özkaynak,TOPLAM,"3.189.790,61",3189790.61,TL,BDDK Haftalık Bülten
2024-09-27,2024-09-27,2024-09-27,False,2024,9,27,561,Eylül/27 (39. Hafta),297,Yabancı Para Pozisyonu,9,Dövize Endeskli Varlıklar (Bilgi),TOPLAM,"8.135,15",8135.15,TL,BDDK Haftalık Bülten
2024-10-04,2024-10-04,2024-10-04,False,2024,10,4,562,Ekim/04 (40. Hafta),297,Yabancı Para Pozisyonu,1,Bilanço İçi Yabancı Para Pozisyonu (2-3),TOPLAM,"-695.017,20",-695017.2,TL,BDDK Haftalık Bülten
2024-10-04,2024-10-04,2024-10-04,False,2024,10,4,562,Ekim/04 (40. Hafta),297,Yabancı Para Pozisyonu,10,Dövize Endeksli Yükümlülükler (Bilgi),TOPLAM,"9.951,15",9951.15,TL,BDDK Haftalık Bülten
2024-10-04,2024-10-04,2024-10-04,False,2024,10,4,562,Ekim/04 (40. Hafta),297,Yabancı Para Pozisyonu,2,a) Bilanço İçi Varlıklar,TOPLAM,"11.824.651,24",11824651.24,TL,BDDK Haftalık Bülten
2024-10-04,2024-10-04,2024-10-04,False,2024,10,4,562,Ekim/04 (40. Hafta),297,Yabancı Para Pozisyonu,3,b) Bilanço İçi Yükümlülükler,TOPLAM,"12.519.668,44",12519668.44,TL,BDDK Haftalık Bülten
2024-10-04,2024-10-04,2024-10-04,False,2024,10,4,562,Ekim/04 (40. Hafta),297,Yabancı Para Pozisyonu,4,Bilanço Dışı Yabancı Para Pozisyonu (5-6),TOPLAM,"755.834,49",755834.49,TL,BDDK Haftalık Bülten
2024-10-04,2024-10-04,2024-10-04,False,2024,10,4,562,Ekim/04 (40. Hafta),297,Yabancı Para Pozisyonu,5,a) Bilanço Dışı Varlıklar,TOPLAM,"4.260.644,15",4260644.15,TL,BDDK Haftalık Bülten
2024-10-04,2024-10-04,2024-10-04,False,2024,10,4,562,Ekim/04 (40. Hafta),297,Yabancı Para Pozisyonu,6,b) Bilanço Dışı Yükümlülükler,TOPLAM,"3.504.809,66",3504809.66,TL,BDDK Haftalık Bülten
2024-10-04,2024-10-04,2024-10-04,False,2024,10,4,562,Ekim/04 (40. Hafta),297,Yabancı Para Pozisyonu,7,Yabancı Para Net Genel Pozisyonu (1+4),TOPLAM,"60.817,30",60817.3,TL,BDDK Haftalık Bülten
2024-10-04,2024-10-04,2024-10-04,False,2024,10,4,562,Ekim/04 (40. Hafta),297,Yabancı Para Pozisyonu,8,Yasal Özkaynak,TOPLAM,"3.190.240,85",3190240.85,TL,BDDK Haftalık Bülten
2024-10-04,2024-10-04,2024-10-04,False,2024,10,4,562,Ekim/04 (40. Hafta),297,Yabancı Para Pozisyonu,9,Dövize Endeskli Varlıklar (Bilgi),TOPLAM,"8.012,65",8012.65,TL,BDDK Haftalık Bülten
2024-10-11,2024-10-11,2024-10-11,False,2024,10,11,563,Ekim/11 (41. Hafta),297,Yabancı Para Pozisyonu,1,Bilanço İçi Yabancı Para Pozisyonu (2-3),TOPLAM,"-712.504,35",-712504.35,TL,BDDK Haftalık Bülten
2024-10-11,2024-10-11,2024-10-11,False,2024,10,11,563,Ekim/11 (41. Hafta),297,Yabancı Para Pozisyonu,10,Dövize Endeksli Yükümlülükler (Bilgi),TOPLAM,"9.656,39",9656.39,TL,BDDK Haftalık Bülten
2024-10-11,2024-10-11,2024-10-11,False,2024,10,11,563,Ekim/11 (41. Hafta),297,Yabancı Para Pozisyonu,2,a) Bilanço İçi Varlıklar,TOPLAM,"11.767.715,48",11767715.48,TL,BDDK Haftalık Bülten
2024-10-11,2024-10-11,2024-10-11,False,2024,10,11,563,Ekim/11 (41. Hafta),297,Yabancı Para Pozisyonu,3,b) Bilanço İçi Yükümlülükler,TOPLAM,"12.480.219,83",12480219.83,TL,BDDK Haftalık Bülten
2024-10-11,2024-10-11,2024-10-11,False,2024,10,11,563,Ekim/11 (41. Hafta),297,Yabancı Para Pozisyonu,4,Bilanço Dışı Yabancı Para Pozisyonu (5-6),TOPLAM,"766.968,61",766968.61,TL,BDDK Haftalık Bülten
2024-10-11,2024-10-11,2024-10-11,False,2024,10,11,563,Ekim/11 (41. Hafta),297,Yabancı Para Pozisyonu,5,a) Bilanço Dışı Varlıklar,TOPLAM,"4.126.073,99",4126073.99,TL,BDDK Haftalık Bülten
2024-10-11,2024-10-11,2024-10-11,False,2024,10,11,563,Ekim/11 (41. Hafta),297,Yabancı Para Pozisyonu,6,b) Bilanço Dışı Yükümlülükler,TOPLAM,"3.359.105,37",3359105.37,TL,BDDK Haftalık Bülten
2024-10-11,2024-10-11,2024-10-11,False,2024,10,11,563,Ekim/11 (41. Hafta),297,Yabancı Para Pozisyonu,7,Yabancı Para Net Genel Pozisyonu (1+4),TOPLAM,"54.464,26",54464.26,TL,BDDK Haftalık Bülten
2024-10-11,2024-10-11,2024-10-11,False,2024,10,11,563,Ekim/11 (41. Hafta),297,Yabancı Para Pozisyonu,8,Yasal Özkaynak,TOPLAM,"3.207.709,27",3207709.27,TL,BDDK Haftalık Bülten
2024-10-11,2024-10-11,2024-10-11,False,2024,10,11,563,Ekim/11 (41. Hafta),297,Yabancı Para Pozisyonu,9,Dövize Endeskli Varlıklar (Bilgi),TOPLAM,"7.938,25",7938.25,TL,BDDK Haftalık Bülten
2024-10-18,2024-10-18,2024-10-18,False,2024,10,18,564,Ekim/18 (42. Hafta),297,Yabancı Para Pozisyonu,1,Bilanço İçi Yabancı Para Pozisyonu (2-3),TOPLAM,"-727.182,41",-727182.41,TL,BDDK Haftalık Bülten
2024-10-18,2024-10-18,2024-10-18,False,2024,10,18,564,Ekim/18 (42. Hafta),297,Yabancı Para Pozisyonu,10,Dövize Endeksli Yükümlülükler (Bilgi),TOPLAM,"8.282,54",8282.54,TL,BDDK Haftalık Bülten
2024-10-18,2024-10-18,2024-10-18,False,2024,10,18,564,Ekim/18 (42. Hafta),297,Yabancı Para Pozisyonu,2,a) Bilanço İçi Varlıklar,TOPLAM,"11.795.168,49",11795168.49,TL,BDDK Haftalık Bülten
2024-10-18,2024-10-18,2024-10-18,False,2024,10,18,564,Ekim/18 (42. Hafta),297,Yabancı Para Pozisyonu,3,b) Bilanço İçi Yükümlülükler,TOPLAM,"12.522.350,90",12522350.9,TL,BDDK Haftalık Bülten
2024-10-18,2024-10-18,2024-10-18,False,2024,10,18,564,Ekim/18 (42. Hafta),297,Yabancı Para Pozisyonu,4,Bilanço Dışı Yabancı Para Pozisyonu (5-6),TOPLAM,"789.216,09",789216.09,TL,BDDK Haftalık Bülten
2024-10-18,2024-10-18,2024-10-18,False,2024,10,18,564,Ekim/18 (42. Hafta),297,Yabancı Para Pozisyonu,5,a) Bilanço Dışı Varlıklar,TOPLAM,"4.158.848,08",4158848.08,TL,BDDK Haftalık Bülten
2024-10-18,2024-10-18,2024-10-18,False,2024,10,18,564,Ekim/18 (42. Hafta),297,Yabancı Para Pozisyonu,6,b) Bilanço Dışı Yükümlülükler,TOPLAM,"3.369.631,99",3369631.99,TL,BDDK Haftalık Bülten
2024-10-18,2024-10-18,2024-10-18,False,2024,10,18,564,Ekim/18 (42. Hafta),297,Yabancı Para Pozisyonu,7,Yabancı Para Net Genel Pozisyonu (1+4),TOPLAM,"62.033,68",62033.68,TL,BDDK Haftalık Bülten
2024-10-18,2024-10-18,2024-10-18,False,2024,10,18,564,Ekim/18 (42. Hafta),297,Yabancı Para Pozisyonu,8,Yasal Özkaynak,TOPLAM,"3.227.837,69",3227837.69,TL,BDDK Haftalık Bülten
2024-10-18,2024-10-18,2024-10-18,False,2024,10,18,564,Ekim/18 (42. Hafta),297,Yabancı Para Pozisyonu,9,Dövize Endeskli Varlıklar (Bilgi),TOPLAM,"7.862,80",7862.8,TL,BDDK Haftalık Bülten
2024-10-25,2024-10-25,2024-10-25,False,2024,10,25,565,Ekim/25 (43. Hafta),297,Yabancı Para Pozisyonu,1,Bilanço İçi Yabancı Para Pozisyonu (2-3),TOPLAM,"-657.895,37",-657895.37,TL,BDDK Haftalık Bülten
2024-10-25,2024-10-25,2024-10-25,False,2024,10,25,565,Ekim/25 (43. Hafta),297,Yabancı Para Pozisyonu,10,Dövize Endeksli Yükümlülükler (Bilgi),TOPLAM,"7.527,76",7527.76,TL,BDDK Haftalık Bülten
2024-10-25,2024-10-25,2024-10-25,False,2024,10,25,565,Ekim/25 (43. Hafta),297,Yabancı Para Pozisyonu,2,a) Bilanço İçi Varlıklar,TOPLAM,"11.858.776,67",11858776.67,TL,BDDK Haftalık Bülten
2024-10-25,2024-10-25,2024-10-25,False,2024,10,25,565,Ekim/25 (43. Hafta),297,Yabancı Para Pozisyonu,3,b) Bilanço İçi Yükümlülükler,TOPLAM,"12.516.672,04",12516672.04,TL,BDDK Haftalık Bülten
2024-10-25,2024-10-25,2024-10-25,False,2024,10,25,565,Ekim/25 (43. Hafta),297,Yabancı Para Pozisyonu,4,Bilanço Dışı Yabancı Para Pozisyonu (5-6),TOPLAM,"719.072,91",719072.91,TL,BDDK Haftalık Bülten
2024-10-25,2024-10-25,2024-10-25,False,2024,10,25,565,Ekim/25 (43. Hafta),297,Yabancı Para Pozisyonu,5,a) Bilanço Dışı Varlıklar,TOPLAM,"4.336.161,78",4336161.78,TL,BDDK Haftalık Bülten
2024-10-25,2024-10-25,2024-10-25,False,2024,10,25,565,Ekim/25 (43. Hafta),297,Yabancı Para Pozisyonu,6,b) Bilanço Dışı Yükümlülükler,TOPLAM,"3.617.088,87",3617088.87,TL,BDDK Haftalık Bülten
2024-10-25,2024-10-25,2024-10-25,False,2024,10,25,565,Ekim/25 (43. Hafta),297,Yabancı Para Pozisyonu,7,Yabancı Para Net Genel Pozisyonu (1+4),TOPLAM,"61.177,54",61177.54,TL,BDDK Haftalık Bülten
2024-10-25,2024-10-25,2024-10-25,False,2024,10,25,565,Ekim/25 (43. Hafta),297,Yabancı Para Pozisyonu,8,Yasal Özkaynak,TOPLAM,"3.290.055,27",3290055.27,TL,BDDK Haftalık Bülten
2024-10-25,2024-10-25,2024-10-25,False,2024,10,25,565,Ekim/25 (43. Hafta),297,Yabancı Para Pozisyonu,9,Dövize Endeskli Varlıklar (Bilgi),TOPLAM,"7.418,97",7418.97,TL,BDDK Haftalık Bülten
2024-11-01,2024-11-01,2024-11-01,False,2024,11,1,566,Kasım/01 (44. Hafta),297,Yabancı Para Pozisyonu,1,Bilanço İçi Yabancı Para Pozisyonu (2-3),TOPLAM,"-552.194,15",-552194.15,TL,BDDK Haftalık Bülten
2024-11-01,2024-11-01,2024-11-01,False,2024,11,1,566,Kasım/01 (44. Hafta),297,Yabancı Para Pozisyonu,10,Dövize Endeksli Yükümlülükler (Bilgi),TOPLAM,"5.832,53",5832.53,TL,BDDK Haftalık Bülten
2024-11-01,2024-11-01,2024-11-01,False,2024,11,1,566,Kasım/01 (44. Hafta),297,Yabancı Para Pozisyonu,2,a) Bilanço İçi Varlıklar,TOPLAM,"11.946.410,99",11946410.99,TL,BDDK Haftalık Bülten
2024-11-01,2024-11-01,2024-11-01,False,2024,11,1,566,Kasım/01 (44. Hafta),297,Yabancı Para Pozisyonu,3,b) Bilanço İçi Yükümlülükler,TOPLAM,"12.498.605,14",12498605.14,TL,BDDK Haftalık Bülten
2024-11-01,2024-11-01,2024-11-01,False,2024,11,1,566,Kasım/01 (44. Hafta),297,Yabancı Para Pozisyonu,4,Bilanço Dışı Yabancı Para Pozisyonu (5-6),TOPLAM,"613.456,09",613456.09,TL,BDDK Haftalık Bülten
2024-11-01,2024-11-01,2024-11-01,False,2024,11,1,566,Kasım/01 (44. Hafta),297,Yabancı Para Pozisyonu,5,a) Bilanço Dışı Varlıklar,TOPLAM,"4.458.774,75",4458774.75,TL,BDDK Haftalık Bülten
2024-11-01,2024-11-01,2024-11-01,False,2024,11,1,566,Kasım/01 (44. Hafta),297,Yabancı Para Pozisyonu,6,b) Bilanço Dışı Yükümlülükler,TOPLAM,"3.845.318,66",3845318.66,TL,BDDK Haftalık Bülten
2024-11-01,2024-11-01,2024-11-01,False,2024,11,1,566,Kasım/01 (44. Hafta),297,Yabancı Para Pozisyonu,7,Yabancı Para Net Genel Pozisyonu (1+4),TOPLAM,"61.261,94",61261.94,TL,BDDK Haftalık Bülten
2024-11-01,2024-11-01,2024-11-01,False,2024,11,1,566,Kasım/01 (44. Hafta),297,Yabancı Para Pozisyonu,8,Yasal Özkaynak,TOPLAM,"3.293.079,40",3293079.4,TL,BDDK Haftalık Bülten
2024-11-01,2024-11-01,2024-11-01,False,2024,11,1,566,Kasım/01 (44. Hafta),297,Yabancı Para Pozisyonu,9,Dövize Endeskli Varlıklar (Bilgi),TOPLAM,"7.415,35",7415.35,TL,BDDK Haftalık Bülten
2024-11-08,2024-11-08,2024-11-08,False,2024,11,8,567,Kasım/08 (45. Hafta),297,Yabancı Para Pozisyonu,1,Bilanço İçi Yabancı Para Pozisyonu (2-3),TOPLAM,"-549.755,54",-549755.54,TL,BDDK Haftalık Bülten
2024-11-08,2024-11-08,2024-11-08,False,2024,11,8,567,Kasım/08 (45. Hafta),297,Yabancı Para Pozisyonu,10,Dövize Endeksli Yükümlülükler (Bilgi),TOPLAM,"4.921,90",4921.9,TL,BDDK Haftalık Bülten
2024-11-08,2024-11-08,2024-11-08,False,2024,11,8,567,Kasım/08 (45. Hafta),297,Yabancı Para Pozisyonu,2,a) Bilanço İçi Varlıklar,TOPLAM,"11.895.718,99",11895718.99,TL,BDDK Haftalık Bülten
2024-11-08,2024-11-08,2024-11-08,False,2024,11,8,567,Kasım/08 (45. Hafta),297,Yabancı Para Pozisyonu,3,b) Bilanço İçi Yükümlülükler,TOPLAM,"12.445.474,53",12445474.53,TL,BDDK Haftalık Bülten
2024-11-08,2024-11-08,2024-11-08,False,2024,11,8,567,Kasım/08 (45. Hafta),297,Yabancı Para Pozisyonu,4,Bilanço Dışı Yabancı Para Pozisyonu (5-6),TOPLAM,"620.364,94",620364.94,TL,BDDK Haftalık Bülten
2024-11-08,2024-11-08,2024-11-08,False,2024,11,8,567,Kasım/08 (45. Hafta),297,Yabancı Para Pozisyonu,5,a) Bilanço Dışı Varlıklar,TOPLAM,"4.257.851,74",4257851.74,TL,BDDK Haftalık Bülten
2024-11-08,2024-11-08,2024-11-08,False,2024,11,8,567,Kasım/08 (45. Hafta),297,Yabancı Para Pozisyonu,6,b) Bilanço Dışı Yükümlülükler,TOPLAM,"3.637.486,80",3637486.8,TL,BDDK Haftalık Bülten
2024-11-08,2024-11-08,2024-11-08,False,2024,11,8,567,Kasım/08 (45. Hafta),297,Yabancı Para Pozisyonu,7,Yabancı Para Net Genel Pozisyonu (1+4),TOPLAM,"70.609,40",70609.4,TL,BDDK Haftalık Bülten
2024-11-08,2024-11-08,2024-11-08,False,2024,11,8,567,Kasım/08 (45. Hafta),297,Yabancı Para Pozisyonu,8,Yasal Özkaynak,TOPLAM,"3.293.448,80",3293448.8,TL,BDDK Haftalık Bülten
2024-11-08,2024-11-08,2024-11-08,False,2024,11,8,567,Kasım/08 (45. Hafta),297,Yabancı Para Pozisyonu,9,Dövize Endeskli Varlıklar (Bilgi),TOPLAM,"7.310,75",7310.75,TL,BDDK Haftalık Bülten
2024-11-15,2024-11-15,2024-11-15,False,2024,11,15,568,Kasım/15 (46. Hafta),297,Yabancı Para Pozisyonu,1,Bilanço İçi Yabancı Para Pozisyonu (2-3),TOPLAM,"-504.686,27",-504686.27,TL,BDDK Haftalık Bülten
2024-11-15,2024-11-15,2024-11-15,False,2024,11,15,568,Kasım/15 (46. Hafta),297,Yabancı Para Pozisyonu,10,Dövize Endeksli Yükümlülükler (Bilgi),TOPLAM,"4.168,13",4168.13,TL,BDDK Haftalık Bülten
2024-11-15,2024-11-15,2024-11-15,False,2024,11,15,568,Kasım/15 (46. Hafta),297,Yabancı Para Pozisyonu,2,a) Bilanço İçi Varlıklar,TOPLAM,"11.911.107,32",11911107.32,TL,BDDK Haftalık Bülten
2024-11-15,2024-11-15,2024-11-15,False,2024,11,15,568,Kasım/15 (46. Hafta),297,Yabancı Para Pozisyonu,3,b) Bilanço İçi Yükümlülükler,TOPLAM,"12.415.793,59",12415793.59,TL,BDDK Haftalık Bülten
2024-11-15,2024-11-15,2024-11-15,False,2024,11,15,568,Kasım/15 (46. Hafta),297,Yabancı Para Pozisyonu,4,Bilanço Dışı Yabancı Para Pozisyonu (5-6),TOPLAM,"569.783,71",569783.71,TL,BDDK Haftalık Bülten
2024-11-15,2024-11-15,2024-11-15,False,2024,11,15,568,Kasım/15 (46. Hafta),297,Yabancı Para Pozisyonu,5,a) Bilanço Dışı Varlıklar,TOPLAM,"4.383.404,05",4383404.05,TL,BDDK Haftalık Bülten
2024-11-15,2024-11-15,2024-11-15,False,2024,11,15,568,Kasım/15 (46. Hafta),297,Yabancı Para Pozisyonu,6,b) Bilanço Dışı Yükümlülükler,TOPLAM,"3.813.620,34",3813620.34,TL,BDDK Haftalık Bülten
2024-11-15,2024-11-15,2024-11-15,False,2024,11,15,568,Kasım/15 (46. Hafta),297,Yabancı Para Pozisyonu,7,Yabancı Para Net Genel Pozisyonu (1+4),TOPLAM,"65.097,44",65097.44,TL,BDDK Haftalık Bülten
2024-11-15,2024-11-15,2024-11-15,False,2024,11,15,568,Kasım/15 (46. Hafta),297,Yabancı Para Pozisyonu,8,Yasal Özkaynak,TOPLAM,"3.299.245,65",3299245.65,TL,BDDK Haftalık Bülten
2024-11-15,2024-11-15,2024-11-15,False,2024,11,15,568,Kasım/15 (46. Hafta),297,Yabancı Para Pozisyonu,9,Dövize Endeskli Varlıklar (Bilgi),TOPLAM,"7.216,27",7216.27,TL,BDDK Haftalık Bülten
2024-11-22,2024-11-22,2024-11-22,False,2024,11,22,569,Kasım/22 (47. Hafta),297,Yabancı Para Pozisyonu,1,Bilanço İçi Yabancı Para Pozisyonu (2-3),TOPLAM,"-666.936,78",-666936.78,TL,BDDK Haftalık Bülten
2024-11-22,2024-11-22,2024-11-22,False,2024,11,22,569,Kasım/22 (47. Hafta),297,Yabancı Para Pozisyonu,10,Dövize Endeksli Yükümlülükler (Bilgi),TOPLAM,"3.651,91",3651.91,TL,BDDK Haftalık Bülten
2024-11-22,2024-11-22,2024-11-22,False,2024,11,22,569,Kasım/22 (47. Hafta),297,Yabancı Para Pozisyonu,2,a) Bilanço İçi Varlıklar,TOPLAM,"11.813.643,19",11813643.19,TL,BDDK Haftalık Bülten
2024-11-22,2024-11-22,2024-11-22,False,2024,11,22,569,Kasım/22 (47. Hafta),297,Yabancı Para Pozisyonu,3,b) Bilanço İçi Yükümlülükler,TOPLAM,"12.480.579,97",12480579.97,TL,BDDK Haftalık Bülten
2024-11-22,2024-11-22,2024-11-22,False,2024,11,22,569,Kasım/22 (47. Hafta),297,Yabancı Para Pozisyonu,4,Bilanço Dışı Yabancı Para Pozisyonu (5-6),TOPLAM,"735.001,21",735001.21,TL,BDDK Haftalık Bülten
2024-11-22,2024-11-22,2024-11-22,False,2024,11,22,569,Kasım/22 (47. Hafta),297,Yabancı Para Pozisyonu,5,a) Bilanço Dışı Varlıklar,TOPLAM,"4.297.284,20",4297284.2,TL,BDDK Haftalık Bülten
2024-11-22,2024-11-22,2024-11-22,False,2024,11,22,569,Kasım/22 (47. Hafta),297,Yabancı Para Pozisyonu,6,b) Bilanço Dışı Yükümlülükler,TOPLAM,"3.562.282,99",3562282.99,TL,BDDK Haftalık Bülten
2024-11-22,2024-11-22,2024-11-22,False,2024,11,22,569,Kasım/22 (47. Hafta),297,Yabancı Para Pozisyonu,7,Yabancı Para Net Genel Pozisyonu (1+4),TOPLAM,"68.064,43",68064.43,TL,BDDK Haftalık Bülten
2024-11-22,2024-11-22,2024-11-22,False,2024,11,22,569,Kasım/22 (47. Hafta),297,Yabancı Para Pozisyonu,8,Yasal Özkaynak,TOPLAM,"3.300.444,39",3300444.39,TL,BDDK Haftalık Bülten
2024-11-22,2024-11-22,2024-11-22,False,2024,11,22,569,Kasım/22 (47. Hafta),297,Yabancı Para Pozisyonu,9,Dövize Endeskli Varlıklar (Bilgi),TOPLAM,"7.176,87",7176.87,TL,BDDK Haftalık Bülten
2024-11-29,2024-11-29,2024-11-29,False,2024,11,29,570,Kasım/29 (48. Hafta),297,Yabancı Para Pozisyonu,1,Bilanço İçi Yabancı Para Pozisyonu (2-3),TOPLAM,"-594.949,52",-594949.52,TL,BDDK Haftalık Bülten
2024-11-29,2024-11-29,2024-11-29,False,2024,11,29,570,Kasım/29 (48. Hafta),297,Yabancı Para Pozisyonu,10,Dövize Endeksli Yükümlülükler (Bilgi),TOPLAM,"3.611,65",3611.65,TL,BDDK Haftalık Bülten
2024-11-29,2024-11-29,2024-11-29,False,2024,11,29,570,Kasım/29 (48. Hafta),297,Yabancı Para Pozisyonu,2,a) Bilanço İçi Varlıklar,TOPLAM,"11.860.909,36",11860909.36,TL,BDDK Haftalık Bülten
2024-11-29,2024-11-29,2024-11-29,False,2024,11,29,570,Kasım/29 (48. Hafta),297,Yabancı Para Pozisyonu,3,b) Bilanço İçi Yükümlülükler,TOPLAM,"12.455.858,88",12455858.88,TL,BDDK Haftalık Bülten
2024-11-29,2024-11-29,2024-11-29,False,2024,11,29,570,Kasım/29 (48. Hafta),297,Yabancı Para Pozisyonu,4,Bilanço Dışı Yabancı Para Pozisyonu (5-6),TOPLAM,"662.718,18",662718.18,TL,BDDK Haftalık Bülten
2024-11-29,2024-11-29,2024-11-29,False,2024,11,29,570,Kasım/29 (48. Hafta),297,Yabancı Para Pozisyonu,5,a) Bilanço Dışı Varlıklar,TOPLAM,"4.206.245,67",4206245.67,TL,BDDK Haftalık Bülten
2024-11-29,2024-11-29,2024-11-29,False,2024,11,29,570,Kasım/29 (48. Hafta),297,Yabancı Para Pozisyonu,6,b) Bilanço Dışı Yükümlülükler,TOPLAM,"3.543.527,48",3543527.48,TL,BDDK Haftalık Bülten
2024-11-29,2024-11-29,2024-11-29,False,2024,11,29,570,Kasım/29 (48. Hafta),297,Yabancı Para Pozisyonu,7,Yabancı Para Net Genel Pozisyonu (1+4),TOPLAM,"67.768,67",67768.67,TL,BDDK Haftalık Bülten
2024-11-29,2024-11-29,2024-11-29,False,2024,11,29,570,Kasım/29 (48. Hafta),297,Yabancı Para Pozisyonu,8,Yasal Özkaynak,TOPLAM,"3.307.969,69",3307969.69,TL,BDDK Haftalık Bülten
2024-11-29,2024-11-29,2024-11-29,False,2024,11,29,570,Kasım/29 (48. Hafta),297,Yabancı Para Pozisyonu,9,Dövize Endeskli Varlıklar (Bilgi),TOPLAM,"7.164,47",7164.47,TL,BDDK Haftalık Bülten
2024-12-06,2024-12-06,2024-12-06,False,2024,12,6,571,Aralık/06 (49. Hafta),297,Yabancı Para Pozisyonu,1,Bilanço İçi Yabancı Para Pozisyonu (2-3),TOPLAM,"-587.942,53",-587942.53,TL,BDDK Haftalık Bülten
2024-12-06,2024-12-06,2024-12-06,False,2024,12,6,571,Aralık/06 (49. Hafta),297,Yabancı Para Pozisyonu,10,Dövize Endeksli Yükümlülükler (Bilgi),TOPLAM,"3.458,87",3458.87,TL,BDDK Haftalık Bülten
2024-12-06,2024-12-06,2024-12-06,False,2024,12,6,571,Aralık/06 (49. Hafta),297,Yabancı Para Pozisyonu,2,a) Bilanço İçi Varlıklar,TOPLAM,"11.962.474,94",11962474.94,TL,BDDK Haftalık Bülten
2024-12-06,2024-12-06,2024-12-06,False,2024,12,6,571,Aralık/06 (49. Hafta),297,Yabancı Para Pozisyonu,3,b) Bilanço İçi Yükümlülükler,TOPLAM,"12.550.417,48",12550417.48,TL,BDDK Haftalık Bülten
2024-12-06,2024-12-06,2024-12-06,False,2024,12,6,571,Aralık/06 (49. Hafta),297,Yabancı Para Pozisyonu,4,Bilanço Dışı Yabancı Para Pozisyonu (5-6),TOPLAM,"656.048,85",656048.85,TL,BDDK Haftalık Bülten
2024-12-06,2024-12-06,2024-12-06,False,2024,12,6,571,Aralık/06 (49. Hafta),297,Yabancı Para Pozisyonu,5,a) Bilanço Dışı Varlıklar,TOPLAM,"4.419.920,60",4419920.6,TL,BDDK Haftalık Bülten
2024-12-06,2024-12-06,2024-12-06,False,2024,12,6,571,Aralık/06 (49. Hafta),297,Yabancı Para Pozisyonu,6,b) Bilanço Dışı Yükümlülükler,TOPLAM,"3.763.871,75",3763871.75,TL,BDDK Haftalık Bülten
2024-12-06,2024-12-06,2024-12-06,False,2024,12,6,571,Aralık/06 (49. Hafta),297,Yabancı Para Pozisyonu,7,Yabancı Para Net Genel Pozisyonu (1+4),TOPLAM,"68.106,32",68106.32,TL,BDDK Haftalık Bülten
2024-12-06,2024-12-06,2024-12-06,False,2024,12,6,571,Aralık/06 (49. Hafta),297,Yabancı Para Pozisyonu,8,Yasal Özkaynak,TOPLAM,"3.308.402,80",3308402.8,TL,BDDK Haftalık Bülten
2024-12-06,2024-12-06,2024-12-06,False,2024,12,6,571,Aralık/06 (49. Hafta),297,Yabancı Para Pozisyonu,9,Dövize Endeskli Varlıklar (Bilgi),TOPLAM,"7.156,40",7156.4,TL,BDDK Haftalık Bülten
2024-12-13,2024-12-13,2024-12-13,False,2024,12,13,572,Aralık/13 (50. Hafta),297,Yabancı Para Pozisyonu,1,Bilanço İçi Yabancı Para Pozisyonu (2-3),TOPLAM,"-529.193,46",-529193.46,TL,BDDK Haftalık Bülten
2024-12-13,2024-12-13,2024-12-13,False,2024,12,13,572,Aralık/13 (50. Hafta),297,Yabancı Para Pozisyonu,10,Dövize Endeksli Yükümlülükler (Bilgi),TOPLAM,"3.370,40",3370.4,TL,BDDK Haftalık Bülten
2024-12-13,2024-12-13,2024-12-13,False,2024,12,13,572,Aralık/13 (50. Hafta),297,Yabancı Para Pozisyonu,2,a) Bilanço İçi Varlıklar,TOPLAM,"12.132.877,37",12132877.37,TL,BDDK Haftalık Bülten
2024-12-13,2024-12-13,2024-12-13,False,2024,12,13,572,Aralık/13 (50. Hafta),297,Yabancı Para Pozisyonu,3,b) Bilanço İçi Yükümlülükler,TOPLAM,"12.662.070,83",12662070.83,TL,BDDK Haftalık Bülten
2024-12-13,2024-12-13,2024-12-13,False,2024,12,13,572,Aralık/13 (50. Hafta),297,Yabancı Para Pozisyonu,4,Bilanço Dışı Yabancı Para Pozisyonu (5-6),TOPLAM,"589.018,12",589018.12,TL,BDDK Haftalık Bülten
2024-12-13,2024-12-13,2024-12-13,False,2024,12,13,572,Aralık/13 (50. Hafta),297,Yabancı Para Pozisyonu,5,a) Bilanço Dışı Varlıklar,TOPLAM,"4.694.483,57",4694483.57,TL,BDDK Haftalık Bülten
2024-12-13,2024-12-13,2024-12-13,False,2024,12,13,572,Aralık/13 (50. Hafta),297,Yabancı Para Pozisyonu,6,b) Bilanço Dışı Yükümlülükler,TOPLAM,"4.105.465,45",4105465.45,TL,BDDK Haftalık Bülten
2024-12-13,2024-12-13,2024-12-13,False,2024,12,13,572,Aralık/13 (50. Hafta),297,Yabancı Para Pozisyonu,7,Yabancı Para Net Genel Pozisyonu (1+4),TOPLAM,"59.824,66",59824.66,TL,BDDK Haftalık Bülten
2024-12-13,2024-12-13,2024-12-13,False,2024,12,13,572,Aralık/13 (50. Hafta),297,Yabancı Para Pozisyonu,8,Yasal Özkaynak,TOPLAM,"3.321.953,69",3321953.69,TL,BDDK Haftalık Bülten
2024-12-13,2024-12-13,2024-12-13,False,2024,12,13,572,Aralık/13 (50. Hafta),297,Yabancı Para Pozisyonu,9,Dövize Endeskli Varlıklar (Bilgi),TOPLAM,"7.102,01",7102.01,TL,BDDK Haftalık Bülten
2024-12-20,2024-12-20,2024-12-20,False,2024,12,20,573,Aralık/20 (51. Hafta),297,Yabancı Para Pozisyonu,1,Bilanço İçi Yabancı Para Pozisyonu (2-3),TOPLAM,"-594.009,22",-594009.22,TL,BDDK Haftalık Bülten
2024-12-20,2024-12-20,2024-12-20,False,2024,12,20,573,Aralık/20 (51. Hafta),297,Yabancı Para Pozisyonu,10,Dövize Endeksli Yükümlülükler (Bilgi),TOPLAM,"3.374,24",3374.24,TL,BDDK Haftalık Bülten
2024-12-20,2024-12-20,2024-12-20,False,2024,12,20,573,Aralık/20 (51. Hafta),297,Yabancı Para Pozisyonu,2,a) Bilanço İçi Varlıklar,TOPLAM,"12.131.933,75",12131933.75,TL,BDDK Haftalık Bülten
2024-12-20,2024-12-20,2024-12-20,False,2024,12,20,573,Aralık/20 (51. Hafta),297,Yabancı Para Pozisyonu,3,b) Bilanço İçi Yükümlülükler,TOPLAM,"12.725.942,97",12725942.97,TL,BDDK Haftalık Bülten
2024-12-20,2024-12-20,2024-12-20,False,2024,12,20,573,Aralık/20 (51. Hafta),297,Yabancı Para Pozisyonu,4,Bilanço Dışı Yabancı Para Pozisyonu (5-6),TOPLAM,"630.148,83",630148.83,TL,BDDK Haftalık Bülten
2024-12-20,2024-12-20,2024-12-20,False,2024,12,20,573,Aralık/20 (51. Hafta),297,Yabancı Para Pozisyonu,5,a) Bilanço Dışı Varlıklar,TOPLAM,"4.894.245,12",4894245.12,TL,BDDK Haftalık Bülten
2024-12-20,2024-12-20,2024-12-20,False,2024,12,20,573,Aralık/20 (51. Hafta),297,Yabancı Para Pozisyonu,6,b) Bilanço Dışı Yükümlülükler,TOPLAM,"4.264.096,28",4264096.28,TL,BDDK Haftalık Bülten
2024-12-20,2024-12-20,2024-12-20,False,2024,12,20,573,Aralık/20 (51. Hafta),297,Yabancı Para Pozisyonu,7,Yabancı Para Net Genel Pozisyonu (1+4),TOPLAM,"36.139,61",36139.61,TL,BDDK Haftalık Bülten
2024-12-20,2024-12-20,2024-12-20,False,2024,12,20,573,Aralık/20 (51. Hafta),297,Yabancı Para Pozisyonu,8,Yasal Özkaynak,TOPLAM,"3.374.383,38",3374383.38,TL,BDDK Haftalık Bülten
2024-12-20,2024-12-20,2024-12-20,False,2024,12,20,573,Aralık/20 (51. Hafta),297,Yabancı Para Pozisyonu,9,Dövize Endeskli Varlıklar (Bilgi),TOPLAM,"7.018,29",7018.29,TL,BDDK Haftalık Bülten
2024-12-27,2024-12-27,2024-12-27,False,2024,12,27,574,Aralık/27 (52. Hafta),297,Yabancı Para Pozisyonu,1,Bilanço İçi Yabancı Para Pozisyonu (2-3),TOPLAM,"-671.339,56",-671339.56,TL,BDDK Haftalık Bülten
2024-12-27,2024-12-27,2024-12-27,False,2024,12,27,574,Aralık/27 (52. Hafta),297,Yabancı Para Pozisyonu,10,Dövize Endeksli Yükümlülükler (Bilgi),TOPLAM,"3.636,88",3636.88,TL,BDDK Haftalık Bülten
2024-12-27,2024-12-27,2024-12-27,False,2024,12,27,574,Aralık/27 (52. Hafta),297,Yabancı Para Pozisyonu,2,a) Bilanço İçi Varlıklar,TOPLAM,"12.070.022,66",12070022.66,TL,BDDK Haftalık Bülten
2024-12-27,2024-12-27,2024-12-27,False,2024,12,27,574,Aralık/27 (52. Hafta),297,Yabancı Para Pozisyonu,3,b) Bilanço İçi Yükümlülükler,TOPLAM,"12.741.362,23",12741362.23,TL,BDDK Haftalık Bülten
2024-12-27,2024-12-27,2024-12-27,False,2024,12,27,574,Aralık/27 (52. Hafta),297,Yabancı Para Pozisyonu,4,Bilanço Dışı Yabancı Para Pozisyonu (5-6),TOPLAM,"713.135,82",713135.82,TL,BDDK Haftalık Bülten
2024-12-27,2024-12-27,2024-12-27,False,2024,12,27,574,Aralık/27 (52. Hafta),297,Yabancı Para Pozisyonu,5,a) Bilanço Dışı Varlıklar,TOPLAM,"4.650.184,98",4650184.98,TL,BDDK Haftalık Bülten
2024-12-27,2024-12-27,2024-12-27,False,2024,12,27,574,Aralık/27 (52. Hafta),297,Yabancı Para Pozisyonu,6,b) Bilanço Dışı Yükümlülükler,TOPLAM,"3.937.049,16",3937049.16,TL,BDDK Haftalık Bülten
2024-12-27,2024-12-27,2024-12-27,False,2024,12,27,574,Aralık/27 (52. Hafta),297,Yabancı Para Pozisyonu,7,Yabancı Para Net Genel Pozisyonu (1+4),TOPLAM,"41.796,26",41796.26,TL,BDDK Haftalık Bülten
2024-12-27,2024-12-27,2024-12-27,False,2024,12,27,574,Aralık/27 (52. Hafta),297,Yabancı Para Pozisyonu,8,Yasal Özkaynak,TOPLAM,"3.400.974,56",3400974.56,TL,BDDK Haftalık Bülten
2024-12-27,2024-12-27,2024-12-27,False,2024,12,27,574,Aralık/27 (52. Hafta),297,Yabancı Para Pozisyonu,9,Dövize Endeskli Varlıklar (Bilgi),TOPLAM,"6.830,48",6830.48,TL,BDDK Haftalık Bülten
2025-01-03,2025-01-03,2025-01-03,False,2025,1,3,575,Ocak/03 (1. Hafta),297,Yabancı Para Pozisyonu,1,Bilanço İçi Yabancı Para Pozisyonu (2-3),TOPLAM,"-743.559,78",-743559.78,TL,BDDK Haftalık Bülten
2025-01-03,2025-01-03,2025-01-03,False,2025,1,3,575,Ocak/03 (1. Hafta),297,Yabancı Para Pozisyonu,10,Dövize Endeksli Yükümlülükler (Bilgi),TOPLAM,"3.146,41",3146.41,TL,BDDK Haftalık Bülten
2025-01-03,2025-01-03,2025-01-03,False,2025,1,3,575,Ocak/03 (1. Hafta),297,Yabancı Para Pozisyonu,2,a) Bilanço İçi Varlıklar,TOPLAM,"12.005.465,44",12005465.44,TL,BDDK Haftalık Bülten
2025-01-03,2025-01-03,2025-01-03,False,2025,1,3,575,Ocak/03 (1. Hafta),297,Yabancı Para Pozisyonu,3,b) Bilanço İçi Yükümlülükler,TOPLAM,"12.749.025,22",12749025.22,TL,BDDK Haftalık Bülten
2025-01-03,2025-01-03,2025-01-03,False,2025,1,3,575,Ocak/03 (1. Hafta),297,Yabancı Para Pozisyonu,4,Bilanço Dışı Yabancı Para Pozisyonu (5-6),TOPLAM,"776.519,79",776519.79,TL,BDDK Haftalık Bülten
2025-01-03,2025-01-03,2025-01-03,False,2025,1,3,575,Ocak/03 (1. Hafta),297,Yabancı Para Pozisyonu,5,a) Bilanço Dışı Varlıklar,TOPLAM,"4.574.509,65",4574509.65,TL,BDDK Haftalık Bülten
2025-01-03,2025-01-03,2025-01-03,False,2025,1,3,575,Ocak/03 (1. Hafta),297,Yabancı Para Pozisyonu,6,b) Bilanço Dışı Yükümlülükler,TOPLAM,"3.797.989,86",3797989.86,TL,BDDK Haftalık Bülten
2025-01-03,2025-01-03,2025-01-03,False,2025,1,3,575,Ocak/03 (1. Hafta),297,Yabancı Para Pozisyonu,7,Yabancı Para Net Genel Pozisyonu (1+4),TOPLAM,"32.960,01",32960.01,TL,BDDK Haftalık Bülten
2025-01-03,2025-01-03,2025-01-03,False,2025,1,3,575,Ocak/03 (1. Hafta),297,Yabancı Para Pozisyonu,8,Yasal Özkaynak,TOPLAM,"3.400.895,50",3400895.5,TL,BDDK Haftalık Bülten
2025-01-03,2025-01-03,2025-01-03,False,2025,1,3,575,Ocak/03 (1. Hafta),297,Yabancı Para Pozisyonu,9,Dövize Endeskli Varlıklar (Bilgi),TOPLAM,"6.693,29",6693.29,TL,BDDK Haftalık Bülten
2025-01-10,2025-01-10,2025-01-10,False,2025,1,10,576,Ocak/10 (2. Hafta),297,Yabancı Para Pozisyonu,1,Bilanço İçi Yabancı Para Pozisyonu (2-3),TOPLAM,"-641.069,55",-641069.55,TL,BDDK Haftalık Bülten
2025-01-10,2025-01-10,2025-01-10,False,2025,1,10,576,Ocak/10 (2. Hafta),297,Yabancı Para Pozisyonu,10,Dövize Endeksli Yükümlülükler (Bilgi),TOPLAM,"3.035,49",3035.49,TL,BDDK Haftalık Bülten
2025-01-10,2025-01-10,2025-01-10,False,2025,1,10,576,Ocak/10 (2. Hafta),297,Yabancı Para Pozisyonu,2,a) Bilanço İçi Varlıklar,TOPLAM,"12.078.765,44",12078765.44,TL,BDDK Haftalık Bülten
2025-01-10,2025-01-10,2025-01-10,False,2025,1,10,576,Ocak/10 (2. Hafta),297,Yabancı Para Pozisyonu,3,b) Bilanço İçi Yükümlülükler,TOPLAM,"12.719.834,99",12719834.99,TL,BDDK Haftalık Bülten
2025-01-10,2025-01-10,2025-01-10,False,2025,1,10,576,Ocak/10 (2. Hafta),297,Yabancı Para Pozisyonu,4,Bilanço Dışı Yabancı Para Pozisyonu (5-6),TOPLAM,"675.390,88",675390.88,TL,BDDK Haftalık Bülten
2025-01-10,2025-01-10,2025-01-10,False,2025,1,10,576,Ocak/10 (2. Hafta),297,Yabancı Para Pozisyonu,5,a) Bilanço Dışı Varlıklar,TOPLAM,"4.598.538,27",4598538.27,TL,BDDK Haftalık Bülten
2025-01-10,2025-01-10,2025-01-10,False,2025,1,10,576,Ocak/10 (2. Hafta),297,Yabancı Para Pozisyonu,6,b) Bilanço Dışı Yükümlülükler,TOPLAM,"3.923.147,40",3923147.4,TL,BDDK Haftalık Bülten
2025-01-10,2025-01-10,2025-01-10,False,2025,1,10,576,Ocak/10 (2. Hafta),297,Yabancı Para Pozisyonu,7,Yabancı Para Net Genel Pozisyonu (1+4),TOPLAM,"34.321,33",34321.33,TL,BDDK Haftalık Bülten
2025-01-10,2025-01-10,2025-01-10,False,2025,1,10,576,Ocak/10 (2. Hafta),297,Yabancı Para Pozisyonu,8,Yasal Özkaynak,TOPLAM,"3.401.465,60",3401465.6,TL,BDDK Haftalık Bülten
2025-01-10,2025-01-10,2025-01-10,False,2025,1,10,576,Ocak/10 (2. Hafta),297,Yabancı Para Pozisyonu,9,Dövize Endeskli Varlıklar (Bilgi),TOPLAM,"6.659,20",6659.2,TL,BDDK Haftalık Bülten
2025-01-17,2025-01-17,2025-01-17,False,2025,1,17,577,Ocak/17 (3. Hafta),297,Yabancı Para Pozisyonu,1,Bilanço İçi Yabancı Para Pozisyonu (2-3),TOPLAM,"-616.729,73",-616729.73,TL,BDDK Haftalık Bülten
2025-01-17,2025-01-17,2025-01-17,False,2025,1,17,577,Ocak/17 (3. Hafta),297,Yabancı Para Pozisyonu,10,Dövize Endeksli Yükümlülükler (Bilgi),TOPLAM,"2.592,10",2592.1,TL,BDDK Haftalık Bülten
2025-01-17,2025-01-17,2025-01-17,False,2025,1,17,577,Ocak/17 (3. Hafta),297,Yabancı Para Pozisyonu,2,a) Bilanço İçi Varlıklar,TOPLAM,"12.222.816,97",12222816.97,TL,BDDK Haftalık Bülten
2025-01-17,2025-01-17,2025-01-17,False,2025,1,17,577,Ocak/17 (3. Hafta),297,Yabancı Para Pozisyonu,3,b) Bilanço İçi Yükümlülükler,TOPLAM,"12.839.546,71",12839546.71,TL,BDDK Haftalık Bülten
2025-01-17,2025-01-17,2025-01-17,False,2025,1,17,577,Ocak/17 (3. Hafta),297,Yabancı Para Pozisyonu,4,Bilanço Dışı Yabancı Para Pozisyonu (5-6),TOPLAM,"639.535,97",639535.97,TL,BDDK Haftalık Bülten
2025-01-17,2025-01-17,2025-01-17,False,2025,1,17,577,Ocak/17 (3. Hafta),297,Yabancı Para Pozisyonu,5,a) Bilanço Dışı Varlıklar,TOPLAM,"4.626.693,37",4626693.37,TL,BDDK Haftalık Bülten
2025-01-17,2025-01-17,2025-01-17,False,2025,1,17,577,Ocak/17 (3. Hafta),297,Yabancı Para Pozisyonu,6,b) Bilanço Dışı Yükümlülükler,TOPLAM,"3.987.157,40",3987157.4,TL,BDDK Haftalık Bülten
2025-01-17,2025-01-17,2025-01-17,False,2025,1,17,577,Ocak/17 (3. Hafta),297,Yabancı Para Pozisyonu,7,Yabancı Para Net Genel Pozisyonu (1+4),TOPLAM,"22.806,23",22806.23,TL,BDDK Haftalık Bülten
2025-01-17,2025-01-17,2025-01-17,False,2025,1,17,577,Ocak/17 (3. Hafta),297,Yabancı Para Pozisyonu,8,Yasal Özkaynak,TOPLAM,"3.469.635,00",3469635.0,TL,BDDK Haftalık Bülten
2025-01-17,2025-01-17,2025-01-17,False,2025,1,17,577,Ocak/17 (3. Hafta),297,Yabancı Para Pozisyonu,9,Dövize Endeskli Varlıklar (Bilgi),TOPLAM,"6.647,15",6647.15,TL,BDDK Haftalık Bülten
2025-01-24,2025-01-24,2025-01-24,False,2025,1,24,578,Ocak/24 (4. Hafta),297,Yabancı Para Pozisyonu,1,Bilanço İçi Yabancı Para Pozisyonu (2-3),TOPLAM,"-580.462,35",-580462.35,TL,BDDK Haftalık Bülten
2025-01-24,2025-01-24,2025-01-24,False,2025,1,24,578,Ocak/24 (4. Hafta),297,Yabancı Para Pozisyonu,10,Dövize Endeksli Yükümlülükler (Bilgi),TOPLAM,"2.451,26",2451.26,TL,BDDK Haftalık Bülten
2025-01-24,2025-01-24,2025-01-24,False,2025,1,24,578,Ocak/24 (4. Hafta),297,Yabancı Para Pozisyonu,2,a) Bilanço İçi Varlıklar,TOPLAM,"12.492.097,42",12492097.42,TL,BDDK Haftalık Bülten
2025-01-24,2025-01-24,2025-01-24,False,2025,1,24,578,Ocak/24 (4. Hafta),297,Yabancı Para Pozisyonu,3,b) Bilanço İçi Yükümlülükler,TOPLAM,"13.072.559,77",13072559.77,TL,BDDK Haftalık Bülten
2025-01-24,2025-01-24,2025-01-24,False,2025,1,24,578,Ocak/24 (4. Hafta),297,Yabancı Para Pozisyonu,4,Bilanço Dışı Yabancı Para Pozisyonu (5-6),TOPLAM,"605.968,90",605968.9,TL,BDDK Haftalık Bülten
2025-01-24,2025-01-24,2025-01-24,False,2025,1,24,578,Ocak/24 (4. Hafta),297,Yabancı Para Pozisyonu,5,a) Bilanço Dışı Varlıklar,TOPLAM,"4.925.079,05",4925079.05,TL,BDDK Haftalık Bülten
2025-01-24,2025-01-24,2025-01-24,False,2025,1,24,578,Ocak/24 (4. Hafta),297,Yabancı Para Pozisyonu,6,b) Bilanço Dışı Yükümlülükler,TOPLAM,"4.319.110,14",4319110.14,TL,BDDK Haftalık Bülten
2025-01-24,2025-01-24,2025-01-24,False,2025,1,24,578,Ocak/24 (4. Hafta),297,Yabancı Para Pozisyonu,7,Yabancı Para Net Genel Pozisyonu (1+4),TOPLAM,"25.506,56",25506.56,TL,BDDK Haftalık Bülten
2025-01-24,2025-01-24,2025-01-24,False,2025,1,24,578,Ocak/24 (4. Hafta),297,Yabancı Para Pozisyonu,8,Yasal Özkaynak,TOPLAM,"3.583.147,40",3583147.4,TL,BDDK Haftalık Bülten
2025-01-24,2025-01-24,2025-01-24,False,2025,1,24,578,Ocak/24 (4. Hafta),297,Yabancı Para Pozisyonu,9,Dövize Endeskli Varlıklar (Bilgi),TOPLAM,"6.725,03",6725.03,TL,BDDK Haftalık Bülten
2025-01-31,2025-01-31,2025-01-31,False,2025,1,31,579,Ocak/31 (5. Hafta),297,Yabancı Para Pozisyonu,1,Bilanço İçi Yabancı Para Pozisyonu (2-3),TOPLAM,"-532.786,78",-532786.78,TL,BDDK Haftalık Bülten
2025-01-31,2025-01-31,2025-01-31,False,2025,1,31,579,Ocak/31 (5. Hafta),297,Yabancı Para Pozisyonu,10,Dövize Endeksli Yükümlülükler (Bilgi),TOPLAM,"2.294,94",2294.94,TL,BDDK Haftalık Bülten
2025-01-31,2025-01-31,2025-01-31,False,2025,1,31,579,Ocak/31 (5. Hafta),297,Yabancı Para Pozisyonu,2,a) Bilanço İçi Varlıklar,TOPLAM,"12.557.863,37",12557863.37,TL,BDDK Haftalık Bülten
2025-01-31,2025-01-31,2025-01-31,False,2025,1,31,579,Ocak/31 (5. Hafta),297,Yabancı Para Pozisyonu,3,b) Bilanço İçi Yükümlülükler,TOPLAM,"13.090.650,15",13090650.15,TL,BDDK Haftalık Bülten
2025-01-31,2025-01-31,2025-01-31,False,2025,1,31,579,Ocak/31 (5. Hafta),297,Yabancı Para Pozisyonu,4,Bilanço Dışı Yabancı Para Pozisyonu (5-6),TOPLAM,"567.565,82",567565.82,TL,BDDK Haftalık Bülten
2025-01-31,2025-01-31,2025-01-31,False,2025,1,31,579,Ocak/31 (5. Hafta),297,Yabancı Para Pozisyonu,5,a) Bilanço Dışı Varlıklar,TOPLAM,"5.011.240,39",5011240.39,TL,BDDK Haftalık Bülten
2025-01-31,2025-01-31,2025-01-31,False,2025,1,31,579,Ocak/31 (5. Hafta),297,Yabancı Para Pozisyonu,6,b) Bilanço Dışı Yükümlülükler,TOPLAM,"4.443.674,57",4443674.57,TL,BDDK Haftalık Bülten
2025-01-31,2025-01-31,2025-01-31,False,2025,1,31,579,Ocak/31 (5. Hafta),297,Yabancı Para Pozisyonu,7,Yabancı Para Net Genel Pozisyonu (1+4),TOPLAM,"34.779,04",34779.04,TL,BDDK Haftalık Bülten
2025-01-31,2025-01-31,2025-01-31,False,2025,1,31,579,Ocak/31 (5. Hafta),297,Yabancı Para Pozisyonu,8,Yasal Özkaynak,TOPLAM,"3.589.815,50",3589815.5,TL,BDDK Haftalık Bülten
2025-01-31,2025-01-31,2025-01-31,False,2025,1,31,579,Ocak/31 (5. Hafta),297,Yabancı Para Pozisyonu,9,Dövize Endeskli Varlıklar (Bilgi),TOPLAM,"6.694,70",6694.7,TL,BDDK Haftalık Bülten
2025-02-07,2025-02-07,2025-02-07,False,2025,2,7,580,Şubat/07 (6. Hafta),297,Yabancı Para Pozisyonu,1,Bilanço İçi Yabancı Para Pozisyonu (2-3),TOPLAM,"-634.750,33",-634750.33,TL,BDDK Haftalık Bülten
2025-02-07,2025-02-07,2025-02-07,False,2025,2,7,580,Şubat/07 (6. Hafta),297,Yabancı Para Pozisyonu,10,Dövize Endeksli Yükümlülükler (Bilgi),TOPLAM,"1.951,56",1951.56,TL,BDDK Haftalık Bülten
2025-02-07,2025-02-07,2025-02-07,False,2025,2,7,580,Şubat/07 (6. Hafta),297,Yabancı Para Pozisyonu,2,a) Bilanço İçi Varlıklar,TOPLAM,"12.703.611,11",12703611.11,TL,BDDK Haftalık Bülten
2025-02-07,2025-02-07,2025-02-07,False,2025,2,7,580,Şubat/07 (6. Hafta),297,Yabancı Para Pozisyonu,3,b) Bilanço İçi Yükümlülükler,TOPLAM,"13.338.361,44",13338361.44,TL,BDDK Haftalık Bülten
2025-02-07,2025-02-07,2025-02-07,False,2025,2,7,580,Şubat/07 (6. Hafta),297,Yabancı Para Pozisyonu,4,Bilanço Dışı Yabancı Para Pozisyonu (5-6),TOPLAM,"682.818,86",682818.86,TL,BDDK Haftalık Bülten
2025-02-07,2025-02-07,2025-02-07,False,2025,2,7,580,Şubat/07 (6. Hafta),297,Yabancı Para Pozisyonu,5,a) Bilanço Dışı Varlıklar,TOPLAM,"5.130.222,31",5130222.31,TL,BDDK Haftalık Bülten
2025-02-07,2025-02-07,2025-02-07,False,2025,2,7,580,Şubat/07 (6. Hafta),297,Yabancı Para Pozisyonu,6,b) Bilanço Dışı Yükümlülükler,TOPLAM,"4.447.403,46",4447403.46,TL,BDDK Haftalık Bülten
2025-02-07,2025-02-07,2025-02-07,False,2025,2,7,580,Şubat/07 (6. Hafta),297,Yabancı Para Pozisyonu,7,Yabancı Para Net Genel Pozisyonu (1+4),TOPLAM,"48.068,53",48068.53,TL,BDDK Haftalık Bülten
2025-02-07,2025-02-07,2025-02-07,False,2025,2,7,580,Şubat/07 (6. Hafta),297,Yabancı Para Pozisyonu,8,Yasal Özkaynak,TOPLAM,"3.585.333,84",3585333.84,TL,BDDK Haftalık Bülten
2025-02-07,2025-02-07,2025-02-07,False,2025,2,7,580,Şubat/07 (6. Hafta),297,Yabancı Para Pozisyonu,9,Dövize Endeskli Varlıklar (Bilgi),TOPLAM,"6.650,39",6650.39,TL,BDDK Haftalık Bülten
2025-02-14,2025-02-14,2025-02-14,False,2025,2,14,581,Şubat/14 (7. Hafta),297,Yabancı Para Pozisyonu,1,Bilanço İçi Yabancı Para Pozisyonu (2-3),TOPLAM,"-710.811,58",-710811.58,TL,BDDK Haftalık Bülten
2025-02-14,2025-02-14,2025-02-14,False,2025,2,14,581,Şubat/14 (7. Hafta),297,Yabancı Para Pozisyonu,10,Dövize Endeksli Yükümlülükler (Bilgi),TOPLAM,"1.922,06",1922.06,TL,BDDK Haftalık Bülten
2025-02-14,2025-02-14,2025-02-14,False,2025,2,14,581,Şubat/14 (7. Hafta),297,Yabancı Para Pozisyonu,2,a) Bilanço İçi Varlıklar,TOPLAM,"12.867.122,52",12867122.52,TL,BDDK Haftalık Bülten
2025-02-14,2025-02-14,2025-02-14,False,2025,2,14,581,Şubat/14 (7. Hafta),297,Yabancı Para Pozisyonu,3,b) Bilanço İçi Yükümlülükler,TOPLAM,"13.577.934,10",13577934.1,TL,BDDK Haftalık Bülten
2025-02-14,2025-02-14,2025-02-14,False,2025,2,14,581,Şubat/14 (7. Hafta),297,Yabancı Para Pozisyonu,4,Bilanço Dışı Yabancı Para Pozisyonu (5-6),TOPLAM,"767.727,64",767727.64,TL,BDDK Haftalık Bülten
2025-02-14,2025-02-14,2025-02-14,False,2025,2,14,581,Şubat/14 (7. Hafta),297,Yabancı Para Pozisyonu,5,a) Bilanço Dışı Varlıklar,TOPLAM,"5.503.856,31",5503856.31,TL,BDDK Haftalık Bülten
2025-02-14,2025-02-14,2025-02-14,False,2025,2,14,581,Şubat/14 (7. Hafta),297,Yabancı Para Pozisyonu,6,b) Bilanço Dışı Yükümlülükler,TOPLAM,"4.736.128,67",4736128.67,TL,BDDK Haftalık Bülten
2025-02-14,2025-02-14,2025-02-14,False,2025,2,14,581,Şubat/14 (7. Hafta),297,Yabancı Para Pozisyonu,7,Yabancı Para Net Genel Pozisyonu (1+4),TOPLAM,"56.916,06",56916.06,TL,BDDK Haftalık Bülten
2025-02-14,2025-02-14,2025-02-14,False,2025,2,14,581,Şubat/14 (7. Hafta),297,Yabancı Para Pozisyonu,8,Yasal Özkaynak,TOPLAM,"3.585.267,05",3585267.05,TL,BDDK Haftalık Bülten
2025-02-14,2025-02-14,2025-02-14,False,2025,2,14,581,Şubat/14 (7. Hafta),297,Yabancı Para Pozisyonu,9,Dövize Endeskli Varlıklar (Bilgi),TOPLAM,"6.671,94",6671.94,TL,BDDK Haftalık Bülten
2025-02-21,2025-02-21,2025-02-21,False,2025,2,21,582,Şubat/21 (8. Hafta),297,Yabancı Para Pozisyonu,1,Bilanço İçi Yabancı Para Pozisyonu (2-3),TOPLAM,"-693.046,49",-693046.49,TL,BDDK Haftalık Bülten
2025-02-21,2025-02-21,2025-02-21,False,2025,2,21,582,Şubat/21 (8. Hafta),297,Yabancı Para Pozisyonu,10,Dövize Endeksli Yükümlülükler (Bilgi),TOPLAM,"1.916,21",1916.21,TL,BDDK Haftalık Bülten
2025-02-21,2025-02-21,2025-02-21,False,2025,2,21,582,Şubat/21 (8. Hafta),297,Yabancı Para Pozisyonu,2,a) Bilanço İçi Varlıklar,TOPLAM,"13.078.653,35",13078653.35,TL,BDDK Haftalık Bülten
2025-02-21,2025-02-21,2025-02-21,False,2025,2,21,582,Şubat/21 (8. Hafta),297,Yabancı Para Pozisyonu,3,b) Bilanço İçi Yükümlülükler,TOPLAM,"13.771.699,85",13771699.85,TL,BDDK Haftalık Bülten
2025-02-21,2025-02-21,2025-02-21,False,2025,2,21,582,Şubat/21 (8. Hafta),297,Yabancı Para Pozisyonu,4,Bilanço Dışı Yabancı Para Pozisyonu (5-6),TOPLAM,"727.478,05",727478.05,TL,BDDK Haftalık Bülten
2025-02-21,2025-02-21,2025-02-21,False,2025,2,21,582,Şubat/21 (8. Hafta),297,Yabancı Para Pozisyonu,5,a) Bilanço Dışı Varlıklar,TOPLAM,"5.469.288,31",5469288.31,TL,BDDK Haftalık Bülten
2025-02-21,2025-02-21,2025-02-21,False,2025,2,21,582,Şubat/21 (8. Hafta),297,Yabancı Para Pozisyonu,6,b) Bilanço Dışı Yükümlülükler,TOPLAM,"4.741.810,26",4741810.26,TL,BDDK Haftalık Bülten
2025-02-21,2025-02-21,2025-02-21,False,2025,2,21,582,Şubat/21 (8. Hafta),297,Yabancı Para Pozisyonu,7,Yabancı Para Net Genel Pozisyonu (1+4),TOPLAM,"34.431,55",34431.55,TL,BDDK Haftalık Bülten
2025-02-21,2025-02-21,2025-02-21,False,2025,2,21,582,Şubat/21 (8. Hafta),297,Yabancı Para Pozisyonu,8,Yasal Özkaynak,TOPLAM,"3.643.578,04",3643578.04,TL,BDDK Haftalık Bülten
2025-02-21,2025-02-21,2025-02-21,False,2025,2,21,582,Şubat/21 (8. Hafta),297,Yabancı Para Pozisyonu,9,Dövize Endeskli Varlıklar (Bilgi),TOPLAM,"6.688,62",6688.62,TL,BDDK Haftalık Bülten
2025-02-28,2025-02-28,2025-02-28,False,2025,2,28,583,Şubat/28 (9. Hafta),297,Yabancı Para Pozisyonu,1,Bilanço İçi Yabancı Para Pozisyonu (2-3),TOPLAM,"-732.533,81",-732533.81,TL,BDDK Haftalık Bülten
2025-02-28,2025-02-28,2025-02-28,False,2025,2,28,583,Şubat/28 (9. Hafta),297,Yabancı Para Pozisyonu,10,Dövize Endeksli Yükümlülükler (Bilgi),TOPLAM,"1.912,64",1912.64,TL,BDDK Haftalık Bülten
2025-02-28,2025-02-28,2025-02-28,False,2025,2,28,583,Şubat/28 (9. Hafta),297,Yabancı Para Pozisyonu,2,a) Bilanço İçi Varlıklar,TOPLAM,"12.968.847,00",12968847.0,TL,BDDK Haftalık Bülten
2025-02-28,2025-02-28,2025-02-28,False,2025,2,28,583,Şubat/28 (9. Hafta),297,Yabancı Para Pozisyonu,3,b) Bilanço İçi Yükümlülükler,TOPLAM,"13.701.380,81",13701380.81,TL,BDDK Haftalık Bülten
2025-02-28,2025-02-28,2025-02-28,False,2025,2,28,583,Şubat/28 (9. Hafta),297,Yabancı Para Pozisyonu,4,Bilanço Dışı Yabancı Para Pozisyonu (5-6),TOPLAM,"779.096,41",779096.41,TL,BDDK Haftalık Bülten
2025-02-28,2025-02-28,2025-02-28,False,2025,2,28,583,Şubat/28 (9. Hafta),297,Yabancı Para Pozisyonu,5,a) Bilanço Dışı Varlıklar,TOPLAM,"5.467.773,54",5467773.54,TL,BDDK Haftalık Bülten
2025-02-28,2025-02-28,2025-02-28,False,2025,2,28,583,Şubat/28 (9. Hafta),297,Yabancı Para Pozisyonu,6,b) Bilanço Dışı Yükümlülükler,TOPLAM,"4.688.677,13",4688677.13,TL,BDDK Haftalık Bülten
2025-02-28,2025-02-28,2025-02-28,False,2025,2,28,583,Şubat/28 (9. Hafta),297,Yabancı Para Pozisyonu,7,Yabancı Para Net Genel Pozisyonu (1+4),TOPLAM,"46.562,60",46562.6,TL,BDDK Haftalık Bülten
2025-02-28,2025-02-28,2025-02-28,False,2025,2,28,583,Şubat/28 (9. Hafta),297,Yabancı Para Pozisyonu,8,Yasal Özkaynak,TOPLAM,"3.701.334,20",3701334.2,TL,BDDK Haftalık Bülten
2025-02-28,2025-02-28,2025-02-28,False,2025,2,28,583,Şubat/28 (9. Hafta),297,Yabancı Para Pozisyonu,9,Dövize Endeskli Varlıklar (Bilgi),TOPLAM,"6.562,14",6562.14,TL,BDDK Haftalık Bülten
2025-03-07,2025-03-07,2025-03-07,False,2025,3,7,584,Mart/07 (10. Hafta),297,Yabancı Para Pozisyonu,1,Bilanço İçi Yabancı Para Pozisyonu (2-3),TOPLAM,"-813.724,86",-813724.86,TL,BDDK Haftalık Bülten
2025-03-07,2025-03-07,2025-03-07,False,2025,3,7,584,Mart/07 (10. Hafta),297,Yabancı Para Pozisyonu,10,Dövize Endeksli Yükümlülükler (Bilgi),TOPLAM,"1.949,26",1949.26,TL,BDDK Haftalık Bülten
2025-03-07,2025-03-07,2025-03-07,False,2025,3,7,584,Mart/07 (10. Hafta),297,Yabancı Para Pozisyonu,2,a) Bilanço İçi Varlıklar,TOPLAM,"13.205.105,94",13205105.94,TL,BDDK Haftalık Bülten
2025-03-07,2025-03-07,2025-03-07,False,2025,3,7,584,Mart/07 (10. Hafta),297,Yabancı Para Pozisyonu,3,b) Bilanço İçi Yükümlülükler,TOPLAM,"14.018.830,79",14018830.79,TL,BDDK Haftalık Bülten
2025-03-07,2025-03-07,2025-03-07,False,2025,3,7,584,Mart/07 (10. Hafta),297,Yabancı Para Pozisyonu,4,Bilanço Dışı Yabancı Para Pozisyonu (5-6),TOPLAM,"856.037,92",856037.92,TL,BDDK Haftalık Bülten
2025-03-07,2025-03-07,2025-03-07,False,2025,3,7,584,Mart/07 (10. Hafta),297,Yabancı Para Pozisyonu,5,a) Bilanço Dışı Varlıklar,TOPLAM,"5.701.666,22",5701666.22,TL,BDDK Haftalık Bülten
2025-03-07,2025-03-07,2025-03-07,False,2025,3,7,584,Mart/07 (10. Hafta),297,Yabancı Para Pozisyonu,6,b) Bilanço Dışı Yükümlülükler,TOPLAM,"4.845.628,30",4845628.3,TL,BDDK Haftalık Bülten
2025-03-07,2025-03-07,2025-03-07,False,2025,3,7,584,Mart/07 (10. Hafta),297,Yabancı Para Pozisyonu,7,Yabancı Para Net Genel Pozisyonu (1+4),TOPLAM,"42.313,07",42313.07,TL,BDDK Haftalık Bülten
2025-03-07,2025-03-07,2025-03-07,False,2025,3,7,584,Mart/07 (10. Hafta),297,Yabancı Para Pozisyonu,8,Yasal Özkaynak,TOPLAM,"3.701.174,32",3701174.32,TL,BDDK Haftalık Bülten
2025-03-07,2025-03-07,2025-03-07,False,2025,3,7,584,Mart/07 (10. Hafta),297,Yabancı Para Pozisyonu,9,Dövize Endeskli Varlıklar (Bilgi),TOPLAM,"6.673,95",6673.95,TL,BDDK Haftalık Bülten
2025-03-14,2025-03-14,2025-03-14,False,2025,3,14,585,Mart/14 (11. Hafta),297,Yabancı Para Pozisyonu,1,Bilanço İçi Yabancı Para Pozisyonu (2-3),TOPLAM,"-871.877,64",-871877.64,TL,BDDK Haftalık Bülten
2025-03-14,2025-03-14,2025-03-14,False,2025,3,14,585,Mart/14 (11. Hafta),297,Yabancı Para Pozisyonu,10,Dövize Endeksli Yükümlülükler (Bilgi),TOPLAM,"1.958,50",1958.5,TL,BDDK Haftalık Bülten
2025-03-14,2025-03-14,2025-03-14,False,2025,3,14,585,Mart/14 (11. Hafta),297,Yabancı Para Pozisyonu,2,a) Bilanço İçi Varlıklar,TOPLAM,"13.350.717,59",13350717.59,TL,BDDK Haftalık Bülten
2025-03-14,2025-03-14,2025-03-14,False,2025,3,14,585,Mart/14 (11. Hafta),297,Yabancı Para Pozisyonu,3,b) Bilanço İçi Yükümlülükler,TOPLAM,"14.222.595,22",14222595.22,TL,BDDK Haftalık Bülten
2025-03-14,2025-03-14,2025-03-14,False,2025,3,14,585,Mart/14 (11. Hafta),297,Yabancı Para Pozisyonu,4,Bilanço Dışı Yabancı Para Pozisyonu (5-6),TOPLAM,"924.723,18",924723.18,TL,BDDK Haftalık Bülten
2025-03-14,2025-03-14,2025-03-14,False,2025,3,14,585,Mart/14 (11. Hafta),297,Yabancı Para Pozisyonu,5,a) Bilanço Dışı Varlıklar,TOPLAM,"5.944.317,35",5944317.35,TL,BDDK Haftalık Bülten
2025-03-14,2025-03-14,2025-03-14,False,2025,3,14,585,Mart/14 (11. Hafta),297,Yabancı Para Pozisyonu,6,b) Bilanço Dışı Yükümlülükler,TOPLAM,"5.019.594,17",5019594.17,TL,BDDK Haftalık Bülten
2025-03-14,2025-03-14,2025-03-14,False,2025,3,14,585,Mart/14 (11. Hafta),297,Yabancı Para Pozisyonu,7,Yabancı Para Net Genel Pozisyonu (1+4),TOPLAM,"52.845,54",52845.54,TL,BDDK Haftalık Bülten
2025-03-14,2025-03-14,2025-03-14,False,2025,3,14,585,Mart/14 (11. Hafta),297,Yabancı Para Pozisyonu,8,Yasal Özkaynak,TOPLAM,"3.711.621,84",3711621.84,TL,BDDK Haftalık Bülten
2025-03-14,2025-03-14,2025-03-14,False,2025,3,14,585,Mart/14 (11. Hafta),297,Yabancı Para Pozisyonu,9,Dövize Endeskli Varlıklar (Bilgi),TOPLAM,"6.704,09",6704.09,TL,BDDK Haftalık Bülten
2025-03-21,2025-03-21,2025-03-21,False,2025,3,21,586,Mart/21 (12. Hafta),297,Yabancı Para Pozisyonu,1,Bilanço İçi Yabancı Para Pozisyonu (2-3),TOPLAM,"-824.371,54",-824371.54,TL,BDDK Haftalık Bülten
2025-03-21,2025-03-21,2025-03-21,False,2025,3,21,586,Mart/21 (12. Hafta),297,Yabancı Para Pozisyonu,10,Dövize Endeksli Yükümlülükler (Bilgi),TOPLAM,"1.789,69",1789.69,TL,BDDK Haftalık Bülten
2025-03-21,2025-03-21,2025-03-21,False,2025,3,21,586,Mart/21 (12. Hafta),297,Yabancı Para Pozisyonu,2,a) Bilanço İçi Varlıklar,TOPLAM,"14.210.869,91",14210869.91,TL,BDDK Haftalık Bülten
2025-03-21,2025-03-21,2025-03-21,False,2025,3,21,586,Mart/21 (12. Hafta),297,Yabancı Para Pozisyonu,3,b) Bilanço İçi Yükümlülükler,TOPLAM,"15.035.241,46",15035241.46,TL,BDDK Haftalık Bülten
2025-03-21,2025-03-21,2025-03-21,False,2025,3,21,586,Mart/21 (12. Hafta),297,Yabancı Para Pozisyonu,4,Bilanço Dışı Yabancı Para Pozisyonu (5-6),TOPLAM,"926.060,73",926060.73,TL,BDDK Haftalık Bülten
2025-03-21,2025-03-21,2025-03-21,False,2025,3,21,586,Mart/21 (12. Hafta),297,Yabancı Para Pozisyonu,5,a) Bilanço Dışı Varlıklar,TOPLAM,"6.807.241,35",6807241.35,TL,BDDK Haftalık Bülten
2025-03-21,2025-03-21,2025-03-21,False,2025,3,21,586,Mart/21 (12. Hafta),297,Yabancı Para Pozisyonu,6,b) Bilanço Dışı Yükümlülükler,TOPLAM,"5.881.180,62",5881180.62,TL,BDDK Haftalık Bülten
2025-03-21,2025-03-21,2025-03-21,False,2025,3,21,586,Mart/21 (12. Hafta),297,Yabancı Para Pozisyonu,7,Yabancı Para Net Genel Pozisyonu (1+4),TOPLAM,"101.689,19",101689.19,TL,BDDK Haftalık Bülten
2025-03-21,2025-03-21,2025-03-21,False,2025,3,21,586,Mart/21 (12. Hafta),297,Yabancı Para Pozisyonu,8,Yasal Özkaynak,TOPLAM,"3.742.648,15",3742648.15,TL,BDDK Haftalık Bülten
2025-03-21,2025-03-21,2025-03-21,False,2025,3,21,586,Mart/21 (12. Hafta),297,Yabancı Para Pozisyonu,9,Dövize Endeskli Varlıklar (Bilgi),TOPLAM,"6.887,32",6887.32,TL,BDDK Haftalık Bülten
2025-03-28,2025-03-28,2025-03-28,False,2025,3,28,587,Mart/28 (13. Hafta),297,Yabancı Para Pozisyonu,1,Bilanço İçi Yabancı Para Pozisyonu (2-3),TOPLAM,"-927.347,24",-927347.24,TL,BDDK Haftalık Bülten
2025-03-28,2025-03-28,2025-03-28,False,2025,3,28,587,Mart/28 (13. Hafta),297,Yabancı Para Pozisyonu,10,Dövize Endeksli Yükümlülükler (Bilgi),TOPLAM,"1.544,92",1544.92,TL,BDDK Haftalık Bülten
2025-03-28,2025-03-28,2025-03-28,False,2025,3,28,587,Mart/28 (13. Hafta),297,Yabancı Para Pozisyonu,2,a) Bilanço İçi Varlıklar,TOPLAM,"14.250.846,46",14250846.46,TL,BDDK Haftalık Bülten
2025-03-28,2025-03-28,2025-03-28,False,2025,3,28,587,Mart/28 (13. Hafta),297,Yabancı Para Pozisyonu,3,b) Bilanço İçi Yükümlülükler,TOPLAM,"15.178.193,70",15178193.7,TL,BDDK Haftalık Bülten
2025-03-28,2025-03-28,2025-03-28,False,2025,3,28,587,Mart/28 (13. Hafta),297,Yabancı Para Pozisyonu,4,Bilanço Dışı Yabancı Para Pozisyonu (5-6),TOPLAM,"1.016.720,39",1016720.39,TL,BDDK Haftalık Bülten
2025-03-28,2025-03-28,2025-03-28,False,2025,3,28,587,Mart/28 (13. Hafta),297,Yabancı Para Pozisyonu,5,a) Bilanço Dışı Varlıklar,TOPLAM,"6.282.059,92",6282059.92,TL,BDDK Haftalık Bülten
2025-03-28,2025-03-28,2025-03-28,False,2025,3,28,587,Mart/28 (13. Hafta),297,Yabancı Para Pozisyonu,6,b) Bilanço Dışı Yükümlülükler,TOPLAM,"5.265.339,53",5265339.53,TL,BDDK Haftalık Bülten
2025-03-28,2025-03-28,2025-03-28,False,2025,3,28,587,Mart/28 (13. Hafta),297,Yabancı Para Pozisyonu,7,Yabancı Para Net Genel Pozisyonu (1+4),TOPLAM,"89.373,15",89373.15,TL,BDDK Haftalık Bülten
2025-03-28,2025-03-28,2025-03-28,False,2025,3,28,587,Mart/28 (13. Hafta),297,Yabancı Para Pozisyonu,8,Yasal Özkaynak,TOPLAM,"3.775.903,59",3775903.59,TL,BDDK Haftalık Bülten
2025-03-28,2025-03-28,2025-03-28,False,2025,3,28,587,Mart/28 (13. Hafta),297,Yabancı Para Pozisyonu,9,Dövize Endeskli Varlıklar (Bilgi),TOPLAM,"6.835,10",6835.1,TL,BDDK Haftalık Bülten
2025-04-04,2025-04-04,2025-04-04,False,2025,4,4,588,Nisan/04 (14. Hafta),297,Yabancı Para Pozisyonu,1,Bilanço İçi Yabancı Para Pozisyonu (2-3),TOPLAM,"-880.206,35",-880206.35,TL,BDDK Haftalık Bülten
2025-04-04,2025-04-04,2025-04-04,False,2025,4,4,588,Nisan/04 (14. Hafta),297,Yabancı Para Pozisyonu,10,Dövize Endeksli Yükümlülükler (Bilgi),TOPLAM,"1.625,71",1625.71,TL,BDDK Haftalık Bülten
2025-04-04,2025-04-04,2025-04-04,False,2025,4,4,588,Nisan/04 (14. Hafta),297,Yabancı Para Pozisyonu,2,a) Bilanço İçi Varlıklar,TOPLAM,"14.473.581,32",14473581.32,TL,BDDK Haftalık Bülten
2025-04-04,2025-04-04,2025-04-04,False,2025,4,4,588,Nisan/04 (14. Hafta),297,Yabancı Para Pozisyonu,3,b) Bilanço İçi Yükümlülükler,TOPLAM,"15.353.787,68",15353787.68,TL,BDDK Haftalık Bülten
2025-04-04,2025-04-04,2025-04-04,False,2025,4,4,588,Nisan/04 (14. Hafta),297,Yabancı Para Pozisyonu,4,Bilanço Dışı Yabancı Para Pozisyonu (5-6),TOPLAM,"968.888,26",968888.26,TL,BDDK Haftalık Bülten
2025-04-04,2025-04-04,2025-04-04,False,2025,4,4,588,Nisan/04 (14. Hafta),297,Yabancı Para Pozisyonu,5,a) Bilanço Dışı Varlıklar,TOPLAM,"6.440.780,11",6440780.11,TL,BDDK Haftalık Bülten
2025-04-04,2025-04-04,2025-04-04,False,2025,4,4,588,Nisan/04 (14. Hafta),297,Yabancı Para Pozisyonu,6,b) Bilanço Dışı Yükümlülükler,TOPLAM,"5.471.891,85",5471891.85,TL,BDDK Haftalık Bülten
2025-04-04,2025-04-04,2025-04-04,False,2025,4,4,588,Nisan/04 (14. Hafta),297,Yabancı Para Pozisyonu,7,Yabancı Para Net Genel Pozisyonu (1+4),TOPLAM,"88.681,91",88681.91,TL,BDDK Haftalık Bülten
2025-04-04,2025-04-04,2025-04-04,False,2025,4,4,588,Nisan/04 (14. Hafta),297,Yabancı Para Pozisyonu,8,Yasal Özkaynak,TOPLAM,"3.776.313,01",3776313.01,TL,BDDK Haftalık Bülten
2025-04-04,2025-04-04,2025-04-04,False,2025,4,4,588,Nisan/04 (14. Hafta),297,Yabancı Para Pozisyonu,9,Dövize Endeskli Varlıklar (Bilgi),TOPLAM,"6.882,58",6882.58,TL,BDDK Haftalık Bülten
2025-04-11,2025-04-11,2025-04-11,False,2025,4,11,589,Nisan/11 (15. Hafta),297,Yabancı Para Pozisyonu,1,Bilanço İçi Yabancı Para Pozisyonu (2-3),TOPLAM,"-832.783,18",-832783.18,TL,BDDK Haftalık Bülten
2025-04-11,2025-04-11,2025-04-11,False,2025,4,11,589,Nisan/11 (15. Hafta),297,Yabancı Para Pozisyonu,10,Dövize Endeksli Yükümlülükler (Bilgi),TOPLAM,"1.676,61",1676.61,TL,BDDK Haftalık Bülten
2025-04-11,2025-04-11,2025-04-11,False,2025,4,11,589,Nisan/11 (15. Hafta),297,Yabancı Para Pozisyonu,2,a) Bilanço İçi Varlıklar,TOPLAM,"14.818.447,37",14818447.37,TL,BDDK Haftalık Bülten
2025-04-11,2025-04-11,2025-04-11,False,2025,4,11,589,Nisan/11 (15. Hafta),297,Yabancı Para Pozisyonu,3,b) Bilanço İçi Yükümlülükler,TOPLAM,"15.651.230,56",15651230.56,TL,BDDK Haftalık Bülten
2025-04-11,2025-04-11,2025-04-11,False,2025,4,11,589,Nisan/11 (15. Hafta),297,Yabancı Para Pozisyonu,4,Bilanço Dışı Yabancı Para Pozisyonu (5-6),TOPLAM,"921.582,56",921582.56,TL,BDDK Haftalık Bülten
2025-04-11,2025-04-11,2025-04-11,False,2025,4,11,589,Nisan/11 (15. Hafta),297,Yabancı Para Pozisyonu,5,a) Bilanço Dışı Varlıklar,TOPLAM,"6.174.392,04",6174392.04,TL,BDDK Haftalık Bülten
2025-04-11,2025-04-11,2025-04-11,False,2025,4,11,589,Nisan/11 (15. Hafta),297,Yabancı Para Pozisyonu,6,b) Bilanço Dışı Yükümlülükler,TOPLAM,"5.252.809,48",5252809.48,TL,BDDK Haftalık Bülten
2025-04-11,2025-04-11,2025-04-11,False,2025,4,11,589,Nisan/11 (15. Hafta),297,Yabancı Para Pozisyonu,7,Yabancı Para Net Genel Pozisyonu (1+4),TOPLAM,"88.799,38",88799.38,TL,BDDK Haftalık Bülten
2025-04-11,2025-04-11,2025-04-11,False,2025,4,11,589,Nisan/11 (15. Hafta),297,Yabancı Para Pozisyonu,8,Yasal Özkaynak,TOPLAM,"3.776.506,23",3776506.23,TL,BDDK Haftalık Bülten
2025-04-11,2025-04-11,2025-04-11,False,2025,4,11,589,Nisan/11 (15. Hafta),297,Yabancı Para Pozisyonu,9,Dövize Endeskli Varlıklar (Bilgi),TOPLAM,"6.986,32",6986.32,TL,BDDK Haftalık Bülten
2025-04-18,2025-04-18,2025-04-18,False,2025,4,18,590,Nisan/18 (16. Hafta),297,Yabancı Para Pozisyonu,1,Bilanço İçi Yabancı Para Pozisyonu (2-3),TOPLAM,"-899.291,84",-899291.84,TL,BDDK Haftalık Bülten
2025-04-18,2025-04-18,2025-04-18,False,2025,4,18,590,Nisan/18 (16. Hafta),297,Yabancı Para Pozisyonu,10,Dövize Endeksli Yükümlülükler (Bilgi),TOPLAM,"1.421,86",1421.86,TL,BDDK Haftalık Bülten
2025-04-18,2025-04-18,2025-04-18,False,2025,4,18,590,Nisan/18 (16. Hafta),297,Yabancı Para Pozisyonu,2,a) Bilanço İçi Varlıklar,TOPLAM,"15.006.452,83",15006452.83,TL,BDDK Haftalık Bülten
2025-04-18,2025-04-18,2025-04-18,False,2025,4,18,590,Nisan/18 (16. Hafta),297,Yabancı Para Pozisyonu,3,b) Bilanço İçi Yükümlülükler,TOPLAM,"15.905.744,67",15905744.67,TL,BDDK Haftalık Bülten
2025-04-18,2025-04-18,2025-04-18,False,2025,4,18,590,Nisan/18 (16. Hafta),297,Yabancı Para Pozisyonu,4,Bilanço Dışı Yabancı Para Pozisyonu (5-6),TOPLAM,"940.776,02",940776.02,TL,BDDK Haftalık Bülten
2025-04-18,2025-04-18,2025-04-18,False,2025,4,18,590,Nisan/18 (16. Hafta),297,Yabancı Para Pozisyonu,5,a) Bilanço Dışı Varlıklar,TOPLAM,"5.879.719,76",5879719.76,TL,BDDK Haftalık Bülten
2025-04-18,2025-04-18,2025-04-18,False,2025,4,18,590,Nisan/18 (16. Hafta),297,Yabancı Para Pozisyonu,6,b) Bilanço Dışı Yükümlülükler,TOPLAM,"4.938.943,75",4938943.75,TL,BDDK Haftalık Bülten
2025-04-18,2025-04-18,2025-04-18,False,2025,4,18,590,Nisan/18 (16. Hafta),297,Yabancı Para Pozisyonu,7,Yabancı Para Net Genel Pozisyonu (1+4),TOPLAM,"41.484,17",41484.17,TL,BDDK Haftalık Bülten
2025-04-18,2025-04-18,2025-04-18,False,2025,4,18,590,Nisan/18 (16. Hafta),297,Yabancı Para Pozisyonu,8,Yasal Özkaynak,TOPLAM,"3.804.992,83",3804992.83,TL,BDDK Haftalık Bülten
2025-04-18,2025-04-18,2025-04-18,False,2025,4,18,590,Nisan/18 (16. Hafta),297,Yabancı Para Pozisyonu,9,Dövize Endeskli Varlıklar (Bilgi),TOPLAM,"6.984,18",6984.18,TL,BDDK Haftalık Bülten
2025-04-25,2025-04-25,2025-04-25,False,2025,4,25,591,Nisan/25 (17. Hafta),297,Yabancı Para Pozisyonu,1,Bilanço İçi Yabancı Para Pozisyonu (2-3),TOPLAM,"-917.689,61",-917689.61,TL,BDDK Haftalık Bülten
2025-04-25,2025-04-25,2025-04-25,False,2025,4,25,591,Nisan/25 (17. Hafta),297,Yabancı Para Pozisyonu,10,Dövize Endeksli Yükümlülükler (Bilgi),TOPLAM,"1.036,70",1036.7,TL,BDDK Haftalık Bülten
2025-04-25,2025-04-25,2025-04-25,False,2025,4,25,591,Nisan/25 (17. Hafta),297,Yabancı Para Pozisyonu,2,a) Bilanço İçi Varlıklar,TOPLAM,"15.092.048,93",15092048.93,TL,BDDK Haftalık Bülten
2025-04-25,2025-04-25,2025-04-25,False,2025,4,25,591,Nisan/25 (17. Hafta),297,Yabancı Para Pozisyonu,3,b) Bilanço İçi Yükümlülükler,TOPLAM,"16.009.738,54",16009738.54,TL,BDDK Haftalık Bülten
2025-04-25,2025-04-25,2025-04-25,False,2025,4,25,591,Nisan/25 (17. Hafta),297,Yabancı Para Pozisyonu,4,Bilanço Dışı Yabancı Para Pozisyonu (5-6),TOPLAM,"966.715,63",966715.63,TL,BDDK Haftalık Bülten
2025-04-25,2025-04-25,2025-04-25,False,2025,4,25,591,Nisan/25 (17. Hafta),297,Yabancı Para Pozisyonu,5,a) Bilanço Dışı Varlıklar,TOPLAM,"6.129.764,31",6129764.31,TL,BDDK Haftalık Bülten
2025-04-25,2025-04-25,2025-04-25,False,2025,4,25,591,Nisan/25 (17. Hafta),297,Yabancı Para Pozisyonu,6,b) Bilanço Dışı Yükümlülükler,TOPLAM,"5.163.048,68",5163048.68,TL,BDDK Haftalık Bülten
2025-04-25,2025-04-25,2025-04-25,False,2025,4,25,591,Nisan/25 (17. Hafta),297,Yabancı Para Pozisyonu,7,Yabancı Para Net Genel Pozisyonu (1+4),TOPLAM,"49.026,02",49026.02,TL,BDDK Haftalık Bülten
2025-04-25,2025-04-25,2025-04-25,False,2025,4,25,591,Nisan/25 (17. Hafta),297,Yabancı Para Pozisyonu,8,Yasal Özkaynak,TOPLAM,"3.838.752,26",3838752.26,TL,BDDK Haftalık Bülten
2025-04-25,2025-04-25,2025-04-25,False,2025,4,25,591,Nisan/25 (17. Hafta),297,Yabancı Para Pozisyonu,9,Dövize Endeskli Varlıklar (Bilgi),TOPLAM,"6.996,29",6996.29,TL,BDDK Haftalık Bülten
2025-05-02,2025-05-02,2025-05-02,False,2025,5,2,592,Mayıs/02 (18. Hafta),297,Yabancı Para Pozisyonu,1,Bilanço İçi Yabancı Para Pozisyonu (2-3),TOPLAM,"-855.096,79",-855096.79,TL,BDDK Haftalık Bülten
2025-05-02,2025-05-02,2025-05-02,False,2025,5,2,592,Mayıs/02 (18. Hafta),297,Yabancı Para Pozisyonu,10,Dövize Endeksli Yükümlülükler (Bilgi),TOPLAM,"762,72",762.72,TL,BDDK Haftalık Bülten
2025-05-02,2025-05-02,2025-05-02,False,2025,5,2,592,Mayıs/02 (18. Hafta),297,Yabancı Para Pozisyonu,2,a) Bilanço İçi Varlıklar,TOPLAM,"15.072.828,05",15072828.05,TL,BDDK Haftalık Bülten
2025-05-02,2025-05-02,2025-05-02,False,2025,5,2,592,Mayıs/02 (18. Hafta),297,Yabancı Para Pozisyonu,3,b) Bilanço İçi Yükümlülükler,TOPLAM,"15.927.924,84",15927924.84,TL,BDDK Haftalık Bülten
2025-05-02,2025-05-02,2025-05-02,False,2025,5,2,592,Mayıs/02 (18. Hafta),297,Yabancı Para Pozisyonu,4,Bilanço Dışı Yabancı Para Pozisyonu (5-6),TOPLAM,"904.155,62",904155.62,TL,BDDK Haftalık Bülten
2025-05-02,2025-05-02,2025-05-02,False,2025,5,2,592,Mayıs/02 (18. Hafta),297,Yabancı Para Pozisyonu,5,a) Bilanço Dışı Varlıklar,TOPLAM,"5.936.474,34",5936474.34,TL,BDDK Haftalık Bülten
2025-05-02,2025-05-02,2025-05-02,False,2025,5,2,592,Mayıs/02 (18. Hafta),297,Yabancı Para Pozisyonu,6,b) Bilanço Dışı Yükümlülükler,TOPLAM,"5.032.318,72",5032318.72,TL,BDDK Haftalık Bülten
2025-05-02,2025-05-02,2025-05-02,False,2025,5,2,592,Mayıs/02 (18. Hafta),297,Yabancı Para Pozisyonu,7,Yabancı Para Net Genel Pozisyonu (1+4),TOPLAM,"49.058,82",49058.82,TL,BDDK Haftalık Bülten
2025-05-02,2025-05-02,2025-05-02,False,2025,5,2,592,Mayıs/02 (18. Hafta),297,Yabancı Para Pozisyonu,8,Yasal Özkaynak,TOPLAM,"3.850.068,98",3850068.98,TL,BDDK Haftalık Bülten
2025-05-02,2025-05-02,2025-05-02,False,2025,5,2,592,Mayıs/02 (18. Hafta),297,Yabancı Para Pozisyonu,9,Dövize Endeskli Varlıklar (Bilgi),TOPLAM,"6.788,87",6788.87,TL,BDDK Haftalık Bülten
2025-05-09,2025-05-09,2025-05-09,False,2025,5,9,593,Mayıs/09 (19. Hafta),297,Yabancı Para Pozisyonu,1,Bilanço İçi Yabancı Para Pozisyonu (2-3),TOPLAM,"-983.705,79",-983705.79,TL,BDDK Haftalık Bülten
2025-05-09,2025-05-09,2025-05-09,False,2025,5,9,593,Mayıs/09 (19. Hafta),297,Yabancı Para Pozisyonu,10,Dövize Endeksli Yükümlülükler (Bilgi),TOPLAM,"703,86",703.86,TL,BDDK Haftalık Bülten
2025-05-09,2025-05-09,2025-05-09,False,2025,5,9,593,Mayıs/09 (19. Hafta),297,Yabancı Para Pozisyonu,2,a) Bilanço İçi Varlıklar,TOPLAM,"15.020.994,18",15020994.18,TL,BDDK Haftalık Bülten
2025-05-09,2025-05-09,2025-05-09,False,2025,5,9,593,Mayıs/09 (19. Hafta),297,Yabancı Para Pozisyonu,3,b) Bilanço İçi Yükümlülükler,TOPLAM,"16.004.699,97",16004699.97,TL,BDDK Haftalık Bülten
2025-05-09,2025-05-09,2025-05-09,False,2025,5,9,593,Mayıs/09 (19. Hafta),297,Yabancı Para Pozisyonu,4,Bilanço Dışı Yabancı Para Pozisyonu (5-6),TOPLAM,"1.035.316,57",1035316.57,TL,BDDK Haftalık Bülten
2025-05-09,2025-05-09,2025-05-09,False,2025,5,9,593,Mayıs/09 (19. Hafta),297,Yabancı Para Pozisyonu,5,a) Bilanço Dışı Varlıklar,TOPLAM,"5.966.567,52",5966567.52,TL,BDDK Haftalık Bülten
2025-05-09,2025-05-09,2025-05-09,False,2025,5,9,593,Mayıs/09 (19. Hafta),297,Yabancı Para Pozisyonu,6,b) Bilanço Dışı Yükümlülükler,TOPLAM,"4.931.250,95",4931250.95,TL,BDDK Haftalık Bülten
2025-05-09,2025-05-09,2025-05-09,False,2025,5,9,593,Mayıs/09 (19. Hafta),297,Yabancı Para Pozisyonu,7,Yabancı Para Net Genel Pozisyonu (1+4),TOPLAM,"51.610,78",51610.78,TL,BDDK Haftalık Bülten
2025-05-09,2025-05-09,2025-05-09,False,2025,5,9,593,Mayıs/09 (19. Hafta),297,Yabancı Para Pozisyonu,8,Yasal Özkaynak,TOPLAM,"3.853.468,07",3853468.07,TL,BDDK Haftalık Bülten
2025-05-09,2025-05-09,2025-05-09,False,2025,5,9,593,Mayıs/09 (19. Hafta),297,Yabancı Para Pozisyonu,9,Dövize Endeskli Varlıklar (Bilgi),TOPLAM,"6.732,13",6732.13,TL,BDDK Haftalık Bülten
2025-05-16,2025-05-16,2025-05-16,False,2025,5,16,594,Mayıs/16 (20. Hafta),297,Yabancı Para Pozisyonu,1,Bilanço İçi Yabancı Para Pozisyonu (2-3),TOPLAM,"-953.663,38",-953663.38,TL,BDDK Haftalık Bülten
2025-05-16,2025-05-16,2025-05-16,False,2025,5,16,594,Mayıs/16 (20. Hafta),297,Yabancı Para Pozisyonu,10,Dövize Endeksli Yükümlülükler (Bilgi),TOPLAM,"656,07",656.07,TL,BDDK Haftalık Bülten
2025-05-16,2025-05-16,2025-05-16,False,2025,5,16,594,Mayıs/16 (20. Hafta),297,Yabancı Para Pozisyonu,2,a) Bilanço İçi Varlıklar,TOPLAM,"14.981.440,21",14981440.21,TL,BDDK Haftalık Bülten
2025-05-16,2025-05-16,2025-05-16,False,2025,5,16,594,Mayıs/16 (20. Hafta),297,Yabancı Para Pozisyonu,3,b) Bilanço İçi Yükümlülükler,TOPLAM,"15.935.103,59",15935103.59,TL,BDDK Haftalık Bülten
2025-05-16,2025-05-16,2025-05-16,False,2025,5,16,594,Mayıs/16 (20. Hafta),297,Yabancı Para Pozisyonu,4,Bilanço Dışı Yabancı Para Pozisyonu (5-6),TOPLAM,"991.313,42",991313.42,TL,BDDK Haftalık Bülten
2025-05-16,2025-05-16,2025-05-16,False,2025,5,16,594,Mayıs/16 (20. Hafta),297,Yabancı Para Pozisyonu,5,a) Bilanço Dışı Varlıklar,TOPLAM,"6.054.764,42",6054764.42,TL,BDDK Haftalık Bülten
2025-05-16,2025-05-16,2025-05-16,False,2025,5,16,594,Mayıs/16 (20. Hafta),297,Yabancı Para Pozisyonu,6,b) Bilanço Dışı Yükümlülükler,TOPLAM,"5.063.451,00",5063451.0,TL,BDDK Haftalık Bülten
2025-05-16,2025-05-16,2025-05-16,False,2025,5,16,594,Mayıs/16 (20. Hafta),297,Yabancı Para Pozisyonu,7,Yabancı Para Net Genel Pozisyonu (1+4),TOPLAM,"37.650,04",37650.04,TL,BDDK Haftalık Bülten
2025-05-16,2025-05-16,2025-05-16,False,2025,5,16,594,Mayıs/16 (20. Hafta),297,Yabancı Para Pozisyonu,8,Yasal Özkaynak,TOPLAM,"3.864.079,12",3864079.12,TL,BDDK Haftalık Bülten
2025-05-16,2025-05-16,2025-05-16,False,2025,5,16,594,Mayıs/16 (20. Hafta),297,Yabancı Para Pozisyonu,9,Dövize Endeskli Varlıklar (Bilgi),TOPLAM,"6.693,28",6693.28,TL,BDDK Haftalık Bülten
2025-05-23,2025-05-23,2025-05-23,False,2025,5,23,595,Mayıs/23 (21. Hafta),297,Yabancı Para Pozisyonu,1,Bilanço İçi Yabancı Para Pozisyonu (2-3),TOPLAM,"-1.129.379,86",-1129379.86,TL,BDDK Haftalık Bülten
2025-05-23,2025-05-23,2025-05-23,False,2025,5,23,595,Mayıs/23 (21. Hafta),297,Yabancı Para Pozisyonu,10,Dövize Endeksli Yükümlülükler (Bilgi),TOPLAM,"648,49",648.49,TL,BDDK Haftalık Bülten
2025-05-23,2025-05-23,2025-05-23,False,2025,5,23,595,Mayıs/23 (21. Hafta),297,Yabancı Para Pozisyonu,2,a) Bilanço İçi Varlıklar,TOPLAM,"15.024.014,89",15024014.89,TL,BDDK Haftalık Bülten
2025-05-23,2025-05-23,2025-05-23,False,2025,5,23,595,Mayıs/23 (21. Hafta),297,Yabancı Para Pozisyonu,3,b) Bilanço İçi Yükümlülükler,TOPLAM,"16.153.394,75",16153394.75,TL,BDDK Haftalık Bülten
2025-05-23,2025-05-23,2025-05-23,False,2025,5,23,595,Mayıs/23 (21. Hafta),297,Yabancı Para Pozisyonu,4,Bilanço Dışı Yabancı Para Pozisyonu (5-6),TOPLAM,"1.172.477,53",1172477.53,TL,BDDK Haftalık Bülten
2025-05-23,2025-05-23,2025-05-23,False,2025,5,23,595,Mayıs/23 (21. Hafta),297,Yabancı Para Pozisyonu,5,a) Bilanço Dışı Varlıklar,TOPLAM,"6.247.273,19",6247273.19,TL,BDDK Haftalık Bülten
2025-05-23,2025-05-23,2025-05-23,False,2025,5,23,595,Mayıs/23 (21. Hafta),297,Yabancı Para Pozisyonu,6,b) Bilanço Dışı Yükümlülükler,TOPLAM,"5.074.795,65",5074795.65,TL,BDDK Haftalık Bülten
2025-05-23,2025-05-23,2025-05-23,False,2025,5,23,595,Mayıs/23 (21. Hafta),297,Yabancı Para Pozisyonu,7,Yabancı Para Net Genel Pozisyonu (1+4),TOPLAM,"43.097,67",43097.67,TL,BDDK Haftalık Bülten
2025-05-23,2025-05-23,2025-05-23,False,2025,5,23,595,Mayıs/23 (21. Hafta),297,Yabancı Para Pozisyonu,8,Yasal Özkaynak,TOPLAM,"3.891.420,90",3891420.9,TL,BDDK Haftalık Bülten
2025-05-23,2025-05-23,2025-05-23,False,2025,5,23,595,Mayıs/23 (21. Hafta),297,Yabancı Para Pozisyonu,9,Dövize Endeskli Varlıklar (Bilgi),TOPLAM,"6.765,94",6765.94,TL,BDDK Haftalık Bülten
2025-05-30,2025-05-30,2025-05-30,False,2025,5,30,596,Mayıs/30 (22. Hafta),297,Yabancı Para Pozisyonu,1,Bilanço İçi Yabancı Para Pozisyonu (2-3),TOPLAM,"-1.035.441,07",-1035441.07,TL,BDDK Haftalık Bülten
2025-05-30,2025-05-30,2025-05-30,False,2025,5,30,596,Mayıs/30 (22. Hafta),297,Yabancı Para Pozisyonu,10,Dövize Endeksli Yükümlülükler (Bilgi),TOPLAM,"636,93",636.93,TL,BDDK Haftalık Bülten
2025-05-30,2025-05-30,2025-05-30,False,2025,5,30,596,Mayıs/30 (22. Hafta),297,Yabancı Para Pozisyonu,2,a) Bilanço İçi Varlıklar,TOPLAM,"15.132.544,74",15132544.74,TL,BDDK Haftalık Bülten
2025-05-30,2025-05-30,2025-05-30,False,2025,5,30,596,Mayıs/30 (22. Hafta),297,Yabancı Para Pozisyonu,3,b) Bilanço İçi Yükümlülükler,TOPLAM,"16.167.985,80",16167985.8,TL,BDDK Haftalık Bülten
2025-05-30,2025-05-30,2025-05-30,False,2025,5,30,596,Mayıs/30 (22. Hafta),297,Yabancı Para Pozisyonu,4,Bilanço Dışı Yabancı Para Pozisyonu (5-6),TOPLAM,"1.108.339,17",1108339.17,TL,BDDK Haftalık Bülten
2025-05-30,2025-05-30,2025-05-30,False,2025,5,30,596,Mayıs/30 (22. Hafta),297,Yabancı Para Pozisyonu,5,a) Bilanço Dışı Varlıklar,TOPLAM,"6.191.348,78",6191348.78,TL,BDDK Haftalık Bülten
2025-05-30,2025-05-30,2025-05-30,False,2025,5,30,596,Mayıs/30 (22. Hafta),297,Yabancı Para Pozisyonu,6,b) Bilanço Dışı Yükümlülükler,TOPLAM,"5.083.009,61",5083009.61,TL,BDDK Haftalık Bülten
2025-05-30,2025-05-30,2025-05-30,False,2025,5,30,596,Mayıs/30 (22. Hafta),297,Yabancı Para Pozisyonu,7,Yabancı Para Net Genel Pozisyonu (1+4),TOPLAM,"72.898,10",72898.1,TL,BDDK Haftalık Bülten
2025-05-30,2025-05-30,2025-05-30,False,2025,5,30,596,Mayıs/30 (22. Hafta),297,Yabancı Para Pozisyonu,8,Yasal Özkaynak,TOPLAM,"3.897.149,58",3897149.58,TL,BDDK Haftalık Bülten
2025-05-30,2025-05-30,2025-05-30,False,2025,5,30,596,Mayıs/30 (22. Hafta),297,Yabancı Para Pozisyonu,9,Dövize Endeskli Varlıklar (Bilgi),TOPLAM,"6.785,18",6785.18,TL,BDDK Haftalık Bülten
2025-06-05,2025-06-05,2025-06-05,False,2025,6,5,597,Haziran/05 (23. Hafta),297,Yabancı Para Pozisyonu,1,Bilanço İçi Yabancı Para Pozisyonu (2-3),TOPLAM,"-1.035.786,89",-1035786.89,TL,BDDK Haftalık Bülten
2025-06-05,2025-06-05,2025-06-05,False,2025,6,5,597,Haziran/05 (23. Hafta),297,Yabancı Para Pozisyonu,10,Dövize Endeksli Yükümlülükler (Bilgi),TOPLAM,"530,78",530.78,TL,BDDK Haftalık Bülten
2025-06-05,2025-06-05,2025-06-05,False,2025,6,5,597,Haziran/05 (23. Hafta),297,Yabancı Para Pozisyonu,2,a) Bilanço İçi Varlıklar,TOPLAM,"15.199.226,46",15199226.46,TL,BDDK Haftalık Bülten
2025-06-05,2025-06-05,2025-06-05,False,2025,6,5,597,Haziran/05 (23. Hafta),297,Yabancı Para Pozisyonu,3,b) Bilanço İçi Yükümlülükler,TOPLAM,"16.235.013,36",16235013.36,TL,BDDK Haftalık Bülten
2025-06-05,2025-06-05,2025-06-05,False,2025,6,5,597,Haziran/05 (23. Hafta),297,Yabancı Para Pozisyonu,4,Bilanço Dışı Yabancı Para Pozisyonu (5-6),TOPLAM,"1.121.349,63",1121349.63,TL,BDDK Haftalık Bülten
2025-06-05,2025-06-05,2025-06-05,False,2025,6,5,597,Haziran/05 (23. Hafta),297,Yabancı Para Pozisyonu,5,a) Bilanço Dışı Varlıklar,TOPLAM,"6.135.900,15",6135900.15,TL,BDDK Haftalık Bülten
2025-06-05,2025-06-05,2025-06-05,False,2025,6,5,597,Haziran/05 (23. Hafta),297,Yabancı Para Pozisyonu,6,b) Bilanço Dışı Yükümlülükler,TOPLAM,"5.014.550,52",5014550.52,TL,BDDK Haftalık Bülten
2025-06-05,2025-06-05,2025-06-05,False,2025,6,5,597,Haziran/05 (23. Hafta),297,Yabancı Para Pozisyonu,7,Yabancı Para Net Genel Pozisyonu (1+4),TOPLAM,"85.562,73",85562.73,TL,BDDK Haftalık Bülten
2025-06-05,2025-06-05,2025-06-05,False,2025,6,5,597,Haziran/05 (23. Hafta),297,Yabancı Para Pozisyonu,8,Yasal Özkaynak,TOPLAM,"3.897.145,79",3897145.79,TL,BDDK Haftalık Bülten
2025-06-05,2025-06-05,2025-06-05,False,2025,6,5,597,Haziran/05 (23. Hafta),297,Yabancı Para Pozisyonu,9,Dövize Endeskli Varlıklar (Bilgi),TOPLAM,"6.774,37",6774.37,TL,BDDK Haftalık Bülten
2025-06-13,2025-06-13,2025-06-13,False,2025,6,13,598,Haziran/13 (24. Hafta),297,Yabancı Para Pozisyonu,1,Bilanço İçi Yabancı Para Pozisyonu (2-3),TOPLAM,"-1.130.700,62",-1130700.62,TL,BDDK Haftalık Bülten
2025-06-13,2025-06-13,2025-06-13,False,2025,6,13,598,Haziran/13 (24. Hafta),297,Yabancı Para Pozisyonu,10,Dövize Endeksli Yükümlülükler (Bilgi),TOPLAM,"540,67",540.67,TL,BDDK Haftalık Bülten
2025-06-13,2025-06-13,2025-06-13,False,2025,6,13,598,Haziran/13 (24. Hafta),297,Yabancı Para Pozisyonu,2,a) Bilanço İçi Varlıklar,TOPLAM,"15.452.975,93",15452975.93,TL,BDDK Haftalık Bülten
2025-06-13,2025-06-13,2025-06-13,False,2025,6,13,598,Haziran/13 (24. Hafta),297,Yabancı Para Pozisyonu,3,b) Bilanço İçi Yükümlülükler,TOPLAM,"16.583.676,55",16583676.55,TL,BDDK Haftalık Bülten
2025-06-13,2025-06-13,2025-06-13,False,2025,6,13,598,Haziran/13 (24. Hafta),297,Yabancı Para Pozisyonu,4,Bilanço Dışı Yabancı Para Pozisyonu (5-6),TOPLAM,"1.203.962,68",1203962.68,TL,BDDK Haftalık Bülten
2025-06-13,2025-06-13,2025-06-13,False,2025,6,13,598,Haziran/13 (24. Hafta),297,Yabancı Para Pozisyonu,5,a) Bilanço Dışı Varlıklar,TOPLAM,"6.726.395,50",6726395.5,TL,BDDK Haftalık Bülten
2025-06-13,2025-06-13,2025-06-13,False,2025,6,13,598,Haziran/13 (24. Hafta),297,Yabancı Para Pozisyonu,6,b) Bilanço Dışı Yükümlülükler,TOPLAM,"5.522.432,82",5522432.82,TL,BDDK Haftalık Bülten
2025-06-13,2025-06-13,2025-06-13,False,2025,6,13,598,Haziran/13 (24. Hafta),297,Yabancı Para Pozisyonu,7,Yabancı Para Net Genel Pozisyonu (1+4),TOPLAM,"73.262,06",73262.06,TL,BDDK Haftalık Bülten
2025-06-13,2025-06-13,2025-06-13,False,2025,6,13,598,Haziran/13 (24. Hafta),297,Yabancı Para Pozisyonu,8,Yasal Özkaynak,TOPLAM,"3.898.273,79",3898273.79,TL,BDDK Haftalık Bülten
2025-06-13,2025-06-13,2025-06-13,False,2025,6,13,598,Haziran/13 (24. Hafta),297,Yabancı Para Pozisyonu,9,Dövize Endeskli Varlıklar (Bilgi),TOPLAM,"6.830,29",6830.29,TL,BDDK Haftalık Bülten
2025-06-20,2025-06-20,2025-06-20,False,2025,6,20,599,Haziran/20 (25. Hafta),297,Yabancı Para Pozisyonu,1,Bilanço İçi Yabancı Para Pozisyonu (2-3),TOPLAM,"-1.056.619,89",-1056619.89,TL,BDDK Haftalık Bülten
2025-06-20,2025-06-20,2025-06-20,False,2025,6,20,599,Haziran/20 (25. Hafta),297,Yabancı Para Pozisyonu,10,Dövize Endeksli Yükümlülükler (Bilgi),TOPLAM,"542,75",542.75,TL,BDDK Haftalık Bülten
2025-06-20,2025-06-20,2025-06-20,False,2025,6,20,599,Haziran/20 (25. Hafta),297,Yabancı Para Pozisyonu,2,a) Bilanço İçi Varlıklar,TOPLAM,"15.644.105,52",15644105.52,TL,BDDK Haftalık Bülten
2025-06-20,2025-06-20,2025-06-20,False,2025,6,20,599,Haziran/20 (25. Hafta),297,Yabancı Para Pozisyonu,3,b) Bilanço İçi Yükümlülükler,TOPLAM,"16.700.725,42",16700725.42,TL,BDDK Haftalık Bülten
2025-06-20,2025-06-20,2025-06-20,False,2025,6,20,599,Haziran/20 (25. Hafta),297,Yabancı Para Pozisyonu,4,Bilanço Dışı Yabancı Para Pozisyonu (5-6),TOPLAM,"1.122.339,63",1122339.63,TL,BDDK Haftalık Bülten
2025-06-20,2025-06-20,2025-06-20,False,2025,6,20,599,Haziran/20 (25. Hafta),297,Yabancı Para Pozisyonu,5,a) Bilanço Dışı Varlıklar,TOPLAM,"6.147.556,53",6147556.53,TL,BDDK Haftalık Bülten
2025-06-20,2025-06-20,2025-06-20,False,2025,6,20,599,Haziran/20 (25. Hafta),297,Yabancı Para Pozisyonu,6,b) Bilanço Dışı Yükümlülükler,TOPLAM,"5.025.216,90",5025216.9,TL,BDDK Haftalık Bülten
2025-06-20,2025-06-20,2025-06-20,False,2025,6,20,599,Haziran/20 (25. Hafta),297,Yabancı Para Pozisyonu,7,Yabancı Para Net Genel Pozisyonu (1+4),TOPLAM,"65.719,74",65719.74,TL,BDDK Haftalık Bülten
2025-06-20,2025-06-20,2025-06-20,False,2025,6,20,599,Haziran/20 (25. Hafta),297,Yabancı Para Pozisyonu,8,Yasal Özkaynak,TOPLAM,"3.921.051,63",3921051.63,TL,BDDK Haftalık Bülten
2025-06-20,2025-06-20,2025-06-20,False,2025,6,20,599,Haziran/20 (25. Hafta),297,Yabancı Para Pozisyonu,9,Dövize Endeskli Varlıklar (Bilgi),TOPLAM,"6.840,01",6840.01,TL,BDDK Haftalık Bülten
2025-06-27,2025-06-27,2025-06-27,False,2025,6,27,600,Haziran/27 (26. Hafta),297,Yabancı Para Pozisyonu,1,Bilanço İçi Yabancı Para Pozisyonu (2-3),TOPLAM,"-1.031.739,46",-1031739.46,TL,BDDK Haftalık Bülten
2025-06-27,2025-06-27,2025-06-27,False,2025,6,27,600,Haziran/27 (26. Hafta),297,Yabancı Para Pozisyonu,10,Dövize Endeksli Yükümlülükler (Bilgi),TOPLAM,"726,27",726.27,TL,BDDK Haftalık Bülten
2025-06-27,2025-06-27,2025-06-27,False,2025,6,27,600,Haziran/27 (26. Hafta),297,Yabancı Para Pozisyonu,2,a) Bilanço İçi Varlıklar,TOPLAM,"15.871.542,26",15871542.26,TL,BDDK Haftalık Bülten
2025-06-27,2025-06-27,2025-06-27,False,2025,6,27,600,Haziran/27 (26. Hafta),297,Yabancı Para Pozisyonu,3,b) Bilanço İçi Yükümlülükler,TOPLAM,"16.903.281,73",16903281.73,TL,BDDK Haftalık Bülten
2025-06-27,2025-06-27,2025-06-27,False,2025,6,27,600,Haziran/27 (26. Hafta),297,Yabancı Para Pozisyonu,4,Bilanço Dışı Yabancı Para Pozisyonu (5-6),TOPLAM,"1.100.963,53",1100963.53,TL,BDDK Haftalık Bülten
2025-06-27,2025-06-27,2025-06-27,False,2025,6,27,600,Haziran/27 (26. Hafta),297,Yabancı Para Pozisyonu,5,a) Bilanço Dışı Varlıklar,TOPLAM,"6.533.534,10",6533534.1,TL,BDDK Haftalık Bülten
2025-06-27,2025-06-27,2025-06-27,False,2025,6,27,600,Haziran/27 (26. Hafta),297,Yabancı Para Pozisyonu,6,b) Bilanço Dışı Yükümlülükler,TOPLAM,"5.432.570,57",5432570.57,TL,BDDK Haftalık Bülten
2025-06-27,2025-06-27,2025-06-27,False,2025,6,27,600,Haziran/27 (26. Hafta),297,Yabancı Para Pozisyonu,7,Yabancı Para Net Genel Pozisyonu (1+4),TOPLAM,"69.224,06",69224.06,TL,BDDK Haftalık Bülten
2025-06-27,2025-06-27,2025-06-27,False,2025,6,27,600,Haziran/27 (26. Hafta),297,Yabancı Para Pozisyonu,8,Yasal Özkaynak,TOPLAM,"3.999.576,32",3999576.32,TL,BDDK Haftalık Bülten
2025-06-27,2025-06-27,2025-06-27,False,2025,6,27,600,Haziran/27 (26. Hafta),297,Yabancı Para Pozisyonu,9,Dövize Endeskli Varlıklar (Bilgi),TOPLAM,"6.936,89",6936.89,TL,BDDK Haftalık Bülten
2025-07-04,2025-07-04,2025-07-04,False,2025,7,4,601,Temmuz/04 (27. Hafta),297,Yabancı Para Pozisyonu,1,Bilanço İçi Yabancı Para Pozisyonu (2-3),TOPLAM,"-1.173.934,67",-1173934.67,TL,BDDK Haftalık Bülten
2025-07-04,2025-07-04,2025-07-04,False,2025,7,4,601,Temmuz/04 (27. Hafta),297,Yabancı Para Pozisyonu,10,Dövize Endeksli Yükümlülükler (Bilgi),TOPLAM,"719,54",719.54,TL,BDDK Haftalık Bülten
2025-07-04,2025-07-04,2025-07-04,False,2025,7,4,601,Temmuz/04 (27. Hafta),297,Yabancı Para Pozisyonu,2,a) Bilanço İçi Varlıklar,TOPLAM,"15.765.016,04",15765016.04,TL,BDDK Haftalık Bülten
2025-07-04,2025-07-04,2025-07-04,False,2025,7,4,601,Temmuz/04 (27. Hafta),297,Yabancı Para Pozisyonu,3,b) Bilanço İçi Yükümlülükler,TOPLAM,"16.938.950,70",16938950.7,TL,BDDK Haftalık Bülten
2025-07-04,2025-07-04,2025-07-04,False,2025,7,4,601,Temmuz/04 (27. Hafta),297,Yabancı Para Pozisyonu,4,Bilanço Dışı Yabancı Para Pozisyonu (5-6),TOPLAM,"1.247.959,58",1247959.58,TL,BDDK Haftalık Bülten
2025-07-04,2025-07-04,2025-07-04,False,2025,7,4,601,Temmuz/04 (27. Hafta),297,Yabancı Para Pozisyonu,5,a) Bilanço Dışı Varlıklar,TOPLAM,"6.526.893,30",6526893.3,TL,BDDK Haftalık Bülten
2025-07-04,2025-07-04,2025-07-04,False,2025,7,4,601,Temmuz/04 (27. Hafta),297,Yabancı Para Pozisyonu,6,b) Bilanço Dışı Yükümlülükler,TOPLAM,"5.278.933,72",5278933.72,TL,BDDK Haftalık Bülten
2025-07-04,2025-07-04,2025-07-04,False,2025,7,4,601,Temmuz/04 (27. Hafta),297,Yabancı Para Pozisyonu,7,Yabancı Para Net Genel Pozisyonu (1+4),TOPLAM,"74.024,91",74024.91,TL,BDDK Haftalık Bülten
2025-07-04,2025-07-04,2025-07-04,False,2025,7,4,601,Temmuz/04 (27. Hafta),297,Yabancı Para Pozisyonu,8,Yasal Özkaynak,TOPLAM,"4.041.051,29",4041051.29,TL,BDDK Haftalık Bülten
2025-07-04,2025-07-04,2025-07-04,False,2025,7,4,601,Temmuz/04 (27. Hafta),297,Yabancı Para Pozisyonu,9,Dövize Endeskli Varlıklar (Bilgi),TOPLAM,"6.827,57",6827.57,TL,BDDK Haftalık Bülten
2025-07-11,2025-07-11,2025-07-11,False,2025,7,11,602,Temmuz/11 (28. Hafta),297,Yabancı Para Pozisyonu,1,Bilanço İçi Yabancı Para Pozisyonu (2-3),TOPLAM,"-1.228.481,27",-1228481.27,TL,BDDK Haftalık Bülten
2025-07-11,2025-07-11,2025-07-11,False,2025,7,11,602,Temmuz/11 (28. Hafta),297,Yabancı Para Pozisyonu,10,Dövize Endeksli Yükümlülükler (Bilgi),TOPLAM,"726,33",726.33,TL,BDDK Haftalık Bülten
2025-07-11,2025-07-11,2025-07-11,False,2025,7,11,602,Temmuz/11 (28. Hafta),297,Yabancı Para Pozisyonu,2,a) Bilanço İçi Varlıklar,TOPLAM,"15.850.979,45",15850979.45,TL,BDDK Haftalık Bülten
2025-07-11,2025-07-11,2025-07-11,False,2025,7,11,602,Temmuz/11 (28. Hafta),297,Yabancı Para Pozisyonu,3,b) Bilanço İçi Yükümlülükler,TOPLAM,"17.079.460,73",17079460.73,TL,BDDK Haftalık Bülten
2025-07-11,2025-07-11,2025-07-11,False,2025,7,11,602,Temmuz/11 (28. Hafta),297,Yabancı Para Pozisyonu,4,Bilanço Dışı Yabancı Para Pozisyonu (5-6),TOPLAM,"1.305.943,95",1305943.95,TL,BDDK Haftalık Bülten
2025-07-11,2025-07-11,2025-07-11,False,2025,7,11,602,Temmuz/11 (28. Hafta),297,Yabancı Para Pozisyonu,5,a) Bilanço Dışı Varlıklar,TOPLAM,"6.488.424,72",6488424.72,TL,BDDK Haftalık Bülten
2025-07-11,2025-07-11,2025-07-11,False,2025,7,11,602,Temmuz/11 (28. Hafta),297,Yabancı Para Pozisyonu,6,b) Bilanço Dışı Yükümlülükler,TOPLAM,"5.182.480,77",5182480.77,TL,BDDK Haftalık Bülten
2025-07-11,2025-07-11,2025-07-11,False,2025,7,11,602,Temmuz/11 (28. Hafta),297,Yabancı Para Pozisyonu,7,Yabancı Para Net Genel Pozisyonu (1+4),TOPLAM,"77.462,68",77462.68,TL,BDDK Haftalık Bülten
2025-07-11,2025-07-11,2025-07-11,False,2025,7,11,602,Temmuz/11 (28. Hafta),297,Yabancı Para Pozisyonu,8,Yasal Özkaynak,TOPLAM,"4.024.031,33",4024031.33,TL,BDDK Haftalık Bülten
2025-07-11,2025-07-11,2025-07-11,False,2025,7,11,602,Temmuz/11 (28. Hafta),297,Yabancı Para Pozisyonu,9,Dövize Endeskli Varlıklar (Bilgi),TOPLAM,"6.811,08",6811.08,TL,BDDK Haftalık Bülten
2025-07-18,2025-07-18,2025-07-18,False,2025,7,18,603,Temmuz/18 (29. Hafta),297,Yabancı Para Pozisyonu,1,Bilanço İçi Yabancı Para Pozisyonu (2-3),TOPLAM,"-1.320.680,39",-1320680.39,TL,BDDK Haftalık Bülten
2025-07-18,2025-07-18,2025-07-18,False,2025,7,18,603,Temmuz/18 (29. Hafta),297,Yabancı Para Pozisyonu,10,Dövize Endeksli Yükümlülükler (Bilgi),TOPLAM,"730,99",730.99,TL,BDDK Haftalık Bülten
2025-07-18,2025-07-18,2025-07-18,False,2025,7,18,603,Temmuz/18 (29. Hafta),297,Yabancı Para Pozisyonu,2,a) Bilanço İçi Varlıklar,TOPLAM,"15.984.040,52",15984040.52,TL,BDDK Haftalık Bülten
2025-07-18,2025-07-18,2025-07-18,False,2025,7,18,603,Temmuz/18 (29. Hafta),297,Yabancı Para Pozisyonu,3,b) Bilanço İçi Yükümlülükler,TOPLAM,"17.304.720,90",17304720.9,TL,BDDK Haftalık Bülten
2025-07-18,2025-07-18,2025-07-18,False,2025,7,18,603,Temmuz/18 (29. Hafta),297,Yabancı Para Pozisyonu,4,Bilanço Dışı Yabancı Para Pozisyonu (5-6),TOPLAM,"1.390.609,19",1390609.19,TL,BDDK Haftalık Bülten
2025-07-18,2025-07-18,2025-07-18,False,2025,7,18,603,Temmuz/18 (29. Hafta),297,Yabancı Para Pozisyonu,5,a) Bilanço Dışı Varlıklar,TOPLAM,"6.503.701,66",6503701.66,TL,BDDK Haftalık Bülten
2025-07-18,2025-07-18,2025-07-18,False,2025,7,18,603,Temmuz/18 (29. Hafta),297,Yabancı Para Pozisyonu,6,b) Bilanço Dışı Yükümlülükler,TOPLAM,"5.113.092,47",5113092.47,TL,BDDK Haftalık Bülten
2025-07-18,2025-07-18,2025-07-18,False,2025,7,18,603,Temmuz/18 (29. Hafta),297,Yabancı Para Pozisyonu,7,Yabancı Para Net Genel Pozisyonu (1+4),TOPLAM,"69.928,80",69928.8,TL,BDDK Haftalık Bülten
2025-07-18,2025-07-18,2025-07-18,False,2025,7,18,603,Temmuz/18 (29. Hafta),297,Yabancı Para Pozisyonu,8,Yasal Özkaynak,TOPLAM,"4.060.281,87",4060281.87,TL,BDDK Haftalık Bülten
2025-07-18,2025-07-18,2025-07-18,False,2025,7,18,603,Temmuz/18 (29. Hafta),297,Yabancı Para Pozisyonu,9,Dövize Endeskli Varlıklar (Bilgi),TOPLAM,"6.804,67",6804.67,TL,BDDK Haftalık Bülten
2025-07-25,2025-07-25,2025-07-25,False,2025,7,25,604,Temmuz/25 (30. Hafta),297,Yabancı Para Pozisyonu,1,Bilanço İçi Yabancı Para Pozisyonu (2-3),TOPLAM,"-1.322.227,42",-1322227.42,TL,BDDK Haftalık Bülten
2025-07-25,2025-07-25,2025-07-25,False,2025,7,25,604,Temmuz/25 (30. Hafta),297,Yabancı Para Pozisyonu,10,Dövize Endeksli Yükümlülükler (Bilgi),TOPLAM,"755,59",755.59,TL,BDDK Haftalık Bülten
2025-07-25,2025-07-25,2025-07-25,False,2025,7,25,604,Temmuz/25 (30. Hafta),297,Yabancı Para Pozisyonu,2,a) Bilanço İçi Varlıklar,TOPLAM,"16.101.216,66",16101216.66,TL,BDDK Haftalık Bülten
2025-07-25,2025-07-25,2025-07-25,False,2025,7,25,604,Temmuz/25 (30. Hafta),297,Yabancı Para Pozisyonu,3,b) Bilanço İçi Yükümlülükler,TOPLAM,"17.423.444,08",17423444.08,TL,BDDK Haftalık Bülten
2025-07-25,2025-07-25,2025-07-25,False,2025,7,25,604,Temmuz/25 (30. Hafta),297,Yabancı Para Pozisyonu,4,Bilanço Dışı Yabancı Para Pozisyonu (5-6),TOPLAM,"1.390.696,62",1390696.62,TL,BDDK Haftalık Bülten
2025-07-25,2025-07-25,2025-07-25,False,2025,7,25,604,Temmuz/25 (30. Hafta),297,Yabancı Para Pozisyonu,5,a) Bilanço Dışı Varlıklar,TOPLAM,"6.637.412,36",6637412.36,TL,BDDK Haftalık Bülten
2025-07-25,2025-07-25,2025-07-25,False,2025,7,25,604,Temmuz/25 (30. Hafta),297,Yabancı Para Pozisyonu,6,b) Bilanço Dışı Yükümlülükler,TOPLAM,"5.246.715,74",5246715.74,TL,BDDK Haftalık Bülten
2025-07-25,2025-07-25,2025-07-25,False,2025,7,25,604,Temmuz/25 (30. Hafta),297,Yabancı Para Pozisyonu,7,Yabancı Para Net Genel Pozisyonu (1+4),TOPLAM,"68.469,20",68469.2,TL,BDDK Haftalık Bülten
2025-07-25,2025-07-25,2025-07-25,False,2025,7,25,604,Temmuz/25 (30. Hafta),297,Yabancı Para Pozisyonu,8,Yasal Özkaynak,TOPLAM,"4.210.887,86",4210887.86,TL,BDDK Haftalık Bülten
2025-07-25,2025-07-25,2025-07-25,False,2025,7,25,604,Temmuz/25 (30. Hafta),297,Yabancı Para Pozisyonu,9,Dövize Endeskli Varlıklar (Bilgi),TOPLAM,"6.828,87",6828.87,TL,BDDK Haftalık Bülten
2025-08-01,2025-08-01,2025-08-01,False,2025,8,1,605,Ağustos/01 (31. Hafta),297,Yabancı Para Pozisyonu,1,Bilanço İçi Yabancı Para Pozisyonu (2-3),TOPLAM,"-1.343.969,88",-1343969.88,TL,BDDK Haftalık Bülten
2025-08-01,2025-08-01,2025-08-01,False,2025,8,1,605,Ağustos/01 (31. Hafta),297,Yabancı Para Pozisyonu,10,Dövize Endeksli Yükümlülükler (Bilgi),TOPLAM,"681,55",681.55,TL,BDDK Haftalık Bülten
2025-08-01,2025-08-01,2025-08-01,False,2025,8,1,605,Ağustos/01 (31. Hafta),297,Yabancı Para Pozisyonu,2,a) Bilanço İçi Varlıklar,TOPLAM,"15.970.707,80",15970707.8,TL,BDDK Haftalık Bülten
2025-08-01,2025-08-01,2025-08-01,False,2025,8,1,605,Ağustos/01 (31. Hafta),297,Yabancı Para Pozisyonu,3,b) Bilanço İçi Yükümlülükler,TOPLAM,"17.314.677,68",17314677.68,TL,BDDK Haftalık Bülten
2025-08-01,2025-08-01,2025-08-01,False,2025,8,1,605,Ağustos/01 (31. Hafta),297,Yabancı Para Pozisyonu,4,Bilanço Dışı Yabancı Para Pozisyonu (5-6),TOPLAM,"1.412.404,43",1412404.43,TL,BDDK Haftalık Bülten
2025-08-01,2025-08-01,2025-08-01,False,2025,8,1,605,Ağustos/01 (31. Hafta),297,Yabancı Para Pozisyonu,5,a) Bilanço Dışı Varlıklar,TOPLAM,"6.856.968,47",6856968.47,TL,BDDK Haftalık Bülten
2025-08-01,2025-08-01,2025-08-01,False,2025,8,1,605,Ağustos/01 (31. Hafta),297,Yabancı Para Pozisyonu,6,b) Bilanço Dışı Yükümlülükler,TOPLAM,"5.444.564,04",5444564.04,TL,BDDK Haftalık Bülten
2025-08-01,2025-08-01,2025-08-01,False,2025,8,1,605,Ağustos/01 (31. Hafta),297,Yabancı Para Pozisyonu,7,Yabancı Para Net Genel Pozisyonu (1+4),TOPLAM,"68.434,54",68434.54,TL,BDDK Haftalık Bülten
2025-08-01,2025-08-01,2025-08-01,False,2025,8,1,605,Ağustos/01 (31. Hafta),297,Yabancı Para Pozisyonu,8,Yasal Özkaynak,TOPLAM,"4.217.032,69",4217032.69,TL,BDDK Haftalık Bülten
2025-08-01,2025-08-01,2025-08-01,False,2025,8,1,605,Ağustos/01 (31. Hafta),297,Yabancı Para Pozisyonu,9,Dövize Endeskli Varlıklar (Bilgi),TOPLAM,"6.699,40",6699.4,TL,BDDK Haftalık Bülten
2025-08-08,2025-08-08,2025-08-08,False,2025,8,8,606,Ağustos/08 (32. Hafta),297,Yabancı Para Pozisyonu,1,Bilanço İçi Yabancı Para Pozisyonu (2-3),TOPLAM,"-1.362.504,41",-1362504.41,TL,BDDK Haftalık Bülten
2025-08-08,2025-08-08,2025-08-08,False,2025,8,8,606,Ağustos/08 (32. Hafta),297,Yabancı Para Pozisyonu,10,Dövize Endeksli Yükümlülükler (Bilgi),TOPLAM,"505,77",505.77,TL,BDDK Haftalık Bülten
2025-08-08,2025-08-08,2025-08-08,False,2025,8,8,606,Ağustos/08 (32. Hafta),297,Yabancı Para Pozisyonu,2,a) Bilanço İçi Varlıklar,TOPLAM,"16.152.218,11",16152218.11,TL,BDDK Haftalık Bülten
2025-08-08,2025-08-08,2025-08-08,False,2025,8,8,606,Ağustos/08 (32. Hafta),297,Yabancı Para Pozisyonu,3,b) Bilanço İçi Yükümlülükler,TOPLAM,"17.514.722,51",17514722.51,TL,BDDK Haftalık Bülten
2025-08-08,2025-08-08,2025-08-08,False,2025,8,8,606,Ağustos/08 (32. Hafta),297,Yabancı Para Pozisyonu,4,Bilanço Dışı Yabancı Para Pozisyonu (5-6),TOPLAM,"1.444.218,33",1444218.33,TL,BDDK Haftalık Bülten
2025-08-08,2025-08-08,2025-08-08,False,2025,8,8,606,Ağustos/08 (32. Hafta),297,Yabancı Para Pozisyonu,5,a) Bilanço Dışı Varlıklar,TOPLAM,"6.540.341,08",6540341.08,TL,BDDK Haftalık Bülten
2025-08-08,2025-08-08,2025-08-08,False,2025,8,8,606,Ağustos/08 (32. Hafta),297,Yabancı Para Pozisyonu,6,b) Bilanço Dışı Yükümlülükler,TOPLAM,"5.096.122,75",5096122.75,TL,BDDK Haftalık Bülten
2025-08-08,2025-08-08,2025-08-08,False,2025,8,8,606,Ağustos/08 (32. Hafta),297,Yabancı Para Pozisyonu,7,Yabancı Para Net Genel Pozisyonu (1+4),TOPLAM,"81.713,92",81713.92,TL,BDDK Haftalık Bülten
2025-08-08,2025-08-08,2025-08-08,False,2025,8,8,606,Ağustos/08 (32. Hafta),297,Yabancı Para Pozisyonu,8,Yasal Özkaynak,TOPLAM,"4.221.372,31",4221372.31,TL,BDDK Haftalık Bülten
2025-08-08,2025-08-08,2025-08-08,False,2025,8,8,606,Ağustos/08 (32. Hafta),297,Yabancı Para Pozisyonu,9,Dövize Endeskli Varlıklar (Bilgi),TOPLAM,"6.730,41",6730.41,TL,BDDK Haftalık Bülten
2025-08-15,2025-08-15,2025-08-15,False,2025,8,15,607,Ağustos/15 (33. Hafta),297,Yabancı Para Pozisyonu,1,Bilanço İçi Yabancı Para Pozisyonu (2-3),TOPLAM,"-1.438.765,06",-1438765.06,TL,BDDK Haftalık Bülten
2025-08-15,2025-08-15,2025-08-15,False,2025,8,15,607,Ağustos/15 (33. Hafta),297,Yabancı Para Pozisyonu,10,Dövize Endeksli Yükümlülükler (Bilgi),TOPLAM,"509,60",509.6,TL,BDDK Haftalık Bülten
2025-08-15,2025-08-15,2025-08-15,False,2025,8,15,607,Ağustos/15 (33. Hafta),297,Yabancı Para Pozisyonu,2,a) Bilanço İçi Varlıklar,TOPLAM,"16.231.213,80",16231213.8,TL,BDDK Haftalık Bülten
2025-08-15,2025-08-15,2025-08-15,False,2025,8,15,607,Ağustos/15 (33. Hafta),297,Yabancı Para Pozisyonu,3,b) Bilanço İçi Yükümlülükler,TOPLAM,"17.669.978,85",17669978.85,TL,BDDK Haftalık Bülten
2025-08-15,2025-08-15,2025-08-15,False,2025,8,15,607,Ağustos/15 (33. Hafta),297,Yabancı Para Pozisyonu,4,Bilanço Dışı Yabancı Para Pozisyonu (5-6),TOPLAM,"1.513.035,09",1513035.09,TL,BDDK Haftalık Bülten
2025-08-15,2025-08-15,2025-08-15,False,2025,8,15,607,Ağustos/15 (33. Hafta),297,Yabancı Para Pozisyonu,5,a) Bilanço Dışı Varlıklar,TOPLAM,"6.598.227,11",6598227.11,TL,BDDK Haftalık Bülten
2025-08-15,2025-08-15,2025-08-15,False,2025,8,15,607,Ağustos/15 (33. Hafta),297,Yabancı Para Pozisyonu,6,b) Bilanço Dışı Yükümlülükler,TOPLAM,"5.085.192,02",5085192.02,TL,BDDK Haftalık Bülten
2025-08-15,2025-08-15,2025-08-15,False,2025,8,15,607,Ağustos/15 (33. Hafta),297,Yabancı Para Pozisyonu,7,Yabancı Para Net Genel Pozisyonu (1+4),TOPLAM,"74.270,03",74270.03,TL,BDDK Haftalık Bülten
2025-08-15,2025-08-15,2025-08-15,False,2025,8,15,607,Ağustos/15 (33. Hafta),297,Yabancı Para Pozisyonu,8,Yasal Özkaynak,TOPLAM,"4.230.917,93",4230917.93,TL,BDDK Haftalık Bülten
2025-08-15,2025-08-15,2025-08-15,False,2025,8,15,607,Ağustos/15 (33. Hafta),297,Yabancı Para Pozisyonu,9,Dövize Endeskli Varlıklar (Bilgi),TOPLAM,"6.692,44",6692.44,TL,BDDK Haftalık Bülten
2025-08-22,2025-08-22,2025-08-22,False,2025,8,22,608,Ağustos/22 (34. Hafta),297,Yabancı Para Pozisyonu,1,Bilanço İçi Yabancı Para Pozisyonu (2-3),TOPLAM,"-1.467.183,70",-1467183.7,TL,BDDK Haftalık Bülten
2025-08-22,2025-08-22,2025-08-22,False,2025,8,22,608,Ağustos/22 (34. Hafta),297,Yabancı Para Pozisyonu,10,Dövize Endeksli Yükümlülükler (Bilgi),TOPLAM,"496,37",496.37,TL,BDDK Haftalık Bülten
2025-08-22,2025-08-22,2025-08-22,False,2025,8,22,608,Ağustos/22 (34. Hafta),297,Yabancı Para Pozisyonu,2,a) Bilanço İçi Varlıklar,TOPLAM,"16.254.695,59",16254695.59,TL,BDDK Haftalık Bülten
2025-08-22,2025-08-22,2025-08-22,False,2025,8,22,608,Ağustos/22 (34. Hafta),297,Yabancı Para Pozisyonu,3,b) Bilanço İçi Yükümlülükler,TOPLAM,"17.721.879,28",17721879.28,TL,BDDK Haftalık Bülten
2025-08-22,2025-08-22,2025-08-22,False,2025,8,22,608,Ağustos/22 (34. Hafta),297,Yabancı Para Pozisyonu,4,Bilanço Dışı Yabancı Para Pozisyonu (5-6),TOPLAM,"1.529.854,33",1529854.33,TL,BDDK Haftalık Bülten
2025-08-22,2025-08-22,2025-08-22,False,2025,8,22,608,Ağustos/22 (34. Hafta),297,Yabancı Para Pozisyonu,5,a) Bilanço Dışı Varlıklar,TOPLAM,"6.802.412,49",6802412.49,TL,BDDK Haftalık Bülten
2025-08-22,2025-08-22,2025-08-22,False,2025,8,22,608,Ağustos/22 (34. Hafta),297,Yabancı Para Pozisyonu,6,b) Bilanço Dışı Yükümlülükler,TOPLAM,"5.272.558,15",5272558.15,TL,BDDK Haftalık Bülten
2025-08-22,2025-08-22,2025-08-22,False,2025,8,22,608,Ağustos/22 (34. Hafta),297,Yabancı Para Pozisyonu,7,Yabancı Para Net Genel Pozisyonu (1+4),TOPLAM,"62.670,64",62670.64,TL,BDDK Haftalık Bülten
2025-08-22,2025-08-22,2025-08-22,False,2025,8,22,608,Ağustos/22 (34. Hafta),297,Yabancı Para Pozisyonu,8,Yasal Özkaynak,TOPLAM,"4.318.419,03",4318419.03,TL,BDDK Haftalık Bülten
2025-08-22,2025-08-22,2025-08-22,False,2025,8,22,608,Ağustos/22 (34. Hafta),297,Yabancı Para Pozisyonu,9,Dövize Endeskli Varlıklar (Bilgi),TOPLAM,"6.662,31",6662.31,TL,BDDK Haftalık Bülten
2025-08-29,2025-08-29,2025-08-29,False,2025,8,29,609,Ağustos/29 (35. Hafta),297,Yabancı Para Pozisyonu,1,Bilanço İçi Yabancı Para Pozisyonu (2-3),TOPLAM,"-1.487.105,61",-1487105.61,TL,BDDK Haftalık Bülten
2025-08-29,2025-08-29,2025-08-29,False,2025,8,29,609,Ağustos/29 (35. Hafta),297,Yabancı Para Pozisyonu,10,Dövize Endeksli Yükümlülükler (Bilgi),TOPLAM,"506,35",506.35,TL,BDDK Haftalık Bülten
2025-08-29,2025-08-29,2025-08-29,False,2025,8,29,609,Ağustos/29 (35. Hafta),297,Yabancı Para Pozisyonu,2,a) Bilanço İçi Varlıklar,TOPLAM,"16.245.872,10",16245872.1,TL,BDDK Haftalık Bülten
2025-08-29,2025-08-29,2025-08-29,False,2025,8,29,609,Ağustos/29 (35. Hafta),297,Yabancı Para Pozisyonu,3,b) Bilanço İçi Yükümlülükler,TOPLAM,"17.732.977,71",17732977.71,TL,BDDK Haftalık Bülten
2025-08-29,2025-08-29,2025-08-29,False,2025,8,29,609,Ağustos/29 (35. Hafta),297,Yabancı Para Pozisyonu,4,Bilanço Dışı Yabancı Para Pozisyonu (5-6),TOPLAM,"1.551.775,28",1551775.28,TL,BDDK Haftalık Bülten
2025-08-29,2025-08-29,2025-08-29,False,2025,8,29,609,Ağustos/29 (35. Hafta),297,Yabancı Para Pozisyonu,5,a) Bilanço Dışı Varlıklar,TOPLAM,"6.732.337,59",6732337.59,TL,BDDK Haftalık Bülten
2025-08-29,2025-08-29,2025-08-29,False,2025,8,29,609,Ağustos/29 (35. Hafta),297,Yabancı Para Pozisyonu,6,b) Bilanço Dışı Yükümlülükler,TOPLAM,"5.180.562,32",5180562.32,TL,BDDK Haftalık Bülten
2025-08-29,2025-08-29,2025-08-29,False,2025,8,29,609,Ağustos/29 (35. Hafta),297,Yabancı Para Pozisyonu,7,Yabancı Para Net Genel Pozisyonu (1+4),TOPLAM,"64.669,67",64669.67,TL,BDDK Haftalık Bülten
2025-08-29,2025-08-29,2025-08-29,False,2025,8,29,609,Ağustos/29 (35. Hafta),297,Yabancı Para Pozisyonu,8,Yasal Özkaynak,TOPLAM,"4.342.606,18",4342606.18,TL,BDDK Haftalık Bülten
2025-08-29,2025-08-29,2025-08-29,False,2025,8,29,609,Ağustos/29 (35. Hafta),297,Yabancı Para Pozisyonu,9,Dövize Endeskli Varlıklar (Bilgi),TOPLAM,"6.652,49",6652.49,TL,BDDK Haftalık Bülten
2025-09-05,2025-09-05,2025-09-05,False,2025,9,5,610,Eylül/05 (36. Hafta),297,Yabancı Para Pozisyonu,1,Bilanço İçi Yabancı Para Pozisyonu (2-3),TOPLAM,"-1.418.908,25",-1418908.25,TL,BDDK Haftalık Bülten
2025-09-05,2025-09-05,2025-09-05,False,2025,9,5,610,Eylül/05 (36. Hafta),297,Yabancı Para Pozisyonu,10,Dövize Endeksli Yükümlülükler (Bilgi),TOPLAM,"533,57",533.57,TL,BDDK Haftalık Bülten
2025-09-05,2025-09-05,2025-09-05,False,2025,9,5,610,Eylül/05 (36. Hafta),297,Yabancı Para Pozisyonu,2,a) Bilanço İçi Varlıklar,TOPLAM,"16.662.089,18",16662089.18,TL,BDDK Haftalık Bülten
2025-09-05,2025-09-05,2025-09-05,False,2025,9,5,610,Eylül/05 (36. Hafta),297,Yabancı Para Pozisyonu,3,b) Bilanço İçi Yükümlülükler,TOPLAM,"18.080.997,44",18080997.44,TL,BDDK Haftalık Bülten
2025-09-05,2025-09-05,2025-09-05,False,2025,9,5,610,Eylül/05 (36. Hafta),297,Yabancı Para Pozisyonu,4,Bilanço Dışı Yabancı Para Pozisyonu (5-6),TOPLAM,"1.497.893,98",1497893.98,TL,BDDK Haftalık Bülten
2025-09-05,2025-09-05,2025-09-05,False,2025,9,5,610,Eylül/05 (36. Hafta),297,Yabancı Para Pozisyonu,5,a) Bilanço Dışı Varlıklar,TOPLAM,"6.756.829,87",6756829.87,TL,BDDK Haftalık Bülten
2025-09-05,2025-09-05,2025-09-05,False,2025,9,5,610,Eylül/05 (36. Hafta),297,Yabancı Para Pozisyonu,6,b) Bilanço Dışı Yükümlülükler,TOPLAM,"5.258.935,89",5258935.89,TL,BDDK Haftalık Bülten
2025-09-05,2025-09-05,2025-09-05,False,2025,9,5,610,Eylül/05 (36. Hafta),297,Yabancı Para Pozisyonu,7,Yabancı Para Net Genel Pozisyonu (1+4),TOPLAM,"78.985,73",78985.73,TL,BDDK Haftalık Bülten
2025-09-05,2025-09-05,2025-09-05,False,2025,9,5,610,Eylül/05 (36. Hafta),297,Yabancı Para Pozisyonu,8,Yasal Özkaynak,TOPLAM,"4.343.481,64",4343481.64,TL,BDDK Haftalık Bülten
2025-09-05,2025-09-05,2025-09-05,False,2025,9,5,610,Eylül/05 (36. Hafta),297,Yabancı Para Pozisyonu,9,Dövize Endeskli Varlıklar (Bilgi),TOPLAM,"6.667,57",6667.57,TL,BDDK Haftalık Bülten
2025-09-12,2025-09-12,2025-09-12,False,2025,9,12,611,Eylül/12 (37. Hafta),297,Yabancı Para Pozisyonu,1,Bilanço İçi Yabancı Para Pozisyonu (2-3),TOPLAM,"-1.528.609,39",-1528609.39,TL,BDDK Haftalık Bülten
2025-09-12,2025-09-12,2025-09-12,False,2025,9,12,611,Eylül/12 (37. Hafta),297,Yabancı Para Pozisyonu,10,Dövize Endeksli Yükümlülükler (Bilgi),TOPLAM,"560,66",560.66,TL,BDDK Haftalık Bülten
2025-09-12,2025-09-12,2025-09-12,False,2025,9,12,611,Eylül/12 (37. Hafta),297,Yabancı Para Pozisyonu,2,a) Bilanço İçi Varlıklar,TOPLAM,"16.831.377,64",16831377.64,TL,BDDK Haftalık Bülten
2025-09-12,2025-09-12,2025-09-12,False,2025,9,12,611,Eylül/12 (37. Hafta),297,Yabancı Para Pozisyonu,3,b) Bilanço İçi Yükümlülükler,TOPLAM,"18.359.987,03",18359987.03,TL,BDDK Haftalık Bülten
2025-09-12,2025-09-12,2025-09-12,False,2025,9,12,611,Eylül/12 (37. Hafta),297,Yabancı Para Pozisyonu,4,Bilanço Dışı Yabancı Para Pozisyonu (5-6),TOPLAM,"1.615.417,43",1615417.43,TL,BDDK Haftalık Bülten
2025-09-12,2025-09-12,2025-09-12,False,2025,9,12,611,Eylül/12 (37. Hafta),297,Yabancı Para Pozisyonu,5,a) Bilanço Dışı Varlıklar,TOPLAM,"7.040.790,27",7040790.27,TL,BDDK Haftalık Bülten
2025-09-12,2025-09-12,2025-09-12,False,2025,9,12,611,Eylül/12 (37. Hafta),297,Yabancı Para Pozisyonu,6,b) Bilanço Dışı Yükümlülükler,TOPLAM,"5.425.372,84",5425372.84,TL,BDDK Haftalık Bülten
2025-09-12,2025-09-12,2025-09-12,False,2025,9,12,611,Eylül/12 (37. Hafta),297,Yabancı Para Pozisyonu,7,Yabancı Para Net Genel Pozisyonu (1+4),TOPLAM,"86.808,05",86808.05,TL,BDDK Haftalık Bülten
2025-09-12,2025-09-12,2025-09-12,False,2025,9,12,611,Eylül/12 (37. Hafta),297,Yabancı Para Pozisyonu,8,Yasal Özkaynak,TOPLAM,"4.353.885,01",4353885.01,TL,BDDK Haftalık Bülten
2025-09-12,2025-09-12,2025-09-12,False,2025,9,12,611,Eylül/12 (37. Hafta),297,Yabancı Para Pozisyonu,9,Dövize Endeskli Varlıklar (Bilgi),TOPLAM,"6.666,78",6666.78,TL,BDDK Haftalık Bülten
2025-09-19,2025-09-19,2025-09-19,False,2025,9,19,612,Eylül/19 (38. Hafta),297,Yabancı Para Pozisyonu,1,Bilanço İçi Yabancı Para Pozisyonu (2-3),TOPLAM,"-1.509.886,61",-1509886.61,TL,BDDK Haftalık Bülten
2025-09-19,2025-09-19,2025-09-19,False,2025,9,19,612,Eylül/19 (38. Hafta),297,Yabancı Para Pozisyonu,10,Dövize Endeksli Yükümlülükler (Bilgi),TOPLAM,"565,43",565.43,TL,BDDK Haftalık Bülten
2025-09-19,2025-09-19,2025-09-19,False,2025,9,19,612,Eylül/19 (38. Hafta),297,Yabancı Para Pozisyonu,2,a) Bilanço İçi Varlıklar,TOPLAM,"16.990.778,45",16990778.45,TL,BDDK Haftalık Bülten
2025-09-19,2025-09-19,2025-09-19,False,2025,9,19,612,Eylül/19 (38. Hafta),297,Yabancı Para Pozisyonu,3,b) Bilanço İçi Yükümlülükler,TOPLAM,"18.500.665,06",18500665.06,TL,BDDK Haftalık Bülten
2025-09-19,2025-09-19,2025-09-19,False,2025,9,19,612,Eylül/19 (38. Hafta),297,Yabancı Para Pozisyonu,4,Bilanço Dışı Yabancı Para Pozisyonu (5-6),TOPLAM,"1.595.819,94",1595819.94,TL,BDDK Haftalık Bülten
2025-09-19,2025-09-19,2025-09-19,False,2025,9,19,612,Eylül/19 (38. Hafta),297,Yabancı Para Pozisyonu,5,a) Bilanço Dışı Varlıklar,TOPLAM,"6.672.065,93",6672065.93,TL,BDDK Haftalık Bülten
2025-09-19,2025-09-19,2025-09-19,False,2025,9,19,612,Eylül/19 (38. Hafta),297,Yabancı Para Pozisyonu,6,b) Bilanço Dışı Yükümlülükler,TOPLAM,"5.076.245,99",5076245.99,TL,BDDK Haftalık Bülten
2025-09-19,2025-09-19,2025-09-19,False,2025,9,19,612,Eylül/19 (38. Hafta),297,Yabancı Para Pozisyonu,7,Yabancı Para Net Genel Pozisyonu (1+4),TOPLAM,"85.933,33",85933.33,TL,BDDK Haftalık Bülten
2025-09-19,2025-09-19,2025-09-19,False,2025,9,19,612,Eylül/19 (38. Hafta),297,Yabancı Para Pozisyonu,8,Yasal Özkaynak,TOPLAM,"4.411.739,76",4411739.76,TL,BDDK Haftalık Bülten
2025-09-19,2025-09-19,2025-09-19,False,2025,9,19,612,Eylül/19 (38. Hafta),297,Yabancı Para Pozisyonu,9,Dövize Endeskli Varlıklar (Bilgi),TOPLAM,"6.676,25",6676.25,TL,BDDK Haftalık Bülten
2025-09-26,2025-09-26,2025-09-26,False,2025,9,26,613,Eylül/26 (39. Hafta),297,Yabancı Para Pozisyonu,1,Bilanço İçi Yabancı Para Pozisyonu (2-3),TOPLAM,"-1.655.197,79",-1655197.79,TL,BDDK Haftalık Bülten
2025-09-26,2025-09-26,2025-09-26,False,2025,9,26,613,Eylül/26 (39. Hafta),297,Yabancı Para Pozisyonu,10,Dövize Endeksli Yükümlülükler (Bilgi),TOPLAM,"567,05",567.05,TL,BDDK Haftalık Bülten
2025-09-26,2025-09-26,2025-09-26,False,2025,9,26,613,Eylül/26 (39. Hafta),297,Yabancı Para Pozisyonu,2,a) Bilanço İçi Varlıklar,TOPLAM,"16.967.588,60",16967588.6,TL,BDDK Haftalık Bülten
2025-09-26,2025-09-26,2025-09-26,False,2025,9,26,613,Eylül/26 (39. Hafta),297,Yabancı Para Pozisyonu,3,b) Bilanço İçi Yükümlülükler,TOPLAM,"18.622.786,39",18622786.39,TL,BDDK Haftalık Bülten
2025-09-26,2025-09-26,2025-09-26,False,2025,9,26,613,Eylül/26 (39. Hafta),297,Yabancı Para Pozisyonu,4,Bilanço Dışı Yabancı Para Pozisyonu (5-6),TOPLAM,"1.737.071,51",1737071.51,TL,BDDK Haftalık Bülten
2025-09-26,2025-09-26,2025-09-26,False,2025,9,26,613,Eylül/26 (39. Hafta),297,Yabancı Para Pozisyonu,5,a) Bilanço Dışı Varlıklar,TOPLAM,"7.371.327,84",7371327.84,TL,BDDK Haftalık Bülten
2025-09-26,2025-09-26,2025-09-26,False,2025,9,26,613,Eylül/26 (39. Hafta),297,Yabancı Para Pozisyonu,6,b) Bilanço Dışı Yükümlülükler,TOPLAM,"5.634.256,33",5634256.33,TL,BDDK Haftalık Bülten
2025-09-26,2025-09-26,2025-09-26,False,2025,9,26,613,Eylül/26 (39. Hafta),297,Yabancı Para Pozisyonu,7,Yabancı Para Net Genel Pozisyonu (1+4),TOPLAM,"81.873,72",81873.72,TL,BDDK Haftalık Bülten
2025-09-26,2025-09-26,2025-09-26,False,2025,9,26,613,Eylül/26 (39. Hafta),297,Yabancı Para Pozisyonu,8,Yasal Özkaynak,TOPLAM,"4.470.568,20",4470568.2,TL,BDDK Haftalık Bülten
2025-09-26,2025-09-26,2025-09-26,False,2025,9,26,613,Eylül/26 (39. Hafta),297,Yabancı Para Pozisyonu,9,Dövize Endeskli Varlıklar (Bilgi),TOPLAM,"6.666,11",6666.11,TL,BDDK Haftalık Bülten
2025-10-03,2025-10-03,2025-10-03,False,2025,10,3,614,Ekim/03 (40. Hafta),297,Yabancı Para Pozisyonu,1,Bilanço İçi Yabancı Para Pozisyonu (2-3),TOPLAM,"-1.651.394,71",-1651394.71,TL,BDDK Haftalık Bülten
2025-10-03,2025-10-03,2025-10-03,False,2025,10,3,614,Ekim/03 (40. Hafta),297,Yabancı Para Pozisyonu,10,Dövize Endeksli Yükümlülükler (Bilgi),TOPLAM,"784,06",784.06,TL,BDDK Haftalık Bülten
2025-10-03,2025-10-03,2025-10-03,False,2025,10,3,614,Ekim/03 (40. Hafta),297,Yabancı Para Pozisyonu,2,a) Bilanço İçi Varlıklar,TOPLAM,"17.097.923,25",17097923.25,TL,BDDK Haftalık Bülten
2025-10-03,2025-10-03,2025-10-03,False,2025,10,3,614,Ekim/03 (40. Hafta),297,Yabancı Para Pozisyonu,3,b) Bilanço İçi Yükümlülükler,TOPLAM,"18.749.317,95",18749317.95,TL,BDDK Haftalık Bülten
2025-10-03,2025-10-03,2025-10-03,False,2025,10,3,614,Ekim/03 (40. Hafta),297,Yabancı Para Pozisyonu,4,Bilanço Dışı Yabancı Para Pozisyonu (5-6),TOPLAM,"1.729.382,26",1729382.26,TL,BDDK Haftalık Bülten
2025-10-03,2025-10-03,2025-10-03,False,2025,10,3,614,Ekim/03 (40. Hafta),297,Yabancı Para Pozisyonu,5,a) Bilanço Dışı Varlıklar,TOPLAM,"7.524.653,95",7524653.95,TL,BDDK Haftalık Bülten
2025-10-03,2025-10-03,2025-10-03,False,2025,10,3,614,Ekim/03 (40. Hafta),297,Yabancı Para Pozisyonu,6,b) Bilanço Dışı Yükümlülükler,TOPLAM,"5.795.271,69",5795271.69,TL,BDDK Haftalık Bülten
2025-10-03,2025-10-03,2025-10-03,False,2025,10,3,614,Ekim/03 (40. Hafta),297,Yabancı Para Pozisyonu,7,Yabancı Para Net Genel Pozisyonu (1+4),TOPLAM,"77.987,56",77987.56,TL,BDDK Haftalık Bülten
2025-10-03,2025-10-03,2025-10-03,False,2025,10,3,614,Ekim/03 (40. Hafta),297,Yabancı Para Pozisyonu,8,Yasal Özkaynak,TOPLAM,"4.470.699,21",4470699.21,TL,BDDK Haftalık Bülten
2025-10-03,2025-10-03,2025-10-03,False,2025,10,3,614,Ekim/03 (40. Hafta),297,Yabancı Para Pozisyonu,9,Dövize Endeskli Varlıklar (Bilgi),TOPLAM,"6.649,18",6649.18,TL,BDDK Haftalık Bülten
2025-10-10,2025-10-10,2025-10-10,False,2025,10,10,615,Ekim/10 (41. Hafta),297,Yabancı Para Pozisyonu,1,Bilanço İçi Yabancı Para Pozisyonu (2-3),TOPLAM,"-1.895.824,22",-1895824.22,TL,BDDK Haftalık Bülten
2025-10-10,2025-10-10,2025-10-10,False,2025,10,10,615,Ekim/10 (41. Hafta),297,Yabancı Para Pozisyonu,10,Dövize Endeksli Yükümlülükler (Bilgi),TOPLAM,"798,71",798.71,TL,BDDK Haftalık Bülten
2025-10-10,2025-10-10,2025-10-10,False,2025,10,10,615,Ekim/10 (41. Hafta),297,Yabancı Para Pozisyonu,2,a) Bilanço İçi Varlıklar,TOPLAM,"17.065.009,35",17065009.35,TL,BDDK Haftalık Bülten
2025-10-10,2025-10-10,2025-10-10,False,2025,10,10,615,Ekim/10 (41. Hafta),297,Yabancı Para Pozisyonu,3,b) Bilanço İçi Yükümlülükler,TOPLAM,"18.960.833,56",18960833.56,TL,BDDK Haftalık Bülten
2025-10-10,2025-10-10,2025-10-10,False,2025,10,10,615,Ekim/10 (41. Hafta),297,Yabancı Para Pozisyonu,4,Bilanço Dışı Yabancı Para Pozisyonu (5-6),TOPLAM,"1.976.186,73",1976186.73,TL,BDDK Haftalık Bülten
2025-10-10,2025-10-10,2025-10-10,False,2025,10,10,615,Ekim/10 (41. Hafta),297,Yabancı Para Pozisyonu,5,a) Bilanço Dışı Varlıklar,TOPLAM,"7.961.963,80",7961963.8,TL,BDDK Haftalık Bülten
2025-10-10,2025-10-10,2025-10-10,False,2025,10,10,615,Ekim/10 (41. Hafta),297,Yabancı Para Pozisyonu,6,b) Bilanço Dışı Yükümlülükler,TOPLAM,"5.985.777,07",5985777.07,TL,BDDK Haftalık Bülten
2025-10-10,2025-10-10,2025-10-10,False,2025,10,10,615,Ekim/10 (41. Hafta),297,Yabancı Para Pozisyonu,7,Yabancı Para Net Genel Pozisyonu (1+4),TOPLAM,"80.362,52",80362.52,TL,BDDK Haftalık Bülten
2025-10-10,2025-10-10,2025-10-10,False,2025,10,10,615,Ekim/10 (41. Hafta),297,Yabancı Para Pozisyonu,8,Yasal Özkaynak,TOPLAM,"4.503.631,16",4503631.16,TL,BDDK Haftalık Bülten
2025-10-10,2025-10-10,2025-10-10,False,2025,10,10,615,Ekim/10 (41. Hafta),297,Yabancı Para Pozisyonu,9,Dövize Endeskli Varlıklar (Bilgi),TOPLAM,"6.561,79",6561.79,TL,BDDK Haftalık Bülten
2025-10-17,2025-10-17,2025-10-17,False,2025,10,17,616,Ekim/17 (42. Hafta),297,Yabancı Para Pozisyonu,1,Bilanço İçi Yabancı Para Pozisyonu (2-3),TOPLAM,"-1.884.919,91",-1884919.91,TL,BDDK Haftalık Bülten
2025-10-17,2025-10-17,2025-10-17,False,2025,10,17,616,Ekim/17 (42. Hafta),297,Yabancı Para Pozisyonu,10,Dövize Endeksli Yükümlülükler (Bilgi),TOPLAM,"814,84",814.84,TL,BDDK Haftalık Bülten
2025-10-17,2025-10-17,2025-10-17,False,2025,10,17,616,Ekim/17 (42. Hafta),297,Yabancı Para Pozisyonu,2,a) Bilanço İçi Varlıklar,TOPLAM,"17.679.951,26",17679951.26,TL,BDDK Haftalık Bülten
2025-10-17,2025-10-17,2025-10-17,False,2025,10,17,616,Ekim/17 (42. Hafta),297,Yabancı Para Pozisyonu,3,b) Bilanço İçi Yükümlülükler,TOPLAM,"19.564.871,17",19564871.17,TL,BDDK Haftalık Bülten
2025-10-17,2025-10-17,2025-10-17,False,2025,10,17,616,Ekim/17 (42. Hafta),297,Yabancı Para Pozisyonu,4,Bilanço Dışı Yabancı Para Pozisyonu (5-6),TOPLAM,"1.969.738,28",1969738.28,TL,BDDK Haftalık Bülten
2025-10-17,2025-10-17,2025-10-17,False,2025,10,17,616,Ekim/17 (42. Hafta),297,Yabancı Para Pozisyonu,5,a) Bilanço Dışı Varlıklar,TOPLAM,"8.247.349,57",8247349.57,TL,BDDK Haftalık Bülten
2025-10-17,2025-10-17,2025-10-17,False,2025,10,17,616,Ekim/17 (42. Hafta),297,Yabancı Para Pozisyonu,6,b) Bilanço Dışı Yükümlülükler,TOPLAM,"6.277.611,29",6277611.29,TL,BDDK Haftalık Bülten
2025-10-17,2025-10-17,2025-10-17,False,2025,10,17,616,Ekim/17 (42. Hafta),297,Yabancı Para Pozisyonu,7,Yabancı Para Net Genel Pozisyonu (1+4),TOPLAM,"84.818,37",84818.37,TL,BDDK Haftalık Bülten
2025-10-17,2025-10-17,2025-10-17,False,2025,10,17,616,Ekim/17 (42. Hafta),297,Yabancı Para Pozisyonu,8,Yasal Özkaynak,TOPLAM,"4.535.663,46",4535663.46,TL,BDDK Haftalık Bülten
2025-10-17,2025-10-17,2025-10-17,False,2025,10,17,616,Ekim/17 (42. Hafta),297,Yabancı Para Pozisyonu,9,Dövize Endeskli Varlıklar (Bilgi),TOPLAM,"6.616,25",6616.25,TL,BDDK Haftalık Bülten
2025-10-24,2025-10-24,2025-10-24,False,2025,10,24,617,Ekim/24 (43. Hafta),297,Yabancı Para Pozisyonu,1,Bilanço İçi Yabancı Para Pozisyonu (2-3),TOPLAM,"-1.691.340,40",-1691340.4,TL,BDDK Haftalık Bülten
2025-10-24,2025-10-24,2025-10-24,False,2025,10,24,617,Ekim/24 (43. Hafta),297,Yabancı Para Pozisyonu,10,Dövize Endeksli Yükümlülükler (Bilgi),TOPLAM,"653,89",653.89,TL,BDDK Haftalık Bülten
2025-10-24,2025-10-24,2025-10-24,False,2025,10,24,617,Ekim/24 (43. Hafta),297,Yabancı Para Pozisyonu,2,a) Bilanço İçi Varlıklar,TOPLAM,"17.634.612,94",17634612.94,TL,BDDK Haftalık Bülten
2025-10-24,2025-10-24,2025-10-24,False,2025,10,24,617,Ekim/24 (43. Hafta),297,Yabancı Para Pozisyonu,3,b) Bilanço İçi Yükümlülükler,TOPLAM,"19.325.953,34",19325953.34,TL,BDDK Haftalık Bülten
2025-10-24,2025-10-24,2025-10-24,False,2025,10,24,617,Ekim/24 (43. Hafta),297,Yabancı Para Pozisyonu,4,Bilanço Dışı Yabancı Para Pozisyonu (5-6),TOPLAM,"1.785.953,64",1785953.64,TL,BDDK Haftalık Bülten
2025-10-24,2025-10-24,2025-10-24,False,2025,10,24,617,Ekim/24 (43. Hafta),297,Yabancı Para Pozisyonu,5,a) Bilanço Dışı Varlıklar,TOPLAM,"8.053.559,96",8053559.96,TL,BDDK Haftalık Bülten
2025-10-24,2025-10-24,2025-10-24,False,2025,10,24,617,Ekim/24 (43. Hafta),297,Yabancı Para Pozisyonu,6,b) Bilanço Dışı Yükümlülükler,TOPLAM,"6.267.606,33",6267606.33,TL,BDDK Haftalık Bülten
2025-10-24,2025-10-24,2025-10-24,False,2025,10,24,617,Ekim/24 (43. Hafta),297,Yabancı Para Pozisyonu,7,Yabancı Para Net Genel Pozisyonu (1+4),TOPLAM,"94.613,24",94613.24,TL,BDDK Haftalık Bülten
2025-10-24,2025-10-24,2025-10-24,False,2025,10,24,617,Ekim/24 (43. Hafta),297,Yabancı Para Pozisyonu,8,Yasal Özkaynak,TOPLAM,"4.649.415,74",4649415.74,TL,BDDK Haftalık Bülten
2025-10-24,2025-10-24,2025-10-24,False,2025,10,24,617,Ekim/24 (43. Hafta),297,Yabancı Para Pozisyonu,9,Dövize Endeskli Varlıklar (Bilgi),TOPLAM,"6.593,94",6593.94,TL,BDDK Haftalık Bülten
2025-10-31,2025-10-31,2025-10-31,False,2025,10,31,618,Ekim/31 (44. Hafta),297,Yabancı Para Pozisyonu,1,Bilanço İçi Yabancı Para Pozisyonu (2-3),TOPLAM,"-1.651.990,35",-1651990.35,TL,BDDK Haftalık Bülten
2025-10-31,2025-10-31,2025-10-31,False,2025,10,31,618,Ekim/31 (44. Hafta),297,Yabancı Para Pozisyonu,10,Dövize Endeksli Yükümlülükler (Bilgi),TOPLAM,"633,47",633.47,TL,BDDK Haftalık Bülten
2025-10-31,2025-10-31,2025-10-31,False,2025,10,31,618,Ekim/31 (44. Hafta),297,Yabancı Para Pozisyonu,2,a) Bilanço İçi Varlıklar,TOPLAM,"17.510.711,18",17510711.18,TL,BDDK Haftalık Bülten
2025-10-31,2025-10-31,2025-10-31,False,2025,10,31,618,Ekim/31 (44. Hafta),297,Yabancı Para Pozisyonu,3,b) Bilanço İçi Yükümlülükler,TOPLAM,"19.162.701,53",19162701.53,TL,BDDK Haftalık Bülten
2025-10-31,2025-10-31,2025-10-31,False,2025,10,31,618,Ekim/31 (44. Hafta),297,Yabancı Para Pozisyonu,4,Bilanço Dışı Yabancı Para Pozisyonu (5-6),TOPLAM,"1.727.045,73",1727045.73,TL,BDDK Haftalık Bülten
2025-10-31,2025-10-31,2025-10-31,False,2025,10,31,618,Ekim/31 (44. Hafta),297,Yabancı Para Pozisyonu,5,a) Bilanço Dışı Varlıklar,TOPLAM,"8.008.261,96",8008261.96,TL,BDDK Haftalık Bülten
2025-10-31,2025-10-31,2025-10-31,False,2025,10,31,618,Ekim/31 (44. Hafta),297,Yabancı Para Pozisyonu,6,b) Bilanço Dışı Yükümlülükler,TOPLAM,"6.281.216,23",6281216.23,TL,BDDK Haftalık Bülten
2025-10-31,2025-10-31,2025-10-31,False,2025,10,31,618,Ekim/31 (44. Hafta),297,Yabancı Para Pozisyonu,7,Yabancı Para Net Genel Pozisyonu (1+4),TOPLAM,"75.055,38",75055.38,TL,BDDK Haftalık Bülten
2025-10-31,2025-10-31,2025-10-31,False,2025,10,31,618,Ekim/31 (44. Hafta),297,Yabancı Para Pozisyonu,8,Yasal Özkaynak,TOPLAM,"4.651.674,51",4651674.51,TL,BDDK Haftalık Bülten
2025-10-31,2025-10-31,2025-10-31,False,2025,10,31,618,Ekim/31 (44. Hafta),297,Yabancı Para Pozisyonu,9,Dövize Endeskli Varlıklar (Bilgi),TOPLAM,"6.580,45",6580.45,TL,BDDK Haftalık Bülten
2025-11-07,2025-11-07,2025-11-07,False,2025,11,7,619,Kasım/07 (45. Hafta),297,Yabancı Para Pozisyonu,1,Bilanço İçi Yabancı Para Pozisyonu (2-3),TOPLAM,"-1.835.970,25",-1835970.25,TL,BDDK Haftalık Bülten
2025-11-07,2025-11-07,2025-11-07,False,2025,11,7,619,Kasım/07 (45. Hafta),297,Yabancı Para Pozisyonu,10,Dövize Endeksli Yükümlülükler (Bilgi),TOPLAM,"619,54",619.54,TL,BDDK Haftalık Bülten
2025-11-07,2025-11-07,2025-11-07,False,2025,11,7,619,Kasım/07 (45. Hafta),297,Yabancı Para Pozisyonu,2,a) Bilanço İçi Varlıklar,TOPLAM,"17.404.922,71",17404922.71,TL,BDDK Haftalık Bülten
2025-11-07,2025-11-07,2025-11-07,False,2025,11,7,619,Kasım/07 (45. Hafta),297,Yabancı Para Pozisyonu,3,b) Bilanço İçi Yükümlülükler,TOPLAM,"19.240.892,97",19240892.97,TL,BDDK Haftalık Bülten
2025-11-07,2025-11-07,2025-11-07,False,2025,11,7,619,Kasım/07 (45. Hafta),297,Yabancı Para Pozisyonu,4,Bilanço Dışı Yabancı Para Pozisyonu (5-6),TOPLAM,"1.901.110,25",1901110.25,TL,BDDK Haftalık Bülten
2025-11-07,2025-11-07,2025-11-07,False,2025,11,7,619,Kasım/07 (45. Hafta),297,Yabancı Para Pozisyonu,5,a) Bilanço Dışı Varlıklar,TOPLAM,"8.113.664,73",8113664.73,TL,BDDK Haftalık Bülten
2025-11-07,2025-11-07,2025-11-07,False,2025,11,7,619,Kasım/07 (45. Hafta),297,Yabancı Para Pozisyonu,6,b) Bilanço Dışı Yükümlülükler,TOPLAM,"6.212.554,48",6212554.48,TL,BDDK Haftalık Bülten
2025-11-07,2025-11-07,2025-11-07,False,2025,11,7,619,Kasım/07 (45. Hafta),297,Yabancı Para Pozisyonu,7,Yabancı Para Net Genel Pozisyonu (1+4),TOPLAM,"65.140,00",65140.0,TL,BDDK Haftalık Bülten
2025-11-07,2025-11-07,2025-11-07,False,2025,11,7,619,Kasım/07 (45. Hafta),297,Yabancı Para Pozisyonu,8,Yasal Özkaynak,TOPLAM,"4.652.237,54",4652237.54,TL,BDDK Haftalık Bülten
2025-11-07,2025-11-07,2025-11-07,False,2025,11,7,619,Kasım/07 (45. Hafta),297,Yabancı Para Pozisyonu,9,Dövize Endeskli Varlıklar (Bilgi),TOPLAM,"6.629,03",6629.03,TL,BDDK Haftalık Bülten
2025-11-14,2025-11-14,2025-11-14,False,2025,11,14,620,Kasım/14 (46. Hafta),297,Yabancı Para Pozisyonu,1,Bilanço İçi Yabancı Para Pozisyonu (2-3),TOPLAM,"-1.835.802,81",-1835802.81,TL,BDDK Haftalık Bülten
2025-11-14,2025-11-14,2025-11-14,False,2025,11,14,620,Kasım/14 (46. Hafta),297,Yabancı Para Pozisyonu,10,Dövize Endeksli Yükümlülükler (Bilgi),TOPLAM,"626,87",626.87,TL,BDDK Haftalık Bülten
2025-11-14,2025-11-14,2025-11-14,False,2025,11,14,620,Kasım/14 (46. Hafta),297,Yabancı Para Pozisyonu,2,a) Bilanço İçi Varlıklar,TOPLAM,"17.760.347,97",17760347.97,TL,BDDK Haftalık Bülten
2025-11-14,2025-11-14,2025-11-14,False,2025,11,14,620,Kasım/14 (46. Hafta),297,Yabancı Para Pozisyonu,3,b) Bilanço İçi Yükümlülükler,TOPLAM,"19.596.150,78",19596150.78,TL,BDDK Haftalık Bülten
2025-11-14,2025-11-14,2025-11-14,False,2025,11,14,620,Kasım/14 (46. Hafta),297,Yabancı Para Pozisyonu,4,Bilanço Dışı Yabancı Para Pozisyonu (5-6),TOPLAM,"1.898.857,08",1898857.08,TL,BDDK Haftalık Bülten
2025-11-14,2025-11-14,2025-11-14,False,2025,11,14,620,Kasım/14 (46. Hafta),297,Yabancı Para Pozisyonu,5,a) Bilanço Dışı Varlıklar,TOPLAM,"8.306.380,98",8306380.98,TL,BDDK Haftalık Bülten
2025-11-14,2025-11-14,2025-11-14,False,2025,11,14,620,Kasım/14 (46. Hafta),297,Yabancı Para Pozisyonu,6,b) Bilanço Dışı Yükümlülükler,TOPLAM,"6.407.523,90",6407523.9,TL,BDDK Haftalık Bülten
2025-11-14,2025-11-14,2025-11-14,False,2025,11,14,620,Kasım/14 (46. Hafta),297,Yabancı Para Pozisyonu,7,Yabancı Para Net Genel Pozisyonu (1+4),TOPLAM,"63.054,27",63054.27,TL,BDDK Haftalık Bülten
2025-11-14,2025-11-14,2025-11-14,False,2025,11,14,620,Kasım/14 (46. Hafta),297,Yabancı Para Pozisyonu,8,Yasal Özkaynak,TOPLAM,"4.719.223,67",4719223.67,TL,BDDK Haftalık Bülten
2025-11-14,2025-11-14,2025-11-14,False,2025,11,14,620,Kasım/14 (46. Hafta),297,Yabancı Para Pozisyonu,9,Dövize Endeskli Varlıklar (Bilgi),TOPLAM,"6.647,50",6647.5,TL,BDDK Haftalık Bülten
2025-11-21,2025-11-21,2025-11-21,False,2025,11,21,621,Kasım/21 (47. Hafta),297,Yabancı Para Pozisyonu,1,Bilanço İçi Yabancı Para Pozisyonu (2-3),TOPLAM,"-1.926.700,83",-1926700.83,TL,BDDK Haftalık Bülten
2025-11-21,2025-11-21,2025-11-21,False,2025,11,21,621,Kasım/21 (47. Hafta),297,Yabancı Para Pozisyonu,10,Dövize Endeksli Yükümlülükler (Bilgi),TOPLAM,"592,82",592.82,TL,BDDK Haftalık Bülten
2025-11-21,2025-11-21,2025-11-21,False,2025,11,21,621,Kasım/21 (47. Hafta),297,Yabancı Para Pozisyonu,2,a) Bilanço İçi Varlıklar,TOPLAM,"17.513.300,83",17513300.83,TL,BDDK Haftalık Bülten
2025-11-21,2025-11-21,2025-11-21,False,2025,11,21,621,Kasım/21 (47. Hafta),297,Yabancı Para Pozisyonu,3,b) Bilanço İçi Yükümlülükler,TOPLAM,"19.440.001,66",19440001.66,TL,BDDK Haftalık Bülten
2025-11-21,2025-11-21,2025-11-21,False,2025,11,21,621,Kasım/21 (47. Hafta),297,Yabancı Para Pozisyonu,4,Bilanço Dışı Yabancı Para Pozisyonu (5-6),TOPLAM,"1.979.681,81",1979681.81,TL,BDDK Haftalık Bülten
2025-11-21,2025-11-21,2025-11-21,False,2025,11,21,621,Kasım/21 (47. Hafta),297,Yabancı Para Pozisyonu,5,a) Bilanço Dışı Varlıklar,TOPLAM,"8.540.907,72",8540907.72,TL,BDDK Haftalık Bülten
2025-11-21,2025-11-21,2025-11-21,False,2025,11,21,621,Kasım/21 (47. Hafta),297,Yabancı Para Pozisyonu,6,b) Bilanço Dışı Yükümlülükler,TOPLAM,"6.561.225,91",6561225.91,TL,BDDK Haftalık Bülten
2025-11-21,2025-11-21,2025-11-21,False,2025,11,21,621,Kasım/21 (47. Hafta),297,Yabancı Para Pozisyonu,7,Yabancı Para Net Genel Pozisyonu (1+4),TOPLAM,"52.980,98",52980.98,TL,BDDK Haftalık Bülten
2025-11-21,2025-11-21,2025-11-21,False,2025,11,21,621,Kasım/21 (47. Hafta),297,Yabancı Para Pozisyonu,8,Yasal Özkaynak,TOPLAM,"4.807.034,79",4807034.79,TL,BDDK Haftalık Bülten
2025-11-21,2025-11-21,2025-11-21,False,2025,11,21,621,Kasım/21 (47. Hafta),297,Yabancı Para Pozisyonu,9,Dövize Endeskli Varlıklar (Bilgi),TOPLAM,"6.613,74",6613.74,TL,BDDK Haftalık Bülten
2025-11-28,2025-11-28,2025-11-28,False,2025,11,28,622,Kasım/28 (48. Hafta),297,Yabancı Para Pozisyonu,1,Bilanço İçi Yabancı Para Pozisyonu (2-3),TOPLAM,"-1.846.378,46",-1846378.46,TL,BDDK Haftalık Bülten
2025-11-28,2025-11-28,2025-11-28,False,2025,11,28,622,Kasım/28 (48. Hafta),297,Yabancı Para Pozisyonu,10,Dövize Endeksli Yükümlülükler (Bilgi),TOPLAM,"600,36",600.36,TL,BDDK Haftalık Bülten
2025-11-28,2025-11-28,2025-11-28,False,2025,11,28,622,Kasım/28 (48. Hafta),297,Yabancı Para Pozisyonu,2,a) Bilanço İçi Varlıklar,TOPLAM,"17.658.287,65",17658287.65,TL,BDDK Haftalık Bülten
2025-11-28,2025-11-28,2025-11-28,False,2025,11,28,622,Kasım/28 (48. Hafta),297,Yabancı Para Pozisyonu,3,b) Bilanço İçi Yükümlülükler,TOPLAM,"19.504.666,11",19504666.11,TL,BDDK Haftalık Bülten
2025-11-28,2025-11-28,2025-11-28,False,2025,11,28,622,Kasım/28 (48. Hafta),297,Yabancı Para Pozisyonu,4,Bilanço Dışı Yabancı Para Pozisyonu (5-6),TOPLAM,"1.868.396,97",1868396.97,TL,BDDK Haftalık Bülten
2025-11-28,2025-11-28,2025-11-28,False,2025,11,28,622,Kasım/28 (48. Hafta),297,Yabancı Para Pozisyonu,5,a) Bilanço Dışı Varlıklar,TOPLAM,"8.334.287,47",8334287.47,TL,BDDK Haftalık Bülten
2025-11-28,2025-11-28,2025-11-28,False,2025,11,28,622,Kasım/28 (48. Hafta),297,Yabancı Para Pozisyonu,6,b) Bilanço Dışı Yükümlülükler,TOPLAM,"6.465.890,50",6465890.5,TL,BDDK Haftalık Bülten
2025-11-28,2025-11-28,2025-11-28,False,2025,11,28,622,Kasım/28 (48. Hafta),297,Yabancı Para Pozisyonu,7,Yabancı Para Net Genel Pozisyonu (1+4),TOPLAM,"22.018,51",22018.51,TL,BDDK Haftalık Bülten
2025-11-28,2025-11-28,2025-11-28,False,2025,11,28,622,Kasım/28 (48. Hafta),297,Yabancı Para Pozisyonu,8,Yasal Özkaynak,TOPLAM,"4.839.338,43",4839338.43,TL,BDDK Haftalık Bülten
2025-11-28,2025-11-28,2025-11-28,False,2025,11,28,622,Kasım/28 (48. Hafta),297,Yabancı Para Pozisyonu,9,Dövize Endeskli Varlıklar (Bilgi),TOPLAM,"6.639,67",6639.67,TL,BDDK Haftalık Bülten
2025-12-05,2025-12-05,2025-12-05,False,2025,12,5,623,Aralık/05 (49. Hafta),297,Yabancı Para Pozisyonu,1,Bilanço İçi Yabancı Para Pozisyonu (2-3),TOPLAM,"-2.020.402,24",-2020402.24,TL,BDDK Haftalık Bülten
2025-12-05,2025-12-05,2025-12-05,False,2025,12,5,623,Aralık/05 (49. Hafta),297,Yabancı Para Pozisyonu,10,Dövize Endeksli Yükümlülükler (Bilgi),TOPLAM,"586,08",586.08,TL,BDDK Haftalık Bülten
2025-12-05,2025-12-05,2025-12-05,False,2025,12,5,623,Aralık/05 (49. Hafta),297,Yabancı Para Pozisyonu,2,a) Bilanço İçi Varlıklar,TOPLAM,"17.533.644,77",17533644.77,TL,BDDK Haftalık Bülten
2025-12-05,2025-12-05,2025-12-05,False,2025,12,5,623,Aralık/05 (49. Hafta),297,Yabancı Para Pozisyonu,3,b) Bilanço İçi Yükümlülükler,TOPLAM,"19.554.047,01",19554047.01,TL,BDDK Haftalık Bülten
2025-12-05,2025-12-05,2025-12-05,False,2025,12,5,623,Aralık/05 (49. Hafta),297,Yabancı Para Pozisyonu,4,Bilanço Dışı Yabancı Para Pozisyonu (5-6),TOPLAM,"2.033.129,59",2033129.59,TL,BDDK Haftalık Bülten
2025-12-05,2025-12-05,2025-12-05,False,2025,12,5,623,Aralık/05 (49. Hafta),297,Yabancı Para Pozisyonu,5,a) Bilanço Dışı Varlıklar,TOPLAM,"8.392.090,44",8392090.44,TL,BDDK Haftalık Bülten
2025-12-05,2025-12-05,2025-12-05,False,2025,12,5,623,Aralık/05 (49. Hafta),297,Yabancı Para Pozisyonu,6,b) Bilanço Dışı Yükümlülükler,TOPLAM,"6.358.960,85",6358960.85,TL,BDDK Haftalık Bülten
2025-12-05,2025-12-05,2025-12-05,False,2025,12,5,623,Aralık/05 (49. Hafta),297,Yabancı Para Pozisyonu,7,Yabancı Para Net Genel Pozisyonu (1+4),TOPLAM,"12.727,34",12727.34,TL,BDDK Haftalık Bülten
2025-12-05,2025-12-05,2025-12-05,False,2025,12,5,623,Aralık/05 (49. Hafta),297,Yabancı Para Pozisyonu,8,Yasal Özkaynak,TOPLAM,"4.839.331,15",4839331.15,TL,BDDK Haftalık Bülten
2025-12-05,2025-12-05,2025-12-05,False,2025,12,5,623,Aralık/05 (49. Hafta),297,Yabancı Para Pozisyonu,9,Dövize Endeskli Varlıklar (Bilgi),TOPLAM,"6.656,88",6656.88,TL,BDDK Haftalık Bülten
2025-12-12,2025-12-12,2025-12-12,False,2025,12,12,624,Aralık/12 (50. Hafta),297,Yabancı Para Pozisyonu,1,Bilanço İçi Yabancı Para Pozisyonu (2-3),TOPLAM,"-1.964.094,30",-1964094.3,TL,BDDK Haftalık Bülten
2025-12-12,2025-12-12,2025-12-12,False,2025,12,12,624,Aralık/12 (50. Hafta),297,Yabancı Para Pozisyonu,10,Dövize Endeksli Yükümlülükler (Bilgi),TOPLAM,"595,72",595.72,TL,BDDK Haftalık Bülten
2025-12-12,2025-12-12,2025-12-12,False,2025,12,12,624,Aralık/12 (50. Hafta),297,Yabancı Para Pozisyonu,2,a) Bilanço İçi Varlıklar,TOPLAM,"17.798.337,93",17798337.93,TL,BDDK Haftalık Bülten
2025-12-12,2025-12-12,2025-12-12,False,2025,12,12,624,Aralık/12 (50. Hafta),297,Yabancı Para Pozisyonu,3,b) Bilanço İçi Yükümlülükler,TOPLAM,"19.762.432,23",19762432.23,TL,BDDK Haftalık Bülten
2025-12-12,2025-12-12,2025-12-12,False,2025,12,12,624,Aralık/12 (50. Hafta),297,Yabancı Para Pozisyonu,4,Bilanço Dışı Yabancı Para Pozisyonu (5-6),TOPLAM,"1.972.434,40",1972434.4,TL,BDDK Haftalık Bülten
2025-12-12,2025-12-12,2025-12-12,False,2025,12,12,624,Aralık/12 (50. Hafta),297,Yabancı Para Pozisyonu,5,a) Bilanço Dışı Varlıklar,TOPLAM,"8.309.111,50",8309111.5,TL,BDDK Haftalık Bülten
2025-12-12,2025-12-12,2025-12-12,False,2025,12,12,624,Aralık/12 (50. Hafta),297,Yabancı Para Pozisyonu,6,b) Bilanço Dışı Yükümlülükler,TOPLAM,"6.336.677,10",6336677.1,TL,BDDK Haftalık Bülten
2025-12-12,2025-12-12,2025-12-12,False,2025,12,12,624,Aralık/12 (50. Hafta),297,Yabancı Para Pozisyonu,7,Yabancı Para Net Genel Pozisyonu (1+4),TOPLAM,"8.340,10",8340.1,TL,BDDK Haftalık Bülten
2025-12-12,2025-12-12,2025-12-12,False,2025,12,12,624,Aralık/12 (50. Hafta),297,Yabancı Para Pozisyonu,8,Yasal Özkaynak,TOPLAM,"4.842.215,07",4842215.07,TL,BDDK Haftalık Bülten
2025-12-12,2025-12-12,2025-12-12,False,2025,12,12,624,Aralık/12 (50. Hafta),297,Yabancı Para Pozisyonu,9,Dövize Endeskli Varlıklar (Bilgi),TOPLAM,"6.683,85",6683.85,TL,BDDK Haftalık Bülten
2025-12-19,2025-12-19,2025-12-19,False,2025,12,19,625,Aralık/19 (51. Hafta),297,Yabancı Para Pozisyonu,1,Bilanço İçi Yabancı Para Pozisyonu (2-3),TOPLAM,"-2.087.346,09",-2087346.09,TL,BDDK Haftalık Bülten
2025-12-19,2025-12-19,2025-12-19,False,2025,12,19,625,Aralık/19 (51. Hafta),297,Yabancı Para Pozisyonu,10,Dövize Endeksli Yükümlülükler (Bilgi),TOPLAM,"603,60",603.6,TL,BDDK Haftalık Bülten
2025-12-19,2025-12-19,2025-12-19,False,2025,12,19,625,Aralık/19 (51. Hafta),297,Yabancı Para Pozisyonu,2,a) Bilanço İçi Varlıklar,TOPLAM,"17.877.007,78",17877007.78,TL,BDDK Haftalık Bülten
2025-12-19,2025-12-19,2025-12-19,False,2025,12,19,625,Aralık/19 (51. Hafta),297,Yabancı Para Pozisyonu,3,b) Bilanço İçi Yükümlülükler,TOPLAM,"19.964.353,87",19964353.87,TL,BDDK Haftalık Bülten
2025-12-19,2025-12-19,2025-12-19,False,2025,12,19,625,Aralık/19 (51. Hafta),297,Yabancı Para Pozisyonu,4,Bilanço Dışı Yabancı Para Pozisyonu (5-6),TOPLAM,"2.098.403,14",2098403.14,TL,BDDK Haftalık Bülten
2025-12-19,2025-12-19,2025-12-19,False,2025,12,19,625,Aralık/19 (51. Hafta),297,Yabancı Para Pozisyonu,5,a) Bilanço Dışı Varlıklar,TOPLAM,"8.774.886,98",8774886.98,TL,BDDK Haftalık Bülten
2025-12-19,2025-12-19,2025-12-19,False,2025,12,19,625,Aralık/19 (51. Hafta),297,Yabancı Para Pozisyonu,6,b) Bilanço Dışı Yükümlülükler,TOPLAM,"6.676.483,84",6676483.84,TL,BDDK Haftalık Bülten
2025-12-19,2025-12-19,2025-12-19,False,2025,12,19,625,Aralık/19 (51. Hafta),297,Yabancı Para Pozisyonu,7,Yabancı Para Net Genel Pozisyonu (1+4),TOPLAM,"11.057,05",11057.05,TL,BDDK Haftalık Bülten
2025-12-19,2025-12-19,2025-12-19,False,2025,12,19,625,Aralık/19 (51. Hafta),297,Yabancı Para Pozisyonu,8,Yasal Özkaynak,TOPLAM,"4.914.730,53",4914730.53,TL,BDDK Haftalık Bülten
2025-12-19,2025-12-19,2025-12-19,False,2025,12,19,625,Aralık/19 (51. Hafta),297,Yabancı Para Pozisyonu,9,Dövize Endeskli Varlıklar (Bilgi),TOPLAM,"6.715,77",6715.77,TL,BDDK Haftalık Bülten
2025-12-26,2025-12-26,2025-12-26,False,2025,12,26,626,Aralık/26 (52. Hafta),297,Yabancı Para Pozisyonu,1,Bilanço İçi Yabancı Para Pozisyonu (2-3),TOPLAM,"-2.080.476,75",-2080476.75,TL,BDDK Haftalık Bülten
2025-12-26,2025-12-26,2025-12-26,False,2025,12,26,626,Aralık/26 (52. Hafta),297,Yabancı Para Pozisyonu,10,Dövize Endeksli Yükümlülükler (Bilgi),TOPLAM,"613,62",613.62,TL,BDDK Haftalık Bülten
2025-12-26,2025-12-26,2025-12-26,False,2025,12,26,626,Aralık/26 (52. Hafta),297,Yabancı Para Pozisyonu,2,a) Bilanço İçi Varlıklar,TOPLAM,"18.283.492,56",18283492.56,TL,BDDK Haftalık Bülten
2025-12-26,2025-12-26,2025-12-26,False,2025,12,26,626,Aralık/26 (52. Hafta),297,Yabancı Para Pozisyonu,3,b) Bilanço İçi Yükümlülükler,TOPLAM,"20.363.969,32",20363969.32,TL,BDDK Haftalık Bülten
2025-12-26,2025-12-26,2025-12-26,False,2025,12,26,626,Aralık/26 (52. Hafta),297,Yabancı Para Pozisyonu,4,Bilanço Dışı Yabancı Para Pozisyonu (5-6),TOPLAM,"2.096.127,69",2096127.69,TL,BDDK Haftalık Bülten
2025-12-26,2025-12-26,2025-12-26,False,2025,12,26,626,Aralık/26 (52. Hafta),297,Yabancı Para Pozisyonu,5,a) Bilanço Dışı Varlıklar,TOPLAM,"8.591.279,33",8591279.33,TL,BDDK Haftalık Bülten
2025-12-26,2025-12-26,2025-12-26,False,2025,12,26,626,Aralık/26 (52. Hafta),297,Yabancı Para Pozisyonu,6,b) Bilanço Dışı Yükümlülükler,TOPLAM,"6.495.151,65",6495151.65,TL,BDDK Haftalık Bülten
2025-12-26,2025-12-26,2025-12-26,False,2025,12,26,626,Aralık/26 (52. Hafta),297,Yabancı Para Pozisyonu,7,Yabancı Para Net Genel Pozisyonu (1+4),TOPLAM,"15.650,93",15650.93,TL,BDDK Haftalık Bülten
2025-12-26,2025-12-26,2025-12-26,False,2025,12,26,626,Aralık/26 (52. Hafta),297,Yabancı Para Pozisyonu,8,Yasal Özkaynak,TOPLAM,"4.986.836,71",4986836.71,TL,BDDK Haftalık Bülten
2025-12-26,2025-12-26,2025-12-26,False,2025,12,26,626,Aralık/26 (52. Hafta),297,Yabancı Para Pozisyonu,9,Dövize Endeskli Varlıklar (Bilgi),TOPLAM,"6.438,96",6438.96,TL,BDDK Haftalık Bülten
2026-01-02,2026-01-02,2026-01-02,False,2026,1,2,627,Ocak/02 (1. Hafta),297,Yabancı Para Pozisyonu,1,Bilanço İçi Yabancı Para Pozisyonu (2-3),TOPLAM,"-2.091.076,05",-2091076.05,TL,BDDK Haftalık Bülten
2026-01-02,2026-01-02,2026-01-02,False,2026,1,2,627,Ocak/02 (1. Hafta),297,Yabancı Para Pozisyonu,10,Dövize Endeksli Yükümlülükler (Bilgi),TOPLAM,"621,17",621.17,TL,BDDK Haftalık Bülten
2026-01-02,2026-01-02,2026-01-02,False,2026,1,2,627,Ocak/02 (1. Hafta),297,Yabancı Para Pozisyonu,2,a) Bilanço İçi Varlıklar,TOPLAM,"18.179.706,76",18179706.76,TL,BDDK Haftalık Bülten
2026-01-02,2026-01-02,2026-01-02,False,2026,1,2,627,Ocak/02 (1. Hafta),297,Yabancı Para Pozisyonu,3,b) Bilanço İçi Yükümlülükler,TOPLAM,"20.270.782,80",20270782.8,TL,BDDK Haftalık Bülten
2026-01-02,2026-01-02,2026-01-02,False,2026,1,2,627,Ocak/02 (1. Hafta),297,Yabancı Para Pozisyonu,4,Bilanço Dışı Yabancı Para Pozisyonu (5-6),TOPLAM,"2.122.073,14",2122073.14,TL,BDDK Haftalık Bülten
2026-01-02,2026-01-02,2026-01-02,False,2026,1,2,627,Ocak/02 (1. Hafta),297,Yabancı Para Pozisyonu,5,a) Bilanço Dışı Varlıklar,TOPLAM,"8.677.063,12",8677063.12,TL,BDDK Haftalık Bülten
2026-01-02,2026-01-02,2026-01-02,False,2026,1,2,627,Ocak/02 (1. Hafta),297,Yabancı Para Pozisyonu,6,b) Bilanço Dışı Yükümlülükler,TOPLAM,"6.554.989,99",6554989.99,TL,BDDK Haftalık Bülten
2026-01-02,2026-01-02,2026-01-02,False,2026,1,2,627,Ocak/02 (1. Hafta),297,Yabancı Para Pozisyonu,7,Yabancı Para Net Genel Pozisyonu (1+4),TOPLAM,"30.997,09",30997.09,TL,BDDK Haftalık Bülten
2026-01-02,2026-01-02,2026-01-02,False,2026,1,2,627,Ocak/02 (1. Hafta),297,Yabancı Para Pozisyonu,8,Yasal Özkaynak,TOPLAM,"5.121.378,15",5121378.15,TL,BDDK Haftalık Bülten
2026-01-02,2026-01-02,2026-01-02,False,2026,1,2,627,Ocak/02 (1. Hafta),297,Yabancı Para Pozisyonu,9,Dövize Endeskli Varlıklar (Bilgi),TOPLAM,"6.220,68",6220.68,TL,BDDK Haftalık Bülten
2026-01-09,2026-01-09,2026-01-09,False,2026,1,9,628,Ocak/09 (2. Hafta),297,Yabancı Para Pozisyonu,1,Bilanço İçi Yabancı Para Pozisyonu (2-3),TOPLAM,"-2.144.963,19",-2144963.19,TL,BDDK Haftalık Bülten
2026-01-09,2026-01-09,2026-01-09,False,2026,1,9,628,Ocak/09 (2. Hafta),297,Yabancı Para Pozisyonu,10,Dövize Endeksli Yükümlülükler (Bilgi),TOPLAM,"557,08",557.08,TL,BDDK Haftalık Bülten
2026-01-09,2026-01-09,2026-01-09,False,2026,1,9,628,Ocak/09 (2. Hafta),297,Yabancı Para Pozisyonu,2,a) Bilanço İçi Varlıklar,TOPLAM,"18.119.292,95",18119292.95,TL,BDDK Haftalık Bülten
2026-01-09,2026-01-09,2026-01-09,False,2026,1,9,628,Ocak/09 (2. Hafta),297,Yabancı Para Pozisyonu,3,b) Bilanço İçi Yükümlülükler,TOPLAM,"20.264.256,14",20264256.14,TL,BDDK Haftalık Bülten
2026-01-09,2026-01-09,2026-01-09,False,2026,1,9,628,Ocak/09 (2. Hafta),297,Yabancı Para Pozisyonu,4,Bilanço Dışı Yabancı Para Pozisyonu (5-6),TOPLAM,"2.157.743,23",2157743.23,TL,BDDK Haftalık Bülten
2026-01-09,2026-01-09,2026-01-09,False,2026,1,9,628,Ocak/09 (2. Hafta),297,Yabancı Para Pozisyonu,5,a) Bilanço Dışı Varlıklar,TOPLAM,"8.844.606,99",8844606.99,TL,BDDK Haftalık Bülten
2026-01-09,2026-01-09,2026-01-09,False,2026,1,9,628,Ocak/09 (2. Hafta),297,Yabancı Para Pozisyonu,6,b) Bilanço Dışı Yükümlülükler,TOPLAM,"6.686.863,75",6686863.75,TL,BDDK Haftalık Bülten
2026-01-09,2026-01-09,2026-01-09,False,2026,1,9,628,Ocak/09 (2. Hafta),297,Yabancı Para Pozisyonu,7,Yabancı Para Net Genel Pozisyonu (1+4),TOPLAM,"12.780,04",12780.04,TL,BDDK Haftalık Bülten
2026-01-09,2026-01-09,2026-01-09,False,2026,1,9,628,Ocak/09 (2. Hafta),297,Yabancı Para Pozisyonu,8,Yasal Özkaynak,TOPLAM,"4.991.382,53",4991382.53,TL,BDDK Haftalık Bülten
2026-01-09,2026-01-09,2026-01-09,False,2026,1,9,628,Ocak/09 (2. Hafta),297,Yabancı Para Pozisyonu,9,Dövize Endeskli Varlıklar (Bilgi),TOPLAM,"6.173,12",6173.12,TL,BDDK Haftalık Bülten
2026-01-16,2026-01-16,2026-01-16,False,2026,1,16,629,Ocak/16 (3. Hafta),297,Yabancı Para Pozisyonu,1,Bilanço İçi Yabancı Para Pozisyonu (2-3),TOPLAM,"-2.347.115,81",-2347115.81,TL,BDDK Haftalık Bülten
2026-01-16,2026-01-16,2026-01-16,False,2026,1,16,629,Ocak/16 (3. Hafta),297,Yabancı Para Pozisyonu,10,Dövize Endeksli Yükümlülükler (Bilgi),TOPLAM,"565,18",565.18,TL,BDDK Haftalık Bülten
2026-01-16,2026-01-16,2026-01-16,False,2026,1,16,629,Ocak/16 (3. Hafta),297,Yabancı Para Pozisyonu,2,a) Bilanço İçi Varlıklar,TOPLAM,"18.240.200,83",18240200.83,TL,BDDK Haftalık Bülten
2026-01-16,2026-01-16,2026-01-16,False,2026,1,16,629,Ocak/16 (3. Hafta),297,Yabancı Para Pozisyonu,3,b) Bilanço İçi Yükümlülükler,TOPLAM,"20.587.316,64",20587316.64,TL,BDDK Haftalık Bülten
2026-01-16,2026-01-16,2026-01-16,False,2026,1,16,629,Ocak/16 (3. Hafta),297,Yabancı Para Pozisyonu,4,Bilanço Dışı Yabancı Para Pozisyonu (5-6),TOPLAM,"2.362.574,72",2362574.72,TL,BDDK Haftalık Bülten
2026-01-16,2026-01-16,2026-01-16,False,2026,1,16,629,Ocak/16 (3. Hafta),297,Yabancı Para Pozisyonu,5,a) Bilanço Dışı Varlıklar,TOPLAM,"9.184.277,65",9184277.65,TL,BDDK Haftalık Bülten
2026-01-16,2026-01-16,2026-01-16,False,2026,1,16,629,Ocak/16 (3. Hafta),297,Yabancı Para Pozisyonu,6,b) Bilanço Dışı Yükümlülükler,TOPLAM,"6.821.702,94",6821702.94,TL,BDDK Haftalık Bülten
2026-01-16,2026-01-16,2026-01-16,False,2026,1,16,629,Ocak/16 (3. Hafta),297,Yabancı Para Pozisyonu,7,Yabancı Para Net Genel Pozisyonu (1+4),TOPLAM,"15.458,91",15458.91,TL,BDDK Haftalık Bülten
2026-01-16,2026-01-16,2026-01-16,False,2026,1,16,629,Ocak/16 (3. Hafta),297,Yabancı Para Pozisyonu,8,Yasal Özkaynak,TOPLAM,"5.032.690,29",5032690.29,TL,BDDK Haftalık Bülten
2026-01-16,2026-01-16,2026-01-16,False,2026,1,16,629,Ocak/16 (3. Hafta),297,Yabancı Para Pozisyonu,9,Dövize Endeskli Varlıklar (Bilgi),TOPLAM,"6.161,03",6161.03,TL,BDDK Haftalık Bülten
2026-01-23,2026-01-23,2026-01-23,False,2026,1,23,630,Ocak/23 (4. Hafta),297,Yabancı Para Pozisyonu,1,Bilanço İçi Yabancı Para Pozisyonu (2-3),TOPLAM,"-2.409.740,99",-2409740.99,TL,BDDK Haftalık Bülten
2026-01-23,2026-01-23,2026-01-23,False,2026,1,23,630,Ocak/23 (4. Hafta),297,Yabancı Para Pozisyonu,10,Dövize Endeksli Yükümlülükler (Bilgi),TOPLAM,"574,71",574.71,TL,BDDK Haftalık Bülten
2026-01-23,2026-01-23,2026-01-23,False,2026,1,23,630,Ocak/23 (4. Hafta),297,Yabancı Para Pozisyonu,2,a) Bilanço İçi Varlıklar,TOPLAM,"18.687.570,05",18687570.05,TL,BDDK Haftalık Bülten
2026-01-23,2026-01-23,2026-01-23,False,2026,1,23,630,Ocak/23 (4. Hafta),297,Yabancı Para Pozisyonu,3,b) Bilanço İçi Yükümlülükler,TOPLAM,"21.097.311,04",21097311.04,TL,BDDK Haftalık Bülten
2026-01-23,2026-01-23,2026-01-23,False,2026,1,23,630,Ocak/23 (4. Hafta),297,Yabancı Para Pozisyonu,4,Bilanço Dışı Yabancı Para Pozisyonu (5-6),TOPLAM,"2.419.098,62",2419098.62,TL,BDDK Haftalık Bülten
2026-01-23,2026-01-23,2026-01-23,False,2026,1,23,630,Ocak/23 (4. Hafta),297,Yabancı Para Pozisyonu,5,a) Bilanço Dışı Varlıklar,TOPLAM,"9.822.289,88",9822289.88,TL,BDDK Haftalık Bülten
2026-01-23,2026-01-23,2026-01-23,False,2026,1,23,630,Ocak/23 (4. Hafta),297,Yabancı Para Pozisyonu,6,b) Bilanço Dışı Yükümlülükler,TOPLAM,"7.403.191,26",7403191.26,TL,BDDK Haftalık Bülten
2026-01-23,2026-01-23,2026-01-23,False,2026,1,23,630,Ocak/23 (4. Hafta),297,Yabancı Para Pozisyonu,7,Yabancı Para Net Genel Pozisyonu (1+4),TOPLAM,"9.357,64",9357.64,TL,BDDK Haftalık Bülten
2026-01-23,2026-01-23,2026-01-23,False,2026,1,23,630,Ocak/23 (4. Hafta),297,Yabancı Para Pozisyonu,8,Yasal Özkaynak,TOPLAM,"5.224.562,29",5224562.29,TL,BDDK Haftalık Bülten
2026-01-23,2026-01-23,2026-01-23,False,2026,1,23,630,Ocak/23 (4. Hafta),297,Yabancı Para Pozisyonu,9,Dövize Endeskli Varlıklar (Bilgi),TOPLAM,"6.186,45",6186.45,TL,BDDK Haftalık Bülten
2026-01-30,2026-01-30,2026-01-30,False,2026,1,30,631,Ocak/30 (5. Hafta),297,Yabancı Para Pozisyonu,1,Bilanço İçi Yabancı Para Pozisyonu (2-3),TOPLAM,"-2.364.851,43",-2364851.43,TL,BDDK Haftalık Bülten
2026-01-30,2026-01-30,2026-01-30,False,2026,1,30,631,Ocak/30 (5. Hafta),297,Yabancı Para Pozisyonu,10,Dövize Endeksli Yükümlülükler (Bilgi),TOPLAM,"584,42",584.42,TL,BDDK Haftalık Bülten
2026-01-30,2026-01-30,2026-01-30,False,2026,1,30,631,Ocak/30 (5. Hafta),297,Yabancı Para Pozisyonu,2,a) Bilanço İçi Varlıklar,TOPLAM,"19.414.578,58",19414578.58,TL,BDDK Haftalık Bülten
2026-01-30,2026-01-30,2026-01-30,False,2026,1,30,631,Ocak/30 (5. Hafta),297,Yabancı Para Pozisyonu,3,b) Bilanço İçi Yükümlülükler,TOPLAM,"21.779.430,01",21779430.01,TL,BDDK Haftalık Bülten
2026-01-30,2026-01-30,2026-01-30,False,2026,1,30,631,Ocak/30 (5. Hafta),297,Yabancı Para Pozisyonu,4,Bilanço Dışı Yabancı Para Pozisyonu (5-6),TOPLAM,"2.356.939,59",2356939.59,TL,BDDK Haftalık Bülten
2026-01-30,2026-01-30,2026-01-30,False,2026,1,30,631,Ocak/30 (5. Hafta),297,Yabancı Para Pozisyonu,5,a) Bilanço Dışı Varlıklar,TOPLAM,"10.419.131,83",10419131.83,TL,BDDK Haftalık Bülten
2026-01-30,2026-01-30,2026-01-30,False,2026,1,30,631,Ocak/30 (5. Hafta),297,Yabancı Para Pozisyonu,6,b) Bilanço Dışı Yükümlülükler,TOPLAM,"8.062.192,25",8062192.25,TL,BDDK Haftalık Bülten
2026-01-30,2026-01-30,2026-01-30,False,2026,1,30,631,Ocak/30 (5. Hafta),297,Yabancı Para Pozisyonu,7,Yabancı Para Net Genel Pozisyonu (1+4),TOPLAM,"-7.911,85",-7911.85,TL,BDDK Haftalık Bülten
2026-01-30,2026-01-30,2026-01-30,False,2026,1,30,631,Ocak/30 (5. Hafta),297,Yabancı Para Pozisyonu,8,Yasal Özkaynak,TOPLAM,"5.355.138,90",5355138.9,TL,BDDK Haftalık Bülten
2026-01-30,2026-01-30,2026-01-30,False,2026,1,30,631,Ocak/30 (5. Hafta),297,Yabancı Para Pozisyonu,9,Dövize Endeskli Varlıklar (Bilgi),TOPLAM,"6.280,02",6280.02,TL,BDDK Haftalık Bülten
2026-02-06,2026-02-06,2026-02-06,False,2026,2,6,632,Şubat/06 (6. Hafta),297,Yabancı Para Pozisyonu,1,Bilanço İçi Yabancı Para Pozisyonu (2-3),TOPLAM,"-2.277.228,93",-2277228.93,TL,BDDK Haftalık Bülten
2026-02-06,2026-02-06,2026-02-06,False,2026,2,6,632,Şubat/06 (6. Hafta),297,Yabancı Para Pozisyonu,10,Dövize Endeksli Yükümlülükler (Bilgi),TOPLAM,"585,36",585.36,TL,BDDK Haftalık Bülten
2026-02-06,2026-02-06,2026-02-06,False,2026,2,6,632,Şubat/06 (6. Hafta),297,Yabancı Para Pozisyonu,2,a) Bilanço İçi Varlıklar,TOPLAM,"19.001.649,44",19001649.44,TL,BDDK Haftalık Bülten
2026-02-06,2026-02-06,2026-02-06,False,2026,2,6,632,Şubat/06 (6. Hafta),297,Yabancı Para Pozisyonu,3,b) Bilanço İçi Yükümlülükler,TOPLAM,"21.278.878,37",21278878.37,TL,BDDK Haftalık Bülten
2026-02-06,2026-02-06,2026-02-06,False,2026,2,6,632,Şubat/06 (6. Hafta),297,Yabancı Para Pozisyonu,4,Bilanço Dışı Yabancı Para Pozisyonu (5-6),TOPLAM,"2.264.687,68",2264687.68,TL,BDDK Haftalık Bülten
2026-02-06,2026-02-06,2026-02-06,False,2026,2,6,632,Şubat/06 (6. Hafta),297,Yabancı Para Pozisyonu,5,a) Bilanço Dışı Varlıklar,TOPLAM,"10.268.902,27",10268902.27,TL,BDDK Haftalık Bülten
2026-02-06,2026-02-06,2026-02-06,False,2026,2,6,632,Şubat/06 (6. Hafta),297,Yabancı Para Pozisyonu,6,b) Bilanço Dışı Yükümlülükler,TOPLAM,"8.004.214,59",8004214.59,TL,BDDK Haftalık Bülten
2026-02-06,2026-02-06,2026-02-06,False,2026,2,6,632,Şubat/06 (6. Hafta),297,Yabancı Para Pozisyonu,7,Yabancı Para Net Genel Pozisyonu (1+4),TOPLAM,"-12.541,25",-12541.25,TL,BDDK Haftalık Bülten
2026-02-06,2026-02-06,2026-02-06,False,2026,2,6,632,Şubat/06 (6. Hafta),297,Yabancı Para Pozisyonu,8,Yasal Özkaynak,TOPLAM,"5.295.808,63",5295808.63,TL,BDDK Haftalık Bülten
2026-02-06,2026-02-06,2026-02-06,False,2026,2,6,632,Şubat/06 (6. Hafta),297,Yabancı Para Pozisyonu,9,Dövize Endeskli Varlıklar (Bilgi),TOPLAM,"6.167,37",6167.37,TL,BDDK Haftalık Bülten
2026-02-13,2026-02-13,2026-02-13,False,2026,2,13,633,Şubat/13 (7. Hafta),297,Yabancı Para Pozisyonu,1,Bilanço İçi Yabancı Para Pozisyonu (2-3),TOPLAM,"-2.369.745,84",-2369745.84,TL,BDDK Haftalık Bülten
2026-02-13,2026-02-13,2026-02-13,False,2026,2,13,633,Şubat/13 (7. Hafta),297,Yabancı Para Pozisyonu,10,Dövize Endeksli Yükümlülükler (Bilgi),TOPLAM,"593,07",593.07,TL,BDDK Haftalık Bülten
2026-02-13,2026-02-13,2026-02-13,False,2026,2,13,633,Şubat/13 (7. Hafta),297,Yabancı Para Pozisyonu,2,a) Bilanço İçi Varlıklar,TOPLAM,"18.993.654,12",18993654.12,TL,BDDK Haftalık Bülten
2026-02-13,2026-02-13,2026-02-13,False,2026,2,13,633,Şubat/13 (7. Hafta),297,Yabancı Para Pozisyonu,3,b) Bilanço İçi Yükümlülükler,TOPLAM,"21.363.399,95",21363399.95,TL,BDDK Haftalık Bülten
2026-02-13,2026-02-13,2026-02-13,False,2026,2,13,633,Şubat/13 (7. Hafta),297,Yabancı Para Pozisyonu,4,Bilanço Dışı Yabancı Para Pozisyonu (5-6),TOPLAM,"2.364.013,34",2364013.34,TL,BDDK Haftalık Bülten
2026-02-13,2026-02-13,2026-02-13,False,2026,2,13,633,Şubat/13 (7. Hafta),297,Yabancı Para Pozisyonu,5,a) Bilanço Dışı Varlıklar,TOPLAM,"10.035.109,39",10035109.39,TL,BDDK Haftalık Bülten
2026-02-13,2026-02-13,2026-02-13,False,2026,2,13,633,Şubat/13 (7. Hafta),297,Yabancı Para Pozisyonu,6,b) Bilanço Dışı Yükümlülükler,TOPLAM,"7.671.096,04",7671096.04,TL,BDDK Haftalık Bülten
2026-02-13,2026-02-13,2026-02-13,False,2026,2,13,633,Şubat/13 (7. Hafta),297,Yabancı Para Pozisyonu,7,Yabancı Para Net Genel Pozisyonu (1+4),TOPLAM,"-5.732,49",-5732.49,TL,BDDK Haftalık Bülten
2026-02-13,2026-02-13,2026-02-13,False,2026,2,13,633,Şubat/13 (7. Hafta),297,Yabancı Para Pozisyonu,8,Yasal Özkaynak,TOPLAM,"5.314.423,14",5314423.14,TL,BDDK Haftalık Bülten
2026-02-13,2026-02-13,2026-02-13,False,2026,2,13,633,Şubat/13 (7. Hafta),297,Yabancı Para Pozisyonu,9,Dövize Endeskli Varlıklar (Bilgi),TOPLAM,"6.202,27",6202.27,TL,BDDK Haftalık Bülten
2026-02-20,2026-02-20,2026-02-20,False,2026,2,20,634,Şubat/20 (8. Hafta),297,Yabancı Para Pozisyonu,1,Bilanço İçi Yabancı Para Pozisyonu (2-3),TOPLAM,"-2.382.790,92",-2382790.92,TL,BDDK Haftalık Bülten
2026-02-20,2026-02-20,2026-02-20,False,2026,2,20,634,Şubat/20 (8. Hafta),297,Yabancı Para Pozisyonu,10,Dövize Endeksli Yükümlülükler (Bilgi),TOPLAM,"607,67",607.67,TL,BDDK Haftalık Bülten
2026-02-20,2026-02-20,2026-02-20,False,2026,2,20,634,Şubat/20 (8. Hafta),297,Yabancı Para Pozisyonu,2,a) Bilanço İçi Varlıklar,TOPLAM,"19.065.437,07",19065437.07,TL,BDDK Haftalık Bülten
2026-02-20,2026-02-20,2026-02-20,False,2026,2,20,634,Şubat/20 (8. Hafta),297,Yabancı Para Pozisyonu,3,b) Bilanço İçi Yükümlülükler,TOPLAM,"21.448.227,98",21448227.98,TL,BDDK Haftalık Bülten
2026-02-20,2026-02-20,2026-02-20,False,2026,2,20,634,Şubat/20 (8. Hafta),297,Yabancı Para Pozisyonu,4,Bilanço Dışı Yabancı Para Pozisyonu (5-6),TOPLAM,"2.372.784,22",2372784.22,TL,BDDK Haftalık Bülten
2026-02-20,2026-02-20,2026-02-20,False,2026,2,20,634,Şubat/20 (8. Hafta),297,Yabancı Para Pozisyonu,5,a) Bilanço Dışı Varlıklar,TOPLAM,"10.207.900,13",10207900.13,TL,BDDK Haftalık Bülten
2026-02-20,2026-02-20,2026-02-20,False,2026,2,20,634,Şubat/20 (8. Hafta),297,Yabancı Para Pozisyonu,6,b) Bilanço Dışı Yükümlülükler,TOPLAM,"7.835.115,91",7835115.91,TL,BDDK Haftalık Bülten
2026-02-20,2026-02-20,2026-02-20,False,2026,2,20,634,Şubat/20 (8. Hafta),297,Yabancı Para Pozisyonu,7,Yabancı Para Net Genel Pozisyonu (1+4),TOPLAM,"-10.006,70",-10006.7,TL,BDDK Haftalık Bülten
2026-02-20,2026-02-20,2026-02-20,False,2026,2,20,634,Şubat/20 (8. Hafta),297,Yabancı Para Pozisyonu,8,Yasal Özkaynak,TOPLAM,"5.385.264,97",5385264.97,TL,BDDK Haftalık Bülten
2026-02-20,2026-02-20,2026-02-20,False,2026,2,20,634,Şubat/20 (8. Hafta),297,Yabancı Para Pozisyonu,9,Dövize Endeskli Varlıklar (Bilgi),TOPLAM,"6.191,88",6191.88,TL,BDDK Haftalık Bülten
2026-02-27,2026-02-27,2026-02-27,False,2026,2,27,635,Şubat/27 (9. Hafta),297,Yabancı Para Pozisyonu,1,Bilanço İçi Yabancı Para Pozisyonu (2-3),TOPLAM,"-2.440.368,24",-2440368.24,TL,BDDK Haftalık Bülten
2026-02-27,2026-02-27,2026-02-27,False,2026,2,27,635,Şubat/27 (9. Hafta),297,Yabancı Para Pozisyonu,10,Dövize Endeksli Yükümlülükler (Bilgi),TOPLAM,"609,39",609.39,TL,BDDK Haftalık Bülten
2026-02-27,2026-02-27,2026-02-27,False,2026,2,27,635,Şubat/27 (9. Hafta),297,Yabancı Para Pozisyonu,2,a) Bilanço İçi Varlıklar,TOPLAM,"19.224.631,07",19224631.07,TL,BDDK Haftalık Bülten
2026-02-27,2026-02-27,2026-02-27,False,2026,2,27,635,Şubat/27 (9. Hafta),297,Yabancı Para Pozisyonu,3,b) Bilanço İçi Yükümlülükler,TOPLAM,"21.664.999,31",21664999.31,TL,BDDK Haftalık Bülten
2026-02-27,2026-02-27,2026-02-27,False,2026,2,27,635,Şubat/27 (9. Hafta),297,Yabancı Para Pozisyonu,4,Bilanço Dışı Yabancı Para Pozisyonu (5-6),TOPLAM,"2.436.663,35",2436663.35,TL,BDDK Haftalık Bülten
2026-02-27,2026-02-27,2026-02-27,False,2026,2,27,635,Şubat/27 (9. Hafta),297,Yabancı Para Pozisyonu,5,a) Bilanço Dışı Varlıklar,TOPLAM,"10.692.338,78",10692338.78,TL,BDDK Haftalık Bülten
2026-02-27,2026-02-27,2026-02-27,False,2026,2,27,635,Şubat/27 (9. Hafta),297,Yabancı Para Pozisyonu,6,b) Bilanço Dışı Yükümlülükler,TOPLAM,"8.255.675,44",8255675.44,TL,BDDK Haftalık Bülten
2026-02-27,2026-02-27,2026-02-27,False,2026,2,27,635,Şubat/27 (9. Hafta),297,Yabancı Para Pozisyonu,7,Yabancı Para Net Genel Pozisyonu (1+4),TOPLAM,"-3.704,89",-3704.89,TL,BDDK Haftalık Bülten
2026-02-27,2026-02-27,2026-02-27,False,2026,2,27,635,Şubat/27 (9. Hafta),297,Yabancı Para Pozisyonu,8,Yasal Özkaynak,TOPLAM,"5.450.693,62",5450693.62,TL,BDDK Haftalık Bülten
2026-02-27,2026-02-27,2026-02-27,False,2026,2,27,635,Şubat/27 (9. Hafta),297,Yabancı Para Pozisyonu,9,Dövize Endeskli Varlıklar (Bilgi),TOPLAM,"6.216,74",6216.74,TL,BDDK Haftalık Bülten
2026-03-06,2026-03-06,2026-03-06,False,2026,3,6,636,Mart/06 (10. Hafta),297,Yabancı Para Pozisyonu,1,Bilanço İçi Yabancı Para Pozisyonu (2-3),TOPLAM,"-2.216.620,64",-2216620.64,TL,BDDK Haftalık Bülten
2026-03-06,2026-03-06,2026-03-06,False,2026,3,6,636,Mart/06 (10. Hafta),297,Yabancı Para Pozisyonu,10,Dövize Endeksli Yükümlülükler (Bilgi),TOPLAM,"616,73",616.73,TL,BDDK Haftalık Bülten
2026-03-06,2026-03-06,2026-03-06,False,2026,3,6,636,Mart/06 (10. Hafta),297,Yabancı Para Pozisyonu,2,a) Bilanço İçi Varlıklar,TOPLAM,"19.287.830,94",19287830.94,TL,BDDK Haftalık Bülten
2026-03-06,2026-03-06,2026-03-06,False,2026,3,6,636,Mart/06 (10. Hafta),297,Yabancı Para Pozisyonu,3,b) Bilanço İçi Yükümlülükler,TOPLAM,"21.504.451,58",21504451.58,TL,BDDK Haftalık Bülten
2026-03-06,2026-03-06,2026-03-06,False,2026,3,6,636,Mart/06 (10. Hafta),297,Yabancı Para Pozisyonu,4,Bilanço Dışı Yabancı Para Pozisyonu (5-6),TOPLAM,"2.245.008,80",2245008.8,TL,BDDK Haftalık Bülten
2026-03-06,2026-03-06,2026-03-06,False,2026,3,6,636,Mart/06 (10. Hafta),297,Yabancı Para Pozisyonu,5,a) Bilanço Dışı Varlıklar,TOPLAM,"10.614.294,65",10614294.65,TL,BDDK Haftalık Bülten
2026-03-06,2026-03-06,2026-03-06,False,2026,3,6,636,Mart/06 (10. Hafta),297,Yabancı Para Pozisyonu,6,b) Bilanço Dışı Yükümlülükler,TOPLAM,"8.369.285,85",8369285.85,TL,BDDK Haftalık Bülten
2026-03-06,2026-03-06,2026-03-06,False,2026,3,6,636,Mart/06 (10. Hafta),297,Yabancı Para Pozisyonu,7,Yabancı Para Net Genel Pozisyonu (1+4),TOPLAM,"28.388,16",28388.16,TL,BDDK Haftalık Bülten
2026-03-06,2026-03-06,2026-03-06,False,2026,3,6,636,Mart/06 (10. Hafta),297,Yabancı Para Pozisyonu,8,Yasal Özkaynak,TOPLAM,"5.449.588,15",5449588.15,TL,BDDK Haftalık Bülten
2026-03-06,2026-03-06,2026-03-06,False,2026,3,6,636,Mart/06 (10. Hafta),297,Yabancı Para Pozisyonu,9,Dövize Endeskli Varlıklar (Bilgi),TOPLAM,"6.053,55",6053.55,TL,BDDK Haftalık Bülten
2026-03-13,2026-03-13,2026-03-13,False,2026,3,13,637,Mart/13 (11. Hafta),297,Yabancı Para Pozisyonu,1,Bilanço İçi Yabancı Para Pozisyonu (2-3),TOPLAM,"-2.000.837,93",-2000837.93,TL,BDDK Haftalık Bülten
2026-03-13,2026-03-13,2026-03-13,False,2026,3,13,637,Mart/13 (11. Hafta),297,Yabancı Para Pozisyonu,10,Dövize Endeksli Yükümlülükler (Bilgi),TOPLAM,"624,78",624.78,TL,BDDK Haftalık Bülten
2026-03-13,2026-03-13,2026-03-13,False,2026,3,13,637,Mart/13 (11. Hafta),297,Yabancı Para Pozisyonu,2,a) Bilanço İçi Varlıklar,TOPLAM,"19.445.511,93",19445511.93,TL,BDDK Haftalık Bülten
2026-03-13,2026-03-13,2026-03-13,False,2026,3,13,637,Mart/13 (11. Hafta),297,Yabancı Para Pozisyonu,3,b) Bilanço İçi Yükümlülükler,TOPLAM,"21.446.349,86",21446349.86,TL,BDDK Haftalık Bülten
2026-03-13,2026-03-13,2026-03-13,False,2026,3,13,637,Mart/13 (11. Hafta),297,Yabancı Para Pozisyonu,4,Bilanço Dışı Yabancı Para Pozisyonu (5-6),TOPLAM,"2.001.527,34",2001527.34,TL,BDDK Haftalık Bülten
2026-03-13,2026-03-13,2026-03-13,False,2026,3,13,637,Mart/13 (11. Hafta),297,Yabancı Para Pozisyonu,5,a) Bilanço Dışı Varlıklar,TOPLAM,"10.260.742,28",10260742.28,TL,BDDK Haftalık Bülten
2026-03-13,2026-03-13,2026-03-13,False,2026,3,13,637,Mart/13 (11. Hafta),297,Yabancı Para Pozisyonu,6,b) Bilanço Dışı Yükümlülükler,TOPLAM,"8.259.214,95",8259214.95,TL,BDDK Haftalık Bülten
2026-03-13,2026-03-13,2026-03-13,False,2026,3,13,637,Mart/13 (11. Hafta),297,Yabancı Para Pozisyonu,7,Yabancı Para Net Genel Pozisyonu (1+4),TOPLAM,"689,41",689.41,TL,BDDK Haftalık Bülten
2026-03-13,2026-03-13,2026-03-13,False,2026,3,13,637,Mart/13 (11. Hafta),297,Yabancı Para Pozisyonu,8,Yasal Özkaynak,TOPLAM,"5.443.304,74",5443304.74,TL,BDDK Haftalık Bülten
2026-03-13,2026-03-13,2026-03-13,False,2026,3,13,637,Mart/13 (11. Hafta),297,Yabancı Para Pozisyonu,9,Dövize Endeskli Varlıklar (Bilgi),TOPLAM,"6.008,93",6008.93,TL,BDDK Haftalık Bülten
2026-03-19,2026-03-19,2026-03-19,False,2026,3,19,638,Mart/19 (12. Hafta),297,Yabancı Para Pozisyonu,1,Bilanço İçi Yabancı Para Pozisyonu (2-3),TOPLAM,"-1.814.499,00",-1814499.0,TL,BDDK Haftalık Bülten
2026-03-19,2026-03-19,2026-03-19,False,2026,3,19,638,Mart/19 (12. Hafta),297,Yabancı Para Pozisyonu,10,Dövize Endeksli Yükümlülükler (Bilgi),TOPLAM,"631,75",631.75,TL,BDDK Haftalık Bülten
2026-03-19,2026-03-19,2026-03-19,False,2026,3,19,638,Mart/19 (12. Hafta),297,Yabancı Para Pozisyonu,2,a) Bilanço İçi Varlıklar,TOPLAM,"19.463.797,18",19463797.18,TL,BDDK Haftalık Bülten
2026-03-19,2026-03-19,2026-03-19,False,2026,3,19,638,Mart/19 (12. Hafta),297,Yabancı Para Pozisyonu,3,b) Bilanço İçi Yükümlülükler,TOPLAM,"21.278.296,18",21278296.18,TL,BDDK Haftalık Bülten
2026-03-19,2026-03-19,2026-03-19,False,2026,3,19,638,Mart/19 (12. Hafta),297,Yabancı Para Pozisyonu,4,Bilanço Dışı Yabancı Para Pozisyonu (5-6),TOPLAM,"1.843.720,87",1843720.87,TL,BDDK Haftalık Bülten
2026-03-19,2026-03-19,2026-03-19,False,2026,3,19,638,Mart/19 (12. Hafta),297,Yabancı Para Pozisyonu,5,a) Bilanço Dışı Varlıklar,TOPLAM,"10.590.510,59",10590510.59,TL,BDDK Haftalık Bülten
2026-03-19,2026-03-19,2026-03-19,False,2026,3,19,638,Mart/19 (12. Hafta),297,Yabancı Para Pozisyonu,6,b) Bilanço Dışı Yükümlülükler,TOPLAM,"8.746.789,71",8746789.71,TL,BDDK Haftalık Bülten
2026-03-19,2026-03-19,2026-03-19,False,2026,3,19,638,Mart/19 (12. Hafta),297,Yabancı Para Pozisyonu,7,Yabancı Para Net Genel Pozisyonu (1+4),TOPLAM,"29.221,87",29221.87,TL,BDDK Haftalık Bülten
2026-03-19,2026-03-19,2026-03-19,False,2026,3,19,638,Mart/19 (12. Hafta),297,Yabancı Para Pozisyonu,8,Yasal Özkaynak,TOPLAM,"5.469.213,92",5469213.92,TL,BDDK Haftalık Bülten
2026-03-19,2026-03-19,2026-03-19,False,2026,3,19,638,Mart/19 (12. Hafta),297,Yabancı Para Pozisyonu,9,Dövize Endeskli Varlıklar (Bilgi),TOPLAM,"6.050,60",6050.6,TL,BDDK Haftalık Bülten
2026-03-27,2026-03-27,2026-03-27,False,2026,3,27,639,Mart/27 (13. Hafta),297,Yabancı Para Pozisyonu,1,Bilanço İçi Yabancı Para Pozisyonu (2-3),TOPLAM,"-1.534.367,05",-1534367.05,TL,BDDK Haftalık Bülten
2026-03-27,2026-03-27,2026-03-27,False,2026,3,27,639,Mart/27 (13. Hafta),297,Yabancı Para Pozisyonu,10,Dövize Endeksli Yükümlülükler (Bilgi),TOPLAM,"641,92",641.92,TL,BDDK Haftalık Bülten
2026-03-27,2026-03-27,2026-03-27,False,2026,3,27,639,Mart/27 (13. Hafta),297,Yabancı Para Pozisyonu,2,a) Bilanço İçi Varlıklar,TOPLAM,"19.665.981,61",19665981.61,TL,BDDK Haftalık Bülten
2026-03-27,2026-03-27,2026-03-27,False,2026,3,27,639,Mart/27 (13. Hafta),297,Yabancı Para Pozisyonu,3,b) Bilanço İçi Yükümlülükler,TOPLAM,"21.200.348,66",21200348.66,TL,BDDK Haftalık Bülten
2026-03-27,2026-03-27,2026-03-27,False,2026,3,27,639,Mart/27 (13. Hafta),297,Yabancı Para Pozisyonu,4,Bilanço Dışı Yabancı Para Pozisyonu (5-6),TOPLAM,"1.554.977,02",1554977.02,TL,BDDK Haftalık Bülten
2026-03-27,2026-03-27,2026-03-27,False,2026,3,27,639,Mart/27 (13. Hafta),297,Yabancı Para Pozisyonu,5,a) Bilanço Dışı Varlıklar,TOPLAM,"10.343.957,07",10343957.07,TL,BDDK Haftalık Bülten
2026-03-27,2026-03-27,2026-03-27,False,2026,3,27,639,Mart/27 (13. Hafta),297,Yabancı Para Pozisyonu,6,b) Bilanço Dışı Yükümlülükler,TOPLAM,"8.788.980,06",8788980.06,TL,BDDK Haftalık Bülten
2026-03-27,2026-03-27,2026-03-27,False,2026,3,27,639,Mart/27 (13. Hafta),297,Yabancı Para Pozisyonu,7,Yabancı Para Net Genel Pozisyonu (1+4),TOPLAM,"20.609,97",20609.97,TL,BDDK Haftalık Bülten
2026-03-27,2026-03-27,2026-03-27,False,2026,3,27,639,Mart/27 (13. Hafta),297,Yabancı Para Pozisyonu,8,Yasal Özkaynak,TOPLAM,"5.540.163,85",5540163.85,TL,BDDK Haftalık Bülten
2026-03-27,2026-03-27,2026-03-27,False,2026,3,27,639,Mart/27 (13. Hafta),297,Yabancı Para Pozisyonu,9,Dövize Endeskli Varlıklar (Bilgi),TOPLAM,"6.079,73",6079.73,TL,BDDK Haftalık Bülten
2026-04-03,2026-04-03,2026-04-03,False,2026,4,3,640,Nisan/03 (14. Hafta),297,Yabancı Para Pozisyonu,1,Bilanço İçi Yabancı Para Pozisyonu (2-3),TOPLAM,"-2.102.353,67",-2102353.67,TL,BDDK Haftalık Bülten
2026-04-03,2026-04-03,2026-04-03,False,2026,4,3,640,Nisan/03 (14. Hafta),297,Yabancı Para Pozisyonu,10,Dövize Endeksli Yükümlülükler (Bilgi),TOPLAM,"650,10",650.1,TL,BDDK Haftalık Bülten
2026-04-03,2026-04-03,2026-04-03,False,2026,4,3,640,Nisan/03 (14. Hafta),297,Yabancı Para Pozisyonu,2,a) Bilanço İçi Varlıklar,TOPLAM,"19.460.969,01",19460969.01,TL,BDDK Haftalık Bülten
2026-04-03,2026-04-03,2026-04-03,False,2026,4,3,640,Nisan/03 (14. Hafta),297,Yabancı Para Pozisyonu,3,b) Bilanço İçi Yükümlülükler,TOPLAM,"21.563.322,68",21563322.68,TL,BDDK Haftalık Bülten
2026-04-03,2026-04-03,2026-04-03,False,2026,4,3,640,Nisan/03 (14. Hafta),297,Yabancı Para Pozisyonu,4,Bilanço Dışı Yabancı Para Pozisyonu (5-6),TOPLAM,"2.138.135,69",2138135.69,TL,BDDK Haftalık Bülten
2026-04-03,2026-04-03,2026-04-03,False,2026,4,3,640,Nisan/03 (14. Hafta),297,Yabancı Para Pozisyonu,5,a) Bilanço Dışı Varlıklar,TOPLAM,"10.623.641,03",10623641.03,TL,BDDK Haftalık Bülten
2026-04-03,2026-04-03,2026-04-03,False,2026,4,3,640,Nisan/03 (14. Hafta),297,Yabancı Para Pozisyonu,6,b) Bilanço Dışı Yükümlülükler,TOPLAM,"8.485.505,34",8485505.34,TL,BDDK Haftalık Bülten
2026-04-03,2026-04-03,2026-04-03,False,2026,4,3,640,Nisan/03 (14. Hafta),297,Yabancı Para Pozisyonu,7,Yabancı Para Net Genel Pozisyonu (1+4),TOPLAM,"35.782,02",35782.02,TL,BDDK Haftalık Bülten
2026-04-03,2026-04-03,2026-04-03,False,2026,4,3,640,Nisan/03 (14. Hafta),297,Yabancı Para Pozisyonu,8,Yasal Özkaynak,TOPLAM,"5.533.792,04",5533792.04,TL,BDDK Haftalık Bülten
2026-04-03,2026-04-03,2026-04-03,False,2026,4,3,640,Nisan/03 (14. Hafta),297,Yabancı Para Pozisyonu,9,Dövize Endeskli Varlıklar (Bilgi),TOPLAM,"6.104,47",6104.47,TL,BDDK Haftalık Bülten
2026-04-10,2026-04-10,2026-04-10,False,2026,4,10,641,Nisan/10 (15. Hafta),297,Yabancı Para Pozisyonu,1,Bilanço İçi Yabancı Para Pozisyonu (2-3),TOPLAM,"-2.259.438,13",-2259438.13,TL,BDDK Haftalık Bülten
2026-04-10,2026-04-10,2026-04-10,False,2026,4,10,641,Nisan/10 (15. Hafta),297,Yabancı Para Pozisyonu,10,Dövize Endeksli Yükümlülükler (Bilgi),TOPLAM,"657,56",657.56,TL,BDDK Haftalık Bülten
2026-04-10,2026-04-10,2026-04-10,False,2026,4,10,641,Nisan/10 (15. Hafta),297,Yabancı Para Pozisyonu,2,a) Bilanço İçi Varlıklar,TOPLAM,"19.498.664,32",19498664.32,TL,BDDK Haftalık Bülten
2026-04-10,2026-04-10,2026-04-10,False,2026,4,10,641,Nisan/10 (15. Hafta),297,Yabancı Para Pozisyonu,3,b) Bilanço İçi Yükümlülükler,TOPLAM,"21.758.102,44",21758102.44,TL,BDDK Haftalık Bülten
2026-04-10,2026-04-10,2026-04-10,False,2026,4,10,641,Nisan/10 (15. Hafta),297,Yabancı Para Pozisyonu,4,Bilanço Dışı Yabancı Para Pozisyonu (5-6),TOPLAM,"2.305.334,03",2305334.03,TL,BDDK Haftalık Bülten
2026-04-10,2026-04-10,2026-04-10,False,2026,4,10,641,Nisan/10 (15. Hafta),297,Yabancı Para Pozisyonu,5,a) Bilanço Dışı Varlıklar,TOPLAM,"10.879.396,10",10879396.1,TL,BDDK Haftalık Bülten
2026-04-10,2026-04-10,2026-04-10,False,2026,4,10,641,Nisan/10 (15. Hafta),297,Yabancı Para Pozisyonu,6,b) Bilanço Dışı Yükümlülükler,TOPLAM,"8.574.062,07",8574062.07,TL,BDDK Haftalık Bülten
2026-04-10,2026-04-10,2026-04-10,False,2026,4,10,641,Nisan/10 (15. Hafta),297,Yabancı Para Pozisyonu,7,Yabancı Para Net Genel Pozisyonu (1+4),TOPLAM,"45.895,91",45895.91,TL,BDDK Haftalık Bülten
2026-04-10,2026-04-10,2026-04-10,False,2026,4,10,641,Nisan/10 (15. Hafta),297,Yabancı Para Pozisyonu,8,Yasal Özkaynak,TOPLAM,"5.544.282,13",5544282.13,TL,BDDK Haftalık Bülten
2026-04-10,2026-04-10,2026-04-10,False,2026,4,10,641,Nisan/10 (15. Hafta),297,Yabancı Para Pozisyonu,9,Dövize Endeskli Varlıklar (Bilgi),TOPLAM,"6.249,35",6249.35,TL,BDDK Haftalık Bülten
2026-04-17,2026-04-17,2026-04-17,False,2026,4,17,642,Nisan/17 (16. Hafta),297,Yabancı Para Pozisyonu,1,Bilanço İçi Yabancı Para Pozisyonu (2-3),TOPLAM,"-2.377.288,79",-2377288.79,TL,BDDK Haftalık Bülten
2026-04-17,2026-04-17,2026-04-17,False,2026,4,17,642,Nisan/17 (16. Hafta),297,Yabancı Para Pozisyonu,10,Dövize Endeksli Yükümlülükler (Bilgi),TOPLAM,"666,24",666.24,TL,BDDK Haftalık Bülten
2026-04-17,2026-04-17,2026-04-17,False,2026,4,17,642,Nisan/17 (16. Hafta),297,Yabancı Para Pozisyonu,2,a) Bilanço İçi Varlıklar,TOPLAM,"19.641.987,35",19641987.35,TL,BDDK Haftalık Bülten
2026-04-17,2026-04-17,2026-04-17,False,2026,4,17,642,Nisan/17 (16. Hafta),297,Yabancı Para Pozisyonu,3,b) Bilanço İçi Yükümlülükler,TOPLAM,"22.019.276,14",22019276.14,TL,BDDK Haftalık Bülten
2026-04-17,2026-04-17,2026-04-17,False,2026,4,17,642,Nisan/17 (16. Hafta),297,Yabancı Para Pozisyonu,4,Bilanço Dışı Yabancı Para Pozisyonu (5-6),TOPLAM,"2.408.058,53",2408058.53,TL,BDDK Haftalık Bülten
2026-04-17,2026-04-17,2026-04-17,False,2026,4,17,642,Nisan/17 (16. Hafta),297,Yabancı Para Pozisyonu,5,a) Bilanço Dışı Varlıklar,TOPLAM,"10.726.952,90",10726952.9,TL,BDDK Haftalık Bülten
2026-04-17,2026-04-17,2026-04-17,False,2026,4,17,642,Nisan/17 (16. Hafta),297,Yabancı Para Pozisyonu,6,b) Bilanço Dışı Yükümlülükler,TOPLAM,"8.318.894,37",8318894.37,TL,BDDK Haftalık Bülten
2026-04-17,2026-04-17,2026-04-17,False,2026,4,17,642,Nisan/17 (16. Hafta),297,Yabancı Para Pozisyonu,7,Yabancı Para Net Genel Pozisyonu (1+4),TOPLAM,"30.769,74",30769.74,TL,BDDK Haftalık Bülten
2026-04-17,2026-04-17,2026-04-17,False,2026,4,17,642,Nisan/17 (16. Hafta),297,Yabancı Para Pozisyonu,8,Yasal Özkaynak,TOPLAM,"5.550.047,46",5550047.46,TL,BDDK Haftalık Bülten
2026-04-17,2026-04-17,2026-04-17,False,2026,4,17,642,Nisan/17 (16. Hafta),297,Yabancı Para Pozisyonu,9,Dövize Endeskli Varlıklar (Bilgi),TOPLAM,"6.302,84",6302.84,TL,BDDK Haftalık Bülten
2026-04-24,2026-04-24,2026-04-24,False,2026,4,24,643,Nisan/24 (17. Hafta),297,Yabancı Para Pozisyonu,1,Bilanço İçi Yabancı Para Pozisyonu (2-3),TOPLAM,"-2.236.177,31",-2236177.31,TL,BDDK Haftalık Bülten
2026-04-24,2026-04-24,2026-04-24,False,2026,4,24,643,Nisan/24 (17. Hafta),297,Yabancı Para Pozisyonu,10,Dövize Endeksli Yükümlülükler (Bilgi),TOPLAM,"672,35",672.35,TL,BDDK Haftalık Bülten
2026-04-24,2026-04-24,2026-04-24,False,2026,4,24,643,Nisan/24 (17. Hafta),297,Yabancı Para Pozisyonu,2,a) Bilanço İçi Varlıklar,TOPLAM,"19.684.662,82",19684662.82,TL,BDDK Haftalık Bülten
2026-04-24,2026-04-24,2026-04-24,False,2026,4,24,643,Nisan/24 (17. Hafta),297,Yabancı Para Pozisyonu,3,b) Bilanço İçi Yükümlülükler,TOPLAM,"21.920.840,12",21920840.12,TL,BDDK Haftalık Bülten
2026-04-24,2026-04-24,2026-04-24,False,2026,4,24,643,Nisan/24 (17. Hafta),297,Yabancı Para Pozisyonu,4,Bilanço Dışı Yabancı Para Pozisyonu (5-6),TOPLAM,"2.258.889,02",2258889.02,TL,BDDK Haftalık Bülten
2026-04-24,2026-04-24,2026-04-24,False,2026,4,24,643,Nisan/24 (17. Hafta),297,Yabancı Para Pozisyonu,5,a) Bilanço Dışı Varlıklar,TOPLAM,"10.475.937,57",10475937.57,TL,BDDK Haftalık Bülten
2026-04-24,2026-04-24,2026-04-24,False,2026,4,24,643,Nisan/24 (17. Hafta),297,Yabancı Para Pozisyonu,6,b) Bilanço Dışı Yükümlülükler,TOPLAM,"8.217.048,54",8217048.54,TL,BDDK Haftalık Bülten
2026-04-24,2026-04-24,2026-04-24,False,2026,4,24,643,Nisan/24 (17. Hafta),297,Yabancı Para Pozisyonu,7,Yabancı Para Net Genel Pozisyonu (1+4),TOPLAM,"22.711,72",22711.72,TL,BDDK Haftalık Bülten
2026-04-24,2026-04-24,2026-04-24,False,2026,4,24,643,Nisan/24 (17. Hafta),297,Yabancı Para Pozisyonu,8,Yasal Özkaynak,TOPLAM,"5.548.614,75",5548614.75,TL,BDDK Haftalık Bülten
2026-04-24,2026-04-24,2026-04-24,False,2026,4,24,643,Nisan/24 (17. Hafta),297,Yabancı Para Pozisyonu,9,Dövize Endeskli Varlıklar (Bilgi),TOPLAM,"6.294,48",6294.48,TL,BDDK Haftalık Bülten
2026-04-30,2026-04-30,2026-04-30,False,2026,4,30,644,Nisan/30 (18. Hafta),297,Yabancı Para Pozisyonu,1,Bilanço İçi Yabancı Para Pozisyonu (2-3),TOPLAM,"-2.147.358,12",-2147358.12,TL,BDDK Haftalık Bülten
2026-04-30,2026-04-30,2026-04-30,False,2026,4,30,644,Nisan/30 (18. Hafta),297,Yabancı Para Pozisyonu,10,Dövize Endeksli Yükümlülükler (Bilgi),TOPLAM,"685,25",685.25,TL,BDDK Haftalık Bülten
2026-04-30,2026-04-30,2026-04-30,False,2026,4,30,644,Nisan/30 (18. Hafta),297,Yabancı Para Pozisyonu,2,a) Bilanço İçi Varlıklar,TOPLAM,"19.615.247,26",19615247.26,TL,BDDK Haftalık Bülten
2026-04-30,2026-04-30,2026-04-30,False,2026,4,30,644,Nisan/30 (18. Hafta),297,Yabancı Para Pozisyonu,3,b) Bilanço İçi Yükümlülükler,TOPLAM,"21.762.605,39",21762605.39,TL,BDDK Haftalık Bülten
2026-04-30,2026-04-30,2026-04-30,False,2026,4,30,644,Nisan/30 (18. Hafta),297,Yabancı Para Pozisyonu,4,Bilanço Dışı Yabancı Para Pozisyonu (5-6),TOPLAM,"2.172.890,81",2172890.81,TL,BDDK Haftalık Bülten
2026-04-30,2026-04-30,2026-04-30,False,2026,4,30,644,Nisan/30 (18. Hafta),297,Yabancı Para Pozisyonu,5,a) Bilanço Dışı Varlıklar,TOPLAM,"10.913.554,47",10913554.47,TL,BDDK Haftalık Bülten
2026-04-30,2026-04-30,2026-04-30,False,2026,4,30,644,Nisan/30 (18. Hafta),297,Yabancı Para Pozisyonu,6,b) Bilanço Dışı Yükümlülükler,TOPLAM,"8.740.663,66",8740663.66,TL,BDDK Haftalık Bülten
2026-04-30,2026-04-30,2026-04-30,False,2026,4,30,644,Nisan/30 (18. Hafta),297,Yabancı Para Pozisyonu,7,Yabancı Para Net Genel Pozisyonu (1+4),TOPLAM,"25.532,69",25532.69,TL,BDDK Haftalık Bülten
2026-04-30,2026-04-30,2026-04-30,False,2026,4,30,644,Nisan/30 (18. Hafta),297,Yabancı Para Pozisyonu,8,Yasal Özkaynak,TOPLAM,"5.565.964,23",5565964.23,TL,BDDK Haftalık Bülten
2026-04-30,2026-04-30,2026-04-30,False,2026,4,30,644,Nisan/30 (18. Hafta),297,Yabancı Para Pozisyonu,9,Dövize Endeskli Varlıklar (Bilgi),TOPLAM,"6.298,27",6298.27,TL,BDDK Haftalık Bülten
2026-05-08,2026-05-08,2026-05-08,False,2026,5,8,645,Mayıs/08 (19. Hafta),297,Yabancı Para Pozisyonu,1,Bilanço İçi Yabancı Para Pozisyonu (2-3),TOPLAM,"-2.212.005,82",-2212005.82,TL,BDDK Haftalık Bülten
2026-05-08,2026-05-08,2026-05-08,False,2026,5,8,645,Mayıs/08 (19. Hafta),297,Yabancı Para Pozisyonu,10,Dövize Endeksli Yükümlülükler (Bilgi),TOPLAM,"521,60",521.6,TL,BDDK Haftalık Bülten
2026-05-08,2026-05-08,2026-05-08,False,2026,5,8,645,Mayıs/08 (19. Hafta),297,Yabancı Para Pozisyonu,2,a) Bilanço İçi Varlıklar,TOPLAM,"19.893.838,95",19893838.95,TL,BDDK Haftalık Bülten
2026-05-08,2026-05-08,2026-05-08,False,2026,5,8,645,Mayıs/08 (19. Hafta),297,Yabancı Para Pozisyonu,3,b) Bilanço İçi Yükümlülükler,TOPLAM,"22.105.844,77",22105844.77,TL,BDDK Haftalık Bülten
2026-05-08,2026-05-08,2026-05-08,False,2026,5,8,645,Mayıs/08 (19. Hafta),297,Yabancı Para Pozisyonu,4,Bilanço Dışı Yabancı Para Pozisyonu (5-6),TOPLAM,"2.224.402,21",2224402.21,TL,BDDK Haftalık Bülten
2026-05-08,2026-05-08,2026-05-08,False,2026,5,8,645,Mayıs/08 (19. Hafta),297,Yabancı Para Pozisyonu,5,a) Bilanço Dışı Varlıklar,TOPLAM,"10.673.784,44",10673784.44,TL,BDDK Haftalık Bülten
2026-05-08,2026-05-08,2026-05-08,False,2026,5,8,645,Mayıs/08 (19. Hafta),297,Yabancı Para Pozisyonu,6,b) Bilanço Dışı Yükümlülükler,TOPLAM,"8.449.382,23",8449382.23,TL,BDDK Haftalık Bülten
2026-05-08,2026-05-08,2026-05-08,False,2026,5,8,645,Mayıs/08 (19. Hafta),297,Yabancı Para Pozisyonu,7,Yabancı Para Net Genel Pozisyonu (1+4),TOPLAM,"12.396,39",12396.39,TL,BDDK Haftalık Bülten
2026-05-08,2026-05-08,2026-05-08,False,2026,5,8,645,Mayıs/08 (19. Hafta),297,Yabancı Para Pozisyonu,8,Yasal Özkaynak,TOPLAM,"5.548.397,56",5548397.56,TL,BDDK Haftalık Bülten
2026-05-08,2026-05-08,2026-05-08,False,2026,5,8,645,Mayıs/08 (19. Hafta),297,Yabancı Para Pozisyonu,9,Dövize Endeskli Varlıklar (Bilgi),TOPLAM,"6.572,38",6572.38,TL,BDDK Haftalık Bülten
2026-05-15,2026-05-15,2026-05-15,False,2026,5,15,646,Mayıs/15 (20. Hafta),297,Yabancı Para Pozisyonu,1,Bilanço İçi Yabancı Para Pozisyonu (2-3),TOPLAM,"-2.177.085,69",-2177085.69,TL,BDDK Haftalık Bülten
2026-05-15,2026-05-15,2026-05-15,False,2026,5,15,646,Mayıs/15 (20. Hafta),297,Yabancı Para Pozisyonu,10,Dövize Endeksli Yükümlülükler (Bilgi),TOPLAM,"528,60",528.6,TL,BDDK Haftalık Bülten
2026-05-15,2026-05-15,2026-05-15,False,2026,5,15,646,Mayıs/15 (20. Hafta),297,Yabancı Para Pozisyonu,2,a) Bilanço İçi Varlıklar,TOPLAM,"19.928.629,22",19928629.22,TL,BDDK Haftalık Bülten
2026-05-15,2026-05-15,2026-05-15,False,2026,5,15,646,Mayıs/15 (20. Hafta),297,Yabancı Para Pozisyonu,3,b) Bilanço İçi Yükümlülükler,TOPLAM,"22.105.714,91",22105714.91,TL,BDDK Haftalık Bülten
2026-05-15,2026-05-15,2026-05-15,False,2026,5,15,646,Mayıs/15 (20. Hafta),297,Yabancı Para Pozisyonu,4,Bilanço Dışı Yabancı Para Pozisyonu (5-6),TOPLAM,"2.177.358,92",2177358.92,TL,BDDK Haftalık Bülten
2026-05-15,2026-05-15,2026-05-15,False,2026,5,15,646,Mayıs/15 (20. Hafta),297,Yabancı Para Pozisyonu,5,a) Bilanço Dışı Varlıklar,TOPLAM,"10.774.092,14",10774092.14,TL,BDDK Haftalık Bülten
2026-05-15,2026-05-15,2026-05-15,False,2026,5,15,646,Mayıs/15 (20. Hafta),297,Yabancı Para Pozisyonu,6,b) Bilanço Dışı Yükümlülükler,TOPLAM,"8.596.733,22",8596733.22,TL,BDDK Haftalık Bülten
2026-05-15,2026-05-15,2026-05-15,False,2026,5,15,646,Mayıs/15 (20. Hafta),297,Yabancı Para Pozisyonu,7,Yabancı Para Net Genel Pozisyonu (1+4),TOPLAM,"273,22",273.22,TL,BDDK Haftalık Bülten
2026-05-15,2026-05-15,2026-05-15,False,2026,5,15,646,Mayıs/15 (20. Hafta),297,Yabancı Para Pozisyonu,8,Yasal Özkaynak,TOPLAM,"5.560.271,73",5560271.73,TL,BDDK Haftalık Bülten
2026-05-15,2026-05-15,2026-05-15,False,2026,5,15,646,Mayıs/15 (20. Hafta),297,Yabancı Para Pozisyonu,9,Dövize Endeskli Varlıklar (Bilgi),TOPLAM,"6.535,75",6535.75,TL,BDDK Haftalık Bülten
2026-05-22,2026-05-22,2026-05-22,False,2026,5,22,647,Mayıs/22 (21. Hafta),297,Yabancı Para Pozisyonu,1,Bilanço İçi Yabancı Para Pozisyonu (2-3),TOPLAM,"-2.270.916,78",-2270916.78,TL,BDDK Haftalık Bülten
2026-05-22,2026-05-22,2026-05-22,False,2026,5,22,647,Mayıs/22 (21. Hafta),297,Yabancı Para Pozisyonu,10,Dövize Endeksli Yükümlülükler (Bilgi),TOPLAM,"540,49",540.49,TL,BDDK Haftalık Bülten
2026-05-22,2026-05-22,2026-05-22,False,2026,5,22,647,Mayıs/22 (21. Hafta),297,Yabancı Para Pozisyonu,2,a) Bilanço İçi Varlıklar,TOPLAM,"19.810.904,36",19810904.36,TL,BDDK Haftalık Bülten
2026-05-22,2026-05-22,2026-05-22,False,2026,5,22,647,Mayıs/22 (21. Hafta),297,Yabancı Para Pozisyonu,3,b) Bilanço İçi Yükümlülükler,TOPLAM,"22.081.821,14",22081821.14,TL,BDDK Haftalık Bülten
2026-05-22,2026-05-22,2026-05-22,False,2026,5,22,647,Mayıs/22 (21. Hafta),297,Yabancı Para Pozisyonu,4,Bilanço Dışı Yabancı Para Pozisyonu (5-6),TOPLAM,"2.350.752,71",2350752.71,TL,BDDK Haftalık Bülten
2026-05-22,2026-05-22,2026-05-22,False,2026,5,22,647,Mayıs/22 (21. Hafta),297,Yabancı Para Pozisyonu,5,a) Bilanço Dışı Varlıklar,TOPLAM,"10.832.418,94",10832418.94,TL,BDDK Haftalık Bülten
2026-05-22,2026-05-22,2026-05-22,False,2026,5,22,647,Mayıs/22 (21. Hafta),297,Yabancı Para Pozisyonu,6,b) Bilanço Dışı Yükümlülükler,TOPLAM,"8.481.666,24",8481666.24,TL,BDDK Haftalık Bülten
2026-05-22,2026-05-22,2026-05-22,False,2026,5,22,647,Mayıs/22 (21. Hafta),297,Yabancı Para Pozisyonu,7,Yabancı Para Net Genel Pozisyonu (1+4),TOPLAM,"79.835,92",79835.92,TL,BDDK Haftalık Bülten
2026-05-22,2026-05-22,2026-05-22,False,2026,5,22,647,Mayıs/22 (21. Hafta),297,Yabancı Para Pozisyonu,8,Yasal Özkaynak,TOPLAM,"5.608.756,97",5608756.97,TL,BDDK Haftalık Bülten
2026-05-22,2026-05-22,2026-05-22,False,2026,5,22,647,Mayıs/22 (21. Hafta),297,Yabancı Para Pozisyonu,9,Dövize Endeskli Varlıklar (Bilgi),TOPLAM,"6.543,93",6543.93,TL,BDDK Haftalık Bülten
2026-05-26,2026-05-26,2026-05-26,False,2026,5,26,648,Mayıs/26 (22. Hafta),297,Yabancı Para Pozisyonu,1,Bilanço İçi Yabancı Para Pozisyonu (2-3),TOPLAM,"-2.156.536,99",-2156536.99,TL,BDDK Haftalık Bülten
2026-05-26,2026-05-26,2026-05-26,False,2026,5,26,648,Mayıs/26 (22. Hafta),297,Yabancı Para Pozisyonu,10,Dövize Endeksli Yükümlülükler (Bilgi),TOPLAM,"25,73",25.73,TL,BDDK Haftalık Bülten
2026-05-26,2026-05-26,2026-05-26,False,2026,5,26,648,Mayıs/26 (22. Hafta),297,Yabancı Para Pozisyonu,2,a) Bilanço İçi Varlıklar,TOPLAM,"20.043.090,41",20043090.41,TL,BDDK Haftalık Bülten
2026-05-26,2026-05-26,2026-05-26,False,2026,5,26,648,Mayıs/26 (22. Hafta),297,Yabancı Para Pozisyonu,3,b) Bilanço İçi Yükümlülükler,TOPLAM,"22.199.627,40",22199627.4,TL,BDDK Haftalık Bülten
2026-05-26,2026-05-26,2026-05-26,False,2026,5,26,648,Mayıs/26 (22. Hafta),297,Yabancı Para Pozisyonu,4,Bilanço Dışı Yabancı Para Pozisyonu (5-6),TOPLAM,"2.225.361,48",2225361.48,TL,BDDK Haftalık Bülten
2026-05-26,2026-05-26,2026-05-26,False,2026,5,26,648,Mayıs/26 (22. Hafta),297,Yabancı Para Pozisyonu,5,a) Bilanço Dışı Varlıklar,TOPLAM,"10.566.499,17",10566499.17,TL,BDDK Haftalık Bülten
2026-05-26,2026-05-26,2026-05-26,False,2026,5,26,648,Mayıs/26 (22. Hafta),297,Yabancı Para Pozisyonu,6,b) Bilanço Dışı Yükümlülükler,TOPLAM,"8.341.137,69",8341137.69,TL,BDDK Haftalık Bülten
2026-05-26,2026-05-26,2026-05-26,False,2026,5,26,648,Mayıs/26 (22. Hafta),297,Yabancı Para Pozisyonu,7,Yabancı Para Net Genel Pozisyonu (1+4),TOPLAM,"68.824,49",68824.49,TL,BDDK Haftalık Bülten
2026-05-26,2026-05-26,2026-05-26,False,2026,5,26,648,Mayıs/26 (22. Hafta),297,Yabancı Para Pozisyonu,8,Yasal Özkaynak,TOPLAM,"5.640.083,07",5640083.07,TL,BDDK Haftalık Bülten
2026-05-26,2026-05-26,2026-05-26,False,2026,5,26,648,Mayıs/26 (22. Hafta),297,Yabancı Para Pozisyonu,9,Dövize Endeskli Varlıklar (Bilgi),TOPLAM,"6.572,39",6572.39,TL,BDDK Haftalık Bülten
2026-06-05,2026-06-05,2026-06-05,False,2026,6,5,649,Haziran/05 (23. Hafta),297,Yabancı Para Pozisyonu,1,Bilanço İçi Yabancı Para Pozisyonu (2-3),TOPLAM,"-2.225.646,76",-2225646.76,TL,BDDK Haftalık Bülten
2026-06-05,2026-06-05,2026-06-05,False,2026,6,5,649,Haziran/05 (23. Hafta),297,Yabancı Para Pozisyonu,10,Dövize Endeksli Yükümlülükler (Bilgi),TOPLAM,"24,17",24.17,TL,BDDK Haftalık Bülten
2026-06-05,2026-06-05,2026-06-05,False,2026,6,5,649,Haziran/05 (23. Hafta),297,Yabancı Para Pozisyonu,2,a) Bilanço İçi Varlıklar,TOPLAM,"19.943.519,41",19943519.41,TL,BDDK Haftalık Bülten
2026-06-05,2026-06-05,2026-06-05,False,2026,6,5,649,Haziran/05 (23. Hafta),297,Yabancı Para Pozisyonu,3,b) Bilanço İçi Yükümlülükler,TOPLAM,"22.169.166,18",22169166.18,TL,BDDK Haftalık Bülten
2026-06-05,2026-06-05,2026-06-05,False,2026,6,5,649,Haziran/05 (23. Hafta),297,Yabancı Para Pozisyonu,4,Bilanço Dışı Yabancı Para Pozisyonu (5-6),TOPLAM,"2.271.404,80",2271404.8,TL,BDDK Haftalık Bülten
2026-06-05,2026-06-05,2026-06-05,False,2026,6,5,649,Haziran/05 (23. Hafta),297,Yabancı Para Pozisyonu,5,a) Bilanço Dışı Varlıklar,TOPLAM,"10.785.703,38",10785703.38,TL,BDDK Haftalık Bülten
2026-06-05,2026-06-05,2026-06-05,False,2026,6,5,649,Haziran/05 (23. Hafta),297,Yabancı Para Pozisyonu,6,b) Bilanço Dışı Yükümlülükler,TOPLAM,"8.514.298,58",8514298.58,TL,BDDK Haftalık Bülten
2026-06-05,2026-06-05,2026-06-05,False,2026,6,5,649,Haziran/05 (23. Hafta),297,Yabancı Para Pozisyonu,7,Yabancı Para Net Genel Pozisyonu (1+4),TOPLAM,"45.758,04",45758.04,TL,BDDK Haftalık Bülten
2026-06-05,2026-06-05,2026-06-05,False,2026,6,5,649,Haziran/05 (23. Hafta),297,Yabancı Para Pozisyonu,8,Yasal Özkaynak,TOPLAM,"5.678.638,60",5678638.6,TL,BDDK Haftalık Bülten
2026-06-05,2026-06-05,2026-06-05,False,2026,6,5,649,Haziran/05 (23. Hafta),297,Yabancı Para Pozisyonu,9,Dövize Endeskli Varlıklar (Bilgi),TOPLAM,"6.339,77",6339.77,TL,BDDK Haftalık Bülten
2026-06-12,2026-06-12,2026-06-12,False,2026,6,12,650,Haziran/12 (24. Hafta),297,Yabancı Para Pozisyonu,1,Bilanço İçi Yabancı Para Pozisyonu (2-3),TOPLAM,"-2.223.286,03",-2223286.03,TL,BDDK Haftalık Bülten
2026-06-12,2026-06-12,2026-06-12,False,2026,6,12,650,Haziran/12 (24. Hafta),297,Yabancı Para Pozisyonu,10,Dövize Endeksli Yükümlülükler (Bilgi),TOPLAM,"24,13",24.13,TL,BDDK Haftalık Bülten
2026-06-12,2026-06-12,2026-06-12,False,2026,6,12,650,Haziran/12 (24. Hafta),297,Yabancı Para Pozisyonu,2,a) Bilanço İçi Varlıklar,TOPLAM,"19.835.573,04",19835573.04,TL,BDDK Haftalık Bülten
2026-06-12,2026-06-12,2026-06-12,False,2026,6,12,650,Haziran/12 (24. Hafta),297,Yabancı Para Pozisyonu,3,b) Bilanço İçi Yükümlülükler,TOPLAM,"22.058.859,07",22058859.07,TL,BDDK Haftalık Bülten
2026-06-12,2026-06-12,2026-06-12,False,2026,6,12,650,Haziran/12 (24. Hafta),297,Yabancı Para Pozisyonu,4,Bilanço Dışı Yabancı Para Pozisyonu (5-6),TOPLAM,"2.255.687,09",2255687.09,TL,BDDK Haftalık Bülten
2026-06-12,2026-06-12,2026-06-12,False,2026,6,12,650,Haziran/12 (24. Hafta),297,Yabancı Para Pozisyonu,5,a) Bilanço Dışı Varlıklar,TOPLAM,"11.049.518,22",11049518.22,TL,BDDK Haftalık Bülten
2026-06-12,2026-06-12,2026-06-12,False,2026,6,12,650,Haziran/12 (24. Hafta),297,Yabancı Para Pozisyonu,6,b) Bilanço Dışı Yükümlülükler,TOPLAM,"8.793.831,13",8793831.13,TL,BDDK Haftalık Bülten
2026-06-12,2026-06-12,2026-06-12,False,2026,6,12,650,Haziran/12 (24. Hafta),297,Yabancı Para Pozisyonu,7,Yabancı Para Net Genel Pozisyonu (1+4),TOPLAM,"32.401,06",32401.06,TL,BDDK Haftalık Bülten
2026-06-12,2026-06-12,2026-06-12,False,2026,6,12,650,Haziran/12 (24. Hafta),297,Yabancı Para Pozisyonu,8,Yasal Özkaynak,TOPLAM,"5.679.657,61",5679657.61,TL,BDDK Haftalık Bülten
2026-06-12,2026-06-12,2026-06-12,False,2026,6,12,650,Haziran/12 (24. Hafta),297,Yabancı Para Pozisyonu,9,Dövize Endeskli Varlıklar (Bilgi),TOPLAM,"6.301,71",6301.71,TL,BDDK Haftalık Bülten
2026-06-19,2026-06-19,2026-06-19,False,2026,6,19,651,Haziran/19 (25. Hafta),297,Yabancı Para Pozisyonu,1,Bilanço İçi Yabancı Para Pozisyonu (2-3),TOPLAM,"-2.608.182,04",-2608182.04,TL,BDDK Haftalık Bülten
2026-06-19,2026-06-19,2026-06-19,False,2026,6,19,651,Haziran/19 (25. Hafta),297,Yabancı Para Pozisyonu,10,Dövize Endeksli Yükümlülükler (Bilgi),TOPLAM,"23,78",23.78,TL,BDDK Haftalık Bülten
2026-06-19,2026-06-19,2026-06-19,False,2026,6,19,651,Haziran/19 (25. Hafta),297,Yabancı Para Pozisyonu,2,a) Bilanço İçi Varlıklar,TOPLAM,"19.582.945,19",19582945.19,TL,BDDK Haftalık Bülten
2026-06-19,2026-06-19,2026-06-19,False,2026,6,19,651,Haziran/19 (25. Hafta),297,Yabancı Para Pozisyonu,3,b) Bilanço İçi Yükümlülükler,TOPLAM,"22.191.127,23",22191127.23,TL,BDDK Haftalık Bülten
2026-06-19,2026-06-19,2026-06-19,False,2026,6,19,651,Haziran/19 (25. Hafta),297,Yabancı Para Pozisyonu,4,Bilanço Dışı Yabancı Para Pozisyonu (5-6),TOPLAM,"2.639.449,29",2639449.29,TL,BDDK Haftalık Bülten
2026-06-19,2026-06-19,2026-06-19,False,2026,6,19,651,Haziran/19 (25. Hafta),297,Yabancı Para Pozisyonu,5,a) Bilanço Dışı Varlıklar,TOPLAM,"11.771.908,19",11771908.19,TL,BDDK Haftalık Bülten
2026-06-19,2026-06-19,2026-06-19,False,2026,6,19,651,Haziran/19 (25. Hafta),297,Yabancı Para Pozisyonu,6,b) Bilanço Dışı Yükümlülükler,TOPLAM,"9.132.458,90",9132458.9,TL,BDDK Haftalık Bülten
2026-06-19,2026-06-19,2026-06-19,False,2026,6,19,651,Haziran/19 (25. Hafta),297,Yabancı Para Pozisyonu,7,Yabancı Para Net Genel Pozisyonu (1+4),TOPLAM,"31.267,25",31267.25,TL,BDDK Haftalık Bülten
2026-06-19,2026-06-19,2026-06-19,False,2026,6,19,651,Haziran/19 (25. Hafta),297,Yabancı Para Pozisyonu,8,Yasal Özkaynak,TOPLAM,"5.747.370,40",5747370.4,TL,BDDK Haftalık Bülten
2026-06-19,2026-06-19,2026-06-19,False,2026,6,19,651,Haziran/19 (25. Hafta),297,Yabancı Para Pozisyonu,9,Dövize Endeskli Varlıklar (Bilgi),TOPLAM,"6.298,98",6298.98,TL,BDDK Haftalık Bülten
2026-06-26,2026-06-26,2026-06-26,False,2026,6,26,652,Haziran/26 (26. Hafta),297,Yabancı Para Pozisyonu,1,Bilanço İçi Yabancı Para Pozisyonu (2-3),TOPLAM,"-2.375.133,24",-2375133.24,TL,BDDK Haftalık Bülten
2026-06-26,2026-06-26,2026-06-26,False,2026,6,26,652,Haziran/26 (26. Hafta),297,Yabancı Para Pozisyonu,10,Dövize Endeksli Yükümlülükler (Bilgi),TOPLAM,"18,45",18.45,TL,BDDK Haftalık Bülten
2026-06-26,2026-06-26,2026-06-26,False,2026,6,26,652,Haziran/26 (26. Hafta),297,Yabancı Para Pozisyonu,2,a) Bilanço İçi Varlıklar,TOPLAM,"19.735.151,16",19735151.16,TL,BDDK Haftalık Bülten
2026-06-26,2026-06-26,2026-06-26,False,2026,6,26,652,Haziran/26 (26. Hafta),297,Yabancı Para Pozisyonu,3,b) Bilanço İçi Yükümlülükler,TOPLAM,"22.110.284,39",22110284.39,TL,BDDK Haftalık Bülten
2026-06-26,2026-06-26,2026-06-26,False,2026,6,26,652,Haziran/26 (26. Hafta),297,Yabancı Para Pozisyonu,4,Bilanço Dışı Yabancı Para Pozisyonu (5-6),TOPLAM,"2.417.364,39",2417364.39,TL,BDDK Haftalık Bülten
2026-06-26,2026-06-26,2026-06-26,False,2026,6,26,652,Haziran/26 (26. Hafta),297,Yabancı Para Pozisyonu,5,a) Bilanço Dışı Varlıklar,TOPLAM,"11.250.961,67",11250961.67,TL,BDDK Haftalık Bülten
2026-06-26,2026-06-26,2026-06-26,False,2026,6,26,652,Haziran/26 (26. Hafta),297,Yabancı Para Pozisyonu,6,b) Bilanço Dışı Yükümlülükler,TOPLAM,"8.833.597,28",8833597.28,TL,BDDK Haftalık Bülten
2026-06-26,2026-06-26,2026-06-26,False,2026,6,26,652,Haziran/26 (26. Hafta),297,Yabancı Para Pozisyonu,7,Yabancı Para Net Genel Pozisyonu (1+4),TOPLAM,"42.231,15",42231.15,TL,BDDK Haftalık Bülten
2026-06-26,2026-06-26,2026-06-26,False,2026,6,26,652,Haziran/26 (26. Hafta),297,Yabancı Para Pozisyonu,8,Yasal Özkaynak,TOPLAM,"5.753.402,42",5753402.42,TL,BDDK Haftalık Bülten
2026-06-26,2026-06-26,2026-06-26,False,2026,6,26,652,Haziran/26 (26. Hafta),297,Yabancı Para Pozisyonu,9,Dövize Endeskli Varlıklar (Bilgi),TOPLAM,"6.220,81",6220.81,TL,BDDK Haftalık Bülten
